month,product_title,product_variant_title,product_variant_sku,net_items_sold,gross_sales,discounts,returns,net_sales,taxes,total_sales,cost_of_goods_sold,net_sales_with_cost_recorded
2025-10,,,,47,5152.96,-56,-107.69,4989.27,0,9990.87,1553.24,4466.97
2025-10,The Lord Of The Rings - Deluxe Anduril With Display Plaque & Scabbard,Default Title,VX221044-NS,17,3060,-72,0,2988,0,2988,1249.16,2988
2025-10,Supernatural - The Colt,Default Title,VX221106,33,2800,-64,-160,2576,0,2576,841.5,2576
2025-10,Game of Thrones - Officially Licensed Valyrian Steel Ice Sword of Ned Stark,Default Title,VS-VS0109,4,1500,0,0,1500,0,1500,948.76,1500
2025-10,"Thor’s Stormbreaker - Full Size, Metal Stormbreaker",Default Title,BS110890,3,1497,0,0,1497,0,1497,1019.88,1497
2025-10,Supernatural - Deluxe Angel Blade,Default Title,HK8445,22,1540,-70,0,1470,0,1470,568.92,1470
2025-10,Ghost Of Tsushima - Jin Sakai Display Katana,Default Title,VX221713-1,18,1600,-69,-152,1379,0,1379,213.3,1379
2025-10,World of Warcraft - Epic Edition Frostmourne,Default Title,VX221086,5,1375,0,0,1375,0,1375,798.1,1375
2025-10,Thundercats - Deluxe Sword Of Omens,Default Title,HK8896,10,1390,-41.7,0,1348.3,0,1348.3,322,1348.3
2025-10,God Of War - Hand Forged Ragnarok Chaos Blades,Default Title,BS310937,5,1375,-27.5,0,1347.5,0,1347.5,636.1,1347.5
2025-10,Lord Of The Rings - Officially Licensed United Cutlery Anduril Sword of Aragorn,Default Title,UC-UC1380,4,1316,-98.7,0,1217.3,0,1217.3,666.56,1217.3
2025-10,Rick's Colt Python - The Walking Dead,Default Title,G6304,10,1190,-16.9,0,1173.1,0,1173.1,591.8,1173.1
2025-10,Lord Of The Rings - Deluxe Anduril With Display Plaque,Default Title,VX221044-S,7,1120,-32,0,1088,0,1088,294,1088
2025-10,James Bond Walther PPK With Silencer,Default Title,G1311,9,1200,0,-120,1080,0,1080,558.09,1080
2025-10,The Lord Of The Rings - Deluxe Legolas' Twin Daggers,Default Title,JOT047A,9,1080,-5,0,1075,0,1075,319.86,1075
2025-10,Devil May Cry 5 - Dante's Rebellion (Silver),Default Title,HK0214,7,1341,-29.8,-283.1,1028.1,0,1028.1,282.31,1028.1
2025-10,"Ghost Of Tsushima - Jin Sakai ""Storm"" Display (Straight Blade) Katana",Default Title,BS310907,13,1040,-24,0,1016,0,1016,154.05,1016
2025-10,Lee-Enfield Smle Rifle - British 1907,Default Title,G1090,4,1000,-45,0,955,0,955,702,955
2025-10,Legend Of Zelda - Deluxe Master Sword,Default Title,BS310223,6,944,-47.7,0,896.3,0,896.3,216,896.3
2025-10,God Of War Leviathan Axe - Full Metal,Default Title,HK8877,4,900,-22.5,0,877.5,0,877.5,408.96,877.5
2025-10,Supernatural - Deluxe Ruby's Demon Killing Blade,Default Title,HK8513A,15,960,-36,-60,864,0,864,202.5,864
2025-10,Tommy Gun - M1 Submachine Gun,Default Title,G1092,3,1156,-57.8,-260.1,838.1,0,838.1,460.32,838.1
2025-10,The Witcher III - Geralt's Silver Sword,Default Title,BS110617,6,840,-14,0,826,0,826,164.88,826
2025-10,"M1911A1 Colt ""Military"" USA Service Pistol (Black/Black)",Default Title,G1312,7,840,-24,0,816,0,816,505.68,816
2025-10,"LORD OF THE RINGS - NEW! Superior Anduril, The Sword Reforged with Scabbard and Plaque",Default Title,VX221039,4,796,-39.8,0,756.2,0,756.2,167.96,756.2
2025-10,BERSERK - Guts Dragon Slayer Greatsword (150cm) Full Metal,Default Title,AM223,3,747,0,0,747,0,747,272.55,747
2025-10,Lord Of The Rings - United Cutlery Officially Licensed King Theoden Herugrim Sword Battle Forged Edition,Default Title,UC-UC3624,2,730,0,0,730,0,730,409.46,730
2025-10,Demon Slayer - Tengen Uzui Nichirin Twin Blades,Default Title,AM088,6,720,0,0,720,0,720,234,720
2025-10,"The Lord Of The Rings - Handforged Folded Steel ""Damascus"" Deluxe Anduril",Default Title,JOT033HF,4,720,0,0,720,0,720,291,720
2025-10,Red Dead Redemption - Colt Navy (Bronze),Default Title,BG010131,16,765,-4.5,-45,715.5,0,715.5,256,715.5
2025-10,Lord Of The Rings - United Cutlery Officially Licensed Witch King Sword,Default Title,UC-UC1266,2,699.98,0,0,699.98,0,699.98,379.8,699.98
2025-10,Supernatural - The First Blade,Default Title,HK8465,9,675,-15,0,660,0,660,126.63,660
2025-10,CALL OF DUTY - German Parabellum Luger P08,Default Title,G1143,6,660,0,0,660,0,660,466.26,660
2025-10,Assassin's Creed - Sword Of Altair,Default Title,BS015335,6,660,0,0,660,0,660,186,660
2025-10,James Bond Walther PPK,Default Title,G1277,6,770,-11,-110,649,0,649,339.18,649
2025-10,Lord Of The Rings - United Cutlery Officially Licensed Helm Of King Theoden,Default Title,UC-UC3523,1,639,0,0,639,0,639,347.92,639
2025-10,Once Upon A Time - Rumplestiltskin's Dark One Dagger,Default Title,AM030,11,660,-24,0,636,0,636,170.5,636
2025-10,Final Fantasy VII - Cloud's Strife Buster Sword,Default Title,VX221043,3,675,-45,0,630,0,630,315,630
2025-10,"Shin Gunto Second World War Officer's Katana - Handforged, Clay Tempered HCS",Default Title,BS310371-1,2,598,0,0,598,0,598,181.86,598
2025-10,The Last Samurai - Clay Tempered Nathan Algren's Hand Forged Katana,Default Title,BS015224CT,3,597,0,0,597,0,597,187.56,597
2025-10,Elden Ring Dark Moon Greatsword,Default Title,BS111760,2,590,0,0,590,0,590,253.84,590
2025-10,LORD OF THE RINGS - NEW AND IMPROVED Deluxe King Theoden's Herugrim Sword,Default Title,vx221084,4,600,-15,0,585,0,585,96,585
2025-10,Pirates Of the Caribbean - Pirate Cutlass,Default Title,,5,550,0,0,550,0,550,127.1,550
2025-10,Fate Stay Night - Excalibur Sword Of Saber,Default Title,BS310691,4,560,-14,0,546,0,546,148,546
2025-10,Colt 'Cavalry' Single Action Army (Nickel),Default Title,G1191NQ,6,540,-9,0,531,0,531,275.46,531
2025-10,M1 Garand USA WWII 1932,Default Title,G1105,2,500,0,0,500,0,500,317.68,500
2025-10,Assassin's Creed Shadows - Official Naoe Hidden Blade Lifesize Replica,Default Title,PA032AC,5,495,0,0,495,0,495,261.5,495
2025-10,Attack On Titan VME Sword (Silver Blade),Default Title,HK8265,5,495,0,0,495,0,495,110.65,495
2025-10,GLADIATOR - Roman Spatha Gladius,Default Title,HK819R,5,495,0,0,495,0,495,159.95,495
2025-10,Beretta 92 / Us Military M9,Default Title,G1254,4,520,-26,0,494,0,494,316.52,494
2025-10,MP40 Schmeisser Smg,Default Title,G1111/C,2,490,0,0,490,0,490,266.96,490
2025-10,Blade - Sword Of The Daywalker,Default Title,BS014177,5,495,-9.9,0,485.1,0,485.1,163.65,485.1
2025-10,"M1911A1 Colt ""Military"" USA Service Pistol ""Battleworn Edition""",Default Title,G2312,4,480,0,0,480,0,480,288.96,480
2025-10,CALL OF DUTY - German WWII MG34 Machine Gun 1934 with Gunsight and Sling,Default Title,G9317,1,950,0,-475,475,0,475,265.39,475
2025-10,Lord Of The Rings - United Cutlery Officially Licensed Helm Of Eomer,Default Title,UC-UC3460,1,479,-5,0,474,0,474,258.46,474
2025-10,Lord Of The Rings - United Cutlery Officially Licensed Mace Of Sauron Red Eye Edition,Default Title,UC-UC3520,1,519,-51.9,0,467.1,0,467.1,289.97,467.1
2025-10,God Of War - Deluxe Ragnarok Chaos Blades,Default Title,MS036,2,450,0,0,450,0,450,103.3,450
2025-10,LORD OF THE RINGS - Deluxe Strider Ranger Sword,Default Title,BS011222,3,450,0,0,450,0,450,236.73,450
2025-10,EVIL DEAD: ARMY OF DARKNESS - Officially Licensed 1:1 Ash's Chainsaw Replica,Default Title,,4,440,0,0,440,0,440,248,440
2025-10,Wells Fargo Stagecoach Defender - Double Barrel  Wyatt Earp Shotgun Pistol / Sawn-Off with Brass Action- USA 1868,Default Title,G1113,3,417,0,0,417,0,417,258.87,417
2025-10,The Witcher - Hand Forged Silver & Steel Damascus Combo Special Offer Save £50,Damascus Silver & Wolf Pommel Steel Swords,HK9320COMBO-DA,1,399,0,0,399,0,399,236,399
2025-10,Lord Of The Rings - Deluxe Handforged Damascus Steel Strider Sword,Default Title,JOT034FD,2,390,0,0,390,0,390,166,390
2025-10,THE HOBBIT - Deathless Thorin's Dwarven Sword,Default Title,BS310226,6,390,0,0,390,0,390,96.72,390
2025-10,Sword Art Online  - Kirito Elucidator,Default Title,HK9495E,3,390,0,0,390,0,390,77.61,390
2025-10,"Call Of Duty - Desert Eagle (Black) - Deadpool, Tomb Raider, Supernatural",Default Title,G1123,3,390,0,0,390,0,390,205.26,390
2025-10,Ghost Of Tsushima - Handforged Tanto,Default Title,Tanto-10,5,480,-16,-80,384,0,384,127.5,384
2025-10,Kingdom Hearts - Halloween,Default Title,BS210515,7,385,-5.5,0,379.5,0,379.5,154,379.5
2025-10,The Witcher III - Geralt's Steel Sword (Mace Pommel),Default Title,BS110614,3,390,-13,0,377,0,377,106.5,377
2025-10,Supernatural - Bobby's Colt .45,Default Title,G1109/L,4,360,0,0,360,0,360,177.8,360
2025-10,The Walking Dead - Neagan's Lucille,Default Title,BS310616,5,375,-15,0,360,0,360,135,360
2025-10,House Of The Dragon - Officially Licensed Valyrian Steel Dark Sister Sword Of Daemon Targaryen,Default Title,VS-VS0128,1,359,0,0,359,0,359,206.25,359
2025-10,Game of Thrones/House Of The Dragon - King Viserys' Valeryian Steel Dagger and Arya's Catspaw,Default Title,HK8764GS,5,391,-39.1,0,351.9,0,351.9,70,351.9
2025-10,Legend Of Zelda - Deluxe Hylian Shield (Full Metal),Default Title,VX221048,2,350,0,0,350,0,350,204.86,350
2025-10,THE WITCHER - Geralt's Silver Sword TV Show Version in Hand Forged Damascus Steel,Default Title,MS019FD,3,525,-175,0,350,0,350,391.68,350
2025-10,"Kill Bill - Deluxe ""O-Ren Ishii"" Hand Forged Shirasaya in Clay Tempered HCS",Default Title,bs011024-orenCT,2,458,-111.9,0,346.1,0,346.1,96.58,346.1
2025-10,Assassin's Creed Odyssey - Leonidas' Spear,Default Title,BS110866,3,357,-11.9,0,345.1,0,345.1,127.59,345.1
2025-10,Valyrian Steel Game of Thrones - Longclaw Sword of Jon Snow,Default Title,VS-VS0106,1,335,0,0,335,0,335,190.78,335
2025-10,Lord Of The Rings - United Cutlery Officially Licensed Glamdring,Default Title,UC-UC1265,1,329,0,0,329,0,329,174.06,329
2025-10,Demon Slayer - Tanjiro Kamado Fire Breath Black Nichirin Display (Straight Blade) Katana,Default Title,BS310686,4,400,-8,-80,312,0,312,73,312
2025-10,Elden Ring - Rivers Of Blood Display (Straight Blade) Katana,Default Title,BS310829,4,320,-8,0,312,0,312,60,312
2025-10,"Aquaman Trident - Full Metal, Full Size Replica",Default Title,BS110902,1,299,0,0,299,0,299,215.89,299
2025-10,The Bastard Snow - Sword Including Plaque and Scabbard,Default Title,JOT5909M,2,298,0,0,298,0,298,61,298
2025-10,Power Rangers - Red Ranger Power Sword,Default Title,AM209,3,297,0,0,297,0,297,113.46,297
2025-10,Kit Harington Signed Jon Snow Longclaw - SWAU Authenticated,Default Title,AUTO001,1,295,0,0,295,0,295,200,295
2025-10,"Deluxe ""Warrior's Rage"" (Black) Hand Forged Katana In Clay Tempered 1060 HCS",Default Title,BS310161BKCT,1,325,-32.5,0,292.5,0,292.5,94,292.5
2025-10,Elden Ring - Moonveil 142cm Display (Straight Blade) Katana,Default Title,AM168L-1,3,285,0,0,285,0,285,72,285
2025-10,Colt Army Model 1860 USA Civil War 1860 - Clint Eastwood,Default Title,G1007/L,3,285,0,0,285,0,285,160.74,285
2025-10,Demon Slayer - Tanjiro Kamado Black Nichirin Display (Straight Blade) Katana,Default Title,BS111079,4,280,0,0,280,0,280,69.44,280
2025-10,"""Yakushima"" 1095 HCS Clay Tempered Hand Forged Katana",Default Title,BS111134,1,279,0,0,279,0,279,68.27,279
2025-10,Loki's Sceptre - 1:1 Metal Version,Default Title,BS110897,1,275,0,0,275,0,275,148.22,275
2025-10,Red Dead Redemption - Colt Navy (Gunmetal Grey),Default Title,BG010131-2,6,270,0,0,270,0,270,96,270
2025-10,"Webley Mk IV - Indiana Jones, Torchwood, Peaky Blinders",Default Title,G1119,3,270,0,0,270,0,270,125.67,270
2025-10,Colt 'Outlaw' Single Action Army,Default Title,G1108/L,3,270,0,0,270,0,270,13077,270
2025-10,Hellsing - Pistol Pair Cassul & Jackal (Cosplay Safe Foam) Save £5,Default Title,FM247+248,6,270,0,0,270,0,270,84,270
2025-10,"Demon Slayer - Zenitsu Agatsuma Nichirin Display (Metal, Straight Blade) Katana with Light Up Blade",Default Title,BS310857,3,270,0,0,270,0,270,63,270
2025-10,Lord Of The Rings - United Cutlery Officially Licensed Sword of Eomer,Default Title,UC-UC3383,1,299,-29.9,0,269.1,0,269.1,150.51,269.1
2025-10,Lord Of The Rings - Officially Licensed United Cutlery Bearded Axe of Gimli with Plaque,Default Title,UC2628,1,269,0,0,269,0,269,145.99,269
2025-10,Devil May Cry - Dante's Rebellion (Silver),Default Title,HK0213,2,298,-29.8,0,268.2,0,268.2,80.66,268.2
2025-10,Lord Of The Rings - United Cutlery Officially Licensed Narsil Sword,Default Title,UC-UC1267,1,295,-29.5,0,265.5,0,265.5,159.07,265.5
2025-10,Beretta 92 / Us Military M9 (Nickel Finish),Default Title,G1254/NQ,2,260,0,0,260,0,260,158.26,260
2025-10,The Witcher III - Geralt's Steel Sword (Wolf Pommel),Default Title,BS110616,2,260,0,0,260,0,260,55,260
2025-10,"The Last Kingdom - Uhtred ""Serpents Breath"" Sword",Default Title,VX221682-2,2,520,0,-260,260,0,260,78,260
2025-10,Duelling Pair of Percussion Pistols - Italy 1825,Default Title,G2-1013G,2,260,0,0,260,0,260,57.92,260
2025-10,"Browning ""High Power"" Hp35 - British Army Service Pistol 1935-2013",Default Title,G1235,2,520,0,-260,260,0,260,122.5,260
2025-10,Honshu - Broadsword with Scabbard,Default Title,UC-UC3265,1,250,0,0,250,0,250,139.95,250
2025-10,Dark Souls - Great Sword Of Artorias (140cm Deluxe Edition),Default Title,VX221075-L,1,249,0,0,249,0,249,0,0
2025-10,Thor's Mjolnir - Full Metal,Default Title,BS310623,1,249,0,0,249,0,249,135.88,249
2025-10,The Lord Of The Rings - NEW AND IMPROVED Aragorn's Angrist Elven Knife,Default Title,VX221073,3,255,-8.5,0,246.5,0,246.5,42,246.5
2025-10,Demon Slayer - Zenitsu Agatsuma Yellow Nichirin Display (Straight Blade) Katana,Default Title,BS111061,3,240,0,0,240,0,240,52.08,240
2025-10,The Lord Of The Rings - Deluxe Boromir Sword,Default Title,JOT075C,2,240,0,0,240,0,240,97.92,240
2025-10,Ghost Of Tsushima - Jin Sakai Display Katana (Black),Default Title,BS310811,3,240,0,0,240,0,240,66.87,240
2025-10,Game Of Thrones - Jaime Lannister Sword,Default Title,BS310057,2,240,0,0,240,0,240,86,240
2025-10,M1911A1 Colt 'Mission Accomplished' Pistol (Gold Finish),Default Title,G5312,2,240,0,0,240,0,240,138,240
2025-10,SKYRIM - Warhammer (Full Metal),Default Title,AM241,2,238,0,0,238,0,238,96.12,238
2025-10,"Kill Bill - Deluxe ""The Bride"" (Uma Thurman) Hatori Hanzo Hand Forged Katana In Clay Tempered HCS",Default Title,bs011024-brideCT,1,229,0,0,229,0,229,46.7,229
2025-10,Kill Bill - Deluxe Bill's (David Carradine) Hattori Hanzo Hand Forged Katana In Clay Tempered HCS,Default Title,BS011024-BILLCT,1,229,0,0,229,0,229,57.91,229
2025-10,The Bastard Snow's Sword - Hand Forged Folded Steel (Damascus),Default Title,JOT5909FD,1,225,0,0,225,0,225,75.35,225
2025-10,Lord Of The Rings - United Cutlery Officially Licensed Horn of Gondor,Default Title,UC-UC3455,1,225,0,0,225,0,225,134.3,225
2025-10,Final Fantasy VII (Remake) - Upgraded Cloud's Strife Buster Sword,Default Title,AM256,1,250,-25,0,225,0,225,68.74,225
2025-10,Power Rangers - Red Ranger Sword (Cosplay Safe Foam),Default Title,FM168,9,225,0,0,225,0,225,57.42,225
2025-10,Winchester Mod. 66 Lever Action Carbine Rifle,Default Title,G1140G,1,225,0,0,225,0,225,124.27,225
2025-10,World Of Warcraft - Lich King Arthas Frostmourne Sword,Default Title,VX221734,1,225,0,0,225,0,225,65,225
2025-10,John Wayne Special Winchester Rifle,Default Title,G1069,1,225,0,0,225,0,225,113.56,225
2025-10,God Of War: Ragnarok - Deluxe Thor Mjolnir (Full Metal),Default Title,BG011816,1,250,-25,0,225,0,225,121.52,225
2025-10,".357 Python Magnum 8"" - Call Of Duty, Resident Evil, Pulp Fiction",Default Title,G1061,2,360,-17,-120,223,0,223,112.06,223
2025-10,Demon Slayer - Inosuke Hashibara Nichirin Blade Display (Straight Blade) Katana,Default Title,BS111081-SI,3,210,0,0,210,0,210,52.08,210
2025-10,"The Lord Of The Rings - Deluxe Sting (80cm, W/ Display Plaque)",Default Title,VX221042,2,220,-11,0,209,0,209,62,209
2025-10,Demon Slayer - Tanjiro Kamado Season 2 Nichirin - Cosplay Safe Wood,Default Title,WD051,6,210,-3.5,0,206.5,0,206.5,72,206.5
2025-10,Black Myth Wukong - Wukong Staff (Metal),Default Title,AM246X,1,225,-22.5,0,202.5,0,202.5,37.2,202.5
2025-10,Sword Of Gryffindor,Default Title,BS011033,4,200,0,0,200,0,200,60,200
2025-10,"""Nanashi"" Hand Forged Katana In Clay Tempered 1095 HCS",Default Title,BS310366CT,1,199,0,0,199,0,199,67,199
2025-10,"Jujutsu Kaisen - Deluxe Inverted Spear of Heaven, Cursed Dagger From Fushiguro Toji",Default Title,AM210,2,198,0,0,198,0,198,72.76,198
2025-10,"""Brown Bess"" Short Land Pattern Musket British Napoleonic War Rifle - England 1712",Default Title,G1054,1,219,-21.9,0,197.1,0,197.1,110.1,197.1
2025-10,Legend Of Zelda - Handforged Deluxe Master Sword (Damascus Blade),Default Title,HK8838,1,195,0,0,195,0,195,78.87,195
2025-10,God Of War - Ragnarok Leviathan Axe with Glow In The Dark Runes,Default Title,AM224,1,195,0,0,195,0,195,157.15,195
2025-10,"USA WWII M3 ""Grease Gun"" Smg",Default Title,G1313,1,195,0,0,195,0,195,101.23,195
2025-10,Alice In Darkness - Vorpal Blade,Default Title,HK1043,4,200,-5,0,195,0,195,38.2,195
2025-10,Thundercats - Sword Of Omens Dagger Eye Of Thundera,Default Title,AM140-1,4,200,-5,0,195,0,195,47.88,195
2025-10,Lord Of The Rings - Officially Licensed United Cutlery Sword Of Samwise,Default Title,UC-UC2614,1,189,0,0,189,0,189,99.35,189
2025-10,Demon Slayer - Shinobu Kocho Lavender Blue Nichirin Display (Straight Blade) Katana,Default Title,BS310687,3,180,0,0,180,0,180,54.75,180
2025-10,Demon Slayer - Twelve Kizuki Kokushibo Flesh Sword Display (Straight Blade) Katana,Default Title,BS310711,3,240,0,-60,180,0,180,33.15,180
2025-10,Vikings Ragnar Lothbrok's Raider Shield,Default Title,S241331,1,180,0,0,180,0,180,69,180
2025-10,Davy Crockett's 'Beautiful Betsy' Kentucky Rifle,Default Title,G1137,1,180,0,0,180,0,180,123,180
2025-10,Napoleon Flintlock Double Cannon - France 1806,Default Title,G1026,2,178,0,0,178,0,178,101.88,178
2025-10,Demon Slayer - Kanao Tsuyuri Nichirin Blade,Default Title,AM042,3,177,0,0,177,0,177,36,177
2025-10,Lord Of The Rings - Thranduil Sword Collectible (40cm),Default Title,HK8443MUB,5,175,-3.5,0,171.5,0,171.5,34.25,171.5
2025-10,"Colt ""Deputy"" Single Action Army 5.5"" (Black)",Default Title,G1106N,2,180,-9,0,171,0,171,80.82,171
2025-10,"""Tanchozuru"" Full Tang 1065 HCS Hand Forged Tanto",Default Title,T010,2,170,0,0,170,0,170,72.36,170
2025-10,"Mare's Leg Carbine - Firefly/Serenity, Zombieland",Default Title,G1095,1,169,0,0,169,0,169,81.14,169
2025-10,Star Wars - Boba Fett's Ee-3 Blaster (Cosplay Safe Foam),Default Title,FM241,5,175,-7,0,168,0,168,44.3,168
2025-10,Tzss Cosplay Horde Membership,Default Title,,18,180,-12,0,168,0,168,0,0
2025-10,Highlander - Kurgan's Sword (Full Metal),Default Title,BS310522,1,165,0,0,165,0,165,33.27,165
2025-10,Moon Knight - Crescent Dart - Full Metal (Silver),Default Title,AM127CMT-1,3,165,0,0,165,0,165,57.36,165
2025-10,Demon Slayer - Kyojuro Rengoku Red Nichirin Display (Straight Blade) Katana,Default Title,BS111053,2,160,0,0,160,0,160,34.72,160
2025-10,Wells Fargo Stagecoach Defender - Double Barrel Wyatt Earp Shotgun Pistol / Sawn-Off - USA 1868,Default Title,G1114,1,160,0,0,160,0,160,86.29,160
2025-10,Highlander Endgame - Duncan Macleod Display (Straight Blade) Katana,Default Title,BS110729,2,160,0,0,160,0,160,20.42,160
2025-10,"Deluxe ""Righteous Dragon"" Hand Forged Tanto In Clay Tempered 1095 HCS",Default Title,BS310133TCT,1,159,0,0,159,0,159,65.1,159
2025-10,Colt 'Lone Star' Quickdraw Single Action Army,Default Title,G1038,2,158,0,0,158,0,158,86.18,158
2025-10,Lord Of The Rings - Aragorn Anduril Sword (Cosplay/LARP Safe Foam),Default Title,FM034,6,150,0,0,150,0,150,38.34,150
2025-10,Demon Slayer - Kyojuro Rengoku Nichirin - Cosplay Safe Wood,Default Title,VX221241,6,150,0,0,150,0,150,72,150
2025-10,Thanos' Heli-Blade Sword (Resin),Default Title,BS111116,1,150,0,0,150,0,150,67,150
2025-10,Assassin's Creed Valhalla - Eivor's Axes (Full Metal),Default Title,AM052MT,1,150,0,0,150,0,150,60.14,150
2025-10,Ghost of Tsushima - Tagenashima Matchlock Rifle 1800,Default Title,G1274,1,150,0,0,150,0,150,99,150
2025-10,Devil May Cry - Dante's Rebellion,Default Title,HK213R,1,149,0,0,149,0,149,33.5,149
2025-10,Genuine Leather Double Holster and Cartridge Belt For Two Revolvers,Default Title,G704,1,149,0,0,149,0,149,71.34,149
2025-10,RWBY - Crescent Rose Sniper Scythe (Cosplay Safe Wood),Default Title,,3,147,0,0,147,0,147,81.36,147
2025-10,Demon Slayer - Muichiro Tokito White Nichirin Display (Straight Blade) Katana,Default Title,BS111060,2,160,-13,0,147,0,147,34.72,147
2025-10,Vikings - Deluxe Sword Of Kings,Default Title,VX221085,1,145,0,0,145,0,145,57.08,145
2025-10,Roman Centurion Helmet - Gallic H,Default Title,AH6069,1,145,0,0,145,0,145,77.44,145
2025-10,A Knight's Tale - Ulrich's Helm,Default Title,AH6387,1,145,0,0,145,0,145,70.83,145
2025-10,Vikings - Ragnar's Sword,Default Title,MS065,1,145,0,0,145,0,145,43,145
2025-10,Demon Slayer - Twelve Kizuki Kokushibo Flesh Sword Display (Straight Blade) Katana with Light Up Blade,Default Title,BS310864,2,140,0,0,140,0,140,42.6,140
2025-10,House Stuart Royal Scottish Claymore,Default Title,JOT201,1,140,0,0,140,0,140,49.15,140
2025-10,Conan The Barbarian / Stranger Things - Atlantean Sword,Default Title,BS014659,1,140,0,0,140,0,140,52,140
2025-10,Bleach - Rukia Sode No Shirayuki Display (Straight Blade) Katana,Default Title,BS310817,2,140,-7,0,133,0,133,44,133
2025-10,"Dragons of the Seven Kingdoms - Riyujin Dragon Display Katana (Metal, Straight Blade)",Default Title,BS015135-8,2,140,-7,0,133,0,133,28.4,133
2025-10,Highlander Endgame - Hand Forged Macleod Katana (Black),Default Title,29277,1,130,0,0,130,0,130,0,0
2025-10,Lord Of The Rings - Deluxe Gandalf's Glamdring Sword,Default Title,JOT096C,1,130,0,0,130,0,130,29.02,130
2025-10,DEADPOOL - Gold Desert Eagle,Default Title,G1123/L,1,130,0,0,130,0,130,61.58,130
2025-10,CALL OF DUTY - German Parabellum Luger P08 in Trophy Nickel,Default Title,G8143,1,130,0,0,130,0,130,77.86,130
2025-10,Lord Of The Rings - Officially Licensed United Cutlery Shards Of Narsil Statue,Default Title,UC-UC3600,1,129,0,0,129,0,129,66.09,129
2025-10,"Demon Slayer - Tsugikuni Kokushibo Sword (140cm, Resin)",Default Title,,1,125,0,0,125,0,125,54,125
2025-10,RED DEAD REDEMPTION - LeMat Confederate Civil War Revolver 1855,Default Title,G1070,1,120,0,0,120,0,120,53.61,120
2025-10,Thor's Hammer - Mjolnir (Toughened Resin),Default Title,BS310187+S,1,120,0,0,120,0,120,29.59,120
2025-10,King Cobra Triple Set Display Katana (Straight Blade),Default Title,HKS033-1,1,120,0,0,120,0,120,39.51,120
2025-10,Game Of Thrones - Heartsbane of House Tarly,Default Title,BS310739,1,120,0,0,120,0,120,31,120
2025-10,Red Dead - Colt Single Action Army (Cosplay Safe Foam),Default Title,FM286,6,120,0,0,120,0,120,27,120
2025-10,Lord Of The Rings - Deluxe Nazghul Ringwraith Sword,Default Title,VX221045,1,120,0,0,120,0,120,0,0
2025-10,Attack On Titan Vme Sword,Single Sword,36023276,1,120,0,0,120,0,120,31,120
2025-10,Genshin Impact - Baal Raiden Shogun Engulfing Lightning (Metal),Default Title,BS310821,2,120,0,0,120,0,120,82,120
2025-10,Desert Eagle - Joker Style Chrome Finish,Default Title,G1123NQ,1,120,0,0,120,0,120,60.55,120
2025-10,Sword Art Online - Asuna Lambent Light Rapier,Default Title,,1,120,0,0,120,0,120,50,120
2025-10,300 King Leonidas Helmet,Default Title,AH241148,1,120,0,0,120,0,120,68,120
2025-10,LOKI - Chitauri Sceptre (Cosplay Safe Foam),Default Title,FM186,3,120,0,0,120,0,120,47.22,120
2025-10,Derringer Garter Gun,Default Title,G1262/L,3,120,-4,0,116,0,116,57,116
2025-10,Naruto - Sasuke Grass Cutter Kusanagi Sword,Default Title,BS110589,2,120,-6,0,114,0,114,34,114
2025-10,JAMES BOND - Walther PPK in Nickel,Default Title,G1277NQ,1,110,0,0,110,0,110,57.32,110
2025-10,".357 Snub Nose Magnum - True Romance, Reservoir Dogs",Default Title,G1062,1,220,0,-110,110,0,110,58,110
2025-10,Akaji Triple Set Display Katana (Straight Blade),Default Title,HKS052R-1,1,110,0,0,110,0,110,39.51,110
2025-10,Kill Bill - Hattori Hanzo Triple Set Display Katana (Straight Blade),Default Title,VX221700,1,110,0,0,110,0,110,39.51,110
2025-10,The Bastard Snow - Sword With Plaque (Book Version),Default Title,BS015791-1,1,120,-12,0,108,0,108,30.5,108
2025-10,Lord Of The Rings - Gimli Helmet,Default Title,HM04,1,120,-12,0,108,0,108,74,108
2025-10,Kingdom Key - Cosplay/Larp Safe Foam Keyblade,Default Title,BS014612F,3,105,0,0,105,0,105,42,105
2025-10,Demon Slayer - Mitsuri Konroji Nichirin - Cosplay Safe Wood,Default Title,WD032,4,100,0,0,100,0,100,48,100
2025-10,Supernatural - The Colt (Cosplay Safe Foam),Default Title,FM246,4,100,0,0,100,0,100,11.84,100
2025-10,King Arthur's Exaclibur (Silver),Default Title,HK81026CU,1,110,-11,0,99,0,99,36.58,99
2025-10,Zelda Tears Of The Kingdom Broken Sword with Light and Voice Activation (Metal),Default Title,BS310839,1,99,0,0,99,0,99,70.72,99
2025-10,"""Tsubasa"" Triple Set Display Katana (Straight Blade)",Default Title,BS111046,1,110,-11,0,99,0,99,39.51,99
2025-10,Genuine Leather Sheriff's Holster and Cartridge Belt,Default Title,G721,1,109,-10.9,0,98.1,0,98.1,49.98,98.1
2025-10,King Arthur's Exaclibur (Gold),Default Title,BS015281G,1,110,-15,0,95,0,95,25.27,95
2025-10,Colt Peacemaker - Joker,Default Title,G6303,1,95,0,0,95,0,95,47.49,95
2025-10,Colt Navy 1851,Default Title,G1040/L,1,95,0,0,95,0,95,55.94,95
2025-10,JAMES BOND - Walther PPK in Gold,Default Title,G5277,1,95,0,0,95,0,95,57.32,95
2025-10,Wynonna Earp Peacemaker,Default Title,5303,1,95,0,0,95,0,95,42.49,95
2025-10,Chinese Dragon Emperor Sword (Full Metal),Default Title,CHS031R,1,95,0,0,95,0,95,24.03,95
2025-10,Lord Of The Rings - Legolas Dagger Collectable (28cm),Default Title,HK8439,5,95,0,0,95,0,95,25,95
2025-10,Colt Peacemaker - Wyatt Earp Ok Corral Buntline,Default Title,G7303,1,95,0,0,95,0,95,47.49,95
2025-10,Colt Navy 1851 (Ivory),Default Title,G1040/B,1,90,0,0,90,0,90,47,90
2025-10,Colt 'Artillery' Single Action Army,Default Title,G1109L,1,90,0,0,90,0,90,45.04,90
2025-10,Loki - Laevateinn Dagger,Default Title,AM090,3,87,0,0,87,0,87,36,87
2025-10,Supernatural - Impala Trunk Knife,Default Title,HK2022,3,90,-3,0,87,0,87,18,87
2025-10,Star Trek Ceremonial Bat'Leth,Default Title,SW604,1,95,-9.5,0,85.5,0,85.5,39,85.5
2025-10,Wyatt Earp's O.K. Corrall Colt Peacemaker,Default Title,G7303,1,95,-9.5,0,85.5,0,85.5,42.49,85.5
2025-10,Final Fantasy - Sephiroth Masamune Display (Straight Blade) Odachi Katana,Default Title,BS111117,1,90,-9,0,81,0,81,24.38,81
2025-10,God Of War - Ragnarok Leviathan Axe (Cosplay Safe Foam),Default Title,FM290,2,80,0,0,80,0,80,18,80
2025-10,GLADIATOR - Maximus' Twin Spatha/Gladius,Default Title,HK8737,1,80,0,0,80,0,80,13.31,80
2025-10,Demon Slayer - Yoriichi Tsugikuni Sun Breathing Gold Nichirin Display (Straight Blade) Katana,Default Title,BS310827,1,80,0,0,80,0,80,21.28,80
2025-10,Sekiro - Shadows Die Twice Fushigiri Display (Straight Blade) Katana,Default Title,AM234-1,1,80,0,0,80,0,80,14.85,80
2025-10,Legend Of Zelda - Master Sword,Default Title,BS015961,1,80,0,0,80,0,80,21,80
2025-10,Demon Slayer - Tanjiro Kamado Nichirin - Cosplay Safe Wood,Default Title,WD034,3,75,0,0,75,0,75,33,75
2025-10,Power Rangers - Green Ranger Dagger (Cosplay Safe Foam),Default Title,FM169,3,75,0,0,75,0,75,19.86,75
2025-10,World Of Warcraft - King Llane Sword (2:3 Scale),Default Title,MU001,1,75,0,0,75,0,75,50,75
2025-10,"The Hobbit - Sting (Brown Scabbard, 70cm)",Default Title,HK750L,1,140,0,-65,75,0,75,14,75
2025-10,"""Sakura"" Hand Forged Tanto",Default Title,SW149,1,75,0,0,75,0,75,35,75
2025-10,GAME OF THRONES - Jon Snow Longclaw  Cosplay/LARP Safe Foam,Default Title,BS210371,3,75,0,0,75,0,75,16.2,75
2025-10,The Witcher Wild Hunt- Steel Collectible 40cm,Default Title,HK8786SU,3,75,0,0,75,0,75,20.7,75
2025-10,Highlander - Connor Macleod Display (Straight Blade) Katana,Default Title,BS111044,1,80,-8,0,72,0,72,10.62,72
2025-10,One Piece - Roronoa Zoro Display (Straight) Katana Enma,Default Title,BS310702,1,80,-8,0,72,0,72,14.97,72
2025-10,One Piece - Roronoa Zoro's Shusui Display (Straight Blade) Katana,Default Title,BS014938-1,1,70,0,0,70,0,70,19.61,70
2025-10,Roman Pugio Dagger,Default Title,VX221826,2,70,0,0,70,0,70,22,70
2025-10,Demon Slayer - Giyu Tomioka Blue Nichirin (Red Tsuba) Display (Straight Blade) Katana,Default Title,BS310685,1,70,0,0,70,0,70,18.25,70
2025-10,Halo -Ma5B Assault Rifle (Cosplay Safe Foam),Default Title,BG012023,2,70,0,0,70,0,70,49.54,70
2025-10,One Piece - Trafalgar Law Display (Straight) Katana,Default Title,BS015076,1,70,0,0,70,0,70,11.58,70
2025-10,Demon Slayer - Mitsuri Kanroji Love Pink Nichirin Display (Straight Blade) Katana,Default Title,BS111056,1,70,0,0,70,0,70,17.36,70
2025-10,Kill Bill - O-Ren Ishii Shirasaya Display (Straight Blade) Katana,Default Title,BS011024OST,1,70,0,0,70,0,70,14.82,70
2025-10,"Demon Slayer - Mitsuri Kanroji Love Pink Nichirin Display (Medtal, Straight Blade) Katana with Light Up Blade",Default Title,BS310862,1,70,0,0,70,0,70,21,70
2025-10,Kill Bill - The Bride's Display (Straight Blade) Katana,Default Title,BS011024BRST,1,70,0,0,70,0,70,21,70
2025-10,United Cutlery - HONSHU VIKING TRAINING SWORD,Default Title,UC-UC3657,1,69,0,0,69,0,69,34.75,69
2025-10,HONSHU - KARITO TRAINING BATTLE AXE,Default Title,UC-UC3656,1,69,0,0,69,0,69,29.2,69
2025-10,Lord Of The Rings - Officially Licensed United Cutlery Rohan Banner,Default Title,UC-UC3675,1,69,0,0,69,0,69,39,69
2025-10,Katana Stand (Single),Default Title,BP011368,5,75,-6,0,69,0,69,30,69
2025-10,Final Fantasy - Buster Sword - Cosplay Safe Foam,Default Title,FM092,2,70,-3.5,0,66.5,0,66.5,18,66.5
2025-10,Bleach - Katana Of Urahara Kisuke - Benihime Display (Straight Blade) Katana,Default Title,BS014097,1,70,-7,0,63,0,63,21.37,63
2025-10,One Piece - Roronoa Zoro's Sandai Kitetsu Display (Straight Blade) Katana,Default Title,HK9413,1,70,-7,0,63,0,63,10.96,63
2025-10,One Piece - Roronoa Zoro Display (Straight) Katana (White),Default Title,BS111051,1,70,-7,0,63,0,63,19.61,63
2025-10,Demon Slayer - Giyu Tomioka Nichirin Katana Umbrella,Default Title,AM072-4,3,60,0,0,60,0,60,33,60
2025-10,"Genshin Impact - Sword Of Diluc, Wolf's Gravestone Cosplay Foam",Default Title,FM093,3,60,0,0,60,0,60,25.5,60
2025-10,Bleach - Ichigo Zangetsu Katana Collectable (42Cm),Default Title,LT023,2,60,0,0,60,0,60,13,60
2025-10,One Piece - Roronoa Zoro's Sandai Kitetsu (Cosplay Safe Wood),Default Title,HK9413WD,2,60,0,0,60,0,60,25.58,60
2025-10,Bleach - Abarai Renji Zabimaru (Red) Display (Straight Blade) Katana,Default Title,BS310814,1,60,0,0,60,0,60,22.3,60
2025-10,Assassin's Creed - AC3 Connor's Upgraded Tomahawk,Default Title,HK8631,1,60,0,0,60,0,60,13.45,60
2025-10,Rings Of Power - Galadriel Dagger,Default Title,VX221878,1,60,0,0,60,0,60,15.64,60
2025-10,Dummy Rounds For Colt Single Action Army 6 Pack,Default Title,G50,8,60,-0.75,0,59.25,0,59.25,8,59.25
2025-10,Jujutsu Kaisen - Itadori Yuji's Slaughter Demon,Default Title,BS111648,1,59,0,0,59,0,59,26.07,59
2025-10,BLEACH - Ichigo Bankai Zangetsu,Default Title,BS013983B,1,60,-5,0,55,0,55,14,55
2025-10,Kingdom Hearts - Oblivion,Default Title,BS210003,1,55,0,0,55,0,55,32,55
2025-10,One Piece - Roronoa Zoro Display (Straight) Katana (Black),Default Title,BS111052,1,60,-6,0,54,0,54,19.61,54
2025-10,The Witcher - Geralt Of Rivia's Silver Sword - Cosplay Safe Foam,Default Title,FM102,2,60,-6,0,54,0,54,18,54
2025-10,Halo Energy Sword - Cosplay/Larp Safe Foam,Default Title,BS310528,2,54,0,0,54,0,54,22,54
2025-10,"Hellsing - Arms ""Cassul"" .454 Auto Pistol (Cosplay Safe Foam)",Default Title,FM248,2,50,0,0,50,0,50,14,50
2025-10,Star Wars - Han Solo Dl-44 Blaster (Cosplay Safe Foam),Default Title,FM242,2,50,0,0,50,0,50,9.32,50
2025-10,Assassin's Creed  - Short Sword of Altair,Default Title,HK8215,1,50,0,0,50,0,50,17.5,50
2025-10,One Piece - Roronoa Zoro's Shusui Katana - Cosplay Safe Foam With Sheath,Default Title,BS310704,2,50,0,0,50,0,50,20.34,50
2025-10,Assassin's Creed - AC3 Connor's Tomohawk,Default Title,CK0412,1,50,0,0,50,0,50,16.74,50
2025-10,Kingdom Hearts - Oathkeeper,Default Title,BS310208,1,50,0,0,50,0,50,29,50
2025-10,The Lord Of The Rings - Officially Licensed One Ring Lamp,Default Title,LAMP007,1,99.98,0,-49.99,49.99,0,49.99,20.83,49.99
2025-10,80Mm Laser Engraved Glass Pokemon Collectable (Rotating Stand),Pikachu,1121305,1,49,0,0,49,0,49,0,0
2025-10,Kill La Kill - Ryuko Matoi's Rending Scissors (Metal),Default Title,AM151,1,49,0,0,49,0,49,20.52,49
2025-10,Assassin’s Creed Shadows - PureArts Qlectors Naoe & Yasuke PVC Figure,Default Title,PA037AC,1,49,0,0,49,0,49,30,49
2025-10,Genshin Impact - Kazuha Freedom Sworn Sword,Default Title,AM169,1,49,0,0,49,0,49,20.5,49
2025-10,Bleach - Rojuro Otoribashi Bankai Display (Straight Blade) Katana,Default Title,BS310813,1,49,0,0,49,0,49,20.94,49
2025-10,Legend Of Zelda - Master Sword Collectible (12 Inch),Default Title,HKA006S-2,2,50,-2.5,0,47.5,0,47.5,13.08,47.5
2025-10,John Wick Prop Bundle Save ¶10,Default Title,,1,45,0,0,45,0,45,17,45
2025-10,Thor's Stormbreaker - Cosplay/Larp Safe Foam Axe,Default Title,BS110713-1,1,45,0,0,45,0,45,28.46,45
2025-10,Aragorn's Angrist Elven Blade (Black),Default Title,BS011221,1,90,0,-45,45,0,45,9,45
2025-10,World Of Warcraft Gorehowl Axe - Cosplay/Larp Safe Foam Axe,Default Title,BS111034,1,45,0,0,45,0,45,22.3,45
2025-10,Gladius - Cosplay/Trainer Sword,Default Title,CS-92BKGM,1,44.99,0,0,44.99,0,44.99,21.13,44.99
2025-10,Katana Stand (Double),Default Title,BP011368-2,2,40,0,0,40,0,40,20,40
2025-10,80Mm 3D Laser Engraved Glass Pokemon With Led Stand,Evee,52329266,1,40,0,0,40,0,40,0,0
2025-10,Coiled Snake Display Tanto,Default Title,,1,40,0,0,40,0,40,18,40
2025-10,Demon Slayer - Zenitsu Agatsuma Nichirin - Cosplay Safe Wood,Default Title,WD054,1,35,0,0,35,0,35,11,35
2025-10,God Of War - Sparta Kratos Blades Of Chaos - Cosplay Safe Foam,Default Title,FM125,1,35,0,0,35,0,35,10,35
2025-10,Legend Of Zelda - Deluxe Master Sword (Cosplay Safe Foam),Default Title,FM249,1,35,0,0,35,0,35,8.86,35
2025-10,Hand Grenade Mk2 Pineapple (Green) - USA 1918,Default Title,738V,1,35,0,0,35,0,35,15.74,35
2025-10,AR-15 Assault Rifle (Cosplay Safe Foam),Default Title,FM052,1,35,0,0,35,0,35,9.32,35
2025-10,Dragonslayer Helm (PU),Default Title,RDL-XP005H,1,30,0,0,30,0,30,31.46,30
2025-10,THE WITCHER - Witcher TV Series Silver Sword Cosplay/LARP Safe Foam,Default Title,FM308,1,30,0,0,30,0,30,5.22,30
2025-10,The Witcher III - Deluxe Ciri Sword,Default Title,,0,300,-15,-255,30,0,30,81.08,285
2025-10,One Piece - Roronoa Zoro's Enma (Cosplay Safe Wood),Default Title,WD058,1,30,0,0,30,0,30,12.79,30
2025-10,Attack On Titan - VME Sword Fidget Keyring/Keychain (22cm),Default Title,,3,30,0,0,30,0,30,9,30
2025-10,Cap Firing Dummy Rounds For Colt Single Action Army 6 Pack,Default Title,G49,3,30,0,0,30,0,30,8.94,30
2025-10,Legend Of Zelda - Skyward Sword - (Cosplay Safe Foam),Default Title,FM199,1,30,0,0,30,0,30,12,30
2025-10,Supernatural - Church of Castiel Pentagram,Default Title,BG011472,2,30,0,0,30,0,30,3.22,30
2025-10,Demon Slayer - Tanjiro Kamado Nichirin Collectable (40 cm),Default Title,LT001,1,30,0,0,30,0,30,6.5,30
2025-10,Thor - Mjolnir (Cosplay Safe Foam),Default Title,HK6588F,1,30,0,0,30,0,30,7.23,30
2025-10,Demon Slayer - Inosuke Nichirin Collectable (40cm),Default Title,LT008,1,30,0,0,30,0,30,6.5,30
2025-10,Demon Slayer - Muichiro Tokito Nichirin Collectable (40cm),Default Title,VX221050,1,30,0,0,30,0,30,3,30
2025-10,"The Hobbit - Sting Collectable (28cm, Brown)",Default Title,HK7701Y,1,30,0,0,30,0,30,5,30
2025-10,GAME OF THRONES HOUSE OF THE DRAGON - DRAGON EGG COOKIE JAR,Default Title,GA006,1,29.99,0,0,29.99,0,29.99,13.86,29.99
2025-10,Resident Evil - Umbrella Corporation Lamp,Default Title,NUM-RE-L,1,59.98,0,-29.99,29.99,0,29.99,17.86,29.99
2025-10,Ruger Redhawk - Cosplay/Training Revolver,Default Title,CS-92RGRHZ,1,29.99,0,0,29.99,0,29.99,18,29.99
2025-10,The Hobbit - Thorin's Orcrist Collectable (28cm),Default Title,HK8768,1,27.5,0,0,27.5,0,27.5,8.31,27.5
2025-10,The Witcher III Steel Sword (Wolf Pommel) - 40cm Collectable,Default Title,BS310616-15,1,30,-3,0,27,0,27,14,27
2025-10,Devil May Cry - Dante's Ivory (Foam),Default Title,FM139,1,30,-3,0,27,0,27,6,27
2025-10,The Witcher - Geralt Of Rivia's Steel Sword - Cosplay Safe Foam,Default Title,FM101,1,30,-3,0,27,0,27,9,27
2025-10,Devil May Cry - Dante's Ebony (Foam),Default Title,FM138,1,30,-3,0,27,0,27,6,27
2025-10,God Of War - Thor's Mjolnir (Foam),Default Title,FM170,1,25,0,0,25,0,25,11,25
2025-10,The Witcher - Wild Hunt Silver Serpent Sword Collectable (40cm),Default Title,HK8787SU,1,25,0,0,25,0,25,9,25
2025-10,Metal Gear - Jetstream Sam Revengeance (Cosplay Safe Foam),Default Title,FM147,1,25,0,0,25,0,25,4.66,25
2025-10,"Hellsing - Arms ""Jackal"" 13mm Anti-Freak Combat Pistol (Cosplay Safe Foam)",Default Title,FM247,1,25,0,0,25,0,25,7,25
2025-10,Viking Axe - Cosplay Safe Foam,Default Title,,1,25,0,0,25,0,25,9,25
2025-10,"The Witcher TV Show Silver Sword - 15"" Collectable (White)",Default Title,BS310714,1,25,0,0,25,0,25,12,25
2025-10,"The Witcher III Silver Sword - 15"" Collectable",Default Title,VX221819,1,35,-10,0,25,0,25,12,25
2025-10,Viking Rune Stones,Default Title,,1,25,0,0,25,0,25,5,25
2025-10,Devil May Cry Rebellion - Cosplay Safe Foam,Default Title,HK0213F,1,25,0,0,25,0,25,8,25
2025-10,Enchanted Sword Pendant (Glow In The Dark),Default Title,BG011474,2,24,0,0,24,0,24,3.6,24
2025-10,LOTR Witch King Mini Replica,Default Title,BS013485,1,24,0,0,24,0,24,6,24
2025-10,Assassin's Creed - Altair Sword Cosplay/Larp Safe Foam,Default Title,BS111036,1,25,-2.5,0,22.5,0,22.5,8,22.5
2025-10,"The Lord Of The Rings - Sting Collectible (28cm, Black)",Default Title,BS016127,1,20,0,0,20,0,20,4.59,20
2025-10,Deluxe Balisong/Butterfly Knife Trick Trainer (Prismatic),Default Title,,1,20,0,0,20,0,20,2.95,20
2025-10,Sword Art Online - Assuna Lambent Light Collectable,Default Title,HK8471-6,1,20,0,0,20,0,20,6.5,20
2025-10,Harley Quinn Foam Hammer (Cosplay And Larp Safe),Default Title,FM068,1,20,0,0,20,0,20,14.39,20
2025-10,Halo - M6G Magnum Hang Gun (Cosplay Safe Foam),Default Title,FM223,1,20,0,0,20,0,20,6.1,20
2025-10,Demon Slayer - Sanemi Nichirin Fidget Keyring/Keychain (22cm),Default Title,KW1004,2,20,0,0,20,0,20,6,20
2025-10,Naruto - Kunai (Metal),Default Title,AM035,1,20,0,0,20,0,20,4.85,20
2025-10,Skyrim Daedric Dagger - Cosplay/Larp Safe Foam,Default Title,BS111062,1,20,0,0,20,0,20,9,20
2025-10,ONE PIECE - Trafalgar Law Cosplay/LARP Safe Foam (Brown handle),Default Title,BS310705,1,20,0,0,20,0,20,10.52,20
2025-10,John Wick - Blood Oath Marker,Default Title,,1,20,0,0,20,0,20,6,20
2025-10,Skyrim - Daedric Sword (Cosplay Safe Foam),Default Title,,1,20,0,0,20,0,20,8,20
2025-10,Demon Slayer - Kyojuro Rengoku Nichirin Katana Umbrella,Default Title,AM072-2,1,20,0,0,20,0,20,11,20
2025-10,Top Gun - Top Gun Foreign Relations,Tee XX-Large,T0313-TE-1-1-1-1-1-1-1-1-1-1-1-1-1,1,18,0,0,18,0,18,8.5,18
2025-10,Bruce Lee Nunchucks (Black),Default Title,BW010191,1,18,0,0,18,0,18,6,18
2025-10,Alien - Nostromo Crew,Tee Large,TEE581-TE-1-1-1-1-1-1-1-1-1-1-1,1,18,0,0,18,0,18,8.5,18
2025-10,Vikings - Shieldmaiden,Medium / Aqua,10644082,1,15,0,0,15,0,15,8.5,15
2025-10,Supernatural - Demon Hunters,Large / Black,94804043,1,15,0,0,15,0,15,8.5,15
2025-10,Supernatural - Church Of Castiel,Large,96314006,1,15,0,0,15,0,15,8.5,15
2025-10,Aliens - Peace Through Superior Firepower,Military Olive / Large,33008144,1,15,0,0,15,0,15,8.5,15
2025-10,The Nightmare Before Christmas - Officially Licensed Jack Skellington Snow Globe,Default Title,BN002,1,89.94,0,-74.95,14.99,0,14.99,6.25,14.99
2025-10,Leatherneck Ka-Bar Style - Cosplay/Training Knife,Default Title,CS-92R39LSF,1,14.99,0,0,14.99,0,14.99,7,14.99
2025-10,Balisong Trainer - Comb (Silver),Default Title,BF111490,1,12,0,0,12,0,12,2.1,12
2025-10,The Witcher - Travel Notebook,Default Title,CTBV004,1,11.99,0,0,11.99,0,11.99,5,11.99
2025-10,John Wick 3 - Adjudicator's Medallion,Default Title,,1,10,0,0,10,0,10,3,10
2025-10,Demon Slayer -  Tanjiro Kamado Fidget Keyring/Keychain (22cm),Default Title,KW1001,1,10,0,0,10,0,10,3,10
2025-10,Demon Slayer - Rengoku Nichirin Fidget Keyring/Keychain (22cm),Default Title,KW1003,1,10,0,0,10,0,10,3,10
2025-10,Demon Slayer - Tanjiro Kamado Nichirin Keyring/Keychain (22cm),Default Title,KW1001,1,9.99,0,0,9.99,0,9.99,3,9.99
2025-10,He-Man Power Sword,Default Title,MS030,0,150,0,-145,5,0,5,0,5
2025-10,Deadpool Keychain Bottle Opener,Default Title,,1,5,-0.5,0,4.5,0,4.5,1,4.5
2025-10,M1 Carbine USA 1941,Default Title,G1120C,0,225,-10,-215,0,0,0,0,0
2025-10,Honshu - Single Handed Broadsword,Default Title,UC-UC3451,0,265,0,-265,0,0,0,0,0
2025-10,"The Witcher TV Show Silver Sword - 15"" Collectable (Black)",Default Title,BS310715,0,25,0,-25,0,0,0,0,0
2025-10,Parrying Dagger - Cosplay/Training Knife,Default Title,,0,22.99,0,-22.99,0,0,0,0,0
2025-10,Colt Peacemaker - Wynona Earp,Default Title,G5303,0,95,0,-95,0,0,0,0,0
2025-10,Demon Slayer - Inosuke Nichirin Fidget Keyring/Keychain (22cm),Default Title,,-1,0,0,-10,-10,0,-10,-3,-10
2025-10,Braveheart - William Wallace's Claymore,Default Title,VX221230,0,150,-15,-150,-15,0,-15,0,-15
2025-10,Asuna's Lambent Light - Cosplay/Larp Safe Sword,Default Title,BS310512-1,-1,0,0,-22,-22,0,-22,-11,-22
2025-10,Kill Bill - O-Ren Ishii Hand Forged Katana,Default Title,bs011024-oren,-1,0,0,-140,-140,0,-140,0,0
2025-10,AK47 Kalashnikov Assault Rifle,Default Title,G1086,-1,0,0,-249,-249,0,-249,-156.12,-249
2025-10,IAN MCKELLEN AUTOGRAPHED GLAMDRING SWORD - Officially Licensed United Cutlery Glamdring Signed by Gandalf Himself!,Default Title,,-1,0,0,-250,-250,0,-250,0,0
2025-10,Honshu Midnight Forge - Broadsword (Black Blade),Default Title,UC-UC3265B,-1,0,0,-275,-275,0,-275,-147.58,-275
2025-10,Lord Of The Rings - Officially Licensed United Cutlery Strider Ranger Sword,Default Title,UC-UC1299,-1,0,0,-278.1,-278.1,0,-278.1,-165.44,-278.1
2025-10,Lord Of The Rings - United Cutlery Officially Licensed Strider Ranger Scabbard,Default Title,UC-UC1366,-1,0,0,-283.49,-283.49,0,-283.49,-177.75,-283.49
2025-11,,,,88,8614.13,-233.32,-791.17,7589.64,203.58,21172.71,4359.64,7281.81
2025-11,Supernatural - The Colt,Default Title,VX221106,83,6599.98,-304.98,0,6295,36,6331,2116.5,6295
2025-11,"Ghost Of Tsushima - Jin Sakai ""Storm"" Display (Straight Blade) Katana",Default Title,BS310907,49,3920,-90.5,0,3829.5,0,3829.5,580.65,3829.5
2025-11,The Lord Of The Rings - Deluxe Anduril With Display Plaque & Scabbard,Default Title,VX221044-NS,21,3930,-164,-180,3586,27,3613,1543.08,3586
2025-11,The Bastard Snow - Sword Including Plaque and Scabbard,Default Title,JOT5909M,35,3582.5,0,0,3582.5,82.5,3665,1067.5,3582.5
2025-11,"The Lord Of The Rings - Handforged Folded Steel ""Damascus"" Deluxe Anduril",Default Title,JOT033HF,23,3445.51,-6.83,0,3438.68,74.49,3513.17,1673.25,3438.68
2025-11,Ghost Of Tsushima - Jin Sakai Display Katana,Default Title,VX221713-1,40,3280,-112,-77.5,3090.5,0,3090.5,474,3090.5
2025-11,Lord Of The Rings - Deluxe Anduril With Display Plaque,Default Title,VX221044-S,20,3173.33,-226.33,0,2947,24,2971,840,2947
2025-11,"LORD OF THE RINGS - NEW! Superior Anduril, The Sword Reforged with Scabbard and Plaque",Default Title,VX221039,16,3117.66,-212.26,0,2905.4,59.7,2965.1,671.84,2905.4
2025-11,The Witcher III - Geralt's Silver Sword,Default Title,BS110617,27,2968.49,-9.16,-140,2819.33,48.67,2868,741.96,2819.33
2025-11,Supernatural - Deluxe Angel Blade,Default Title,HK8445,41,2834.99,-108.49,0,2726.5,31.5,2758,1060.26,2726.5
2025-11,Final Fantasy VII - Cloud's Strife Buster Sword,Default Title,VX221043,15,2725,0,0,2725,0,2725,1575,2725
2025-11,Thundercats - Deluxe Sword Of Omens,Default Title,HK8896,19,2641,-69.5,0,2571.5,0,2571.5,611.8,2571.5
2025-11,Rick's Colt Python - The Walking Dead,Default Title,G6304,21,2499,-35.7,0,2463.3,0,2463.3,1242.78,2463.3
2025-11,"M1911A1 Colt ""Military"" USA Service Pistol (Black/Black)",Default Title,G1312,19,2260,-46,0,2214,18,2232,1372.56,2214
2025-11,Lee-Enfield Smle Rifle - British 1907,Default Title,G1090,9,2500,-80,-250,2170,0,2170,1579.5,2170
2025-11,Supernatural - Deluxe Ruby's Demon Killing Blade,Default Title,HK8513A,38,2250,-80,0,2170,27,2197,513,2170
2025-11,The Lord Of The Rings - Deluxe Legolas' Twin Daggers,Default Title,JOT047A,16,2040,-5,-120,1915,0,1915,568.64,1915
2025-11,Dark Souls - Great Sword Of Artorias (140cm Deluxe Edition),Default Title,VX221075-L,8,1950.5,-145.25,0,1805.25,37.35,1842.6,0,0
2025-11,God Of War Leviathan Axe - Full Metal,Default Title,HK8877,8,1800,-22.5,0,1777.5,0,1777.5,817.92,1777.5
2025-11,The Witcher - Deluxe Handforged Geralt's Silver Sword (Damascus),Default Title,HK9321HF,11,1766.17,-1.83,0,1764.34,24.83,1789.17,1298,1764.34
2025-11,The Bastard Snow's Sword - Hand Forged Folded Steel (Damascus),Default Title,JOT5909FD,11,1715,-22.5,0,1692.5,0,1692.5,828.85,1692.5
2025-11,Legend Of Zelda - Deluxe Master Sword,Default Title,BS310223,12,1706.5,-15.9,0,1690.6,21.5,1712.1,432,1690.6
2025-11,World of Warcraft - Epic Edition Frostmourne,Default Title,VX221086,6,1650,0,0,1650,0,1650,957.72,1650
2025-11,Lord Of The Rings - Officially Licensed United Cutlery Anduril Sword of Aragorn,Default Title,UC-UC1380,5,1974,0,-329,1645,0,1645,833.2,1645
2025-11,THE WITCHER - Deluxe Geralt's Silver Sword TV Show Version,Default Title,MS019,15,1628.5,0,0,1628.5,16.5,1645,660,1628.5
2025-11,Assassin's Creed - Sword Of Altair,Default Title,BS015335,18,1609.99,-12.67,0,1597.32,29.67,1626.99,558,1597.32
2025-11,God Of War - Hand Forged Ragnarok Chaos Blades,Default Title,BS310937,6,1650,-55,0,1595,0,1595,763.32,1595
2025-11,"Browning ""High Power"" Hp35 - British Army Service Pistol 1935-2013",Default Title,G1235,12,1820,0,-250,1570,0,1570,735,1570
2025-11,Ghost Of Tsushima - Handforged Tanto,Default Title,Tanto-10,20,1573.32,-85.32,0,1488,24,1512,510,1488
2025-11,James Bond Walther PPK With Silencer,Default Title,G1311,13,1680,-96,-120,1464,0,1464,806.13,1464
2025-11,THE WITCHER - Geralt's Silver Sword TV Show Version in Hand Forged Damascus Steel,Default Title,MS019FD,9,1420.17,0,0,1420.17,24.83,1445,1175.04,1420.17
2025-11,Once Upon A Time - Rumplestiltskin's Dark One Dagger,Default Title,AM030,23,1380,-59,0,1321,0,1321,356.5,1321
2025-11,Final Fantasy VIII - NEW Superior Squall Gunblade,Default Title,VX221148,9,1350,-75,0,1275,0,1275,333,1275
2025-11,God Of War - Deluxe Ragnarok Chaos Blades,Default Title,MS036,7,1275,-22.5,0,1252.5,0,1252.5,361.55,1252.5
2025-11,"Kill Bill - Deluxe ""The Bride"" (Uma Thurman) Hatori Hanzo Hand Forged Katana In Clay Tempered HCS",Default Title,bs011024-brideCT,6,1335.83,-87.78,0,1248.05,34.35,1282.4,280.2,1248.05
2025-11,M1 Garand USA WWII 1932,Default Title,G1105,5,1250,-25,0,1225,0,1225,794.2,1225
2025-11,Supernatural - The First Blade,Default Title,HK8465,17,1275,-75,0,1200,0,1200,239.19,1200
2025-11,"M1911A1 Colt ""Government"" Us Service Pistol (Black/Wood))",Default Title,G9312,11,1280,-92,0,1188,36,1224,794.64,1188
2025-11,God Of War - Ragnarok Leviathan Axe with Glow In The Dark Runes,Default Title,AM224,6,1137.5,0,0,1137.5,32.5,1170,942.9,1137.5
2025-11,Lord Of The Rings - Deluxe Handforged Damascus Steel Strider Sword,Default Title,JOT034FD,7,1094.17,0,0,1094.17,24.83,1119,581,1094.17
2025-11,Elden Ring Dark Moon Greatsword,Default Title,BS111760,4,1180,-88.5,0,1091.5,0,1091.5,507.68,1091.5
2025-11,Assassin's Creed Shadows - Official Naoe Hidden Blade Lifesize Replica,Default Title,PA032AC,11,1089,0,0,1089,0,1089,575.3,1089
2025-11,Wells Fargo Stagecoach Defender - Double Barrel Wyatt Earp Shotgun Pistol / Sawn-Off - USA 1868,Default Title,G1114,7,1120,-32,0,1088,0,1088,604.03,1088
2025-11,The Witcher III - Geralt's Steel Sword (Wolf Pommel),Default Title,BS110616,10,1083,0,0,1083,0,1083,275,1083
2025-11,Demon Slayer - Tengen Uzui Nichirin Twin Blades,Default Title,AM088,9,1080,-24,0,1056,0,1056,351,1056
2025-11,The Witcher III - Geralt's Steel Sword (Mace Pommel),Default Title,BS110614,10,1064.5,-13,0,1051.5,49.5,1101,355,1051.5
2025-11,The Hobbit - Officially Licensed United Cutlery Orcrist Sword Of Thorin Oakenshield,Default Title,UC-UC2928,3,1356,0,-339,1017,0,1017,455.88,1017
2025-11,House Of The Dragon - Officially Licensed Valyrian Steel Dark Sister Sword Of Daemon Targaryen,Default Title,VS-VS0128,3,1077,-71.8,0,1005.2,0,1005.2,618.75,1005.2
2025-11,The Last Samurai - Clay Tempered Nathan Algren's Hand Forged Katana,Default Title,BS015224CT,5,995,0,0,995,0,995,312.6,995
2025-11,"Deluxe ""Righteous Dragon"" Hand Forged Katana In Clay Tempered 1095 HCS",Default Title,BS310133KCT,5,995,0,0,995,0,995,325.7,995
2025-11,The Witcher III - Deluxe Ciri Sword,Default Title,,10,991.5,-15,0,976.5,49.5,1026,405.4,976.5
2025-11,One Piece - Roronoa Zoro Display (Straight) Katana Enma,Default Title,BS310702,13,1013.32,-37.32,0,976,24,1000,194.61,976
2025-11,Lord Of The Rings - Deluxe Gandalf's Glamdring Sword,Default Title,JOT096C,8,974,0,0,974,0,974,232.16,974
2025-11,Assassin's Creed Valhalla - Eivor's Axes (Full Metal),Default Title,AM052MT,9,944.66,-3.37,0,941.29,35.93,977.22,541.26,941.29
2025-11,Valyrian Steel Game of Thrones - Longclaw Sword of Jon Snow,Default Title,VS-VS0106,3,1005,-67,0,938,0,938,572.34,938
2025-11,Conan The Barbarian / Stranger Things - Atlantean Sword,Default Title,BS014659,7,980,-70,0,910,0,910,364,910
2025-11,Lord Of The Rings - United Cutlery Officially Licensed Horn of Gondor,Default Title,UC-UC3455,4,900,0,0,900,0,900,537.2,900
2025-11,CALL OF DUTY - German WWII MG34 Machine Gun 1934,Default Title,G1317,2,898,0,0,898,0,898,490.78,898
2025-11,Sword Art Online  - Kirito Elucidator,Default Title,HK9495E,8,885,-13,0,872,0,872,206.96,872
2025-11,Moon Knight - Crescent Dart - Full Metal (Silver),Default Title,AM127CMT-1,17,925.83,-61.29,0,864.54,8.25,872.79,325.04,864.54
2025-11,Legend Of Zelda - Handforged Deluxe Master Sword (Damascus Blade),Default Title,HK8838,6,850,0,0,850,0,850,473.22,850
2025-11,LORD OF THE RINGS - NEW AND IMPROVED Deluxe King Theoden's Herugrim Sword,Default Title,vx221084,6,875,-27.5,0,847.5,22.5,870,144,847.5
2025-11,Demon Slayer - Muichiro Tokito White Nichirin Display (Straight Blade) Katana,Default Title,BS111060,11,946.66,-38.16,-72,836.5,12,848.5,190.96,836.5
2025-11,James Bond Walther PPK,Default Title,G1277,8,1100,-44,-220,836,0,836,452.24,836
2025-11,Devil May Cry - Dante's Rebellion (Silver),Default Title,HK0213,6,894,-59.6,0,834.4,0,834.4,241.98,834.4
2025-11,Wells Fargo Stagecoach Defender - Double Barrel  Wyatt Earp Shotgun Pistol / Sawn-Off with Brass Action- USA 1868,Default Title,G1113,6,834,0,0,834,0,834,517.74,834
2025-11,"Shaun Of The Dead - Winchester ""Yellowboy""  Carbine Rifle",Default Title,G1140L,4,900,-67.5,0,832.5,0,832.5,497.08,832.5
2025-11,"Call Of Duty - AK47 ""Achievment Unlocked"" Gold Edition",Default Title,G1086L,3,825,0,0,825,0,825,576.06,825
2025-11,Lord Of The Rings - Deluxe Witch King Of Angmar Sword,Default Title,vx221047,7,804.34,0,0,804.34,39.66,844,227.5,804.34
2025-11,Lord Of The Rings - Purearts Sauron Art Mask 1:1 Scale,Default Title,PA001LR,1,799,0,0,799,0,799,0,0
2025-11,The Witcher - Hand Forged Silver & Steel Damascus Combo Special Offer Save £50,Damascus Silver & Wolf Pommel Steel Swords,HK9320COMBO-DA,2,798,0,0,798,0,798,472,798
2025-11,Game of Thrones/House Of The Dragon - King Viserys' Valeryian Steel Dagger and Arya's Catspaw,Default Title,HK8764GS,12,808,-15.8,0,792.2,0,792.2,168,792.2
2025-11,One Piece - Roronoa Zoro's Sandai Kitetsu Display (Straight Blade) Katana,Default Title,HK9413,12,828.33,-40.83,0,787.5,10.5,798,131.52,787.5
2025-11,The Walking Dead - Neagan's Lucille,Default Title,BS310616,11,812.5,-37.5,0,775,12.5,787.5,297,775
2025-11,Demon Slayer - Kyojuro Rengoku Red Nichirin Display (Straight Blade) Katana,Default Title,BS111053,10,800,-26.5,0,773.5,0,773.5,173.6,773.5
2025-11,Attack On Titan VME Sword (Silver Blade),Default Title,HK8265,8,775.5,-5,0,770.5,16.5,787,177.04,770.5
2025-11,Game of Thrones - Officially Licensed Valyrian Steel Ice Sword of Ned Stark,Default Title,VS-VS0109,2,750,0,0,750,0,750,474.38,750
2025-11,Resident Evil 3 - Purearts Jill Valentine 1/4 Scale Statue,Default Title,PA003RE-FU,1,789,-40,0,749,0,749,594.3,749
2025-11,BERSERK - Guts Dragon Slayer Greatsword (150cm) Full Metal,Default Title,AM223,3,747,0,0,747,0,747,272.55,747
2025-11,DEADPOOL - Gold Desert Eagle,Default Title,G1123/L,7,738.5,0,0,738.5,16.5,755,431.06,738.5
2025-11,Red Dead Redemption - Colt Navy (Bronze),Default Title,BG010131,17,765,-27,0,738,0,738,272,738
2025-11,Lord Of The Rings - Thranduil Sword Collectible (40cm),Default Title,HK8443MUB,21,764.16,-16.91,-31.5,715.75,5.25,721,143.85,715.75
2025-11,Legend Of Zelda - Deluxe Hylian Shield (Full Metal),Default Title,VX221048,4,700,0,0,700,0,700,409.72,700
2025-11,Lord Of The Rings - United Cutlery Officially Licensed Witch King Sword,Default Title,UC-UC1266,2,699.98,0,0,699.98,0,699.98,379.8,699.98
2025-11,The Lord Of The Rings - Deluxe Boromir Sword,Default Title,JOT075C,7,693,-5,0,688,0,688,342.72,688
2025-11,AK47 Kalashnikov Assault Rifle,Default Title,G1086,3,705.5,-20.75,0,684.75,37.35,722.1,468.36,684.75
2025-11,SKYRIM - Warhammer (Full Metal),Default Title,AM241,6,684,0,0,684,0,684,288.36,684
2025-11,GLADIATOR - Roman Spatha Gladius,Default Title,HK819R,7,676.5,0,0,676.5,16.5,693,223.93,676.5
2025-11,BLEACH - Ichigo Bankai Zangetsu,Default Title,BS013983B,11,675,0,0,675,0,675,154,675
2025-11,Thundercats - Sword Of Omens Dagger Eye Of Thundera,Default Title,AM140-1,14,750,-30,-50,670,0,670,167.58,670
2025-11,Lord Of The Rings - United Cutlery Officially Licensed Museum Collection Anduril,Default Title,UC-UC3516,1,669,0,0,669,0,669,361.63,669
2025-11,World Of Warcraft - Lich King Shadowmourne Axe,Default Title,BS015630,4,660,0,0,660,0,660,156,660
2025-11,Lord Of The Rings - United Cutlery Officially Licensed Sting Sword,Default Title,UC1264,3,657,0,0,657,0,657,322.53,657
2025-11,Red Dead Redemption - Colt Navy (Gunmetal Grey),Default Title,BG010131-2,15,675,-22.5,0,652.5,0,652.5,240,652.5
2025-11,LORD OF THE RINGS - Deluxe Strider Ranger Sword,Default Title,BS011222,4,670,-18.5,0,651.5,0,651.5,315.64,651.5
2025-11,"""Shibui"" 1095 Golden Damascus Steel Clay Tempered Katana",Default Title,BS111133,2,648,0,0,648,0,648,183.48,648
2025-11,The Walking Dead - Michonne Display Katana,Default Title,BS015963SS,9,676.66,-30.66,0,646,12,658,198,646
2025-11,Alice In Darkness - Vorpal Blade,Default Title,HK1043,13,650,-5,0,645,0,645,124.15,645
2025-11,Genuine Leather Holster and Cartridge Belt For Single Revolver,Default Title,G703,6,654,-10.9,0,643.1,0,643.1,327.48,643.1
2025-11,Devil May Cry 5 - Vergil's Yamato Display (Straight Blade) Katana,Default Title,VX221228,8,626.66,-22.66,0,604,12,616,84.4,604
2025-11,"M1911A1 Colt ""Military"" USA Service Pistol ""Battleworn Edition""",Default Title,G2312,5,960,0,-360,600,0,600,361.2,600
2025-11,Ghost Of Tsushima - Jin Sakai Display Katana (Black),Default Title,BS310811,8,706.66,-38.66,-72,596,12,608,178.32,596
2025-11,"The Witcher - Deluxe Handforged Geralt's Steel Sword (Damascus Steel, Wolf Pommel)",Default Title,HK9320HF,4,596,0,0,596,0,596,472,596
2025-11,"The Witcher - Deluxe Handforged Geralt's Steel Sword (Damascus, Mace Pommel)",Default Title,HK9320BHF,4,596,0,0,596,0,596,472,596
2025-11,Devil May Cry - Dante's Rebellion,Default Title,HK213R,6,594,0,0,594,0,594,201,594
2025-11,The Hobbit - Officially Licensed United Cutlery Illuminated Staff Of The Wizard Gandalf,Default Title,UC-UC3107,2,598,-8,0,590,0,590,334.04,590
2025-11,"The Hobbit - Sting (Brown Scabbard, 70cm)",Default Title,HK750L,9,606.66,-32.66,0,574,21,595,126,574
2025-11,Kit Harington Signed Jon Snow Longclaw - SWAU Authenticated,Default Title,AUTO001,2,885,-59,-265.5,560.5,0,560.5,400,560.5
2025-11,Buffy Slayer Scythe,Default Title,HK8761,5,600,-48,0,552,0,552,145,552
2025-11,Vikings - Ragnar's Sword,Default Title,MS065,4,580,-29,0,551,0,551,172,551
2025-11,Assassin's Creed  - Short Sword of Altair,Default Title,HK8215,11,550,0,0,550,0,550,192.5,550
2025-11,CALL OF DUTY - German Parabellum Luger P08,Default Title,G1143,5,550,0,0,550,0,550,388.55,550
2025-11,Lord Of The Rings - United Cutlery Officially Licensed Knives Of Legolas SIGNED BY ORLANDO BLOOM!,Default Title,UC-UC1372,1,549,0,0,549,0,549,191.41,549
2025-11,".357 Python Magnum 8"" - Call Of Duty, Resident Evil, Pulp Fiction",Default Title,G1061,5,580,-34,0,546,18,564,280.15,546
2025-11,Lord Of The Rings - United Cutlery Officially Licensed Narsil Sword,Default Title,UC-UC1267,2,590,-59,0,531,0,531,318.14,531
2025-11,Lord Of The Rings - Officaly Licensed Noble Collection Gandalf Glamdring Sword,Default Title,NN1245,3,567,-37.8,0,529.2,0,529.2,283.8,529.2
2025-11,Colt 'Widowmaker' Single Action Army,Default Title,B-1281/L,6,540,-18,0,522,0,522,264,522
2025-11,Sten MkII British SMG - 1940,Default Title,G1148,3,540,-18,0,522,0,522,278.58,522
2025-11,Conan The Barbarian - Father's Sword,Default Title,VX221744,4,560,-42,0,518,0,518,160,518
2025-11,"Thor’s Stormbreaker - Full Size, Metal Stormbreaker",Default Title,BS110890,1,499,0,0,499,0,499,339.96,499
2025-11,Lord Of The Rings - Deluxe Nazghul Ringwraith Sword,Default Title,VX221045,4,498,0,0,498,0,498,0,0
2025-11,Power Rangers - Red Ranger Power Sword,Default Title,AM209,4,520,-31,0,489,0,489,151.28,489
2025-11,The Lord Of The Rings - NEW AND IMPROVED Aragorn's Angrist Elven Knife,Default Title,VX221073,6,530,-41.8,0,488.2,0,488.2,84,488.2
2025-11,Legend Of Zelda Tears Of The Kingdom - Master Sword,Default Title,BS111400,5,495,-9.9,0,485.1,0,485.1,131.85,485.1
2025-11,Dragonball Z - Trunk's Sword,Default Title,BS110735,4,480,-12,0,468,0,468,176,468
2025-11,"Lord Of The Rings - Officially Licensed United Cutlery Angrist, Elven Knife Of Strider",Default Title,UC-UC1371,2,490,-24.5,0,465.5,0,465.5,276.4,465.5
2025-11,Blue Dragon Display (Straight) Katana Triple Set,Default Title,29152b-c,5,495,-29.7,0,465.3,0,465.3,186.55,465.3
2025-11,Demon Slayer - Zenitsu Agatsuma Yellow Nichirin Display (Straight Blade) Katana,Default Title,BS111061,6,480,-16,0,464,0,464,104.16,464
2025-11,Highlander Endgame - Duncan Macleod Display (Straight Blade) Katana,Default Title,BS110729,6,480,-16,0,464,0,464,61.26,464
2025-11,Beretta 92 / Us Military M9 (Nickel Finish),Default Title,G1254/NQ,4,628.33,-36.83,-130,461.5,19.5,481,316.52,461.5
2025-11,Colt 'Outlaw' Single Action Army,Default Title,G1108/L,5,450,0,0,450,0,450,13164.18,450
2025-11,"Demon Slayer - Zenitsu Agatsuma Nichirin Display (Metal, Straight Blade) Katana with Light Up Blade",Default Title,BS310857,5,450,0,0,450,0,450,105,450
2025-11,"M16 Assault Rifle - They Live, Commando, Matrix",Full Payment,81477889,2,450,0,0,450,0,450,241.64,450
2025-11,Demon Slayer - Tanjiro Kamado Season 2 Nichirin - Cosplay Safe Wood,Default Title,WD051,19,451.67,-3.5,0,448.17,3.33,451.5,228,448.17
2025-11,Devil May Cry 5 - Dante's Rebellion (Silver),Default Title,HK0214,3,447,0,0,447,0,447,120.99,447
2025-11,Sword Of Gryffindor,Default Title,BS011033,9,450,-5,0,445,0,445,135,445
2025-11,"C96 Mauser - WWII, Han Solo Blaster",Default Title,M-1024,4,480,-36,0,444,0,444,199.76,444
2025-11,"""Brown Bess"" Short Land Pattern Musket British Napoleonic War Rifle - England 1712",Default Title,G1054,2,438,0,0,438,0,438,220.2,438
2025-11,Supernatural - Bobby's Colt .45,Default Title,G1109/L,5,450,-18,0,432,0,432,222.25,432
2025-11,Lord Of The Rings - United Cutlery Officially Licensed High Elven Helm (Limited Edition),Default Title,UC-UC1382,1,429.99,0,0,429.99,0,429.99,249.71,429.99
2025-11,"""Tsubasa"" Triple Set Display Katana (Straight Blade)",Default Title,BS111046,4,440,-11,0,429,0,429,158.04,429
2025-11,1869 Smith & Wesson Schofield 6 Shot Revolver In Nickel Finish,Default Title,G1008NQ,4,440,-22,0,418,0,418,210.96,418
2025-11,Demon Slayer - Twelve Kizuki Kokushibo Flesh Sword Display (Straight Blade) Katana,Default Title,BS310711,5,400,0,0,400,0,400,55.25,400
2025-11,Lord Of The Rings - Officially Licensed United High Elven Warrior Sword,Default Title,,1,429,-30,0,399,0,399,151.96,399
2025-11,Beretta 92 / Us Military M9,Default Title,G1254,3,520,-13,-130,377,0,377,237.39,377
2025-11,"The Witcher III Silver Sword - 15"" Collectable",Default Title,VX221819,16,376.67,0,0,376.67,3.33,380,192,376.67
2025-11,Zelda Tears Of The Kingdom Broken Sword with Light and Voice Activation (Metal),Default Title,BS310839,4,379.5,-5,0,374.5,16.5,391,282.88,374.5
2025-11,Pirates Of the Caribbean - Pirate Cutlass,Default Title,,4,403.33,-29.33,0,374,33,407,101.68,374
2025-11,"""Nanashi"" Hand Forged Katana In Clay Tempered 1095 HCS",Default Title,BS310366CT,2,364.83,0,0,364.83,33.17,398,134,364.83
2025-11,GAME OF THRONES - Arya's Needle With Plaque And Scabbard,Default Title,BS310330,3,390,-26,0,364,0,364,103.56,364
2025-11,Legend Of Zelda - Master Sword with Triforce Plaque,Default Title,BS310085,3,377,-13.9,0,363.1,0,363.1,64.5,363.1
2025-11,JAMES BOND - Walther PPK in Gold,Default Title,G5277,4,362,0,0,362,0,362,229.28,362
2025-11,Blade - Sword Of The Daywalker,Default Title,BS014177,4,379.5,-18.15,0,361.35,14.85,376.2,130.92,361.35
2025-11,Thor's Hammer - Mjolnir (Toughened Resin),Default Title,BS310187+S,3,360,0,0,360,0,360,88.77,360
2025-11,Lord Of The Rings - Legolas Dagger Collectable (28cm),Default Title,HK8439,19,357.83,0,0,357.83,3.17,361,95,357.83
2025-11,Lord Of The Rings - Officially Licensed United Cutlery Aeglos – Spear of Gil-Galad,Default Title,UC-UC3635,1,395,-39.5,0,355.5,0,355.5,212.09,355.5
2025-11,"Demon Slayer - Kyojuro Rengoku Nichirin Display (Metal, Straight Blade) Katana with Light Up Blade",Default Title,BS310860,4,360,-9,0,351,0,351,84,351
2025-11,Game of Thrones - Officially Licensed Valyrian Steel Red Viper's Spear,Default Title,VS-VS0123,1,389,-38.9,0,350.1,0,350.1,221.72,350.1
2025-11,Lord Of The Rings - United Cutlery Officially Licensed Sword of Eowyn,Default Title,UC-UC1423,1,690,0,-345,345,0,345,186.82,345
2025-11,"Webley Mk IV - Indiana Jones, Torchwood, Peaky Blinders",Default Title,G1119,4,360,-18,0,342,0,342,167.56,342
2025-11,Lord Of The Rings - Officially Licensed United Cutlery Gandalf The White Staff,Default Title,UC-UC1386,1,339,0,0,339,0,339,182.93,339
2025-11,"The Lord Of The Rings - Deluxe Sting (80cm, W/ Display Plaque)",Default Title,VX221042,3,330,0,0,330,0,330,93,330
2025-11,Tzss Cosplay Horde Membership,Default Title,,34,354.99,-11.49,-19,324.5,4.5,329,0,0
2025-11,Loki - Laevateinn Dagger,Default Title,AM090,11,319,0,0,319,0,319,132,319
2025-11,God Of War - Kratos Chaos Blade,Default Title,BS111154,3,315,0,0,315,0,315,75.96,315
2025-11,Highlander - Connor Macleod Display (Straight Blade) Katana,Default Title,BS111044,4,320,-8,0,312,0,312,42.48,312
2025-11,One Piece - Roronoa Zoro Display (Straight) Katana (White),Default Title,BS111051,4,320,-16,0,304,0,304,78.44,304
2025-11,M1911A1 Colt 'Mission Accomplished' Pistol (Gold Finish),Default Title,G5312,3,301.5,0,0,301.5,16.5,318,207,301.5
2025-11,King Arthur's Exaclibur (Gold),Default Title,BS015281G,3,311.66,-14.16,0,297.5,16.5,314,75.81,297.5
2025-11,The Witcher - Wild Hunt Gwynbleidd Steel Sword,Default Title,HK8786CU,3,297,0,0,297,0,297,124.5,297
2025-11,GAME OF THRONES - Arya's Needle With Plaque,Default Title,,3,297,0,0,297,0,297,103.56,297
2025-11,Lord Of The Rings - United Cutlery Officially Licensed Glamdring,Default Title,UC-UC1265,1,329,-32.9,0,296.1,0,296.1,174.06,296.1
2025-11,Halo -Ma5B Assault Rifle (Cosplay Safe Foam),Default Title,BG012023,9,303.32,-16.32,0,287,10.5,297.5,222.93,287
2025-11,Bleach - Kenpachi Nozarashi Display (Straight Blade) Katana,Default Title,BS310816,4,300,-15,0,285,0,285,50.24,285
2025-11,Colt Army Model 1860 USA Civil War 1860 - Clint Eastwood,Default Title,G1007/L,3,285,0,0,285,0,285,160.74,285
2025-11,Legacy Arms Roman Gladius Sword,Default Title,LA-SL0222,1,285,0,0,285,0,285,167.13,285
2025-11,CALL OF DUTY - German WWII Sturmgewehr STG44 Assault Rifle 1943,Default Title,G1125/C,1,280,0,0,280,0,280,148.47,280
2025-11,"Lord Of The Rings - NEW AND IMPROVED Morgul Dagger with Tainted Blade, Plaque and Sheath",Default Title,vx221143,3,297,-19.8,0,277.2,0,277.2,53.55,277.2
2025-11,Vikings - Deluxe Sword Of Kings,Default Title,VX221085,2,290,-14.5,0,275.5,0,275.5,114.16,275.5
2025-11,David Yost Signed Blue Power Ranger Helmet - SWAU Authenticated,Default Title,AUTO003,1,275,0,0,275,0,275,200,275
2025-11,Legend Of Zelda - Deluxe Master Sword (Cosplay Safe Foam),Default Title,FM249,8,280,-6,0,274,0,274,70.88,274
2025-11,Colt 'Cavalry' Single Action Army (Nickel),Default Title,G1191NQ,3,270,0,0,270,0,270,137.73,270
2025-11,Lord Of The Rings - Sauron's Helmet (Resin),Default Title,BG011954,2,270,0,0,270,0,270,119.54,270
2025-11,"Shin Gunto Second World War Officer's Katana - Handforged, Clay Tempered HCS",Default Title,BS310371-1,1,299,-29.9,0,269.1,0,269.1,90.93,269.1
2025-11,Lord Of The Rings - Officially Licensed United Cutlery Bearded Axe of Gimli with Plaque,Default Title,UC2628,1,269,0,0,269,0,269,145.99,269
2025-11,Lord Of The Rings - NEW AND IMPROVED Gimli's Battle Axe,Default Title,VX221072,2,280,-14,0,266,0,266,76,266
2025-11,Highlander - Deluxe Clan Macleod Claymore,Default Title,BS012637,2,280,-14,0,266,0,266,47.48,266
2025-11,Chinese Dragon Emperor Sword (Full Metal),Default Title,CHS031R,3,285,-19,0,266,0,266,72.09,266
2025-11,Game Of Thrones - Deluxe Brienne Of Tarth's Oathkeeper,Default Title,VX221874,2,280,-14,0,266,0,266,80,266
2025-11,Star Wars - Boba Fett's Ee-3 Blaster (Cosplay Safe Foam),Default Title,FM241,8,274.16,-9.91,0,264.25,5.25,269.5,70.88,264.25
2025-11,One Piece - Roronoa Zoro's Shusui Display (Straight Blade) Katana,Default Title,BS014938-1,4,268.33,-7,0,261.33,11.67,273,78.44,261.33
2025-11,Colt Navy 1851,Default Title,G1040/L,3,269.16,-7.91,0,261.25,14.25,275.5,167.82,261.25
2025-11,Luger 'Artillery' Parabellum P08 - Germany WWI & WWII,Default Title,G1145,2,260,0,0,260,0,260,162.46,260
2025-11,Colt 'Wolfsbane' Single Action Army,Default Title,M-1280/L,3,270,-18,0,252,0,252,133.35,252
2025-11,Colt 'Artillery' Single Action Army,Default Title,G1109L,3,270,-18,0,252,0,252,135.12,252
2025-11,Final Fantasy - Sephiroth Masamune Display (Straight Blade) Odachi Katana,Default Title,BS111117,3,270,-18,0,252,0,252,73.14,252
2025-11,God Of War: Ragnarok - Deluxe Thor Mjolnir (Full Metal),Default Title,BG011816,1,500,0,-250,250,0,250,121.52,250
2025-11,Gwendoline Christie Signed Brienne Of Tarth Oathkeeper,Gwendoline Christie Signed Oathkeeper (£250),2005-GW,1,500,0,-250,250,0,250,126,250
2025-11,Thor's Mjolnir - Full Metal,Default Title,BS310623,1,249,0,0,249,0,249,135.88,249
2025-11,AKS47 - Kalashnikov Skladnoy With Folding Stock,Default Title,G1097,1,249,0,0,249,0,249,161.1,249
2025-11,Lord Of The Rings - NEW AND IMPROVED Gimli's Walking Axe,Default Title,VX221071,2,260,-13,0,247,0,247,76,247
2025-11,Rings Of Power- Sword Of Galadriel,Default Title,BS310758,2,396.66,-25.66,-126,245,21,266,104,245
2025-11,MP40 Schmeisser Smg,Default Title,G1111/C,1,245,0,0,245,0,245,133.48,245
2025-11,Elden Ring - Rivers Of Blood Display (Straight Blade) Katana,Default Title,BS310829,3,240,0,0,240,0,240,45,240
2025-11,Coiling Dragon Display (Straight) Katana,Default Title,BS310768,3,240,0,0,240,0,240,50.1,240
2025-11,M16A1 - USA Assault Rifle 1967 with Sling,Default Title,G9133,1,240,0,0,240,0,240,135.82,240
2025-11,Katana Stand (Single),Default Title,BP011368,17,250,-11.5,0,238.5,4.5,243,102,238.5
2025-11,Helena Bonham Carter Signed Bellatrix Lestrange Dagger With SWAU Authentication,Default Title,SIGN003,1,235,0,0,235,0,235,115,235
2025-11,GLADIATOR - Maximus' Twin Spatha/Gladius,Default Title,HK8737,3,240,-5,0,235,0,235,39.93,235
2025-11,Demon Slayer - Inosuke Nichirin Collectable (40cm),Default Title,LT008,10,230,0,0,230,0,230,65,230
2025-11,CALL OF DUTY - USSR WWII PPSH-41 Submachine Gun 1941,Default Title,G9301,1,255,-25.5,0,229.5,0,229.5,148.97,229.5
2025-11,Game Of Thrones - Jaime Lannister Sword,Default Title,BS310057,2,229,0,0,229,0,229,86,229
2025-11,GHOST OF YOTEI - Japanese 1800 Matchlock Pistol,Default Title,G1021,3,226.67,0,0,226.67,13.33,240,213.69,226.67
2025-11,M1 Carbine USA 1941,Default Title,G1120C,1,225,0,0,225,0,225,140.67,225
2025-11,Transformers - Optimus Prime's Sword Of The Primus,Default Title,BS016754,1,250,-25,0,225,0,225,80,225
2025-11,Demon Slayer - Kyojuro Rengoku Nichirin - Cosplay Safe Wood,Default Title,VX221241,10,225,0,0,225,0,225,120,225
2025-11,Winchester Mod. 66 Lever Action Carbine Rifle,Default Title,G1140G,1,225,0,0,225,0,225,124.27,225
2025-11,Black Myth Wukong - Wukong Staff (Metal),Default Title,AM246X,1,225,0,0,225,0,225,37.2,225
2025-11,Model 1873 Repeating Rifle - Simulated Loading and Shell Ejection,Default Title,G8318,1,225,0,0,225,0,225,124.27,225
2025-11,World Of Warcraft - Lich King Arthas Frostmourne Sword,Default Title,VX221734,1,225,0,0,225,0,225,65,225
2025-11,Legend Of Zelda - Twilight Princess Dark Link Master Sword,Default Title,BS310085-1,2,249,-24.9,0,224.1,0,224.1,43,224.1
2025-11,Sting - Deluxe Version (Black),Default Title,BS010914,4,240,-18,0,222,0,222,76,222
2025-11,Ragnar Lodbrok Viking Axe - Sweden 9th Century,Default Title,G605,3,219.17,0,0,219.17,9.83,229,87,219.17
2025-11,"""Kogarashi"" Clay Tempered Hand Forged Katana",Default Title,BS111136CT,1,219,0,0,219,0,219,53.13,219
2025-11,300 - Leonidas' Sword (Brown),Default Title,BS012876B1,3,225,-7.5,0,217.5,0,217.5,32.16,217.5
2025-11,Desert Eagle - Joker Style Chrome Finish,Default Title,G1123NQ,2,240,-24,0,216,0,216,121.1,216
2025-11,"The Hobbit - Sting Collectable (28cm, Brown)",Default Title,HK7701Y,8,225.83,-10.58,0,215.25,8.25,223.5,40,215.25
2025-11,"Colt ""Quickdraw"" Single Action Army Gift Box with 6 Dummy Bullets",Default Title,G1-1106/G,2,218,-5.45,0,212.55,0,212.55,84.28,212.55
2025-11,Captain America - Deluxe Shield,Default Title,HK404-GS,1,235,-23.5,0,211.5,0,211.5,122.69,211.5
2025-11,Bleach - Rukia Sode No Shirayuki Display (Straight Blade) Katana,Default Title,BS310817,3,210,0,0,210,0,210,66,210
2025-11,"Mauser C96 ""Broomhandle"" Pistol",Default Title,G1024,2,340,-10,-120,210,18,228,99.88,210
2025-11,1869 Smith & Wesson Schofield 6 Shot Revolver In Black & Solid Brass,Default Title,G1008L,2,220,-11,0,209,0,209,95.58,209
2025-11,Kingdom Hearts - Kingdom Key,Default Title,BS014612,4,220,-11,0,209,0,209,80,209
2025-11,Deadpool - Display (Straight) Katana,Default Title,BS310323,4,209,0,0,209,0,209,39.4,209
2025-11,Loki's Sceptre - 1:1 Metal Version,Default Title,BS110897,1,229.16,-22.91,0,206.25,41.25,247.5,148.22,206.25
2025-11,Demon Slayer - Tanjiro Kamado Fire Breath Black Nichirin Display (Straight Blade) Katana,Default Title,BS310686,3,226.66,-22.66,0,204,12,216,54.75,204
2025-11,Kill Bill - The Bride's Display (Straight Blade) Katana,Default Title,BS011024BRST,3,280,-7,-70,203,0,203,63,203
2025-11,Demon Slayer - Sanemi Shinazugawa Green Nichirin Display (Straight Blade) Katana,Default Title,BS111054,3,210,-7,0,203,0,203,52.08,203
2025-11,Assassin's Creed Odyssey - Leonidas' Spear,Default Title,BS110866,2,201.5,0,0,201.5,16.5,218,85.06,201.5
2025-11,"Deluxe ""Warrior's Rage"" (Blue) Hand Forged Katana In Clay Tempered 1060 HCS",Default Title,BS310161BLCT,1,199,0,0,199,0,199,45.23,199
2025-11,Black Dragon Display (Straight) Katana Triple Set,Default Title,29152bl-c,2,198,0,0,198,0,198,74.62,198
2025-11,Viserys' Blackfyre (TV Show Version),Default Title,VX221092,2,198,0,0,198,0,198,70.68,198
2025-11,Genshin Impact - Kazuha Freedom Sworn Sword,Default Title,AM169,4,198,0,0,198,0,198,82,198
2025-11,Colt Navy Civil War Revolver 1851 (Pearl),Default Title,G6040,2,198,0,0,198,0,198,98.78,198
2025-11,Cap Firing Dummy Rounds For Colt Single Action Army 6 Pack,Default Title,G49,20,198.33,-2.83,0,195.5,1.5,197,59.6,195.5
2025-11,"USA WWII M3 ""Grease Gun"" Smg",Default Title,G1313,1,195,0,0,195,0,195,101.23,195
2025-11,4-Barrel Revolving Flintlock - Assassin's Creed,Default Title,G1307,2,190,0,0,190,0,190,78.22,190
2025-11,Conan - Barbarian Helmet,Default Title,HM-CN,2,190,0,0,190,0,190,112,190
2025-11,"Deluxe ""Suteta Ken"" Clay Tempered Hand Forged Katana",Default Title,BS310365CT,1,189,0,0,189,0,189,67.75,189
2025-11,"Deluxe ""Munraito"" Hand Forged Katana In Clay Tempered 1060 HCS",Default Title,BS310368CT,1,189,0,0,189,0,189,65.38,189
2025-11,Red Dragon Display (Straight) Katana Triple Set,Default Title,29152r-c,2,198,-9.9,0,188.1,0,188.1,74.62,188.1
2025-11,Katana Box With Floral Cloth Cover,Default Title,B008,5,200,-12,0,188,0,188,0,0
2025-11,Katana/Sword Wall Display Stand,Default Title,BP310043,5,200,-16,0,184,0,184,75,184
2025-11,Lord Of The Rings - Officially Licensed United Cutlery Rohan Banner,Default Title,UC-UC3675,3,195.5,-12.65,0,182.85,10.35,193.2,117,182.85
2025-11,Wonder Woman Godkiller Sword,Default Title,BS110717,2,181.5,0,0,181.5,16.5,198,78,181.5
2025-11,Vikings Ragnar Lothbrok's Raider Shield,Default Title,S241331,1,180,0,0,180,0,180,69,180
2025-11,"Colt ""Deputy"" Single Action Army 5.5"" (Black)",Default Title,G1106N,2,180,0,0,180,0,180,80.82,180
2025-11,The Witcher - Wild Hunt Silver Serpent Sword Collectable (40cm),Default Title,HK8787SU,8,180,0,0,180,0,180,72,180
2025-11,"Colt Single Action Army ""Rio Bravo""  7.5"" Barrel (Nickel Finish)",Default Title,G1107/NQ,2,180,0,0,180,0,180,94.66,180
2025-11,Iron Man - Deluxe Nanogauntlet (Full Metal),Default Title,AW010GS,1,199,-19.9,0,179.1,0,179.1,0,0
2025-11,"Jujutsu Kaisen - Deluxe Inverted Spear of Heaven, Cursed Dagger From Fushiguro Toji",Default Title,AM210,2,198,-19.8,0,178.2,0,178.2,72.76,178.2
2025-11,Lord Of The Rings - Officially Licensed United Cutlery Uruk Hai Scimitar,Default Title,UC-UC1309,1,195,-19.5,0,175.5,0,175.5,103.82,175.5
2025-11,Supernatural - Impala Trunk Knife,Default Title,HK2022,6,180,-6,0,174,0,174,36,174
2025-11,"The Lord Of The Rings - Sting Collectible (28cm, Black)",Default Title,BS016127,9,180,-6,0,174,0,174,41.31,174
2025-11,Demon Slayer - Zenitsu Agatsuma Nichirin - Cosplay Safe Wood,Default Title,WD054,8,175,-2.05,0,172.95,0,172.95,88,172.95
2025-11,"""Mizuchi"" Full Tang 1065HCS Hand Forged Tanto",Default Title,T005,2,170,0,0,170,0,170,72.36,170
2025-11,"""Tanchozuru"" Full Tang 1065 HCS Hand Forged Tanto",Default Title,T010,2,170,0,0,170,0,170,72.36,170
2025-11,"The Witcher III Steel Sword (Mace Pommel) - 15"" Collectable",Default Title,"614-15""",7,166.67,0,0,166.67,3.33,170,98,166.67
2025-11,Rings Of Power - Galadriel Dagger,Default Title,VX221878,3,160.83,0,0,160.83,8.17,169,46.92,160.83
2025-11,Kingdom Hearts - Halloween,Default Title,BS210515,3,165,-5,0,160,0,160,66,160
2025-11,Klingon D'k Tagh,Default Title,HK808,4,172.5,-12.75,0,159.75,6.75,166.5,67.28,159.75
2025-11,Genuine Black Leather Double Holster and Cartridge Belt For Two Revolvers with 24 Dummy Rounds,Default Title,G708,1,159,0,0,159,0,159,73.08,159
2025-11,Colt 'Lone Star' Quickdraw Single Action Army,Default Title,G1038,2,158,0,0,158,0,158,86.18,158
2025-11,NEW Full Metal Witch King Helm,Default Title,AH-241183,1,175,-17.5,0,157.5,0,157.5,14,157.5
2025-11,God Of War - Ragnarok Leviathan Axe (Cosplay Safe Foam),Default Title,FM290,4,160,-4,0,156,0,156,36,156
2025-11,Demon Slayer - Muichiro Tokito Nichirin Collectable (40cm),Default Title,VX221050,8,196.67,-41.25,0,155.42,3.33,158.75,24,155.42
2025-11,Flintlock Blunderbuss - 18th Century English,Default Title,G1094/L,1,150,0,0,150,0,150,78.63,150
2025-11,He-Man Power Sword,Default Title,MS030,1,150,0,0,150,0,150,39,150
2025-11,Ghost of Tsushima - Tagenashima Matchlock Rifle 1800,Default Title,G1274,1,150,0,0,150,0,150,99,150
2025-11,World of Warcraft - Anduin Lothar's Sword,Default Title,BS310347,1,150,0,0,150,0,150,73.66,150
2025-11,Derringer Garter Gun,Default Title,G1262/L,4,153.33,-7.33,0,146,6,152,76,146
2025-11,"""Itsukushima"" Hand Forged Tanto In 1095Hcs",Default Title,BS111135,2,240,-24,-72,144,0,144,70.92,144
2025-11,LOTR Anduril Wedding Cake Knife/ Letter Opener,Default Title,BS013484,6,143.34,0,0,143.34,6.66,150,48,143.34
2025-11,Metal Gear Rising - Jetstream Sam's Revengeance Murasama Display (Straight Blade) Katana,Default Title,BS210413,2,140,0,0,140,0,140,34.72,140
2025-11,Kill Bill - O-Ren Ishii Shirasaya Display (Straight Blade) Katana,Default Title,BS011024OST,2,140,0,0,140,0,140,29.64,140
2025-11,Demon Slayer - Inosuke Hashibara Nichirin Blade Display (Straight Blade) Katana,Default Title,BS111081-SI,2,210,0,-70,140,0,140,34.72,140
2025-11,"Demon Slayer - Yoriichi Tsugikuni Sun Breathing Gold Nichirin Display (Metal, Straight Blade) Katana with Light Up Blade",Default Title,BS310866,2,146.66,-6.66,0,140,12,152,43,140
2025-11,Fate Stay Night - Black Excalibur Morgan - Sword Of Saber,Default Title,BS111101,1,140,0,0,140,0,140,37,140
2025-11,Sword Art Online - Kirito Dark Repulsor,Default Title,BS310095,1,140,0,0,140,0,140,20.84,140
2025-11,Demon Slayer - Tanjiro Kamado Black Nichirin Display (Straight Blade) Katana,Default Title,BS111079,2,140,0,0,140,0,140,34.72,140
2025-11,Demon Slayer - Tanjiro Kamado Nichirin - Cosplay Safe Wood,Default Title,WD034,6,140,-1.47,0,138.53,0,138.53,66,138.53
2025-11,Pirate Flintlock Pistol - 18th Century,Default Title,G1031/G,2,138,0,0,138,0,138,73.06,138
2025-11,Demon Slayer - Mitsuri Konroji Nichirin - Cosplay Safe Wood,Default Title,WD032,6,136.67,-3.41,0,133.26,3.33,136.59,72,133.26
2025-11,Kill Bill - Budd's Display (Straight Blade) Katana,Default Title,BS011024BUST,2,140,-7,0,133,0,133,42,133
2025-11,"Dragons of the Seven Kingdoms - Riyujin Dragon Display Katana (Metal, Straight Blade)",Default Title,BS015135-8,2,140,-7,0,133,0,133,28.4,133
2025-11,United Cutlery - HONSHU VIKING TRAINING SWORD,Default Title,UC-UC3657,2,138,-6.9,0,131.1,0,131.1,69.5,131.1
2025-11,Supernatural - Church of Castiel Pentagram,Default Title,BG011472,9,135,-4.5,0,130.5,0,130.5,14.49,130.5
2025-11,Duelling Pair of Percussion Pistols - Italy 1825,Default Title,G2-1013G,1,130,0,0,130,0,130,28.96,130
2025-11,Rings Of Power - Halbrand's Numenor Sword Of Men,Default Title,BS310740,1,129,0,0,129,0,129,34,129
2025-11,Lord Of The Rings - Officially Licensed United Cutlery Shards Of Narsil Statue,Default Title,UC-UC3600,1,129,0,0,129,0,129,66.09,129
2025-11,"Demon Slayer - Mitsuri Kanroji Love Pink Nichirin Display (Medtal, Straight Blade) Katana with Light Up Blade",Default Title,BS310862,2,128.33,0,0,128.33,11.67,140,42,128.33
2025-11,House Stuart Royal Scottish Claymore,Default Title,JOT201,1,140,-14,0,126,0,126,49.15,126
2025-11,Bloodborne - Ludwig's Holy Blade,Default Title,BS310908,1,140,-14,0,126,0,126,126.92,126
2025-11,Basic Katana Triple Stand,Default Title,BP011368-3,5,125,-0.79,0,124.21,0,124.21,55,124.21
2025-11,Honshu Practice Broadsword,Default Title,UC-UC3312,2,130,-6.5,0,123.5,0,123.5,56.82,123.5
2025-11,The Bastard Snow - Sword With Plaque (Book Version),Default Title,BS015791-1,1,240,-12,-108,120,0,120,30.5,120
2025-11,Assassin's Creed - AC3 Connor's Upgraded Tomahawk,Default Title,HK8631,2,180,0,-60,120,0,120,26.9,120
2025-11,King James V Scottish Claymore,Default Title,HK81031C,1,120,0,0,120,0,120,49.15,120
2025-11,Dune - Officially Licensed United Cutlery DUNCAN IDAHO ATREIDES SWORD,Default Title,UC-UC3606,1,132.5,-13.25,0,119.25,23.85,143.1,81.72,119.25
2025-11,Demon Slayer - Kanao Tsuyuri Nichirin Blade,Default Title,AM042,2,177,0,-59,118,0,118,24,118
2025-11,Genshin Impact - Baal Raiden Shogun Engulfing Lightning (Metal),Default Title,BS310821,2,118,0,0,118,0,118,82,118
2025-11,Bleach - Abarai Renji Zabimaru (Red) Display (Straight Blade) Katana,Default Title,BS310814,2,178,0,-60,118,0,118,44.6,118
2025-11,Luger Parabellum P08 (Wood Grips) - Germany WWI & WWII,Default Title,G1144M,1,130,-13,0,117,0,117,81.23,117
2025-11,Pigface Bascinet,Default Title,AH-XH016,1,130,-13,0,117,0,117,59.46,117
2025-11,Legend Of Zelda - Breath Of The Wild Bow - Cosplay Safe Foam,Default Title,FM119,5,115.82,-0.45,0,115.37,4.08,119.45,70,115.37
2025-11,Lord Of The Rings - United Cutlery Officially Licensed Sting Scabbard,Default Title,UC-UC1300,1,115,0,0,115,0,115,63.37,115
2025-11,The Witcher - Geralt Of Rivia's Steel Sword - Cosplay Safe Foam,Default Title,FM101,4,120,-6,0,114,0,114,36,114
2025-11,Devil May Cry - Dante's Ebony (Foam),Default Title,FM138,4,115,-2.5,0,112.5,4.5,117,24,112.5
2025-11,Devil May Cry - Dante's Ivory (Foam),Default Title,FM139,4,115,-2.5,0,112.5,4.5,117,24,112.5
2025-11,King Arthur's Exaclibur (Silver),Default Title,HK81026CU,1,110,0,0,110,0,110,36.58,110
2025-11,LOKI - Chitauri Sceptre (Cosplay Safe Foam),Default Title,FM186,3,113.33,-3.33,0,110,6,116,47.22,110
2025-11,".357 Snub Nose Magnum - True Romance, Reservoir Dogs",Default Title,G1062,1,110,0,0,110,0,110,58,110
2025-11,Genuine Leather Sheriff's Holster and Cartridge Belt,Default Title,G721,1,109,0,0,109,0,109,49.98,109
2025-11,Dummy Rounds For Colt Single Action Army 6 Pack,Default Title,G50,16,127.5,-11.25,-7.5,108.75,0,108.75,16,108.75
2025-11,Beowulf - Viking / Anglo Saxon Full Metal Helmet,Default Title,,1,120.83,-12.08,0,108.75,21.75,130.5,70,108.75
2025-11,King Cobra Triple Set Display Katana (Straight Blade),Default Title,HKS033-1,1,120,-12,0,108,0,108,39.51,108
2025-11,Attack On Titan Vme Sword,Single Sword,36023276,1,120,-12,0,108,0,108,31,108
2025-11,Devil May Cry -Nero's  Blue Rose (Resin),Default Title,GN001,3,105,0,0,105,0,105,74.67,105
2025-11,The Witcher Wild Hunt- Steel Collectible 40cm,Default Title,HK8786SU,5,105,0,0,105,0,105,34.5,105
2025-11,Roman Pugio Dagger,Default Title,VX221826,3,105,0,0,105,0,105,33,105
2025-11,Lord Of The Rings -  Aragorn King Of Gondor Helmet,Default Title,AH24144,1,116.66,-11.66,0,105,21,126,75,105
2025-11,Final Fantasy - Buster Sword - Cosplay Safe Foam,Default Title,FM092,3,105,0,0,105,0,105,27,105
2025-11,AR-15 Assault Rifle (Cosplay Safe Foam),Default Title,FM052,3,105,0,0,105,0,105,27.96,105
2025-11,Kingdom Hearts - Oblivion,Default Title,BS210003,2,110,-5.5,0,104.5,0,104.5,64,104.5
2025-11,Hand Grenade Mk II Pineapple - USA WWII,Default Title,G738V,3,105,-3.5,0,101.5,0,101.5,41.97,101.5
2025-11,Katana Stand (Double),Default Title,BP011368-2,5,100,0,0,100,0,100,50,100
2025-11,Kingdom Hearts - Oblivion Keyblade Cosplay/Larp Safe Foam,Default Title,BS210643,3,106.66,-6.66,0,100,12,112,51,100
2025-11,Demon Slayer - Inosuke Nichirin - Cosplay Safe Wood With Sheath,Default Title,WD041,5,100,0,0,100,0,100,55,100
2025-11,Naruto - Kunai (Metal),Default Title,AM035,5,100,0,0,100,0,100,24.25,100
2025-11,Stranger Things - Officially Licensed Snowglobe,Default Title,BN006,4,99.96,0,0,99.96,0,99.96,41.64,99.96
2025-11,Legend Of Zelda - Tears Of The Kingdom Broken Master Sword,Default Title,AM160,1,99,0,0,99,0,99,34.29,99
2025-11,Akaji Triple Set Display Katana (Straight Blade),Default Title,HKS052R-1,1,110,-11,0,99,0,99,39.51,99
2025-11,"""Hikarimuji"" Hand Forged Katana",Default Title,SW455,1,99,0,0,99,0,99,36,99
2025-11,80Mm Laser Engraved Glass Pokemon Collectable (Rotating Stand),Pikachu,1121305,2,98,0,0,98,0,98,0,0
2025-11,Jujutsu Kaisen - Itadori Yuji's Slaughter Demon,Default Title,BS111648,2,98,0,0,98,0,98,52.14,98
2025-11,Colt Peacemaker Buntline Special (Steel),Default Title,G1303,1,95,0,0,95,0,95,47.49,95
2025-11,Wyatt Earp's O.K. Corrall Colt Peacemaker,Default Title,G7303,1,95,0,0,95,0,95,42.49,95
2025-11,"Assassin's Creed Black Flag - ""Ivory Flare"" 4 Barrel Revolving Flintlock",Default Title,G1310,1,95,0,0,95,0,95,32.84,95
2025-11,Chinese Kangxi Emperor Sword (Full Metal),Default Title,CHS032BL,1,95,0,0,95,0,95,24.03,95
2025-11,Bastard Sword - Cosplay/Training Sword,Default Title,CS92BKHNH,2,99.98,-4.99,0,94.99,0,94.99,49.74,94.99
2025-11,Kingdom Key - Cosplay/Larp Safe Foam Keyblade,Default Title,BS014612F,3,99.16,-5.41,0,93.75,5.25,99,42,93.75
2025-11,Demon Slayer -  Iguro Obanai Letter Opener 40cm,Default Title,LT014,4,96.67,-5.3,0,91.37,3.33,94.7,26,91.37
2025-11,Hellsing - Pistol Pair Cassul & Jackal (Cosplay Safe Foam) Save £5,Default Title,FM247+248,2,90,0,0,90,0,90,28,90
2025-11,Assassin's Creed - AC3 Connor's Tomohawk,Default Title,CK0412,2,100,-10,0,90,0,90,33.48,90
2025-11,The Hobbit - Sting With Scabbard And Display Plaque (70cm),Default Title,VX221040,1,90,0,0,90,0,90,14,90
2025-11,John Wick Prop Bundle Save ¶10,Default Title,,2,90,0,0,90,0,90,34,90
2025-11,Roman Legionaries Helmet,Default Title,AH3801,1,90,0,0,90,0,90,34.17,90
2025-11,"""Ryouma"" Triple Set Display Katana (Straight Blade)",Default Title,BS111047,1,99,-9.9,0,89.1,0,89.1,39.51,89.1
2025-11,Double Barrel Pirate Percussion Pistol,Default Title,G5319,1,99,-9.9,0,89.1,0,89.1,63,89.1
2025-11,"The Witcher TV Show Silver Sword - 15"" Collectable (Black)",Default Title,BS310715,4,90,-2.5,0,87.5,0,87.5,48,87.5
2025-11,The Lord Of The Rings - Officially Licensed One Ring Lamp,Default Title,LAMP007,2,91.64,-4.15,0,87.49,7.5,94.99,41.66,87.49
2025-11,THE WITCHER - Witcher TV Series Silver Sword Cosplay/LARP Safe Foam,Default Title,FM308,3,90,-3,0,87,0,87,15.66,87
2025-11,Demon Slayer - Tanjiro Kamado Season 2 Collectable (40 cm),Default Title,LT010,4,86.67,0,0,86.67,3.33,90,26,86.67
2025-11,Wynonna Earp Peacemaker,Default Title,5303,1,95,-9.5,0,85.5,0,85.5,42.49,85.5
2025-11,Star Trek Ceremonial Bat'Leth,Default Title,SW604,1,95,-9.5,0,85.5,0,85.5,39,85.5
2025-11,Elden Ring - Moonveil 142cm Display (Straight Blade) Katana,Default Title,AM168L-1,1,95,-9.5,0,85.5,0,85.5,24,85.5
2025-11,"""Corsair"" Double-Barrelled Turnover Flintlock Pistol - England 1750",Default Title,G1264,1,85,0,0,85,0,85,43.46,85
2025-11,Demon Slayer - Sanemi Shinazugawa Nichirin Collectable (40cm),Default Title,LT007,4,86.67,-3,0,83.67,3.33,87,12,83.67
2025-11,Kill Bill - Hattori Hanzo Trio Display Katana (Straight Blade),Default Title,VX221697-1,1,91.66,-9.16,0,82.5,16.5,99,39.51,82.5
2025-11,JAMES BOND - Walther PPK in Nickel,Default Title,G1277NQ,1,91.66,-9.16,0,82.5,16.5,99,57.32,82.5
2025-11,Deluxe Thanos Sword (Resin),Default Title,BS111116,1,82.5,0,0,82.5,16.5,99,58,82.5
2025-11,"Colt ""Oakley Quickdraw"" Single Action Army 5.5"" (Nickel)",Default Title,G1106/NQ,1,90,-9,0,81,0,81,40.41,81
2025-11,Colt Navy 1851 (Ivory),Default Title,G1040/B,1,90,-9,0,81,0,81,47,81
2025-11,Demon Slayer - Nezuko Nichirin Katana (Cosplay Safe Wood),Default Title,WD062,4,80,0,0,80,0,80,51.16,80
2025-11,Legend Of Zelda - Master Sword,Default Title,BS015961,1,80,0,0,80,0,80,21,80
2025-11,Kingdom Hearts - Oathkeeper Keyblade Cosplay/Larp Safe Foam,Default Title,BS210644,2,80,0,0,80,0,80,36,80
2025-11,The Hobbit - Thorin's Orcrist Collectable (28cm),Default Title,HK8768,4,80,0,0,80,0,80,33.24,80
2025-11,Demon Slayer - Tanjiro Kamado Nichirin Collectable (40 cm),Default Title,LT001,3,80,-1.25,0,78.75,0,78.75,19.5,78.75
2025-11,Halo - M6G Magnum Hang Gun (Cosplay Safe Foam),Default Title,FM223,4,80,-2,0,78,0,78,24.4,78
2025-11,John Wick - Blood Oath Marker,Default Title,,4,80,-4,0,76,0,76,24,76
2025-11,Guardians Of The Galaxy - Drax's Daggers,Default Title,MS047,1,75,0,0,75,0,75,0,0
2025-11,"""Head Knocker"" 18th Century Pirate Percussion Pistol",Default Title,G1104L,1,75,0,0,75,0,75,29.77,75
2025-11,"""Sakura"" Hand Forged Tanto",Default Title,SW149,1,75,0,0,75,0,75,35,75
2025-11,Assassin’s Creed Shadows - PureArts Qlectors Naoe & Yasuke PVC Figure,Default Title,PA037AC,2,73.99,0,0,73.99,0,73.99,60,73.99
2025-11,Lord Of The Rings - Officially Licensed Sting Lamp,Default Title,,2,73.33,0,0,73.33,6.67,80,0,0
2025-11,Star Wars - Han Solo Dl-44 Blaster (Cosplay Safe Foam),Default Title,FM242,3,75,-2.5,0,72.5,0,72.5,13.98,72.5
2025-11,One Piece  - Luffy Nidail Kitetsu Display (Straight) Katana,Default Title,BS310684,1,80,-8,0,72,0,72,18,72
2025-11,Basic Katana Double Stand,Default Title,BP011362-2,4,76.66,-5.66,0,71,3,74,20,71
2025-11,"Dragons of the Seven Kingdoms - Hinoiri Dragon Display Katana (Metal, Straight Blade)",Default Title,BS0151135-5,1,70,0,0,70,0,70,14.2,70
2025-11,Legend Of Zelda - Master Sword Dark Link Variant,Default Title,BS015961-1,1,70,0,0,70,0,70,22,70
2025-11,Bleach - Katana Of Urahara Kisuke - Benihime Display (Straight Blade) Katana,Default Title,BS014097,1,70,0,0,70,0,70,21.37,70
2025-11,Attack On Titan - VME Sword Fidget Keyring/Keychain (22cm),Default Title,,7,70,0,0,70,0,70,21,70
2025-11,"Dragons of the Seven Kingdoms - Midnight Dragon Display Katana (Metal, Straight Blade)",Default Title,BS0151135-2,1,70,0,0,70,0,70,14.2,70
2025-11,Genshin Impact - Raiden Shogun Baal - Cosplay Safe Foam,Default Title,FM097,2,70,0,0,70,0,70,20,70
2025-11,Hand Grenade Mk2 Pineapple (Green) - USA 1918,Default Title,738V,2,70,0,0,70,0,70,31.48,70
2025-11,One Piece - Roronoa Zoro's Sandai Kitetsu (Cosplay Safe Wood),Default Title,HK9413WD,3,70,0,0,70,0,70,38.37,70
2025-11,"Elden Ring - Moonveil Display (Straight Blade, 102cm) Katana",Default Title,BS310828,1,70,0,0,70,0,70,11.15,70
2025-11,HONSHU - KARITO TRAINING BATTLE AXE,Default Title,UC-UC3656,1,69,0,0,69,0,69,29.2,69
2025-11,Legend Of Zelda - Dark Link Skyward Sword,Default Title,BS310764,1,69,0,0,69,0,69,24.15,69
2025-11,Destiny 2 Graviton Lance - Cosplay/Larp Safe Foam Gun,Default Title,BS111013,1,69,0,0,69,0,69,26,69
2025-11,Power Rangers - Red Ranger Sword (Cosplay Safe Foam),Default Title,FM168,3,70.83,-2.08,0,68.75,3.75,72.5,19.14,68.75
2025-11,"""Nishiki"" Hand Forged Tanto",Default Title,SW132,1,75,-7.5,0,67.5,0,67.5,35,67.5
2025-11,Hand Grenade Mk2 Pineapple - USA 1918,Default Title,G738,2,70,-3.5,0,66.5,0,66.5,31.48,66.5
2025-11,Genshin Impact - Al Haitham Xiphos Moonlight Sword,Default Title,BS310822,1,65,0,0,65,0,65,31,65
2025-11,Naruto - Sasuke Grass Cutter Kusanagi Display (Straight Blade) Sword,Default Title,BS310690,1,70,-7,0,63,0,63,18.25,63
2025-11,Demon Slayer - Giyu Tomioka Blue Nichirin (Red Tsuba) Display (Straight Blade) Katana,Default Title,BS310685,1,70,-7,0,63,0,63,18.25,63
2025-11,One Piece - Roronoa Zoro's Enma Collectible (40cm),Default Title,LT020,3,60,0,0,60,0,60,19.5,60
2025-11,Devil May Cry - Vergil Yamato Katana (Cosplay Safe Wood),Default Title,VX221344,3,60,0,0,60,0,60,38.37,60
2025-11,The Hobbit - Deluxe Sting With Scabbard (Black 52cm),Default Title,BS010914,1,60,0,0,60,0,60,13.71,60
2025-11,Bleach - Ichigo Dual Wield Swords (Small),Default Title,AM116,1,60,0,0,60,0,60,17,60
2025-11,Sword Art Online - Kirito Elucidator - Cosplay Safe Wood,Default Title,WD183,3,60,0,0,60,0,60,38.37,60
2025-11,"6 Cannon ""Pepperbox"" Revolver - London 1840",Default Title,G1071,1,60,0,0,60,0,60,37.05,60
2025-11,Skyrim - Daedric Sword (Cosplay Safe Foam),Default Title,,3,60,0,0,60,0,60,24,60
2025-11,The Lord Of The Rings - Officially Licensed Galadriel Earendil Lamp,Default Title,LAMP006,2,59.98,0,0,59.98,0,59.98,25,59.98
2025-11,The Nightmare Before Christmas - Officially Licensed Jack Skellington Snow Globe,Default Title,BN002,4,59.96,0,0,59.96,0,59.96,25,59.96
2025-11,One Piece - Trafalgar Law Display (Straight) Katana,Default Title,BS015076,1,59,0,0,59,0,59,11.58,59
2025-11,The Last Samurai - Nathan Algren Display (Straight Blade) Katana,Default Title,BS015224,1,59,0,0,59,0,59,20.26,59
2025-11,Pirate Flintlock Boarding Pistol - 18th Century,Default Title,G1012,1,65,-6.5,0,58.5,0,58.5,37.75,58.5
2025-11,FALLOUT - Laser Pistol Cosplay/LARP Safe Foam,Default Title,FM329,2,60,-3,0,57,0,57,18.94,57
2025-11,Bug-A-Salt Orange Crush,Gun + Bug-Beam Laser Targetting SAVE £5,855693007581,1,62.99,-6.29,0,56.7,0,56.7,26.82,56.7
2025-11,Game Of Thrones - Ned Stark's Ice Collectable (42cm),Default Title,BS016645,3,56.67,0,0,56.67,3.33,60,17.85,56.67
2025-11,"The Witcher TV Show Silver Sword - 15"" Collectable (White)",Default Title,BS310714,3,56.67,0,0,56.67,3.33,60,36,56.67
2025-11,Call Of Duty Vector Smg - Cosplay/Larp Safe Foam Gun,Default Title,BS111009,1,55,0,0,55,0,55,21,55
2025-11,Jurassic Park - Mosquito In Amber Lamp,Default Title,LAMP010,1,59.99,-5.99,0,54,0,54,25,54
2025-11,One Piece - Roronoa Zoro's Shusui Katana - Cosplay Safe Foam With Sheath,Default Title,BS310704,2,50,0,0,50,0,50,20.34,50
2025-11,Legend Of Zelda - Skyward Sword - (Cosplay Safe Foam),Default Title,FM199,2,50,0,0,50,0,50,24,50
2025-11,Supernatural - The Colt (Cosplay Safe Foam),Default Title,FM246,3,75,-25,0,50,0,50,8.88,50
2025-11,Devil May Cry Rebellion - Cosplay Safe Foam,Default Title,HK0213F,2,50,0,0,50,0,50,16,50
2025-11,God Of War - Thor's Mjolnir (Foam),Default Title,FM170,2,50,0,0,50,0,50,22,50
2025-11,The Nightmare Before Christmas - Officially Licensed Perpetual Calendar,Default Title,CP3D10,1,49.99,0,0,49.99,0,49.99,20.83,49.99
2025-11,80Mm Laser Engraved Glass Pokemon Collectable (Rotating Stand),Charmander,88140434,1,49,0,0,49,0,49,0,0
2025-11,Flintlock Blunderbuss Pistol - 18th Century,Default Title,G1231/G,1,49,0,0,49,0,49,30.51,49
2025-11,Power Rangers - Green Ranger Dagger (Cosplay Safe Foam),Default Title,FM169,2,50,-2.5,0,47.5,0,47.5,13.24,47.5
2025-11,MARVEL DEADPOOL PREMIUM UMBRELLA,Default Title,PARP04,2,49.98,-2.49,0,47.49,0,47.49,20.82,47.49
2025-11,Laredo Bowie - Cosplay/Training Knife,Default Title,CS-92R16CCB,2,47.98,-2.39,0,45.59,0,45.59,18,45.59
2025-11,Assassin's Creed - Altair Sword Cosplay/Larp Safe Foam,Default Title,BS111036,2,50,-5,0,45,0,45,16,45
2025-11,Bug-A-Salt Black Fly,Gun Only,855693007573,1,49.99,-4.99,0,45,0,45,26.82,45
2025-11,M-24 Stielhandgranate Stick Grenade - Germany WWI & WWII (Green),Default Title,G737V,1,45,0,0,45,0,45,21.6,45
2025-11,Pair Of Attack On Titan Cosplay/Larp,Default Title,BS310051,1,45,0,0,45,0,45,22,45
2025-11,Demon Slayer - Mitsuri Kanroji Love Pink Nichirin Display (Straight Blade) Katana,Default Title,BS111056,1,41.67,0,0,41.67,8.33,50,17.36,41.67
2025-11,Basic Katana Stand (Matt Black),Default Title,BP011362-1,3,42.5,-1.25,0,41.25,2.25,43.5,0,0
2025-11,Harley Quinn Foam Hammer (Cosplay And Larp Safe),Default Title,FM068,2,40,0,0,40,0,40,28.78,40
2025-11,Demon Slayer - Giyu Tomioka Nichirin Katana Umbrella,Default Title,AM072-4,2,40,0,0,40,0,40,22,40
2025-11,Red Dead - Colt Single Action Army (Cosplay Safe Foam),Default Title,FM286,2,40,0,0,40,0,40,9,40
2025-11,80Mm 3D Laser Engraved Glass Pokemon With Led Stand,Bulbasaur,56709739,1,40,0,0,40,0,40,0,0
2025-11,The Witcher III Steel Sword (Wolf Pommel) - 40cm Collectable,Default Title,BS310616-15,2,40,0,0,40,0,40,28,40
2025-11,Mini Imperial Roman Helm w/stand,Default Title,AH3815.M,1,40,0,0,40,0,40,17.28,40
2025-11,80Mm 3D Laser Engraved Glass Pokemon With Led Stand,Jigglypuff,52405844,1,40,0,0,40,0,40,0,0
2025-11,Assassin's Creed - Altair's Throwing Knives,Set of 3 £40,7176748,1,40,0,0,40,0,40,21,40
2025-11,Demon Slayer - Kanao Tsuyuri Nichirin - Cosplay Safe Wood,Default Title,WD036,2,40,0,0,40,0,40,24,40
2025-11,ONE PIECE - Trafalgar Law Cosplay/LARP Safe Foam (Brown handle),Default Title,BS310705,2,40,0,0,40,0,40,21.04,40
2025-11,Legend Of Zelda - Skyward Sword Collectable (30cm),Default Title,,2,40,0,0,40,0,40,14,40
2025-11,Katana/Sword Floor Stand,Default Title,BP310044,1,40,0,0,40,0,40,17,40
2025-11,Demon Slayer - Shinobu Kocho Nichirin Collectable (40cm),Default Title,VX221054,2,40,-1.25,0,38.75,0,38.75,6,38.75
2025-11,Demon Slayer - Mitsuri Kanroji Nichirin Collectable (40cm),Default Title,VX221060,2,40,-1.25,0,38.75,0,38.75,6,38.75
2025-11,Demon Slayer - Shinobu Kocho Nichirin - Cosplay Safe Wood With Sheath,Default Title,VX221260,2,38,0,0,38,0,38,22,38
2025-11,Nunchaku (Nunchuk) - Classic Dragon (Wood),Default Title,BW010192,2,36,0,0,36,0,36,14,36
2025-11,Legend Of Zelda - Master Sword Keyring (22cm),Default Title,KW1080,3,36,0,0,36,0,36,8.55,36
2025-11,God Of War - Sparta Kratos Blades Of Chaos - Cosplay Safe Foam,Default Title,FM125,1,35,0,0,35,0,35,10,35
2025-11,Thanos Heli-Sword - Cosplay/Larp Safe Foam Sword,Default Title,BS111031,1,30,0,0,30,0,30,12,30
2025-11,Supernatural - Church Of Castiel,Large,96314006,2,30,0,0,30,0,30,17,30
2025-11,Thor - Mjolnir (Cosplay Safe Foam),Default Title,HK6588F,1,30,0,0,30,0,30,7.23,30
2025-11,Demon Slayer - Kyojuro Rengoku Nichirin Katana With Sheath - Cosplay Safe Foam,Default Title,BS210668-2,2,30,0,0,30,0,30,20,30
2025-11,Genshin Impact - Skyward Blade - Cosplay Safe Foam,Default Title,FM094,2,30,0,0,30,0,30,20,30
2025-11,Demon Slayer - Tanjiro Kamado Season 2 Nichirin Katana With Sheath - Cosplay Safe Foam,Default Title,FM074,2,30,0,0,30,0,30,20,30
2025-11,Real Wood Revolver Display Stand,Default Title,G808,1,30,0,0,30,0,30,14.36,30
2025-11,John Wick - Assassin's Guild Coin,Two Coins £15,67408399,2,30,0,0,30,0,30,8,30
2025-11,Dragonslayer Helm (PU),Default Title,RDL-XP005H,1,30,0,0,30,0,30,31.46,30
2025-11,Demon Slayer - Yoriichi Tsugikuni Nichirin Collectable (40cm),Default Title,VX221059,1,30,0,0,30,0,30,3,30
2025-11,One Piece - Roronoa Zoro Kitetsu Sandai (Cosplay Safe Foam),Default Title,HK9413F,2,30,0,0,30,0,30,21,30
2025-11,Resident Evil - Umbrella Corporation Lamp,Default Title,NUM-RE-L,1,29.99,0,0,29.99,0,29.99,17.86,29.99
2025-11,Ruger Lcr - Cosplay/Training Pistol,Default Title,GCS-92RGRLZ,1,29.99,0,0,29.99,0,29.99,14.9,29.99
2025-11,Demon Slayer - Tanjiro Kamado Nichirin Keyring/Keychain (22cm),Default Title,KW1001,3,29.97,-0.77,0,29.2,0,29.2,9,29.2
2025-11,Kill La Kill - Ryuku Matoi Rending Scissors (Cosplay Safe Wood),Default Title,WD026,2,27.5,0,0,27.5,2.5,30,18,27.5
2025-11,The Witcher - Geralt Of Rivia's Silver Sword - Cosplay Safe Foam,Default Title,FM102,1,30,-3,0,27,0,27,9,27
2025-11,Ghostbusters - 3D Desk Lamp / Wall Light,Default Title,NUM-GB-LL,1,29.99,-2.99,0,27,0,27,17.86,27
2025-11,Halo Energy Sword - Cosplay/Larp Safe Foam,Default Title,BS310528,1,27,0,0,27,0,27,11,27
2025-11,Bleach - Ichigo Zangetsu Katana Collectable (42Cm),Default Title,LT023,1,30,-3,0,27,0,27,6.5,27
2025-11,Lord Of The Rings - Aragorn Anduril Sword (Cosplay/LARP Safe Foam),Default Title,FM034,1,25,0,0,25,0,25,6.39,25
2025-11,Bleach Ichigo Letter Opener,Default Title,,1,25,0,0,25,0,25,5,25
2025-11,John Wick - Assassin's Guild Coin,Four Coins £25,15106185,1,25,0,0,25,0,25,8,25
2025-11,Devil May Cry - Blue Rose Gun Of Nero (Cosplay Safe Foam),Default Title,FM140,1,25,0,0,25,0,25,7,25
2025-11,Balisong Trainer - Bottle Opener (Black),Default Title,BF111489B,2,24,0,0,24,0,24,4.2,24
2025-11,Raven Skull Necklace,Default Title,BG011467,2,24,0,0,24,0,24,3.6,24
2025-11,Harry Potter - Hagrid It's So Fluffy,Tee 5X-Large (Larger Image),TEE242-TE-1-1-1-1-1-1-1-1-1-1-1-1-1-1-1-1-1-1-1,1,22.5,0,0,22.5,0,22.5,8.5,22.5
2025-11,Httyd - Night Fury,Tee 5X-Large (Larger Image),TEE135-TE-1-1-1-1-1-1-1-1-1-1-1-1-1-1-1-1-1-1-1,1,22.5,-2.25,0,20.25,0,20.25,8.5,20.25
2025-11,My Neighbor Totoro - Many Faces Of Totoro,Tee 4X-Large (Larger Image),T0045-TE-1-1-1-1-1-1-1-1-1-1-1-1-1-1-1-1-1,1,22.5,-2.25,0,20.25,0,20.25,8.5,20.25
2025-11,Labyrinth Knockers,Tee 4X-Large (Larger Image),TEE297-TE-1-1-1-1-1-1-1-1-1-1-1-1-1-1-1-1-1,1,22.5,-2.25,0,20.25,0,20.25,8.5,20.25
2025-11,One Piece - Roronoa Zoro Sandai Kitetsu Collectable (40cm),Default Title,LT019,1,20,0,0,20,0,20,6.5,20
2025-11,Fortnite Pickaxe In Foam,Default Title,BS111037,1,20,0,0,20,0,20,7.92,20
2025-11,Demon Slayer - Zenitsu Agatsama Nichirin Katana Umbrella,Default Title,AM072-3,1,20,0,0,20,0,20,11,20
2025-11,One Piece - Roronoa Zoro's Enma (Cosplay Safe Wood),Default Title,WD058,1,20,0,0,20,0,20,12.79,20
2025-11,One Piece - Shusui Collectible (40cm),Default Title,LT018,1,20,0,0,20,0,20,6.5,20
2025-11,Deluxe Balisong/Butterfly Knife Trick Trainer (Prismatic),Default Title,,1,20,0,0,20,0,20,2.95,20
2025-11,Demon Slayer - Tanjiro Kamado Nichirin Katana Umbrella,Default Title,AM072-1,1,20,0,0,20,0,20,11,20
2025-11,Harley Quinn - Psychotic Chick (Suicide Squad),Tee 3X-Large,T0072-TE-1-1-1-1-1-1-1-1-1-1-1-1-1-1,1,20,0,0,20,0,20,8.5,20
2025-11,"Genshin Impact - Sword Of Diluc, Wolf's Gravestone Cosplay Foam",Default Title,FM093,1,20,0,0,20,0,20,8.5,20
2025-11,ASSASSIN'S CREED - PureArts Qlectors Altair Bell Tower,Default Title,PA034AC,1,19.99,0,0,19.99,0,19.99,27.99,19.99
2025-11,Longclaw Wedding Cake Knife (30cm),Default Title,BS110463,1,19,0,0,19,0,19,5.74,19
2025-11,Helmet Stand,Default Title,AH3813,1,20,-2,0,18,0,18,7.59,18
2025-11,Pikachu & Deadpool,Tee Kids Age 12-13,TEE100-TE-1-1-1,1,18,0,0,18,0,18,8.5,18
2025-11,Jurassic Park  - Raptor Trainer,Tee Medium,T1268-TE-1-1-1-1-1-1-1-1-1-1,1,18,0,0,18,0,18,8.5,18
2025-11,Star Wars - Stormtrooper Pew Pew,Tee XX-Large,T0374-TE-1-1-1-1-1-1-1-1-1-1-1-1-1-1-1-1-1-1-1-1-1-1-1-1-1-1-1-1-1-1-1-1-1,1,18,0,0,18,0,18,8.5,18
2025-11,Star Wars - Imperial Park,Tee 3X-Large,TEE335-TE-1-1-1-1-1-1-1-1-1-1-1-1-1-1,1,20,-2,0,18,0,18,8.5,18
2025-11,Back To Future - Delorean Licence Plate Door Mat,Default Title,FGE0054,1,19.99,-1.99,0,18,0,18,7.5,18
2025-11,Attack On Titan - Attack On Titan Scout,Tee Kids Age 12-13,T0004-TE-1-1-1,1,18,0,0,18,0,18,8.5,18
2025-11,Attack On Titan - Attack On Titan Scout,Tee Small,T0004-TE-1-1-1-1-1-1-1-1-1,1,18,0,0,18,0,18,8.5,18
2025-11,Pikachu & Deadpool,Tee Large,TEE100-TE-1-1-1-1-1-1-1-1-1-1-1,1,18,0,0,18,0,18,8.5,18
2025-11,Harry Potter - Xmas Hogwarts Letter,Tee Medium,T0470-TE-1-1-1-1-1-1-1-1-1-1,1,18,0,0,18,0,18,8.5,18
2025-11,Jurassic Park - Barbasol Embryo Can Insulated Water Bottle,Default Title,BMHC019,1,16.99,0,0,16.99,0,16.99,8.25,16.99
2025-11,Demon Slayer - Kyojuro Rengoku Nichirin Collectable (40cm),Default Title,LT006,1,36.67,0,-20,16.67,3.33,20,3,16.67
2025-11,Attack On Titan - Attack On Titan Scout,Tee Large,T0004-TE-1-1-1-1-1-1-1-1-1-1-1,1,18,-1.8,0,16.2,0,16.2,8.5,16.2
2025-11,Bruce Lee Nunchucks (Gold),Default Title,BW010356,1,18,-1.8,0,16.2,0,16.2,6,16.2
2025-11,Final Fantasy Vii - Sephiroth Obey,Medium,69675866,1,15,0,0,15,0,15,8.5,15
2025-11,Kingdom Hearts - Sora Keyhole,Ages 7-8 / Gold,97502538,1,15,0,0,15,0,15,8.5,15
2025-11,Dragonball Z - Roshi's Kenji,Medium,71321469,1,15,0,0,15,0,15,8.5,15
2025-11,Aliens - Peace Through Superior Firepower,Military Olive / X-Large,39906447,1,15,0,0,15,0,15,8.5,15
2025-11,.30-06 Springfield Bullet Wall Hanger,Default Title,G34,1,15,0,0,15,0,15,6.8,15
2025-11,Demon Slayer - Tanjiro 'slayer',Small,1775-SM,1,15,0,0,15,0,15,8.5,15
2025-11,Assassin's Creed,2X-Large / Heather Grey,25884602,1,15,0,0,15,0,15,8.5,15
2025-11,Kingdom Hearts - Halloween Town,Large,48997281,1,15,0,0,15,0,15,8.5,15
2025-11,Assassin's Creed - Altair's Throwing Knives,Single £15,51307601,1,30,0,-15,15,0,15,7,15
2025-11,Arkham Inmate,2X-Large / Inmate Orange,49823446,1,15,0,0,15,0,15,8.5,15
2025-11,Deluxe Balisong/Butterfly Knife Replica Trick Trainer (Blue),Default Title,HK22657C,1,15,-1.5,0,13.5,0,13.5,3.15,13.5
2025-11,Monty Python - Killer Rabbit Of Caerbannog,X-Large,54362938,1,15,-1.5,0,13.5,0,13.5,8.5,13.5
2025-11,Self-Rescuing Princess,Fitted S / Black,76126855,1,15,-1.5,0,13.5,0,13.5,8.5,13.5
2025-11,Beetlejuice - Strange And Unusual,Fitted L / Purple,64667357,1,15,-1.5,0,13.5,0,13.5,8.5,13.5
2025-11,Assassin's Creed,Medium / Heather Grey,86307364,1,15,-1.5,0,13.5,0,13.5,8.5,13.5
2025-11,Supernatural - Adventures Of Sam & Dean,Medium,70692316,1,15,-1.5,0,13.5,0,13.5,8.5,13.5
2025-11,Supernatural - Adventures Of Sam & Dean,Fitted L,66274492,1,15,-1.5,0,13.5,0,13.5,8.5,13.5
2025-11,Supernatural - Church Of Castiel,Medium,3212309,1,15,-1.5,0,13.5,0,13.5,8.5,13.5
2025-11,Odin's Wolves Geri and Freki Bracelet,Default Title,BG011645,1,15,-1.5,0,13.5,0,13.5,2.36,13.5
2025-11,Supernatural - Demon Hunters,Medium / Black,1702346,1,15,-1.5,0,13.5,0,13.5,8.5,13.5
2025-11,Grow Up!,X-Large,12195945,1,15,-1.5,0,13.5,0,13.5,8.5,13.5
2025-11,One Piece - Roronoa Zoro's Enma Katana - Cosplay Safe Foam,Default Title,FM132,1,12.5,0,0,12.5,2.5,15,11,12.5
2025-11,Loki Fylgjur Fox Necklace,Default Title,BG011470,1,12,0,0,12,0,12,1.61,12
2025-11,Jurassic Park - Leather Travel Journal,Default Title,CTBV008,1,11.99,0,0,11.99,0,11.99,5,11.99
2025-11,Jujutsu Kaisen - Leather Travel Journal,Default Title,CTBV031,1,11.99,0,0,11.99,0,11.99,5,11.99
2025-11,The Lord Of The Rings - Officially Licensed One Ring Travel Journal,Default Title,CTBV015,1,11.99,0,0,11.99,0,11.99,5,11.99
2025-11,Transformers Challenge Coin,Gold,9521974,1,12,-1.2,0,10.8,0,10.8,2,10.8
2025-11,Transformers Challenge Coin,Silver,29738313,1,12,-1.2,0,10.8,0,10.8,2,10.8
2025-11,Naruto - Yondaime Kunai Necklace (Gold Or Silver),Gold,2087-GO,1,10,0,0,10,0,10,2.18,10
2025-11,Demon Slayer - Inosuke Nichirin Fidget Keyring/Keychain (22cm),Default Title,,1,10,0,0,10,0,10,3,10
2025-11,Demon Slayer - Zenitsu Agatsuma Nichirin Fidget Keychain (22cm),Default Title,KW1005,1,10,0,0,10,0,10,3,10
2025-11,Demon Slayer - Rengoku Nichirin Fidget Keyring/Keychain (22cm),Default Title,KW1003,1,10,0,0,10,0,10,3,10
2025-11,Demon Slayer -  Tanjiro Kamado Fidget Keyring/Keychain (22cm),Default Title,KW1001,1,10,0,0,10,0,10,3,10
2025-11,Demon Slayer - Shinobu Nichirin Fidget Keyring/Keychain (22cm),Default Title,KW1006,1,10,0,0,10,0,10,3,10
2025-11,Red Dead Redemption - Ball Tipped Sheriff Badge,Default Title,G106,1,9.99,0,0,9.99,0,9.99,2.71,9.99
2025-11,Red Dead Redemption - Six Point Sherriff Badge,Default Title,G101,1,9.99,-0.99,0,9,0,9,3.14,9
2025-11,Avengers Infinity Gauntlet Keychain,Default Title,,1,12,-0.6,-6,5.4,0,5.4,8.5,5.4
2025-11,Deadpool Keychain Bottle Opener,Default Title,,1,5,0,0,5,0,5,1,5
2025-11,Lara Croft Tomb Raider Ice Axe Keychain,Default Title,,1,5,0,0,5,0,5,8.5,5
2025-11,300 - Leonidas Sword Cosplay/Larp Safe Foam,Default Title,BS111039,0,30,0,-30,0,0,0,0,0
2025-11,Sword Of Ashkendi - Cosplay/Larp Safe Sword,Default Title,BS210459,0,25,-2.5,-22.5,0,0,0,0,0
2025-11,Tommy Gun - M1 Submachine Gun,Default Title,G1092,0,289,-28.9,-260.1,0,0,0,0,0
2025-11,Honshu - Broadsword with Scabbard,Default Title,UC-UC3265,0,250,0,-250,0,0,0,0,0
2025-11,World Of Warcraft - King Llane Sword (2:3 Scale),Default Title,MU001,0,75,0,-75,0,0,0,0,0
2025-11,Colt Peacemaker - Wyatt Earp Ok Corral Buntline,Default Title,G7303,0,95,0,-95,0,0,0,0,0
2025-11,The Lord Of The Rings - Red Book Of Westmarch Leather Journal,Default Title,CUCU002,0,24.99,0,-24.99,0,0,0,0,0
2025-11,Bruce Lee Nunchucks (Black),Default Title,BW010191,0,18,0,-18,0,0,0,0,0
2025-11,Beretta 92 - Training Pistol,Default Title,CS-92RGB92Z,0,59.98,0,-59.98,0,0,0,0,0
2025-11,Bleach - Ichigo  (Large),Default Title,AM115,0,90,0,-90,0,0,0,0,0
2025-11,Legend Of Zelda - Master Sword Collectible (12 Inch),Default Title,HKA006S-2,0,25,0,-25,0,0,0,0,0
2025-11,Skyrim Daedric Dagger - Cosplay/Larp Safe Foam,Default Title,BS111062,0,40,0,-40,0,0,0,0,0
2025-11,Vikings Lagertha's Sword,Default Title,VX221764,0,140,0,-140,0,0,0,0,0
2025-11,"Call Of Duty - Desert Eagle (Black) - Deadpool, Tomb Raider, Supernatural",Default Title,G1123,0,130,-13,-130,-13,0,-13,0,-13
2025-11,"Hellsing - Arms ""Cassul"" .454 Auto Pistol (Cosplay Safe Foam)",Default Title,FM248,-1,0,0,-25,-25,0,-25,-7,-25
2025-11,Kingdom Hearts - Oathkeeper,Default Title,BS310208,-1,50,0,-100,-50,0,-50,-29,-50
2025-11,Black Myth Wukong - Wukong Staff (Cosplay/LARP Safe Rubber),Default Title,,-1,0,0,-85,-85,0,-85,-37.2,-85
2025-11,"The Last Kingdom - Uhtred ""Serpents Breath"" Sword",Default Title,VX221682-2,-1,260,0,-390,-130,0,-130,-39,-130
2025-11,THE HOBBIT - Deathless Thorin's Dwarven Sword,Default Title,BS310226,-2,0,0,-130,-130,0,-130,-32.24,-130
2025-11,Braveheart - William Wallace's Claymore,Default Title,VX221230,-1,0,0,-135,-135,0,-135,-72.36,-135
2025-11,Lord Of The Rings - Officially Licensed United Cutlery Gandalf Moria Staff,Default Title,UC-UC3328,-1,295,0,-590,-295,0,-295,-156.46,-295
2025-11,Lord Of The Rings - Deluxe Handforged 1075 Hcs Battle Ready Aragorn's Ranger Sword,Default Title,JOT034HD,-2,0,0,-450,-450,0,-450,-83,-225
2025-12,,,,61,7844.91,-195.57,-1735.8,5913.54,3024.34,17648.35,1681.62,5292.77
2025-12,Supernatural - The Colt,Default Title,VX221106,83,5933.35,-193.15,-386.68,5353.52,1070.48,6424,2116.5,5353.52
2025-12,The Lord Of The Rings - Deluxe Anduril With Display Plaque & Scabbard,Default Title,VX221044-NS,24,4200,-135,-585,3480,696,4176,1763.52,3480
2025-12,Supernatural - Deluxe Angel Blade,Default Title,HK8445,35,2274.88,-52.47,-221.66,2000.75,400.25,2401,905.1,2000.75
2025-12,Ghost Of Tsushima - Handforged Tanto,Default Title,Tanto-10,30,2200.01,-70.35,-200.01,1929.65,385.85,2315.5,765,1929.65
2025-12,Supernatural - Deluxe Ruby's Demon Killing Blade,Default Title,HK8513A,36,2149.99,-69.16,-345,1735.83,347.17,2083,486,1735.83
2025-12,"Ghost Of Tsushima - Jin Sakai ""Storm"" Display (Straight Blade) Katana",Default Title,BS310907,26,2200.06,-33.3,-466.68,1700.08,355.92,2056,308.1,1700.08
2025-12,The Bastard Snow - Sword Including Plaque and Scabbard,Default Title,JOT5909M,17,2149.2,0,-455.01,1694.19,338.81,2033,518.5,1694.19
2025-12,God Of War - Deluxe Ragnarok Chaos Blades,Default Title,MS036,10,2041.66,0,-375,1666.66,333.34,2000,516.5,1666.66
2025-12,Lord Of The Rings - United Cutlery Officially Licensed Museum Collection Anduril,Default Title,UC-UC3516,3,1689.16,-57.41,0,1631.75,326.35,1958.1,1145.49,1631.75
2025-12,The Bastard Snow's Sword - Hand Forged Folded Steel (Damascus),Default Title,JOT5909FD,10,1809.18,0,-187.5,1621.68,324.32,1946,753.5,1621.68
2025-12,"LORD OF THE RINGS - NEW! Superior Anduril, The Sword Reforged with Scabbard and Plaque",Default Title,VX221039,10,2155.79,-49.74,-510.76,1595.29,354.91,1950.2,419.9,1595.29
2025-12,Lord Of The Rings - Officially Licensed United Cutlery Anduril Sword of Aragorn,Default Title,UC-UC1380,6,1611.65,-27.41,0,1584.24,316.86,1901.1,999.84,1584.24
2025-12,Legend Of Zelda - Deluxe Master Sword,Default Title,BS310223,12,1962.49,-4.16,-397.5,1560.83,312.17,1873,432,1560.83
2025-12,Lord Of The Rings - Deluxe Anduril With Display Plaque,Default Title,VX221044-S,12,1999.95,-70.81,-399.99,1529.15,305.85,1835,504,1529.15
2025-12,Elden Ring Dark Moon Greatsword,Default Title,BS111760,6,1474.98,-24.58,0,1450.4,290.1,1740.5,761.52,1450.4
2025-12,Ghost Of Tsushima - Jin Sakai Display Katana (Black),Default Title,BS310811,22,1866.72,-26.64,-393.35,1446.73,289.27,1736,490.38,1446.73
2025-12,Lee-Enfield Smle Rifle - British 1907,Default Title,G1090,7,1666.64,-20.83,-208.33,1437.48,287.52,1725,1228.5,1437.48
2025-12,AK47 Kalashnikov Assault Rifle,Default Title,G1086,7,1660,-41.5,-186.75,1431.75,286.35,1718.1,1092.84,1431.75
2025-12,"M1911A1 Colt ""Military"" USA Service Pistol (Black/Black)",Default Title,G1312,14,1800,-40,-400,1360,272,1632,1011.36,1360
2025-12,CALL OF DUTY - German WWII MP40 Sub-Machine Gun 1940,Default Title,G1111C,7,1370.81,-60.75,0,1310.06,262.02,1572.08,934.36,1310.06
2025-12,The Witcher - Deluxe Handforged Geralt's Silver Sword (Damascus),Default Title,HK9321HF,9,1307.52,0,0,1307.52,261.48,1569,1062,1307.52
2025-12,God Of War Leviathan Axe - Full Metal,Default Title,HK8877,7,1312.5,-56.25,0,1256.25,251.25,1507.5,715.68,1256.25
2025-12,Devil May Cry - Dante's Rebellion (Silver),Default Title,HK0213,10,1862.54,-12.41,-620.85,1229.28,245.82,1475.1,403.3,1229.28
2025-12,Thundercats - Deluxe Sword Of Omens,Default Title,HK8896,11,1546.62,-69.48,-324.33,1152.81,230.59,1383.4,354.2,1152.81
2025-12,Attack On Titan VME Sword (Silver Blade),Default Title,HK8265,12,1247.5,-10,-100,1137.5,227.5,1365,265.56,1137.5
2025-12,"M1911A1 Colt ""Government"" Us Service Pistol (Black/Wood))",Default Title,G9312,11,1300,-10,-220,1070,238,1308,794.64,1070
2025-12,Red Dead Redemption - Colt Navy (Gunmetal Grey),Default Title,BG010131-2,29,1125,-18.75,-37.5,1068.75,213.75,1282.5,464,1068.75
2025-12,Sten MkII British SMG - 1940,Default Title,G1148,7,1350,-15,-300,1035,207,1242,650.02,1035
2025-12,"Webley Mk IV - Indiana Jones, Torchwood, Peaky Blinders",Default Title,G1119,15,1062.45,-38.94,0,1023.51,204.74,1228.25,628.35,1023.51
2025-12,World of Warcraft - Epic Edition Frostmourne,Default Title,VX221086,4,1000,-27.08,0,972.92,194.58,1167.5,638.48,972.92
2025-12,James Bond Walther PPK,Default Title,G1277,11,1008.33,-36.64,0,971.69,194.31,1166,621.83,971.69
2025-12,Beretta 92 / Us Military M9,Default Title,G1254,9,974.97,-35.82,0,939.15,187.85,1127,712.17,939.15
2025-12,The Witcher III - Geralt's Silver Sword,Default Title,BS110617,8,1166.7,0,-233.34,933.36,186.64,1120,219.84,933.36
2025-12,Wells Fargo Stagecoach Defender - Double Barrel Wyatt Earp Shotgun Pistol / Sawn-Off - USA 1868,Default Title,G1114,7,1199.97,-13.33,-266.66,919.98,184.02,1104,604.03,919.98
2025-12,Red Dead Redemption - Colt Navy (Bronze),Default Title,BG010131,25,1125,-15,-190.5,919.5,192,1111.5,400,919.5
2025-12,CALL OF DUTY - German WWII Sturmgewehr STG44 Assault Rifle 1943,Default Title,G1125/C,4,933.32,-34.99,0,898.33,179.67,1078,593.88,898.33
2025-12,Demon Slayer - Tengen Uzui Nichirin Twin Blades,Default Title,AM088,9,1200,-10,-300,890,178,1068,351,890
2025-12,SKYRIM - Warhammer (Full Metal),Default Title,AM241,7,885.83,0,0,885.83,177.17,1063,336.42,885.83
2025-12,".357 Python Magnum 8"" - Call Of Duty, Resident Evil, Pulp Fiction",Default Title,G1061,9,1000,-30,-90,880,176,1056,504.27,880
2025-12,God Of War - Hand Forged Ragnarok Chaos Blades,Default Title,BS310937,4,1375.02,0,-504.17,870.85,229.15,1100,508.88,870.85
2025-12,Demon Slayer - Zenitsu Agatsuma Yellow Nichirin Display (Straight Blade) Katana,Default Title,BS111061,13,866.65,-39.96,0,826.69,165.31,992,225.68,826.69
2025-12,Game of Thrones/House Of The Dragon - King Viserys' Valeryian Steel Dagger and Arya's Catspaw,Default Title,HK8764GS,14,1019.87,-71.48,-131.66,816.73,163.37,980.1,196,816.73
2025-12,Moon Knight - Crescent Dart - Full Metal (Silver),Default Title,AM127CMT-1,18,1008.26,-13.74,-183.32,811.2,162.3,973.5,344.16,811.2
2025-12,Dark Souls - Great Sword Of Artorias (140cm Deluxe Edition),Default Title,VX221075-L,4,1245,-20.75,-415,809.25,161.85,971.1,0,0
2025-12,Lord Of The Rings - United Cutlery Officially Licensed King Theoden Herugrim Sword,Default Title,UC-UC1370ABNB,3,1150,-86.25,-258.75,805,161,966,522.24,805
2025-12,"The Lord Of The Rings - Deluxe Sting (80cm, W/ Display Plaque)",Default Title,VX221042,9,1008.34,-22.9,-183.34,802.1,160.4,962.5,279,802.1
2025-12,Lord Of The Rings - NEW AND IMPROVED Gimli's Battle Axe,Default Title,VX221072,7,933.33,-34.98,-116.67,781.68,156.32,938,266,781.68
2025-12,"Deluxe ""Righteous Dragon"" Hand Forged Katana In Clay Tempered 1095 HCS",Default Title,BS310133KCT,4,1078.32,-20.75,-331.66,725.91,145.19,871.1,260.56,725.91
2025-12,"Mauser C96 ""Broomhandle"" Pistol with Removable Stock Holster",Default Title,G1025,6,966.64,0,-241.66,724.98,145.02,870,299.64,724.98
2025-12,Lord Of The Rings - Deluxe Gandalf's Glamdring Sword,Default Title,JOT096C,6,974.17,0,-250,724.17,144.83,869,174.12,724.17
2025-12,Lord Of The Rings - Deluxe Witch King Of Angmar Sword,Default Title,vx221047,6,724.17,0,0,724.17,144.83,869,195,724.17
2025-12,"Colt ""Quickdraw"" Single Action Army Gift Box with 6 Dummy Bullets",Default Title,G1-1106/G,8,817.47,-27.24,-81.75,708.48,141.72,850.2,337.12,708.48
2025-12,Rick's Colt Python - The Walking Dead,Default Title,G6304,7,1090.87,0,-416.51,674.36,158.64,833,414.26,674.36
2025-12,Loki's Sceptre - 1:1 Metal Version,Default Title,BS110897,3,687.5,-22.91,0,664.59,132.91,797.5,444.66,664.59
2025-12,Demon Slayer - Kyojuro Rengoku Red Nichirin Display (Straight Blade) Katana,Default Title,BS111053,10,800,-26.64,-133.34,640.02,127.98,768,173.6,640.02
2025-12,Legend Of Zelda - Deluxe Hylian Shield (Full Metal),Default Title,VX221048,4,633.33,0,0,633.33,126.67,760,409.72,633.33
2025-12,Wells Fargo Stagecoach Defender - Double Barrel  Wyatt Earp Shotgun Pistol / Sawn-Off with Brass Action- USA 1868,Default Title,G1113,5,649.15,-21.66,0,627.49,125.51,753,431.45,627.49
2025-12,The Lord Of The Rings - Deluxe Boromir Sword,Default Title,JOT075C,5,875,0,-250,625,125,750,244.8,625
2025-12,Thor's Mjolnir - Full Metal,Default Title,BS310623,3,622.5,-20.75,0,601.75,120.35,722.1,407.64,601.75
2025-12,Final Fantasy VIII - NEW Superior Squall Gunblade,Default Title,VX221148,5,750,-37.5,-125,587.5,117.5,705,185,587.5
2025-12,Colt 'Cavalry' Single Action Army (Nickel),Default Title,G1191NQ,8,600,-15,0,585,117,702,367.28,585
2025-12,Final Fantasy VII (Remake) - Upgraded Cloud's Strife Buster Sword,Default Title,AM256,3,624.99,-41.66,0,583.33,116.67,700,206.22,583.33
2025-12,M16A1 - USA Assault Rifle 1967 with Sling,Default Title,G9133,3,600,-20,0,580,116,696,407.46,580
2025-12,Assassin's Creed Odyssey - Leonidas' Spear,Default Title,BS110866,6,578.35,0,0,578.35,115.65,694,255.18,578.35
2025-12,John Wayne Special Winchester Rifle,Default Title,G1069,3,562.5,0,0,562.5,112.5,675,340.68,562.5
2025-12,Winchester Mod. 66 Lever Action Carbine Rifle,Default Title,G1140G,3,562.5,0,0,562.5,112.5,675,372.81,562.5
2025-12,Lord Of The Rings - Sauron's Helmet (Resin),Default Title,BG011954,5,583.33,-23.32,0,560.01,111.99,672,298.85,560.01
2025-12,Valyrian Steel Game of Thrones - Widows Wail Sword of Joffrey and Jaime Lannister,Default Title,VS-VS0116,2,541.66,0,0,541.66,108.34,650,381.56,541.66
2025-12,The Witcher III - Geralt's Steel Sword (Wolf Pommel),Default Title,BS110616,5,649.98,0,-108.33,541.65,108.35,650,137.5,541.65
2025-12,Luger Parabellum P08 (Wood Grips) - Germany WWI & WWII,Default Title,G1144M,5,866.64,0,-324.99,541.65,108.35,650,406.15,541.65
2025-12,Legend Of Zelda - Handforged Deluxe Master Sword (Damascus Blade),Default Title,HK8838,3,623.34,0,-124.17,499.17,99.83,599,236.61,499.17
2025-12,The Witcher III - Deluxe Ciri Sword,Default Title,,5,497.5,0,0,497.5,99.5,597,202.7,497.5
2025-12,Sword Art Online  - Kirito Elucidator,Default Title,HK9495E,5,732.48,-21.66,-216.66,494.16,98.84,593,129.35,494.16
2025-12,The Witcher III - Geralt's Steel Sword (Mace Pommel),Default Title,BS110614,5,949.14,0,-454.99,494.15,124.85,619,213,624.15
2025-12,Thundercats - Sword Of Omens Dagger Eye Of Thundera,Default Title,AM140-1,12,583.36,-8.32,-83.34,491.7,98.3,590,143.64,491.7
2025-12,Kit Harington Signed Jon Snow Longclaw - SWAU Authenticated,Default Title,AUTO001,2,491.66,0,0,491.66,98.34,590,400,491.66
2025-12,James Bond Walther PPK With Silencer,Default Title,G1311,5,600,-10,-100,490,98,588,310.05,490
2025-12,Assassin's Creed  - Short Sword of Altair,Default Title,HK8215,8,666.64,-11.66,-194.17,460.81,92.19,553,140,460.81
2025-12,Lord Of The Rings - United Cutlery Officially Licensed Knives Of Legolas SIGNED BY ORLANDO BLOOM!,Default Title,UC-UC1372,1,457.5,0,0,457.5,91.5,549,191.41,457.5
2025-12,"The Lord Of The Rings - Handforged Folded Steel ""Damascus"" Deluxe Anduril",Default Title,JOT033HF,3,1161,-18.62,-686.67,455.71,120.94,576.65,218.25,455.71
2025-12,Vikings Ragnar Lothbrok's Raider Shield,Default Title,S241331,3,450,0,0,450,90,540,207,450
2025-12,Assassin's Creed - Sword Of Altair,Default Title,BS015335,5,750,0,-300,450,90,540,155,450
2025-12,1869 Smith & Wesson Schofield 6 Shot Revolver In Nickel Finish,Default Title,G1008NQ,5,458.34,-9.16,0,449.18,89.82,539,263.7,449.18
2025-12,Ragnar Lodbrok Viking Axe - Sweden 9th Century,Default Title,G605,9,442.53,0,0,442.53,88.47,531,261,442.53
2025-12,"Resident Evil - Python .357 6""",Default Title,G1050,5,458.33,-18.32,0,440.01,87.99,528,233.45,440.01
2025-12,The Lord Of The Rings - NEW AND IMPROVED Aragorn's Angrist Elven Knife,Default Title,VX221073,6,445,-11.11,0,433.89,86.76,520.65,84,433.89
2025-12,"Call Of Duty - Desert Eagle (Black) - Deadpool, Tomb Raider, Supernatural",Default Title,G1123,4,433.32,0,0,433.32,86.68,520,273.68,433.32
2025-12,"The Last Kingdom - Uhtred ""Serpents Breath"" Sword",Default Title,VX221682-2,4,866.64,0,-433.32,433.32,86.68,520,156,433.32
2025-12,The Witcher - Wild Hunt Gwynbleidd Steel Sword,Default Title,HK8786CU,4,432.51,0,0,432.51,86.49,519,166,432.51
2025-12,"Demon Slayer - Kyojuro Rengoku Nichirin Display (Metal, Straight Blade) Katana with Light Up Blade",Default Title,BS310860,6,449.99,-19.16,0,430.83,86.17,517,126,430.83
2025-12,Legend Of Zelda - Master Sword with Triforce Plaque,Default Title,BS310085,4,463.32,-33.33,0,429.99,86.01,516,86,429.99
2025-12,The Witcher III - Deluxe Wild Hunt Geralt Silver Sword,Default Title,HK8787CU,5,495,0,-82.5,412.5,82.5,495,210,412.5
2025-12,Star Wars - Hot Toys Darth Maul With Sith Speeder,Default Title,HT9133632,1,825,0,-412.5,412.5,82.5,495,0,0
2025-12,Beretta 92 / Us Military M9 (Nickel Finish),Default Title,G1254/NQ,4,433.32,-21.66,0,411.66,82.34,494,316.52,411.66
2025-12,Lord Of The Rings - United Cutlery Officially Licensed Mace Of Sauron Red Eye Edition,Default Title,UC-UC3520,1,407.5,0,0,407.5,81.5,489,269.19,407.5
2025-12,Legend Of Zelda - Master Sword,Default Title,BS015961,6,400.02,0,0,400.02,79.98,480,126,400.02
2025-12,"Mauser C96 ""Broomhandle"" Pistol",Default Title,G1024,4,400,0,0,400,80,480,199.76,400
2025-12,"Jujutsu Kaisen - Deluxe Inverted Spear of Heaven, Cursed Dagger From Fushiguro Toji",Default Title,AM210,5,412.5,-16.5,0,396,79.2,475.2,181.9,396
2025-12,Lord Of The Rings - United Cutlery Officially Licensed Horn of Gondor,Default Title,UC-UC3455,2,416.64,-20.82,0,395.82,79.17,474.99,268.6,395.82
2025-12,BERSERK - Guts Dragon Slayer Greatsword (150cm) Full Metal,Default Title,AM223,2,415,-20.75,0,394.25,78.85,473.1,181.7,394.25
2025-12,CALL OF DUTY - USSR WWII PPSH-41 Submachine Gun 1941,Default Title,G9301,2,425,-30.83,0,394.17,78.83,473,297.94,394.17
2025-12,One Piece - Roronoa Zoro Display (Straight) Katana Enma,Default Title,BS310702,6,600.01,-13.32,-193.34,393.35,78.65,472,89.82,393.35
2025-12,One Piece - Roronoa Zoro's Sandai Kitetsu Display (Straight Blade) Katana,Default Title,HK9413,7,408.31,-17.49,0,390.82,78.18,469,76.72,390.82
2025-12,"""Nanashi"" Hand Forged Katana In Clay Tempered 1095 HCS",Default Title,BS310366CT,2,414.99,-24.91,0,390.08,78.02,468.1,134,390.08
2025-12,Blade - Sword Of The Daywalker,Default Title,BS014177,5,412.5,-24.75,0,387.75,77.55,465.3,163.65,387.75
2025-12,Demon Slayer - Twelve Kizuki Kokushibo Flesh Sword Display (Straight Blade) Katana,Default Title,BS310711,6,458.34,-6.66,-66.67,385.01,76.99,462,66.3,385.01
2025-12,Naruto - Sasuke Grass Cutter Kusanagi Display (Straight Blade) Sword,Default Title,BS310690,7,408.31,-23.32,0,384.99,77.01,462,127.75,384.99
2025-12,"Deluxe ""Karoshi"" Clay Tempered Hand Forged Katana In 1095 HCS",Default Title,BS111137K,2,381.66,0,0,381.66,76.34,458,125.14,381.66
2025-12,"Deluxe ""Munraito"" Hand Forged Katana In Clay Tempered 1060 HCS",Default Title,BS310368CT,2,381.66,0,0,381.66,76.34,458,130.76,381.66
2025-12,Model 1873 Repeating Rifle - Simulated Loading and Shell Ejection,Default Title,G8318,2,375,0,0,375,75,450,248.54,375
2025-12,"Shaun Of The Dead - Winchester ""Yellowboy""  Carbine Rifle",Default Title,G1140L,2,750,0,-375,375,75,450,248.54,375
2025-12,"The Witcher - Deluxe Handforged Geralt's Steel Sword (Damascus Steel, Wolf Pommel)",Default Title,HK9320HF,3,372.51,0,0,372.51,74.49,447,354,372.51
2025-12,Lord Of The Rings - Legolas Dagger Collectable (28cm),Default Title,HK8439,19,412.43,0,-41.66,370.77,74.23,445,95,370.77
2025-12,Colt 'Quickdraw' Single Action Army,Default Title,G1106/G,5,375,-15,0,360,72,432,221.65,360
2025-12,CALL OF DUTY - German Parabellum Luger P08,Default Title,G1143,4,366.67,-9.16,0,357.51,71.49,429,310.84,357.51
2025-12,Tzss Cosplay Horde Membership,Default Title,,43,383.18,-5.39,-24.16,353.63,70.87,424.5,0,0
2025-12,Bloodborne - Ludwig's Holy Blade,Default Title,BS310908,3,350.01,0,0,350.01,69.99,420,380.76,350.01
2025-12,Game Of Thrones - Deluxe Brienne Of Tarth's Oathkeeper,Default Title,VX221874,3,350.01,0,0,350.01,69.99,420,120,350.01
2025-12,Assassin's Creed Shadows - Official Naoe Hidden Blade Lifesize Replica,Default Title,PA032AC,3,347.49,0,0,347.49,69.51,417,156.9,347.49
2025-12,Lord Of The Rings - Thranduil Sword Collectible (40cm),Default Title,HK8443MUB,12,437.53,-5.82,-84.59,347.12,69.38,416.5,82.2,347.12
2025-12,"""Brown Bess"" Short Land Pattern Musket British Napoleonic War Rifle - England 1712",Default Title,G1054,2,365,-18.25,0,346.75,69.35,416.1,220.2,346.75
2025-12,Naruto - Sasuke Grass Cutter Kusanagi Sword,Default Title,BS110589,7,350,-5,0,345,69,414,119,345
2025-12,"Elden Ring - Moonveil Display (Straight Blade, 102cm) Katana",Default Title,BS310828,7,344.19,0,0,344.19,68.81,413,78.05,344.19
2025-12,BLEACH - Ichigo Bankai Zangetsu,Default Title,BS013983B,6,449.18,-25.41,-80,343.77,84.73,428.5,84,343.77
2025-12,Vikings - Deluxe Sword Of Kings,Default Title,VX221085,3,362.49,-24.16,0,338.33,67.67,406,171.24,338.33
2025-12,Demon Slayer - Tanjiro Kamado Fire Breath Black Nichirin Display (Straight Blade) Katana,Default Title,BS310686,5,466.69,0,-133.34,333.35,66.65,400,91.25,333.35
2025-12,Lord Of The Rings - United Cutlery Officially Licensed Spear of Eomer,Default Title,UC-UC3508,1,333.32,0,0,333.32,66.67,399.99,215.34,333.32
2025-12,"Thor’s Stormbreaker - Full Size, Metal Stormbreaker",Default Title,BS110890,1,332.5,0,0,332.5,66.5,399,339.96,332.5
2025-12,The Witcher - Hand Forged Silver & Steel Damascus Combo Special Offer Save £50,Damascus Silver & Bell Pommel Steel Sword,HK9320COMBO-DA-1,1,332.5,0,0,332.5,66.5,399,236,332.5
2025-12,Lord Of The Rings - United Cutlery Officially Licensed High Elven Helm (Limited Edition),Default Title,UC-UC1382,1,358.32,-35.82,0,322.5,64.5,387,249.71,322.5
2025-12,Loki - Laevateinn Dagger,Default Title,AM090,10,434.16,-3.75,-108.75,321.66,64.34,386,120,321.66
2025-12,Demon Slayer - Inosuke Hashibara Nichirin Blade Display (Straight Blade) Katana,Default Title,BS111081-SI,5,325,-6.66,0,318.34,63.66,382,86.8,318.34
2025-12,DEADPOOL - Gold Desert Eagle,Default Title,G1123/L,3,515.82,-9.16,-190.83,315.83,63.17,379,184.74,315.83
2025-12,Legend Of Zelda - Tears Of The Kingdom Broken Master Sword,Default Title,AM160,4,330,-16.5,0,313.5,62.7,376.2,137.16,313.5
2025-12,Colt Army Model 1860 USA Civil War 1860 - Clint Eastwood,Default Title,G1007/L,4,316.67,-7.91,0,308.76,61.74,370.5,214.32,308.76
2025-12,"USA WWII M3 ""Grease Gun"" Smg",Default Title,G1313,2,325,-16.25,0,308.75,61.75,370.5,202.46,308.75
2025-12,Military Sharps Carbine - USA 19th Century,Default Title,G1142,2,308.34,0,0,308.34,61.66,370,177.7,308.34
2025-12,Desert Eagle - Joker Style Chrome Finish,Default Title,G1123NQ,3,300,0,0,300,60,360,181.65,300
2025-12,Lord Of The Rings - Officially Licensed United Cutlery High Elven Warrior Sword,Default Title,UC-UC1373,1,332.5,-33.25,0,299.25,59.85,359.1,223.84,299.25
2025-12,House Of The Dragon - Officially Licensed Valyrian Steel Blackfyre Sword of Aegon the Conqueror,Default Title,VS-VS0008,1,299.17,0,0,299.17,59.83,359,206.25,299.17
2025-12,"Colt 'Lone Ranger' Single Action Army 5.5"" (Bright Nickel) - USA 1873",Default Title,G1150NQ,4,300,-7.5,0,292.5,58.5,351,177.8,292.5
2025-12,"Demon Slayer - Zenitsu Agatsuma Nichirin Display (Metal, Straight Blade) Katana with Light Up Blade",Default Title,BS310857,4,375,-7.5,-75,292.5,58.5,351,84,292.5
2025-12,NEW Full Metal Witch King Helm,Default Title,AH-241183,2,291.66,0,0,291.66,58.34,350,28,291.66
2025-12,Captain America - Deluxe Shield,Default Title,HK404-GS,2,391.64,-99.98,0,291.66,58.34,350,245.38,291.66
2025-12,Devil May Cry - Dante's Rebellion,Default Title,HK213R,3,289.17,0,0,289.17,57.83,347,100.5,289.17
2025-12,Musketeer Rapier - 18th Century Europe,Default Title,HK5921,3,297.5,-9.91,0,287.59,57.51,345.1,0,0
2025-12,"Dragons of the Seven Kingdoms - Midnight Dragon Display Katana (Metal, Straight Blade)",Default Title,BS0151135-2,5,291.65,-5.83,0,285.82,57.18,343,71,285.82
2025-12,Valyrian Steel Game of Thrones - Longclaw Sword of Jon Snow,Default Title,VS-VS0106,1,558.34,0,-279.17,279.17,55.83,335,190.78,279.17
2025-12,"Deluxe ""Warrior's Rage"" (Black) Hand Forged Katana In Clay Tempered 1060 HCS",Default Title,BS310161BKCT,1,270.83,0,0,270.83,54.17,325,94,270.83
2025-12,GLADIATOR - Maximus' Twin Spatha/Gladius,Default Title,HK8737,3,266.67,0,0,266.67,53.33,320,39.93,266.67
2025-12,Alice In Darkness - Vorpal Blade,Default Title,HK1043,5,379.18,-5.41,-108.34,265.43,53.07,318.5,47.75,265.43
2025-12,Genuine Leather Holster and Cartridge Belt For Single Revolver,Default Title,G703,3,272.49,-9.08,0,263.41,52.69,316.1,163.74,263.41
2025-12,The Walking Dead - Michonne Display Katana,Default Title,BS015963SS,4,266.67,-4.16,0,262.51,52.49,315,88,262.51
2025-12,"""Yakushima"" 1095 HCS Clay Tempered Hand Forged Katana",Default Title,BS111134,1,290.83,-29.08,0,261.75,52.35,314.1,68.27,261.75
2025-12,Devil May Cry 5 - Vergil's Yamato Display (Straight Blade) Katana,Default Title,VX221228,4,333.34,-6.66,-66.67,260.01,51.99,312,42.2,260.01
2025-12,"""Itsukushima"" Hand Forged Tanto In 1095Hcs",Default Title,BS111135,4,333.34,-6.66,-66.67,260.01,51.99,312,141.84,260.01
2025-12,Naruto - Kunai (Metal),Default Title,AM035,11,283.33,0,-25,258.33,51.67,310,53.35,258.33
2025-12,The Hobbit: Desolation Of Smaug - United Cutlery Officially Licensed Knives Of Tauriel,Default Title,UC-UC3044,1,257.5,0,0,257.5,51.5,309,173.9,257.5
2025-12,Kill Bill - Deluxe Budd's (Michael Madsen) Hattori Hanzo Hand Forged Katana in Clay Tempered HCS,Default Title,bs011024-buddCT,1,249.17,0,0,249.17,49.83,299,72,249.17
2025-12,"The Witcher - Deluxe Handforged Geralt's Steel Sword (Damascus, Mace Pommel)",Default Title,HK9320BHF,2,248.34,0,0,248.34,49.66,298,236,248.34
2025-12,Amy Jo Johnson Signed Pink Power Ranger Helmet - SWAU Authenticated,"Signed with ""Pterodactyl!""",AUTO002-SI-1,1,245.83,0,0,245.83,49.17,295,200,245.83
2025-12,Colt Navy Civil War Revolver 1851 (Pearl),Default Title,G6040,3,247.49,-4.12,0,243.37,48.68,292.05,148.17,243.37
2025-12,Supernatural - Impala Trunk Knife,Default Title,HK2022,10,275,-10,-22.5,242.5,48.5,291,60,242.5
2025-12,Red Dragon Display (Straight) Katana Triple Set,Default Title,29152r-c,3,247.5,-8.25,0,239.25,47.85,287.1,111.93,239.25
2025-12,LORD OF THE RINGS - NEW AND IMPROVED Deluxe King Theoden's Herugrim Sword,Default Title,vx221084,2,250,-12.5,0,237.5,47.5,285,48,237.5
2025-12,"""Death's Head"" 18th Century Pirate Flintlock (Gunmetal Grey)",Default Title,G1103G,4,249.99,-15.62,0,234.37,46.88,281.25,106.6,234.37
2025-12,Fate Stay Night - Excalibur Sword Of Saber,Default Title,BS310691,2,233.34,0,0,233.34,46.66,280,74,233.34
2025-12,".357 Snub Nose Magnum - True Romance, Reservoir Dogs",Default Title,G1062,3,366.67,-41.66,-91.67,233.34,46.66,280,174,233.34
2025-12,Bleach - Rukia Sode No Shirayuki Display (Straight Blade) Katana,Default Title,BS310817,4,291.65,0,-58.33,233.32,46.68,280,88,233.32
2025-12,Demon Slayer - Tanjiro Kamado Black Nichirin Display (Straight Blade) Katana,Default Title,BS111079,4,291.65,0,-58.33,233.32,46.68,280,69.44,233.32
2025-12,"Lord Of The Rings - Officially Licensed United Cutlery Angrist, Elven Knife Of Strider",Default Title,UC-UC1371,1,232.5,0,0,232.5,46.5,279,138.2,232.5
2025-12,Halo -Ma5B Assault Rifle (Cosplay Safe Foam),Default Title,BG012023,8,262.51,-5.82,-29.17,227.52,45.48,273,198.16,227.52
2025-12,Sekiro - White Lotus Sword - Genichiro Ashina Mortal Blade Display (Straight Blade) Katana,Default Title,,3,316.66,-10.17,-79.17,227.32,45.46,272.78,44.55,227.32
2025-12,Supernatural - Bobby's Colt .45,Default Title,G1109/L,3,300,-7.5,-67.5,225,45,270,133.35,225
2025-12,Colt 'Wolfsbane' Single Action Army,Default Title,M-1280/L,3,225,0,0,225,45,270,133.35,225
2025-12,Kingdom Hearts - Oblivion,Default Title,BS210003,5,229.15,-4.58,0,224.57,44.93,269.5,160,224.57
2025-12,Lord Of The Rings - United Cutlery Officially Licensed Sword of Eomer,Default Title,UC-UC3383,1,249.16,-24.91,0,224.25,44.85,269.1,150.51,224.25
2025-12,"Shin Gunto Second World War Officer's Katana - Handforged, Clay Tempered HCS",Default Title,BS310371-1,1,249.16,-24.91,0,224.25,44.85,269.1,90.93,224.25
2025-12,Conan The Barbarian / Stranger Things - Atlantean Sword,Default Title,BS014659,2,233.33,-11.66,0,221.67,44.33,266,104,221.67
2025-12,Lord Of The Rings -  Aragorn King Of Gondor Helmet,Default Title,AH24144,2,233.33,-11.66,0,221.67,44.33,266,150,221.67
2025-12,Fate Stay Night - Black Excalibur Morgan - Sword Of Saber,Default Title,BS111101,2,233.33,-11.66,0,221.67,44.33,266,74,221.67
2025-12,"The Hobbit - Sting (Brown Scabbard, 70cm)",Default Title,HK750L,4,349.98,-11.66,-116.66,221.66,44.34,266,56,221.66
2025-12,Lord Of The Rings - United Cutlery Officially Licensed Narsil Sword,Default Title,UC-UC1267,1,737.49,-49.16,-467.08,221.25,44.25,265.5,159.07,221.25
2025-12,Colt 'Cavalry' Single Action Army (Steel),Default Title,G1191G,3,300,-7.5,-75,217.5,43.5,261,137.73,217.5
2025-12,CALL OF DUTY - German Parabellum Luger P08 in Trophy Nickel,Default Title,G8143,2,216.66,0,0,216.66,43.34,260,155.72,216.66
2025-12,Lord Of The Rings - Officially Licensed United Cutlery Anduril Scabbard,Default Title,UC-UC1396,1,216.62,0,0,216.62,43.33,259.95,142.81,216.62
2025-12,Lord Of The Rings - Officially Licensed United Cutlery Shards Of Narsil Statue,Default Title,UC-UC3600,2,215,0,0,215,43,258,132.18,215
2025-12,Sword Of Gryffindor,Default Title,BS011033,5,291.69,0,-83.34,208.35,41.65,250,75,208.35
2025-12,"Deluxe ""Warrior's Rage"" (Blue) Hand Forged Katana In Clay Tempered 1060 HCS",Default Title,BS310161BLCT,1,207.5,0,0,207.5,41.5,249,45.23,207.5
2025-12,"M1 Garand USA WWII 1932 ""Battleworn Edition""",Default Title,G2105,1,207.5,0,0,207.5,41.5,249,158.84,207.5
2025-12,"Deluxe ""Warrior's Rage"" (Red) Hand Forged Katana In Clay Tempered 1060 HCS",Default Title,BS310161RCT,1,207.5,0,0,207.5,41.5,249,94,207.5
2025-12,AKS47 - Kalashnikov Skladnoy With Folding Stock,Default Title,G1097,1,415,-2.15,-205.35,207.5,41.5,249,161.1,207.5
2025-12,Luger 'Artillery' Parabellum P08 - Germany WWI & WWII,Default Title,G1145,2,216.66,-10.83,0,205.83,41.17,247,162.46,205.83
2025-12,Duelling Pair of Percussion Pistols - Italy 1825,Default Title,G2-1013G,2,216.66,-10.83,0,205.83,41.17,247,57.92,205.83
2025-12,Star Wars - Han Solo Dl-44 Blaster (Cosplay Safe Foam),Default Title,FM242,10,208.3,-6.24,0,202.06,40.44,242.5,46.6,202.06
2025-12,Lord Of The Rings - Officially Licensed United Cutlery Bearded Axe of Gimli with Plaque,Default Title,UC2628,1,224.16,-22.41,0,201.75,40.35,242.1,145.99,201.75
2025-12,Elden Ring - Rivers Of Blood Display (Straight Blade) Katana,Default Title,BS310829,3,266.68,0,-66.67,200.01,39.99,240,45,200.01
2025-12,One Piece  - Luffy Nidail Kitetsu Display (Straight) Katana,Default Title,BS310684,3,200.01,0,0,200.01,39.99,240,54,200.01
2025-12,"Demon Slayer - Yoriichi Tsugikuni Sun Breathing Gold Nichirin Display (Metal, Straight Blade) Katana with Light Up Blade",Default Title,BS310866,3,200.01,0,0,200.01,39.99,240,64.5,200.01
2025-12,Demon Slayer - Yoriichi Tsugikuni Sun Breathing Gold Nichirin Display (Straight Blade) Katana,Default Title,BS310827,3,200,-6.66,0,193.34,38.66,232,63.84,193.34
2025-12,"Kill Bill - Deluxe ""O-Ren Ishii"" Hand Forged Shirasaya in Clay Tempered HCS",Default Title,bs011024-orenCT,1,190.83,0,0,190.83,38.17,229,48.29,190.83
2025-12,Kill Bill - Deluxe Bill's (David Carradine) Hattori Hanzo Hand Forged Katana In Clay Tempered HCS,Default Title,BS011024-BILLCT,1,190.83,0,0,190.83,38.17,229,57.91,190.83
2025-12,Honshu Historic Forge - Single Handed Sword,Default Title,UC-UC3465,1,190.83,0,0,190.83,38.17,229,127.21,190.83
2025-12,The Bastard Snow - Sword With Plaque (Book Version),Default Title,BS015791-1,2,300,-10,-100,190,38,228,61,190
2025-12,Bleach - Kenpachi Nozarashi Display (Straight Blade) Katana,Default Title,BS310816,3,187.5,0,0,187.5,37.5,225,37.68,187.5
2025-12,World Of Warcraft - Lich King Arthas Frostmourne Sword,Default Title,VX221734,1,187.5,0,0,187.5,37.5,225,65,187.5
2025-12,Lord Of The Rings - Deluxe Handforged Damascus Steel Strider Sword,Default Title,JOT034FD,1,187.5,0,0,187.5,37.5,225,83,187.5
2025-12,Black Myth Wukong - Wukong Staff (Metal),Default Title,AM246X,1,187.5,0,0,187.5,37.5,225,37.2,187.5
2025-12,Transformers - Optimus Prime's Sword Of The Primus,Default Title,BS016754,1,208.33,-20.83,0,187.5,37.5,225,80,187.5
2025-12,Demon Slayer - Muichiro Tokito White Nichirin Display (Straight Blade) Katana,Default Title,BS111060,3,333.35,0,-146.67,186.68,53.32,240,52.08,186.68
2025-12,Kill Bill - Hattori Hanzo Triple Set Display Katana (Straight Blade),Default Title,VX221700,2,183.34,0,0,183.34,36.66,220,79.02,183.34
2025-12,Legend Of Zelda - Skyward Sword,Default Title,BS310765,2,183.34,0,0,183.34,36.66,220,48.3,183.34
2025-12,Shoulder Holster - Black Leather,Default Title,716,4,183.33,0,0,183.33,36.67,220,153.36,183.33
2025-12,Lord Of The Rings - United Cutlery Officially Licensed Sting Sword,Default Title,UC1264,1,365,0,-182.5,182.5,36.5,219,107.51,182.5
2025-12,"Deluxe ""Suteta Ken"" Clay Tempered Hand Forged Katana",Default Title,BS310365CT,1,182.5,0,0,182.5,36.5,219,67.75,182.5
2025-12,Game Of Thrones - Jaime Lannister Sword,Default Title,BS310057,2,272.49,0,-90.83,181.66,36.34,218,86,181.66
2025-12,The Walking Dead - Neagan's Lucille,Default Title,BS310616,3,312.5,-6.25,-125,181.25,36.25,217.5,81,181.25
2025-12,Demon Slayer - Sanemi Shinazugawa Green Nichirin Display (Straight Blade) Katana,Default Title,BS111054,3,191.66,-12.49,0,179.17,35.83,215,52.08,179.17
2025-12,Star Wars - Boba Fett's Ee-3 Blaster (Cosplay Safe Foam),Default Title,FM241,6,175.02,0,0,175.02,34.98,210,53.16,175.02
2025-12,The Lord Of The Rings - Officially Licensed One Ring Lamp,Default Title,LAMP007,4,174.97,0,0,174.97,24.99,199.96,83.32,174.97
2025-12,JAMES BOND - Walther PPK in Nickel,Default Title,G1277NQ,2,366.65,-27.48,-165,174.17,34.83,209,114.64,174.17
2025-12,Pirates Of the Caribbean - Pirate Cutlass,Default Title,,2,183.33,-9.16,0,174.17,34.83,209,50.84,174.17
2025-12,Hand Grenade Mk2 Pineapple (Green) - USA 1918,Default Title,738V,6,175.01,-2.91,0,172.1,34.4,206.5,94.44,172.1
2025-12,Kill Bill - The Bride's Display (Straight Blade) Katana,Default Title,BS011024BRST,3,174.99,-5.83,0,169.16,33.84,203,63,169.16
2025-12,Metal Gear - Raiden's High Frequency Blade,Default Title,BS310824,3,174.99,-5.83,0,169.16,33.84,203,45,169.16
2025-12,World Of Warcraft - Lich King Shadowmourne Axe,Default Title,BS015630,1,187.5,-18.75,0,168.75,33.75,202.5,39,168.75
2025-12,"Deluxe ""Karoshi"" Clay Tempered Hand Forged Wakizashi In 1095 HCS",Default Title,BS111137WCT,1,165.83,0,0,165.83,33.17,199,59.92,165.83
2025-12,Game Of Thrones - Khal Drogo Scimitar,Default Title,BS310329,2,165,0,0,165,33,198,76,165
2025-12,GAME OF THRONES - Arya's Needle With Plaque,Default Title,,2,165,0,0,165,33,198,69.04,165
2025-12,Assassin's Creed - AC3 Connor's Tomohawk,Default Title,CK0412,4,166.67,-4.16,0,162.51,32.49,195,66.96,162.51
2025-12,Lord Of The Rings - Officially Licensed United Cutlery Uruk Hai Scimitar,Default Title,UC-UC1309,1,162.5,0,0,162.5,32.5,195,103.82,162.5
2025-12,God Of War - Ragnarok Leviathan Axe with Glow In The Dark Runes,Default Title,AM224,1,245.83,-83.33,0,162.5,32.5,195,157.15,162.5
2025-12,Cap Firing Dummy Rounds For Colt Single Action Army 6 Pack,Default Title,G49,15,162.33,-1.07,0,161.26,32.3,193.56,44.7,161.26
2025-12,Wyatt Earp's O.K. Corrall Colt Peacemaker,Default Title,G7303,2,158.34,0,0,158.34,31.66,190,84.98,158.34
2025-12,"Deluxe ""Kelsunyo"" Minamoto Hand Forged Katana In Clay Tempered 1095 HCS",Default Title,BS310367CT,1,157.5,0,0,157.5,31.5,189,52.72,157.5
2025-12,Colt Navy 1851,Default Title,G1040/L,2,158.33,-7.91,0,150.42,30.08,180.5,111.88,150.42
2025-12,Chinese Dragon Emperor Sword (Full Metal),Default Title,CHS031R,2,158.33,-7.91,0,150.42,30.08,180.5,48.06,150.42
2025-12,Game Of Thrones - Ned Stark's Ice Collectable (42cm),Default Title,BS016645,9,150.03,0,0,150.03,29.97,180,53.55,150.03
2025-12,Aragorn's Angrist Elven Blade (Black),Default Title,BS011221,4,150,0,0,150,30,180,36,150
2025-12,"Colt ""Deputy"" Single Action Army 5.5"" (Black)",Default Title,G1106N,2,150,0,0,150,30,180,80.82,150
2025-12,The Hobbit - Sting With Scabbard And Display Plaque (70cm),Default Title,VX221040,2,150,0,0,150,30,180,28,150
2025-12,Legend Of Heroes - Shizuna Rem Misurugi's Crimson Blade Of The Lightning Knight Display (Straight Blade) Katana,Default Title,,3,150,0,0,150,30,180,0,0
2025-12,Attack On Titan Vme Sword,Pair for £199,,1,165.83,-16.58,0,149.25,29.85,179.1,0,0
2025-12,"Deluxe ""Righteous Dragon"" Hand Forged Wakizashi In Clay Tempered 1095 HCS",Default Title,BS310133WCT,1,149.17,0,0,149.17,29.83,179,62.48,149.17
2025-12,Katana Stand (Single),Default Title,BP011368,12,187.5,-2.5,-37.5,147.5,29.5,177,72,147.5
2025-12,Pair Of Attack On Titan Cosplay/Larp,Default Title,BS310051,4,187.5,-3.75,-37.5,146.25,29.25,175.5,88,146.25
2025-12,Roman Centurion Helmet - Gallic H,Default Title,AH6069,1,145.83,0,0,145.83,29.17,175,77.44,145.83
2025-12,Colt 'Widowmaker' Single Action Army,Default Title,B-1281/L,2,150,-7.5,0,142.5,28.5,171,88,142.5
2025-12,Napoleon Flintlock Double Cannon - France 1806,Default Title,G1026,2,148.33,-7.41,0,140.92,28.18,169.1,101.88,140.92
2025-12,"Mare's Leg Carbine - Firefly/Serenity, Zombieland",Default Title,G1095,1,140.83,0,0,140.83,28.17,169,81.14,140.83
2025-12,"Mare's Leg Carbine - Firefly/Serenity, Zombieland (Black Edition)",Default Title,G2095,1,140.83,0,0,140.83,28.17,169,81.14,140.83
2025-12,Dark Souls - Greatsword of Artorias – The Blade of the Abysswalker (108cm Display Edition),Default Title,,1,140.83,0,0,140.83,28.17,169,0,0
2025-12,LORD OF THE RINGS - Deluxe Strider Ranger Sword,Default Title,BS011222,1,154.16,-15.41,0,138.75,27.75,166.5,78.91,138.75
2025-12,Devil May Cry -Nero's  Blue Rose (Resin),Default Title,GN001,3,137.51,0,0,137.51,27.49,165,74.67,137.51
2025-12,"Kill Bill - Deluxe ""The Bride"" (Uma Thurman) Hatori Hanzo Hand Forged Katana In Clay Tempered HCS",Default Title,bs011024-brideCT,1,381.66,-19.08,-229,133.58,72.52,206.1,46.7,133.58
2025-12,LOTR Anduril Wedding Cake Knife/ Letter Opener,Default Title,BS013484,8,166.7,0,-33.34,133.36,26.64,160,64,133.36
2025-12,Highlander Endgame - Duncan Macleod Display (Straight Blade) Katana,Default Title,BS110729,2,133.34,0,0,133.34,26.66,160,20.42,133.34
2025-12,One Piece - Roronoa Zoro Display (Straight) Katana (White),Default Title,BS111051,2,200.01,0,-66.67,133.34,26.66,160,39.22,133.34
2025-12,"The Witcher III Silver Sword - 15"" Collectable",Default Title,VX221819,6,253.32,-20,-99.99,133.33,26.67,160,72,133.33
2025-12,Lord Of The Rings - Officially Licensed Sting Lamp,Default Title,,4,133.32,0,0,133.32,26.68,160,0,0
2025-12,Supernatural - The First Blade,Default Title,HK8465,2,187.5,0,-62.5,125,25,150,28.14,125
2025-12,"""Head Knocker"" 18th Century Pirate Percussion Pistol",Default Title,G1104L,2,125,0,0,125,25,150,59.54,125
2025-12,Flintlock Blunderbuss - 18th Century English,Default Title,G1094/L,1,250,0,-125,125,25,150,78.63,125
2025-12,THE WITCHER - Deluxe Geralt's Silver Sword TV Show Version,Default Title,MS019,1,124.17,0,0,124.17,24.83,149,44,124.17
2025-12,Genuine Leather Double Holster and Cartridge Belt For Two Revolvers,Default Title,G704,1,124.17,0,0,124.17,24.83,149,71.34,124.17
2025-12,Sword Art Online - Asuna Lambent Light Rapier,Default Title,,1,124.17,0,0,124.17,24.83,149,50,124.17
2025-12,Beowulf - Viking / Anglo Saxon Full Metal Helmet,Default Title,,1,120.83,0,0,120.83,24.17,145,70,120.83
2025-12,Power Rangers - Green Ranger Dagger (Cosplay Safe Foam),Default Title,FM169,6,145.81,-4.16,-20.83,120.82,24.18,145,39.72,120.82
2025-12,Flintlock Blunderbuss Pistol - 18th Century,Default Title,G1231/G,3,122.5,-4.08,0,118.42,23.68,142.1,91.53,118.42
2025-12,Viserys' Blackfyre (TV Show Version),Default Title,VX221092,1,116.67,0,0,116.67,23.33,140,35.34,116.67
2025-12,Naitoforu' Hand Forged Katana,Default Title,BS310361,1,116.67,0,0,116.67,23.33,140,41,116.67
2025-12,The Witcher III Steel Sword (Wolf Pommel) - 40cm Collectable,Default Title,BS310616-15,4,149.99,0,-33.33,116.66,23.34,140,56,116.66
2025-12,The Witcher Wild Hunt- Steel Collectible 40cm,Default Title,HK8786SU,4,116.66,0,0,116.66,23.34,140,27.6,116.66
2025-12,One Piece - Roronoa Zoro's Shusui Display (Straight Blade) Katana,Default Title,BS014938-1,2,174.99,0,-58.33,116.66,23.34,140,39.22,116.66
2025-12,Bleach - Katana Of Urahara Kisuke - Benihime Display (Straight Blade) Katana,Default Title,BS014097,2,116.66,0,0,116.66,23.34,140,42.74,116.66
2025-12,Kill Bill - Bill's Display (Straight Blade) Katana,Default Title,BS011024BIST,2,116.66,0,0,116.66,23.34,140,39.7,116.66
2025-12,"Dragons of the Seven Kingdoms - Riyujin Dragon Display Katana (Metal, Straight Blade)",Default Title,BS015135-8,2,116.66,0,0,116.66,23.34,140,28.4,116.66
2025-12,Dummy Rounds For Colt Single Action Army 6 Pack,Default Title,G50,14,124.81,-1.64,-7.5,115.67,23.2,138.87,14,115.67
2025-12,M-24 Stielhandgranate Stick Grenade - Germany WWI & WWII (Green),Default Title,G737V,3,112.5,0,0,112.5,22.5,135,64.8,112.5
2025-12,One Piece - Roronoa Zoro's Enma Collectible (40cm),Default Title,LT020,4,113.33,-2.75,0,110.58,26.12,136.7,26,110.58
2025-12,Basic Katana Double Stand,Default Title,BP011362-2,7,133.33,-4.98,-18,110.35,25.65,136,35,110.35
2025-12,Basic Katana Stand (Matt Black),Default Title,BP011362-1,9,112.5,-3.75,0,108.75,21.75,130.5,0,0
2025-12,Hellsing - Pistol Pair Cassul & Jackal (Cosplay Safe Foam) Save £5,Default Title,FM247+248,3,112.5,-3.75,0,108.75,21.75,130.5,42,108.75
2025-12,Knife Pistol - 18th Century,Default Title,G1204,2,108.34,0,0,108.34,21.66,130,52.8,108.34
2025-12,Pigface Bascinet,Default Title,AH-XH016,1,108.33,0,0,108.33,21.67,130,59.46,108.33
2025-12,Lord Of The Rings - Arwen Evenstar Sterling Silver and Swarovski Crystal Pendant,Default Title,NN2770,1,108.33,0,0,108.33,21.67,130,75.25,108.33
2025-12,"Dragons of the Seven Kingdoms - Hizashi Dragon Display Katana (Metal, Straight Blade)",Default Title,BS015135-7,2,116.66,-11.66,0,105,21,126,28.4,105
2025-12,Conan The Barbarian - Father's Sword,Default Title,VX221744,1,116.66,-11.66,0,105,21,126,40,105
2025-12,Robert The Bruce Helm,Default Title,AH-XH018,1,116.66,-11.66,0,105,21,126,63.25,105
2025-12,God Of War - Kratos Chaos Blade,Default Title,BS111154,1,104.17,0,0,104.17,20.83,125,25.32,104.17
2025-12,Lord Of The Rings - Officially Licensed United Cutlery Rohan Banner,Default Title,UC-UC3675,2,287.5,-5.75,-178.25,103.5,34.5,138,78,103.5
2025-12,Pirate Flintlock Boarding Pistol - 18th Century,Default Title,G1012,2,108.33,-5.41,0,102.92,20.58,123.5,75.5,102.92
2025-12,Lord Of The Rings - Aragorn Anduril Sword (Cosplay/LARP Safe Foam),Default Title,FM034,5,104.15,-2.08,0,102.07,20.43,122.5,31.95,102.07
2025-12,M1911A1 Colt 'Mission Accomplished' Pistol (Gold Finish),Default Title,G5312,1,100,0,0,100,20,120,69,100
2025-12,Dragonball Z - Trunk's Sword,Default Title,BS110735,1,100,0,0,100,20,120,44,100
2025-12,Real Wood Revolver Display Stand,Default Title,G808,4,100,0,0,100,20,120,57.44,100
2025-12,Demon Slayer - Mitsuri Konroji Nichirin - Cosplay Safe Wood,Default Title,WD032,4,100,0,0,100,20,120,48,100
2025-12,Sting - Deluxe Version (Black),Default Title,BS010914,2,100,0,0,100,20,120,38,100
2025-12,Attack On Titan Vme Sword,Single Sword,36023276,1,200,0,-100,100,20,120,31,100
2025-12,Demon Slayer - Inosuke Nichirin - Cosplay Safe Wood With Sheath,Default Title,WD041,4,100,0,0,100,20,120,44,100
2025-12,Bleach - Ichigo Zangetsu Katana Collectable (42Cm),Default Title,LT023,4,100,0,0,100,20,120,26,100
2025-12,Buffy Slayer Scythe,Default Title,HK8761,1,100,0,0,100,20,120,29,100
2025-12,God Of War - Ragnarok Leviathan Axe (Cosplay Safe Foam),Default Title,FM290,3,199.98,0,-99.99,99.99,20.01,120,27,99.99
2025-12,Katana/Sword Floor Stand,Default Title,BP310044,3,99.99,0,0,99.99,20.01,120,51,99.99
2025-12,LOKI - Chitauri Sceptre (Cosplay Safe Foam),Default Title,FM186,3,99.99,0,0,99.99,20.01,120,47.22,99.99
2025-12,Demon Slayer - Kyojuro Rengoku Nichirin - Cosplay Safe Wood,Default Title,VX221241,3,99.99,0,0,99.99,20.01,120,36,99.99
2025-12,Lord Of The Rings - Deluxe Nazghul Ringwraith Sword,Default Title,VX221045,1,99.17,0,0,99.17,19.83,119,0,0
2025-12,Genshin Impact - Baal Raiden Shogun Engulfing Lightning (Metal),Default Title,BS310821,1,99.17,0,0,99.17,19.83,119,41,99.17
2025-12,Halo Energy Sword - Cosplay/Larp Safe Foam,Default Title,BS310528,4,94.5,-2.25,0,92.25,13.05,105.3,44,92.25
2025-12,Akaji Triple Set Display Katana (Straight Blade),Default Title,HKS052R-1,1,91.67,0,0,91.67,18.33,110,39.51,91.67
2025-12,Genuine Leather Sheriff's Holster and Cartridge Belt,Default Title,G721,1,90.83,0,0,90.83,18.17,109,49.98,90.83
2025-12,Thor's Hammer - Mjolnir (Toughened Resin),Default Title,BS310187+S,1,300,-10,-200,90,18,108,29.59,90
2025-12,RED DEAD REDEMPTION - LeMat Confederate Civil War Revolver 1855,Default Title,G1070,1,100,-10,0,90,18,108,53.61,90
2025-12,Demon Slayer - Tanjiro Kamado Season 2 Collectable (40 cm),Default Title,LT010,3,100,0,-16.67,83.33,16.67,100,19.5,83.33
2025-12,Demon Slayer - Inosuke Nichirin Collectable (40cm),Default Title,LT008,3,83.33,0,0,83.33,16.67,100,19.5,83.33
2025-12,Demon Slayer - Tanjiro Kamado Nichirin - Cosplay Safe Wood,Default Title,WD034,3,83.33,0,0,83.33,16.67,100,33,83.33
2025-12,Devil May Cry - Vergil Yamato Katana (Cosplay Safe Wood),Default Title,VX221344,3,83.33,0,0,83.33,16.67,100,38.37,83.33
2025-12,Demon Slayer - Zenitsu Agatsama Nichirin Katana Umbrella,Default Title,AM072-3,3,83.33,0,0,83.33,16.67,100,33,83.33
2025-12,Demon Slayer - Zenitsu Agatsuma Nichirin - Cosplay Safe Wood,Default Title,WD054,3,83.33,0,0,83.33,16.67,100,33,83.33
2025-12,Demon Slayer - Muichiro Tokito Nichirin Collectable (40cm),Default Title,VX221050,4,123.33,-40,0,83.33,16.67,100,12,83.33
2025-12,"""Tatsu"" Triple Set Display (Straight Blade) Katana",Default Title,BS013780B,1,82.5,0,0,82.5,16.5,99,39.51,82.5
2025-12,Highlander Endgame - Duncan Macleod Triple Set Display Katana (Straight Blade),Default Title,VX221693-1,1,91.66,-9.16,0,82.5,16.5,99,39.51,82.5
2025-12,Guardians Of The Galaxy - Drax's Daggers,Default Title,MS047,1,145,0,-62.5,82.5,16.5,99,0,0
2025-12,"""Mizuchi"" Full Tang 1065HCS Hand Forged Tanto",Default Title,T005,1,82.5,0,0,82.5,16.5,99,36.18,82.5
2025-12,Chinese Gongfu (Kung Fu) Taiji Sword (Full Metal) - Sworddance / Sword Yoga,Default Title,CHS015BK,1,82.5,0,0,82.5,16.5,99,22.94,82.5
2025-12,4-Barrel Revolving Flintlock - Assassin's Creed,Default Title,G1307,1,165,0,-82.5,82.5,16.5,99,39.11,82.5
2025-12,Blue Dragon Display (Straight) Katana Triple Set,Default Title,29152b-c,1,82.5,0,0,82.5,16.5,99,37.31,82.5
2025-12,White Dragon Display (Straight) Katana Triple Set,Default Title,29152w-c,1,82.5,0,0,82.5,16.5,99,37.31,82.5
2025-12,The Hobbit - United Cutlery Officially Licensed Sting Scabbard,Default Title,UC-UC2893,1,90.83,-9.08,0,81.75,16.35,98.1,56.33,81.75
2025-12,"The Hobbit - Sting Collectable (28cm, Brown)",Default Title,HK7701Y,4,166.64,-4.16,-81.24,81.24,16.26,97.5,20,81.24
2025-12,The Texas Chainsaw Massacre (1974) - Chainsaw Prop with Sound,Default Title,,1,79.17,0,0,79.17,15.83,95,47.95,79.17
2025-12,Longclaw Wedding Cake Knife (30cm),Default Title,BS110463,5,79.15,0,0,79.15,15.85,95,28.7,79.15
2025-12,Harley Quinn - Good Night Baseball Bat,Default Title,BW310070,2,75,0,0,75,15,90,27.96,75
2025-12,Demon Slayer - Twelve Kizuki Kokushibo Flesh Sword Display (Straight Blade) Katana with Light Up Blade,Default Title,BS310864,1,75,0,0,75,15,90,21.3,75
2025-12,"Colt Single Action Army ""El Dorado""  7.5"" Barrel",Default Title,G7107,1,75,0,0,75,15,90,47.33,75
2025-12,Colt Navy 1851 (Ivory),Default Title,G1040/B,1,75,0,0,75,15,90,47,75
2025-12,Bleach - Ichigo  (Large),Default Title,AM115,1,150,0,-75,75,15,90,29,75
2025-12,"Demon Slayer - Mitsuri Kanroji Love Pink Nichirin Display (Medtal, Straight Blade) Katana with Light Up Blade",Default Title,BS310862,1,75,0,0,75,15,90,21,75
2025-12,"Colt ""Oakley Quickdraw"" Single Action Army 5.5"" (Nickel)",Default Title,G1106/NQ,1,75,0,0,75,15,90,40.41,75
2025-12,Black Dragon Display (Straight) Katana Triple Set,Default Title,29152bl-c,1,82.5,-8.25,0,74.25,14.85,89.1,37.31,74.25
2025-12,Legend Of Zelda Tears Of The Kingdom - Master Sword Dark Link Variant,Default Title,BS310766,1,82.5,-8.25,0,74.25,14.85,89.1,35,74.25
2025-12,Wynonna Earp Peacemaker,Default Title,5303,1,79.16,-7.91,0,71.25,14.25,85.5,42.49,71.25
2025-12,Chinese Kangxi Emperor Sword (Full Metal),Default Title,CHS032BL,1,79.16,-7.91,0,71.25,14.25,85.5,24.03,71.25
2025-12,Klingon D'k Tagh,Default Title,HK808,2,112.5,-3.75,-37.5,71.25,14.25,85.5,33.64,71.25
2025-12,Elden Ring - Moonveil 142cm Display (Straight Blade) Katana,Default Title,AM168L-1,1,79.16,-7.91,0,71.25,14.25,85.5,24,71.25
2025-12,"""Corsair"" Double-Barrelled Turnover Flintlock Pistol - England 1750",Default Title,G1264,1,70.83,0,0,70.83,14.17,85,43.46,70.83
2025-12,FALLOUT - Laser Pistol Cosplay/LARP Safe Foam,Default Title,FM329,3,75,-5,0,70,14,84,28.41,70
2025-12,Final Fantasy - Sephiroth Masamune Display (Straight Blade) Odachi Katana,Default Title,BS111117,1,75,-7.5,0,67.5,13.5,81,24.38,67.5
2025-12,"The Witcher TV Show Silver Sword - 15"" Collectable (Black)",Default Title,BS310715,3,100,0,-33.33,66.67,13.33,80,36,66.67
2025-12,The Witcher - Wild Hunt Silver Serpent Sword Collectable (40cm),Default Title,HK8787SU,3,66.67,0,0,66.67,13.33,80,27,66.67
2025-12,Highlander - Connor Macleod Display (Straight Blade) Katana,Default Title,BS111044,1,66.67,0,0,66.67,13.33,80,10.62,66.67
2025-12,Bleach - Abarai Renji Zabimaru (Red) Display (Straight Blade) Katana,Default Title,BS310814,1,66.67,0,0,66.67,13.33,80,22.3,66.67
2025-12,One Piece - Shusui Collectible (40cm),Default Title,LT018,2,66.66,0,0,66.66,13.34,80,13,66.66
2025-12,Demon Slayer - Kokushibo Twelve Kizuki Nichirin Collectable (40cm),Default Title,VX221055,2,66.66,0,0,66.66,13.34,80,6,66.66
2025-12,80Mm 3D Laser Engraved Glass Pokemon With Led Stand,Baby Groot,52063690,2,66.66,0,0,66.66,13.34,80,0,0
2025-12,Bug-A-Salt Advanced Combat Fiber Optic 3.0,Gun + Bug-Beam Laser Targetting SAVE £5,855693007604,1,65.83,0,0,65.83,13.17,79,29.74,65.83
2025-12,Colt 'Lone Star' Quickdraw Single Action Army,Default Title,G1038,1,65.83,0,0,65.83,13.17,79,43.09,65.83
2025-12,Sekiro - Shadows Die Twice Fushigiri Display (Straight Blade) Katana,Default Title,AM234-1,1,66.67,-1.9,0,64.77,12.95,77.72,14.85,64.77
2025-12,"""Coiling Snake"" Display (Straight Blade) Katana",Default Title,BS310768,1,70.83,-7.08,0,63.75,12.75,76.5,21.38,63.75
2025-12,"""Kagutsuchi"" Full Tang 1065 HCS Hand Forged Tanto",Default Title,T020,1,70.83,-7.08,0,63.75,12.75,76.5,17.5,63.75
2025-12,"""Sakura"" Hand Forged Tanto",Default Title,SW149,1,62.5,0,0,62.5,12.5,75,35,62.5
2025-12,Power Rangers - Red Ranger Sword (Cosplay Safe Foam),Default Title,FM168,3,62.49,0,0,62.49,12.51,75,19.14,62.49
2025-12,Basic Katana Triple Stand,Default Title,BP011368-3,3,62.49,0,0,62.49,12.51,75,33,62.49
2025-12,Assassin’s Creed Shadows - PureArts Qlectors Naoe & Yasuke PVC Figure,Default Title,PA037AC,2,62.48,0,0,62.48,12.5,74.98,60,62.48
2025-12,Naruto - Kunai Of Minato - Yondaime Kunai,Default Title,HK2765,3,62.49,-2.08,0,60.41,12.09,72.5,22.83,60.41
2025-12,Viking Axe - Cosplay Safe Foam,Default Title,,3,62.49,-2.08,0,60.41,12.09,72.5,27,60.41
2025-12,Assassin's Creed - Sword Of Ojeda,Default Title,BS110461,1,133.33,-6.66,-66.67,60,12,72,35,60
2025-12,Supernatural - Church of Castiel Pentagram,Default Title,BG011472,5,62.5,-2.5,0,60,12,72,8.05,60
2025-12,Sword Art Online - Kirito Elucidator - Cosplay Safe Wood,Default Title,WD183,2,100,0,-40,60,20,80,25.58,60
2025-12,Hand Grenade Mk2 Pineapple - USA 1918,Default Title,G738,2,58.34,0,0,58.34,11.66,70,31.48,58.34
2025-12,Legend Of Zelda - Deluxe Master Sword (Cosplay Safe Foam),Default Title,FM249,2,58.34,0,0,58.34,11.66,70,17.72,58.34
2025-12,Roman Pugio Dagger,Default Title,VX221826,2,87.5,-2.91,-26.25,58.34,11.66,70,22,58.34
2025-12,Kill Bill - O-Ren Ishii Shirasaya Display (Straight Blade) Katana,Default Title,BS011024OST,1,58.33,0,0,58.33,11.67,70,14.82,58.33
2025-12,"Dragons of the Seven Kingdoms - Hinoiri Dragon Display Katana (Metal, Straight Blade)",Default Title,BS0151135-5,1,58.33,0,0,58.33,11.67,70,14.2,58.33
2025-12,Destiny 2 Graviton Lance - Cosplay/Larp Safe Foam Gun,Default Title,BS111013,1,57.5,0,0,57.5,11.5,69,26,57.5
2025-12,AR-15 Assault Rifle (Cosplay Safe Foam),Default Title,FM052,2,58.33,-2.91,0,55.42,11.08,66.5,18.64,55.42
2025-12,Kingdom Hearts - Lionheart,Default Title,sw-753,1,54.17,0,0,54.17,10.83,65,0,0
2025-12,Sekiro - Shadows Die Twice Mortal Blade (Brown) Display (Straight Blade) Katana,Default Title,BS310812,1,54.17,0,0,54.17,10.83,65,24,54.17
2025-12,Genuine Leather Shoulder Holster,Default Title,G716,1,58.33,-5.83,0,52.5,10.5,63,34.08,52.5
2025-12,Honshu Boshin Grosse Messer Training Sword,Default Title,UC-UC3502,1,57.5,-5.75,0,51.75,10.35,62.1,30.11,51.75
2025-12,HONSHU - KARITO TRAINING BATTLE AXE,Default Title,UC-UC3656,1,57.5,-5.75,0,51.75,10.35,62.1,29.2,51.75
2025-12,The Hobbit - Thorin's Orcrist Collectable (28cm),Default Title,HK8768,3,50.01,0,0,50.01,9.99,60,24.93,50.01
2025-12,The Hobbit - Deluxe Sting With Scabbard (Black 52cm),Default Title,BS010914,1,100,0,-50,50,10,60,13.71,50
2025-12,Bleach - Ichigo Dual Wield Swords (Small),Default Title,AM116,1,50,0,0,50,10,60,17,50
2025-12,Demon Slayer - Giyu Tomioka Nichirin Katana Umbrella,Default Title,AM072-4,2,50,0,0,50,10,60,22,50
2025-12,Demon Slayer - Zenitsu Agatsuma Nichirin Collectable (40cm),Default Title,VX221057,3,90,-40,0,50,10,60,9,50
2025-12,Demon Slayer - Mitsuri Kanroji Nichirin Collectable (40cm),Default Title,VX221060,3,90,-40,0,50,10,60,9,50
2025-12,One Piece - Trafalgar Law Collectible (40cm),Default Title,LT017P,2,50,0,0,50,10,60,13,50
2025-12,Demon Slayer - Kanao Tsuyuri Nichirin - Cosplay Safe Wood,Default Title,WD036,2,50,0,0,50,10,60,24,50
2025-12,Jurassic Park - Mosquito In Amber Lamp,Default Title,LAMP010,1,49.99,0,0,49.99,10,59.99,25,49.99
2025-12,Honshu Practice Katana,Default Title,UC-UC3259,1,49.17,0,0,49.17,9.83,59,26.68,49.17
2025-12,Final Fantasy - XL Cloud Buster Sword (144cm) Cosplay Safe Foam,Default Title,,1,49.17,0,0,49.17,9.83,59,0,0
2025-12,One Piece - Trafalgar Law Display (Straight) Katana,Default Title,BS015076,1,49.17,0,0,49.17,9.83,59,11.58,49.17
2025-12,Demon Slayer - Shinobu Kocho Nichirin - Cosplay Safe Wood With Sheath,Default Title,VX221260,2,49.16,0,0,49.16,9.84,59,22,49.16
2025-12,Honshu Practice Broadsword,Default Title,UC-UC3312,1,54.16,-5.41,0,48.75,9.75,58.5,28.41,48.75
2025-12,Devil May Cry - Dante's Ivory (Foam),Default Title,FM139,2,100,-2.5,-50,47.5,9.5,57,12,47.5
2025-12,Devil May Cry - Dante's Ebony (Foam),Default Title,FM138,2,100,-2.5,-50,47.5,9.5,57,12,47.5
2025-12,Halo - M6G Magnum Hang Gun (Cosplay Safe Foam),Default Title,FM223,3,83.33,-3.32,-34.67,45.34,12.66,58,18.3,45.34
2025-12,Kingdom Hearts - Halloween,Default Title,BS210515,1,50,-5,0,45,9,54,22,45
2025-12,One Piece - Roronoa Zoro Display (Straight) Katana (Black),Default Title,BS111052,1,50,-5,0,45,9,54,19.61,45
2025-12,Demon Slayer - Mitsuri Kanroji Love Pink Nichirin Display (Straight Blade) Katana,Default Title,BS111056,1,41.67,0,0,41.67,8.33,50,17.36,41.67
2025-12,League Of Legends - Jinx 1/6 Scale Statue,DEPOSIT ONLY £50 (Further Payment Required),PA007LOL-DE,1,41.67,0,0,41.67,8.33,50,0,0
2025-12,Genshin Impact - Keqing Lion's Roar Sword,Default Title,BS310820,1,41.67,0,0,41.67,8.33,50,31,41.67
2025-12,Naruto - Kunai Thrower Replica,Default Title,,2,41.66,0,0,41.66,8.34,50,10,41.66
2025-12,GAME OF THRONES - Jon Snow Longclaw  Cosplay/LARP Safe Foam,Default Title,BS210371,2,41.66,0,0,41.66,8.34,50,10.8,41.66
2025-12,Supernatural - The Colt (Cosplay Safe Foam),Default Title,FM246,2,41.66,0,0,41.66,8.34,50,5.92,41.66
2025-12,Star Wars - Hoth Snow Globe,Default Title,BN005,2,41.64,0,0,41.64,8.34,49.98,20.82,41.64
2025-12,Kingdom Hearts - Fatal Crest,Default Title,SW756,1,54.16,-12.91,0,41.25,8.25,49.5,36,41.25
2025-12,Call Of Duty Vector Smg - Cosplay/Larp Safe Foam Gun,Default Title,BS111009,1,45.83,-4.58,0,41.25,8.25,49.5,21,41.25
2025-12,Rings Of Power - Galadriel Dagger,Default Title,VX221878,1,40.83,0,0,40.83,8.17,49,15.64,40.83
2025-12,300 - Leonidas' Sword (Brown),Default Title,BS012876B1,1,49.99,-9.37,0,40.62,23.13,63.75,10.72,40.62
2025-12,HARRY POTTER SNOW GLOBE,Default Title,BN004,2,41.64,-2.07,0,39.57,7.92,47.49,0,0
2025-12,World Of Warcraft Gorehowl Axe - Cosplay/Larp Safe Foam Axe,Default Title,BS111034,1,37.5,0,0,37.5,7.5,45,22.3,37.5
2025-12,Devil May Cry - Red Queen Cosplay Safe Foam,Default Title,VX221136,1,37.5,0,0,37.5,7.5,45,0,0
2025-12,Bug-A-Salt Black Fly,Gun Only,855693007573,1,41.65,-4.15,0,37.5,7.5,45,26.82,37.5
2025-12,John Wick Prop Bundle Save ¶10,Default Title,,1,37.5,0,0,37.5,7.5,45,17,37.5
2025-12,Thor's Stormbreaker - Cosplay/Larp Safe Foam Axe,Default Title,BS110713-1,1,37.5,-3.75,0,33.75,6.75,40.5,28.46,33.75
2025-12,Demon Slayer - Nezuko Nichirin Katana (Cosplay Safe Wood),Default Title,WD062,2,50.01,0,-16.67,33.34,6.66,40,25.58,33.34
2025-12,Coiled Snake Display Tanto,Default Title,,1,33.33,0,0,33.33,6.67,40,18,33.33
2025-12,Demon Slayer - Tanjiro Kamado Season 2 Nichirin - Cosplay Safe Wood,Default Title,WD051,1,33.33,0,0,33.33,6.67,40,12,33.33
2025-12,Demon Slayer - Tanjiro Kamado Nichirin Collectable (40 cm),Default Title,LT001,1,33.33,0,0,33.33,6.67,40,6.5,33.33
2025-12,Katana/Sword Wall Display Stand,Default Title,BP310043,1,33.33,0,0,33.33,6.67,40,15,33.33
2025-12,Thor - Mjolnir (Cosplay Safe Foam),Default Title,HK6588F,1,33.33,0,0,33.33,6.67,40,7.23,33.33
2025-12,Demon Slayer -  Iguro Obanai Letter Opener 40cm,Default Title,LT014,1,33.33,0,0,33.33,6.67,40,6.5,33.33
2025-12,Legend Of Zelda - Breath Of The Wild Bow - Cosplay Safe Foam,Default Title,FM119,1,33.33,0,0,33.33,6.67,40,14,33.33
2025-12,Katana Box With Floral Cloth Cover,Default Title,B008,1,33.33,0,0,33.33,6.67,40,0,0
2025-12,Stranger Things - Demogorgon Lamp,Default Title,LAMP020,1,33.32,0,0,33.32,6.67,39.99,0,0
2025-12,The Lord of the Rings – XL Mouse Mat,Default Title,,2,33.32,0,0,33.32,6.66,39.98,16.66,33.32
2025-12,"Lord Of The Rings - Officially Licensed ""Speak Friend"" Luminescent Doormat",Default Title,FLGE001,2,33.31,-1.65,0,31.66,6.33,37.99,16.66,31.66
2025-12,Derringer Garter Gun,Default Title,G1262/L,1,33.33,-3.33,0,30,6,36,19,30
2025-12,Nunchaku (Nunchuk) - Classic Dragon (Wood),Default Title,BW010192,2,30,0,0,30,6,36,14,30
2025-12,Legend Of Zelda - Skyward Sword - (Cosplay Safe Foam),Default Title,FM199,1,29.17,0,0,29.17,5.83,35,12,29.17
2025-12,Hand Grenade Mk II Pineapple - USA WWII,Default Title,G738V,1,29.17,0,0,29.17,5.83,35,13.99,29.17
2025-12,Genshin Impact - Skyward Blade - Cosplay Safe Foam,Default Title,FM094,1,29.17,0,0,29.17,5.83,35,10,29.17
2025-12,Kingdom Key - Cosplay/Larp Safe Foam Keyblade,Default Title,BS014612F,1,29.17,0,0,29.17,5.83,35,14,29.17
2025-12,Jurassic Park - Barbasol Embryo Can Insulated Water Bottle,Default Title,BMHC019,2,28.32,0,0,28.32,5.66,33.98,16.5,28.32
2025-12,Lucille Lookalike Zombie Smasher Baseball Bat Cosplay Safe Foam,Default Title,TT169,1,29.15,-2.9,0,26.25,5.25,31.5,18,26.25
2025-12,The Lord Of The Rings - Officially Licensed Nazgul Everlasting Calendar,Default Title,CP3D11,1,29.15,-2.9,0,26.25,5.25,31.5,14.58,26.25
2025-12,Tactical Shotgun (Cosplay Safe Foam),Default Title,fm054,1,29.16,-2.91,0,26.25,5.25,31.5,16.35,26.25
2025-12,Demon Slayer - Zenitsu Agatsuma Yellow Nichirin Katana With Sheath - Cosplay Safe Foam,Default Title,BS210668-6,1,25,0,0,25,5,30,10,25
2025-12,Demon Slayer - Shinobu Kocho Nichirin Katana With Sheath - Cosplay Safe Foam,Default Title,BS310729,1,25,0,0,25,5,30,10,25
2025-12,John Wick - Assassin's Guild Coin,Single Coin £10,49502636,3,25,0,0,25,5,30,6,25
2025-12,Skyrim - Daedric Sword (Cosplay Safe Foam),Default Title,,1,50,0,-25,25,5,30,8,25
2025-12,Norse Carved Mjolnir Pendant,Default Title,BG011636,2,25,0,0,25,5,30,4.72,25
2025-12,Buffy The Vampire Slayer - Faith's Knife (Cosplay Safe Foam),Default Title,VX221126,2,25,0,0,25,5,30,0,0
2025-12,The Witcher - Geralt Of Rivia's Silver Sword - Cosplay Safe Foam,Default Title,FM102,1,25,0,0,25,5,30,9,25
2025-12,Balisong Trainer - Comb (Black),Default Title,BF111490B,2,25,0,0,25,5,30,4.2,25
2025-12,The Lord Of The Rings - Officially Licensed Galadriel Earendil Lamp,Default Title,LAMP006,1,24.99,0,0,24.99,5,29.99,12.5,24.99
2025-12,Red Dead Redemption - Six Point Sherriff Badge,Default Title,G101,3,24.96,0,0,24.96,5.01,29.97,9.42,24.96
2025-12,Star Wars - Darth vader Premium Lightsaber Umbrella,Default Title,,1,24.17,0,0,24.17,4.83,29,0,0
2025-12,FRIDAY THE 13TH - Jason Voorhees Machete Cosplay/LARP Safe Foam,Default Title,FM145,2,25,-1.25,0,23.75,4.75,28.5,5.7,23.75
2025-12,Deluxe Balisong/Butterfly Knife Replica Trick Trainer (Blue),Default Title,HK22657C,2,25,-1.25,0,23.75,4.75,28.5,6.3,23.75
2025-12,Devil May Cry Rebellion - Cosplay/Larp Safe Foamsword,Default Title,HK0213F,1,22.5,0,0,22.5,4.5,27,11,22.5
2025-12,Ruger Lcr - Cosplay/Training Pistol,Default Title,GCS-92RGRLZ,1,24.99,-2.49,0,22.5,4.5,27,14.9,22.5
2025-12,Thorin's Orcrist - Cosplay/Larp Safe Foam Sword,Default Title,BS111033,1,20.83,0,0,20.83,4.17,25,4.28,20.83
2025-12,Genshin Impact - Yoimiya Bow Hamayumi Cosplay Safe Foam,Default Title,FM099,1,20.83,0,0,20.83,4.17,25,0,0
2025-12,Axe Gang Hatchet - Cosplay/Trainer,Default Title,CS-92BKAXG,1,20.83,0,0,20.83,4.17,25,9.63,20.83
2025-12,MARVEL DEADPOOL PREMIUM UMBRELLA,Default Title,PARP04,1,20.82,0,0,20.82,4.17,24.99,10.41,20.82
2025-12,LOTR Witch King Mini Replica,Default Title,BS013485,1,20,0,0,20,4,24,6,20
2025-12,Game Of Thrones - Jon Snow's Longclaw Collectible (21cm),Default Title,BS15791-21CM,2,20,-1,0,19,3.8,22.8,6,19
2025-12,"The Witcher TV Show Silver Sword - 15"" Collectable (White)",Default Title,BS310714,1,16.67,0,0,16.67,3.33,20,12,16.67
2025-12,"The Lord Of The Rings - Sting Collectible (28cm, Black)",Default Title,BS016127,1,33.34,0,-16.67,16.67,3.33,20,4.59,16.67
2025-12,Demon Slayer - Sanemi Shinazugawa Nichirin Collectable (40cm),Default Title,LT007,1,16.67,0,0,16.67,3.33,20,3,16.67
2025-12,Demon Slayer - Kyojuro Rengoku Nichirin Collectable (40cm),Default Title,LT006,1,16.67,0,0,16.67,3.33,20,3,16.67
2025-12,"The Witcher III Steel Sword (Mace Pommel) - 15"" Collectable",Default Title,"614-15""",1,16.67,0,0,16.67,3.33,20,14,16.67
2025-12,Red Dead - Colt Single Action Army (Cosplay Safe Foam),Default Title,FM286,1,16.67,0,0,16.67,3.33,20,4.5,16.67
2025-12,Skyrim - Legendary Boobs,3X-Large,90268814,1,16.67,0,0,16.67,3.33,20,8.5,16.67
2025-12,John Wick - Blood Oath Marker,Default Title,,1,16.67,0,0,16.67,3.33,20,6,16.67
2025-12,MARVEL CAPTAIN AMERICA UMBRELLA,Default Title,PAR13,1,16.66,0,0,16.66,3.33,19.99,8.33,16.66
2025-12,Back To Future - Delorean Licence Plate Door Mat,Default Title,FGE0054,1,16.66,0,0,16.66,3.33,19.99,7.5,16.66
2025-12,DC Comics -  Batman The Dark Knight TUBBZ (First Edition),Default Title,NS4982,1,16.66,0,0,16.66,3.33,19.99,14.12,16.66
2025-12,Stranger Things - Demogorgon Snack Bowl,Default Title,BOWES01,1,16.66,0,0,16.66,3.33,19.99,0,0
2025-12,M9 Bayonet - Cosplay/Training Knife,Default Title,CS-92RBNT,1,16.66,0,0,16.66,3.33,19.99,7,16.66
2025-12,Star Wars - R2-D2 Umbrella,Default Title,PAR14,1,16.66,0,0,16.66,3.33,19.99,8.33,16.66
2025-12,Am I Childish?,Tee XX-Large,TEE105-TE-1-1-1-1-1-1-1-1-1-1-1-1-1,1,15,0,0,15,3,18,8.5,15
2025-12,Pikachu & Deadpool,Tee Large,TEE100-TE-1-1-1-1-1-1-1-1-1-1-1,1,15,0,0,15,3,18,8.5,15
2025-12,Deadpool - Splat Mask,Tee Medium,TEE059-TE-1-1-1-1-1-1-1-1-1-1,1,15,0,0,15,3,18,8.5,15
2025-12,The Nightmare Before Christmas - Officially Licensed Jack Skellington Snow Globe,Default Title,BN002,1,14.99,0,0,14.99,0,14.99,6.25,14.99
2025-12,Legend Of Zelda - Master Sword In Stone Letter Opener,Default Title,BS210368,1,12.5,0,0,12.5,2.5,15,0,0
2025-12,Bowie Knife (Cosplay Safe Foam),Default Title,FM280,1,12.5,0,0,12.5,2.5,15,2.5,12.5
2025-12,Demon Slayer - Giyu Nichirin Fidget Keyring/Keychain (22cm),Default Title,KW1002,1,12.5,0,0,12.5,2.5,15,3,12.5
2025-12,Demon Slayer - Inosuke Nichirin Fidget Keyring/Keychain (22cm),Default Title,,1,12.5,0,0,12.5,2.5,15,3,12.5
2025-12,Attack On Titan - VME Sword Fidget Keyring/Keychain (22cm),Default Title,,1,12.5,0,0,12.5,2.5,15,3,12.5
2025-12,Norse Raven Torc Bracelet,Default Title,BG011642,1,12.5,0,0,12.5,2.5,15,2.36,12.5
2025-12,Odin's Wolves Geri and Freki Bracelet,Default Title,BG011645,1,12.5,-1.25,0,11.25,2.25,13.5,2.36,11.25
2025-12,John Wick - Assassin's Guild Coin,Two Coins £15,67408399,1,12.5,-1.25,0,11.25,2.25,13.5,4,11.25
2025-12,Loki Fylgjur Fox Necklace,Default Title,BG011470,1,10,0,0,10,2,12,1.61,10
2025-12,Enchanted Sword Pendant (Glow In The Dark),Default Title,BG011474,1,10,0,0,10,2,12,1.8,10
2025-12,Game Of Thrones - Ned Stark's Ice Collectible (21cm),Default Title,BS015565-21CM,1,10,-1,0,9,1.8,10.8,3,9
2025-12,Muff Divers Challenge Coin,Gold,84124865,1,8.33,0,0,8.33,1.67,10,2,8.33
2025-12,Naruto - Yondaime Kunai Necklace (Gold Or Silver),Gold,2087-GO,1,8.33,0,0,8.33,1.67,10,2.18,8.33
2025-12,Demon Slayer - Zenitsu Agatsuma Nichirin Fidget Keychain (22cm),Default Title,KW1005,1,8.33,0,0,8.33,1.67,10,3,8.33
2025-12,The Lord Of The Rings - Officially Licensed Mini-Poster Set,Default Title,,1,6.66,0,0,6.66,1.33,7.99,0,0
2025-12,Lara Croft Tomb Raider Ice Axe Keychain,Default Title,,1,4.16,-0.41,0,3.75,0.75,4.5,8.5,3.75
2025-12,Deadpool Keychain Bottle Opener,Default Title,,1,4.16,-0.41,0,3.75,0.75,4.5,1,3.75
2025-12,Colt Peacemaker - Wyatt Earp Ok Corral Buntline,Default Title,G7303,0,79.17,0,-79.17,0,0,0,0,0
2025-12,Black Bear Classic - Cosplay/Training Knife,Default Title,CS-92R14BBC,0,12.49,0,-12.49,0,0,0,0,0
2025-12,"Call Of Duty - AK47 ""Achievment Unlocked"" Gold Edition",Default Title,G1086L,0,245.83,0,-245.83,0,0,0,0,0
2025-12,Star Wars – AT-AT Downed 3D Perpetual Calendar,Default Title,CP3D09,0,29.16,0,-29.16,0,0,0,0,0
2025-12,80Mm 3D Laser Engraved Glass Pokemon With Led Stand,Charmander,16134021,0,33.33,0,-33.33,0,0,0,0,0
2025-12,The Last Samurai - Nathan Algren Display (Straight Blade) Katana,Default Title,BS015224,0,0,0,0,0,0,0,0,0
2025-12,'Eternal Dragon' Samurai Master Katana,Default Title,vx221595,0,3748.34,0,-3748.34,0,0,0,0,0
2025-12,Kill La Kill - Ryuku Matoi Rending Scissors (Cosplay Safe Wood),Default Title,WD026,0,50,0,-50,0,0,0,0,0
2025-12,Demon Slayer - Giyu Tomioka Blue Nichirin (Red Tsuba) Display (Straight Blade) Katana,Default Title,BS310685,0,116.66,-5.83,-110.83,0,0,0,0,0
2025-12,.30-06 Springfield Bullet Wall Hanger,Default Title,G34,0,12.5,0,-12.5,0,0,0,0,0
2025-12,Lord Of The Rings - Deluxe Handforged 1075 Hcs Battle Ready Aragorn's Ranger Sword,Default Title,JOT034HD,0,187.5,-18.75,-168.75,0,0,0,0,0
2025-12,The Witcher - Geralt Of Rivia's Steel Sword - Cosplay Safe Foam,Default Title,FM101,0,25,0,-27,-2,5,3,0,-2
2025-12,Bastard Sword - Cosplay/Training Sword,Default Title,CS92BKHNH,0,41.66,0,-45,-3.34,8.33,4.99,0,-3.34
2025-12,Avengers Infinity Gauntlet Keychain,Default Title,,-1,0,0,-5.4,-5.4,0,-5.4,-8.5,-5.4
2025-12,Once Upon A Time - Rumplestiltskin's Dark One Dagger,Default Title,AM030,0,100,0,-108,-8,20,12,0,-8
2025-12,One Piece - Roronoa Zoro's Enma Katana - Cosplay Safe Foam,Default Title,FM132,-1,0,0,-12.5,-12.5,-2.5,-15,-11,-12.5
2025-12,Grow Up!,X-Large,12195945,-1,0,0,-13.5,-13.5,0,-13.5,-8.5,-13.5
2025-12,"""Ryouma"" Triple Set Display Katana (Straight Blade)",Default Title,BS111047,0,82.5,-8.25,-89.1,-14.85,14.85,0,0,-14.85
2025-12,Demon Slayer - Kyojuro Rengoku Nichirin Katana With Sheath - Cosplay Safe Foam,Default Title,BS210668-2,-1,0,0,-15,-15,0,-15,-10,-15
2025-12,Bruce Lee Nunchucks (Gold),Default Title,BW010356,-1,15,0,-31.2,-16.2,0,-16.2,-6,-16.2
2025-12,Final Fantasy VII - Cloud's Strife Buster Sword,Default Title,VX221043,0,520.83,0,-550,-29.17,29.17,0,0,-29.17
2025-12,Genshin Impact - Raiden Shogun Baal - Cosplay Safe Foam,Default Title,FM097,-1,0,0,-35,-35,0,-35,-10,-35
2025-12,Kingdom Hearts - Oathkeeper Keyblade Cosplay/Larp Safe Foam,Default Title,BS210644,-1,0,0,-40,-40,0,-40,-18,-40
2025-12,Kingdom Hearts - Oblivion Keyblade Cosplay/Larp Safe Foam,Default Title,BS210643,-2,0,0,-60,-60,-12,-72,-34,-60
2025-12,Kingdom Hearts - Kingdom Key,Default Title,BS014612,-1,183.32,-9.16,-236.5,-62.34,18.34,-44,-20,-62.34
2025-12,"""Nishiki"" Hand Forged Tanto",Default Title,SW132,-1,0,0,-67.5,-67.5,0,-67.5,-35,-67.5
2025-12,Final Fantasy - Buster Sword - Cosplay Safe Foam,Default Title,FM092,-2,0,0,-70,-70,0,-70,-18,-70
2025-12,GLADIATOR - Roman Spatha Gladius,Default Title,HK819R,-1,0,0,-99,-99,0,-99,-31.99,-99
2025-12,Legend Of Zelda Tears Of The Kingdom - Master Sword,Default Title,BS111400,-1,0,0,-99,-99,0,-99,-26.37,-99
2025-12,"""Tsubasa"" Triple Set Display Katana (Straight Blade)",Default Title,BS111046,-1,0,0,-110,-110,0,-110,-39.51,-110
2025-12,"M1911A1 Colt ""Government"" Us Service Pistol (Nickel Finish)",Default Title,G6312,-1,100,0,-220,-120,0,-120,-72.24,-120
2025-12,Vikings - Ragnar's Sword,Default Title,MS065,-1,0,0,-130.5,-130.5,0,-130.5,-43,-130.5
2025-12,"M1911A1 Colt ""Military"" USA Service Pistol ""Battleworn Edition""",Default Title,G2312,-2,0,0,-240,-240,0,-240,-144.48,-240
2025-12,"Browning ""High Power"" Hp35 - British Army Service Pistol 1935-2013",Default Title,G1235,-3,0,0,-390,-390,0,-390,-183.75,-390
2025-12,CALL OF DUTY - German WWII MG34 Machine Gun 1934,Default Title,G1317,-2,0,0,-898,-898,0,-898,-490.78,-898
2026-01,Lord Of The Rings - Officially Licensed United Cutlery Anduril Sword of Aragorn,Default Title,UC-UC1380,11,2924.13,0,0,2924.13,584.87,3509,1833.04,2924.13
2026-01,The Lord Of The Rings - Deluxe Anduril With Display Plaque & Scabbard,Default Title,VX221044-NS,12,2250,-48.75,-450,1751.25,350.25,2101.5,881.76,1751.25
2026-01,"""Bamboo Blossom"" Samurai Master Katana",Default Title,BS310170,1,1375,0,0,1375,275,1650,383.78,1375
2026-01,"LORD OF THE RINGS - NEW! Superior Anduril, The Sword Reforged with Scabbard and Plaque",Default Title,VX221039,7,1160.81,0,0,1160.81,232.19,1393,293.93,1160.81
2026-01,,,,22,2023.31,-12.5,-897.01,1113.8,916.03,5230.83,327.08,950.99
2026-01,God Of War - Hand Forged Ragnarok Chaos Blades,Default Title,BS310937,5,1375,-45.82,-229.17,1100.01,219.99,1320,636.1,1100.01
2026-01,James Bond Walther PPK With Silencer,Default Title,G1311,11,1200,0,-100,1100,220,1320,682.11,1100
2026-01,Lord Of The Rings - United Cutlery Officially Licensed Museum Collection Anduril,Default Title,UC-UC3516,2,1148.33,-57.41,0,1090.92,218.18,1309.1,763.66,1090.92
2026-01,M16A1 - USA Assault Rifle 1967 with Sling,Default Title,G9133,5,1000,-8.33,0,991.67,198.33,1190,679.1,991.67
2026-01,AK47 Kalashnikov Assault Rifle,Default Title,G1086,4,1037.5,0,-207.5,830,166,996,624.48,830
2026-01,The Hobbit - United Cutlery Officially Licensed Glamdring Sword,Default Title,UC-UC2942,3,822.49,-54.82,0,767.67,153.53,921.2,479.61,767.67
2026-01,Beretta 92 / Us Military M9,Default Title,G1254,7,866.64,0,-108.33,758.31,151.69,910,553.91,758.31
2026-01,Lord Of The Rings - Purearts Sauron Art Mask 1:1 Scale,Default Title,PA001LR,1,749.17,0,0,749.17,149.83,899,0,0
2026-01,Lord Of The Rings - Purearts Witch-King Of Angmar Art Mask 1:1 Scale,Default Title,PA003LR,1,749.17,0,0,749.17,149.83,899,0,0
2026-01,Sten MkII British SMG - 1940,Default Title,G1148,5,900,-22.5,-150,727.5,145.5,873,464.3,727.5
2026-01,World of Warcraft - Epic Edition Frostmourne,Default Title,VX221086,3,687.51,0,0,687.51,137.49,825,478.86,687.51
2026-01,Elden Ring Dark Moon Greatsword,Default Title,BS111760,3,944.99,-24.58,-245.83,674.58,134.92,809.5,380.76,674.58
2026-01,Lord Of The Rings - Deluxe Anduril With Display Plaque,Default Title,VX221044-S,5,799.98,0,-133.33,666.65,133.35,800,210,666.65
2026-01,Dark Souls - Great Sword Of Artorias (140cm Deluxe Edition),Default Title,VX221075-L,3,1037.5,0,-415,622.5,124.5,747,0,0
2026-01,Supernatural - The Colt,Default Title,VX221106,9,800.04,0,-200.01,600.03,119.97,720,229.5,600.03
2026-01,"M1911A1 Colt ""Government"" Us Service Pistol (Black/Wood))",Default Title,G9312,6,900,0,-300,600,120,720,433.44,600
2026-01,"Jujutsu Kaisen - Deluxe Inverted Spear of Heaven, Cursed Dagger From Fushiguro Toji",Default Title,AM210,8,593.32,0,0,593.32,118.68,712,291.04,593.32
2026-01,The Lord Of The Rings - NEW AND IMPROVED Aragorn's Angrist Elven Knife,Default Title,VX221073,8,741.69,-7.41,-148.34,585.94,117.16,703.1,112,585.94
2026-01,Assassin's Creed Shadows - Official Naoe Hidden Blade Lifesize Replica,Default Title,PA032AC,5,579.15,-11.58,0,567.57,113.53,681.1,261.5,567.57
2026-01,Ghost Of Tsushima - Jin Sakai Display Katana (Black),Default Title,BS310811,10,645.85,-13.32,-66.67,565.86,113.14,679,222.9,565.86
2026-01,The Hobbit - Officially Licensed United Cutlery Orcrist Sword Of Thorin Oakenshield,Default Title,UC-UC2928,2,565,0,0,565,113,678,303.92,565
2026-01,"Call Of Duty - Desert Eagle (Black) - Deadpool, Tomb Raider, Supernatural",Default Title,G1123,5,541.65,0,0,541.65,108.35,650,342.1,541.65
2026-01,Wells Fargo Stagecoach Defender - Double Barrel  Wyatt Earp Shotgun Pistol / Sawn-Off with Brass Action- USA 1868,Default Title,G1113,4,799.99,0,-266.66,533.33,106.67,640,345.16,533.33
2026-01,Ghost Of Tsushima - Handforged Tanto,Default Title,Tanto-10,8,666.69,-4.16,-133.34,529.19,105.81,635,204,529.19
2026-01,God Of War - Deluxe Ragnarok Chaos Blades,Default Title,MS036,3,529.17,0,0,529.17,105.83,635,154.95,529.17
2026-01,Devil May Cry 5 - Vergil's Yamato Display (Straight Blade) Katana,Default Title,VX221228,8,533.34,-13.32,0,520.02,103.98,624,84.4,520.02
2026-01,Supernatural - Deluxe Angel Blade,Default Title,HK8445,9,524.97,-17.49,0,507.48,101.52,609,232.74,507.48
2026-01,The Bastard Snow - Sword Including Plaque and Scabbard,Default Title,JOT5909M,4,496.68,0,0,496.68,99.32,596,122,496.68
2026-01,Red Dead Redemption - Colt Navy (Bronze),Default Title,BG010131,13,712.5,-3.75,-225,483.75,96.75,580.5,208,483.75
2026-01,Tommy Gun - M1 Submachine Gun,Default Title,G1092,2,722.49,0,-240.83,481.66,96.34,578,306.88,481.66
2026-01,Rick's Colt Python - The Walking Dead,Default Title,G6304,5,793.36,0,-317.34,476.02,118.98,595,295.9,476.02
2026-01,Lord Of The Rings - United Cutlery Officially Licensed Sword of Eomer,Default Title,UC-UC3383,2,498.33,-24.91,0,473.42,94.68,568.1,301.02,473.42
2026-01,"Shin Gunto Second World War Officer's Katana - Handforged, Clay Tempered HCS",Default Title,BS310371-1,2,498.33,-24.91,0,473.42,94.68,568.1,181.86,473.42
2026-01,Lord Of The Rings - Officaly Licensed Noble Collection Gandalf Glamdring Sword,Default Title,NN1245,3,472.5,0,0,472.5,94.5,567,283.8,472.5
2026-01,The Witcher III - Geralt's Silver Sword,Default Title,BS110617,4,583.35,0,-116.67,466.68,93.32,560,109.92,466.68
2026-01,Bloodborne - Holy Moonlight Greatsword,Default Title,BS112003,4,466.67,-11.66,0,455.01,90.99,546,507.68,455.01
2026-01,Thundercats - Deluxe Sword Of Omens,Default Title,HK8896,4,463.32,-11.58,0,451.74,90.36,542.1,128.8,451.74
2026-01,Supernatural - Deluxe Ruby's Demon Killing Blade,Default Title,HK8513A,9,450,-5,0,445,89,534,121.5,445
2026-01,"Browning ""High Power"" Hp35 - British Army Service Pistol 1935-2013",Default Title,G1235,4,433.32,0,0,433.32,86.68,520,245,433.32
2026-01,"""Kogarashi"" Clay Tempered Hand Forged Katana",Default Title,BS111136CT,2,431.66,0,0,431.66,86.34,518,106.26,431.66
2026-01,"""Enter The Dragon"" Clay Tempered Katana",Default Title,BS310524,1,415.83,0,0,415.83,83.17,499,88,415.83
2026-01,"""Nanashi"" Hand Forged Katana In Clay Tempered 1095 HCS",Default Title,BS310366CT,2,415,0,0,415,83,498,134,415
2026-01,Lord Of The Rings - Officially Licensed United Cutlery Anduril Scabbard,Default Title,UC-UC1396,2,433.24,-21.65,0,411.59,82.32,493.91,285.62,411.59
2026-01,Red Dead Redemption - Colt Navy (Gunmetal Grey),Default Title,BG010131-2,11,562.5,-3.75,-150,408.75,81.75,490.5,176,408.75
2026-01,Lord Of The Rings - United Cutlery Officially Licensed Mace Of Sauron Red Eye Edition,Default Title,UC-UC3520,1,407.5,0,0,407.5,81.5,489,269.19,407.5
2026-01,Demon Slayer - Inosuke Hashibara Nichirin Blade Display (Straight Blade) Katana,Default Title,BS111081-SI,6,466.67,0,-66.67,400,80,480,104.16,400
2026-01,"Mauser C96 ""Broomhandle"" Pistol",Default Title,G1024,4,400,0,0,400,80,480,199.76,400
2026-01,Lord Of The Rings - Officially Licensed United Cutlery Aeglos – Spear of Gil-Galad,Default Title,UC-UC3635,1,390.83,0,0,390.83,78.17,469,212.09,390.83
2026-01,"Kill Bill - Deluxe ""O-Ren Ishii"" Hand Forged Shirasaya in Clay Tempered HCS",Default Title,bs011024-orenCT,2,381.66,0,0,381.66,76.34,458,96.58,381.66
2026-01,Lord Of The Rings - Deluxe Gandalf's Glamdring Sword,Default Title,JOT096C,3,375,0,0,375,75,450,87.06,375
2026-01,World Of Warcraft - Lich King Arthas Frostmourne Sword,Default Title,VX221734,2,375,0,0,375,75,450,130,375
2026-01,The Witcher III - Deluxe Ciri Sword,Default Title,,3,375,0,0,375,75,450,121.62,375
2026-01,CALL OF DUTY - German WWII MG34 Machine Gun 1934,Default Title,G1317,1,374.17,0,0,374.17,74.83,449,245.39,374.17
2026-01,"Deluxe ""Suteta Ken"" Clay Tempered Hand Forged Katana",Default Title,BS310365CT,2,365,0,0,365,73,438,135.5,365
2026-01,Final Fantasy VIII - NEW Superior Squall Gunblade,Default Title,VX221148,3,750,-12.5,-375,362.5,72.5,435,111,362.5
2026-01,"Colt ""Deputy"" Single Action Army 5.5"" (Black)",Default Title,G1106N,5,450,-15,-75,360,72,432,202.05,360
2026-01,"""Brown Bess"" Short Land Pattern Musket British Napoleonic War Rifle - England 1712",Default Title,G1054,2,365,-18.25,0,346.75,69.35,416.1,220.2,346.75
2026-01,Lord Of The Rings - Sauron's Helmet (Resin),Default Title,BG011954,3,466.67,-11.66,-116.67,338.34,67.66,406,179.31,338.34
2026-01,Colt Navy Civil War Revolver 1851 (Pearl),Default Title,G6040,4,495,0,-165,330,66,396,197.56,330
2026-01,Legend Of Zelda - Deluxe Hylian Shield (Full Metal),Default Title,VX221048,2,325,0,0,325,65,390,204.86,325
2026-01,The Witcher III - Geralt's Steel Sword (Mace Pommel),Default Title,BS110614,3,324.99,0,0,324.99,65.01,390,106.5,324.99
2026-01,LORD OF THE RINGS - Deluxe Strider Ranger Sword,Default Title,BS011222,2,308.34,0,0,308.34,61.66,370,157.82,308.34
2026-01,Alice In Darkness - Vorpal Blade,Default Title,HK1043,6,311.67,-5.41,0,306.26,61.24,367.5,57.3,306.26
2026-01,Legend Of Zelda - Deluxe Master Sword,Default Title,BS310223,3,455,-10.75,-143.1,301.15,88.85,390,108,301.15
2026-01,"M1911A1 Colt ""Government"" Us Service Pistol (Nickel Finish)",Default Title,G6312,3,500,0,-200,300,60,360,216.72,300
2026-01,".357 Python Magnum 8"" - Call Of Duty, Resident Evil, Pulp Fiction",Default Title,G1061,3,300,0,0,300,60,360,168.09,300
2026-01,Lord Of The Rings - United Cutlery Officially Licensed King Theoden Herugrim Sword,Default Title,UC-UC1370ABNB,1,287.5,0,0,287.5,57.5,345,174.08,287.5
2026-01,Lord Of The Rings - United Cutlery Officially Licensed Sword of Eowyn,Default Title,UC-UC1423,1,287.5,0,0,287.5,57.5,345,186.82,287.5
2026-01,Lord Of The Rings - United Cutlery Officially Licensed Theodred Sword 20th Anniversary,Default Title,UC-UC3519,1,282.5,0,0,282.5,56.5,339,174.36,282.5
2026-01,Lord Of The Rings - Officially Licensed United Cutlery Boromir's Sword,Default Title,UC-UC1400,1,282.5,0,0,282.5,56.5,339,182.69,282.5
2026-01,"Webley Mk IV - Indiana Jones, Torchwood, Peaky Blinders",Default Title,G1119,4,283.32,-7.08,0,276.24,55.26,331.5,167.56,276.24
2026-01,1869 Smith & Wesson Schofield 6 Shot Revolver In Nickel Finish,Default Title,G1008NQ,3,275.01,0,0,275.01,54.99,330,158.22,275.01
2026-01,"Colt ""Quickdraw"" Single Action Army Gift Box with 6 Dummy Bullets",Default Title,G1-1106/G,3,363.32,0,-90.83,272.49,54.51,327,126.42,272.49
2026-01,Vikings - Deluxe Sword Of Kings,Default Title,VX221085,3,272.49,-4.54,0,267.95,53.6,321.55,171.24,267.95
2026-01,One Piece - Roronoa Zoro Display (Straight) Katana Enma,Default Title,BS310702,4,266.68,0,0,266.68,53.32,320,59.88,266.68
2026-01,"Ghost Of Tsushima - Jin Sakai ""Storm"" Display (Straight Blade) Katana",Default Title,BS310907,4,466.68,-4.16,-195.84,266.68,53.32,320,47.4,266.68
2026-01,CALL OF DUTY - German Parabellum Luger P08,Default Title,G1143,3,275,-9.16,0,265.84,53.16,319,233.13,265.84
2026-01,LORD OF THE RINGS - NEW AND IMPROVED Deluxe King Theoden's Herugrim Sword,Default Title,vx221084,2,250,0,0,250,50,300,48,250
2026-01,Lord Of The Rings - United Cutlery Officially Licensed Sword of Faramir,Default Title,UC-UC3547,1,249.17,0,0,249.17,49.83,299,166.72,249.17
2026-01,Star Wars - Return Of The Jedi Hot Toys 1/6 Leia Organa (Boushh Disguise),Default Title,,1,249.17,0,0,249.17,49.83,299,378,249.17
2026-01,THE WITCHER - Deluxe Geralt's Silver Sword TV Show Version,Default Title,MS019,2,248.34,0,0,248.34,49.66,298,88,248.34
2026-01,Solo Leveling - Demon King's Long Sword 🔞,Default Title,,3,247.5,0,0,247.5,49.5,297,0,0
2026-01,Valyrian Steel King Arthur: Legend of the Sword - Excalibur,Default Title,VS-RT0001,1,245.83,0,0,245.83,49.17,295,170.16,245.83
2026-01,"Call Of Duty - AK47 ""Achievment Unlocked"" Gold Edition",Default Title,G1086L,1,245.83,0,0,245.83,49.17,295,192.02,245.83
2026-01,Assassin's Creed  - Short Sword of Altair,Default Title,HK8215,6,244.98,0,0,244.98,49.02,294,105,244.98
2026-01,Colt 'Wolfsbane' Single Action Army,Default Title,M-1280/L,4,247.49,-2.87,0,244.62,48.93,293.55,177.8,244.62
2026-01,Colt Army Model 1860 USA Civil War 1860 - Clint Eastwood,Default Title,G1007/L,3,316.68,0,-79.17,237.51,47.49,285,160.74,237.51
2026-01,Flintlock Blunderbuss - 18th Century English,Default Title,G1094/L,2,250,-12.5,0,237.5,47.5,285,157.26,237.5
2026-01,CALL OF DUTY - German WWII Sturmgewehr STG44 Assault Rifle 1943,Default Title,G1125/C,1,233.33,0,0,233.33,46.67,280,148.47,233.33
2026-01,One Piece - Roronoa Zoro's Sandai Kitetsu Display (Straight Blade) Katana,Default Title,HK9413,4,291.65,0,-58.33,233.32,46.68,280,43.84,233.32
2026-01,Legend Of Zelda - Master Sword with Triforce Plaque,Default Title,BS310085,2,231.66,0,0,231.66,46.34,278,43,231.66
2026-01,God Of War: Ragnarok - Deluxe Thor Mjolnir (Full Metal),Default Title,BG011816,1,229.17,0,0,229.17,45.83,275,121.52,229.17
2026-01,Colt 'Artillery' Single Action Army,Default Title,G1109L,3,225,0,0,225,45,270,135.12,225
2026-01,"Colt ""Oakley Quickdraw"" Single Action Army 5.5"" (Nickel)",Default Title,G1106/NQ,3,225,0,0,225,45,270,121.23,225
2026-01,Colt 'Outlaw' Single Action Army,Default Title,G1108/L,3,225,0,0,225,45,270,130.77,225
2026-01,Tzss Cosplay Horde Membership,Default Title,,27,241.57,-2.49,-16.66,222.42,44.58,267,0,0
2026-01,Conan The Barbarian / Stranger Things - Atlantean Sword,Default Title,BS014659,2,233.33,-11.66,0,221.67,44.33,266,104,221.67
2026-01,Lord Of The Rings - Officially Licensed United Cutlery Gandalf Moria Staff,Default Title,UC-UC3328,1,245.83,-24.58,0,221.25,44.25,265.5,156.46,221.25
2026-01,Honshu - Single Handed Broadsword,Default Title,UC-UC3451,1,220.83,0,0,220.83,44.17,265,147.67,220.83
2026-01,CALL OF DUTY - USSR WWII PPSH-41 Submachine Gun 1941,Default Title,G9301,1,637.5,0,-425,212.5,42.5,255,148.97,212.5
2026-01,Lee-Enfield Smle Rifle - British 1907,Default Title,G1090,1,208.33,0,0,208.33,41.67,250,175.5,208.33
2026-01,Final Fantasy VII (Remake) - Upgraded Cloud's Strife Buster Sword,Default Title,AM256,1,208.33,0,0,208.33,41.67,250,68.74,208.33
2026-01,BERSERK - Guts Dragon Slayer Greatsword (150cm) Full Metal,Default Title,AM223,1,207.5,0,0,207.5,41.5,249,90.85,207.5
2026-01,Elden Ring - Black Blade of Maliketh,Default Title,VX221231,1,207.5,0,0,207.5,41.5,249,0,0
2026-01,"Deluxe ""Warrior's Rage"" (Red) Hand Forged Katana In Clay Tempered 1060 HCS",Default Title,BS310161RCT,1,207.5,0,0,207.5,41.5,249,94,207.5
2026-01,AKS47 - Kalashnikov Skladnoy With Folding Stock,Default Title,G1097,1,415,0,-207.5,207.5,41.5,249,161.1,207.5
2026-01,"Deluxe ""Warrior's Rage"" (Blue) Hand Forged Katana In Clay Tempered 1060 HCS",Default Title,BS310161BLCT,1,207.5,0,0,207.5,41.5,249,45.23,207.5
2026-01,David Yost Signed Blue Power Ranger Helmet - SWAU Authenticated,Default Title,AUTO003,1,229.16,-22.91,0,206.25,41.25,247.5,200,206.25
2026-01,"The Hobbit - Sting (Brown Scabbard, 70cm)",Default Title,HK750L,4,205.84,0,0,205.84,41.16,247,56,205.84
2026-01,Musketeer Rapier - 18th Century Europe,Default Title,HK5921,2,198.34,0,0,198.34,39.66,238,0,0
2026-01,Ragnar Lodbrok Viking Axe - Sweden 9th Century,Default Title,G605,4,196.68,0,0,196.68,39.32,236,116,196.68
2026-01,Captain America - Deluxe Shield,Default Title,HK404-GS,1,195.83,0,0,195.83,39.17,235,122.69,195.83
2026-01,The Witcher III - Geralt's Steel Sword (Wolf Pommel),Default Title,BS110616,2,199.16,-4.16,0,195,39,234,55,195
2026-01,"""Koyo"" Clay Tempered Hand Forged Katana",Default Title,BS111055CT,1,215.83,-21.58,0,194.25,38.85,233.1,43.58,194.25
2026-01,Game of Thrones/House Of The Dragon - King Viserys' Valeryian Steel Dagger and Arya's Catspaw,Default Title,HK8764GS,3,263.32,-4.16,-65.83,193.33,38.67,232,42,193.33
2026-01,Kill Bill - Deluxe Bill's (David Carradine) Hattori Hanzo Hand Forged Katana In Clay Tempered HCS,Default Title,BS011024-BILLCT,1,190.83,0,0,190.83,38.17,229,57.91,190.83
2026-01,Assassin's Creed - Sword Of Altair,Default Title,BS015335,2,200,-10,0,190,38,228,62,190
2026-01,Winchester Mod. 66 Lever Action Carbine Rifle,Default Title,G1140G,1,187.5,0,0,187.5,37.5,225,124.27,187.5
2026-01,Final Fantasy VII - Cloud's Strife Buster Sword,Default Title,VX221043,1,187.5,0,0,187.5,37.5,225,105,187.5
2026-01,John Wayne Special Winchester Rifle,Default Title,G1069,1,187.5,0,0,187.5,37.5,225,113.56,187.5
2026-01,The Bastard Snow's Sword - Hand Forged Folded Steel (Damascus),Default Title,JOT5909FD,1,375,0,-187.5,187.5,37.5,225,75.35,187.5
2026-01,"The Witcher - Deluxe Handforged Geralt's Steel Sword (Damascus, Mace Pommel)",Default Title,HK9320BHF,1,187.5,0,0,187.5,37.5,225,118,187.5
2026-01,Kill Bill - Hattori Hanzo Triple Set Display Katana (Straight Blade),Default Title,VX221700,2,183.34,0,0,183.34,36.66,220,79.02,183.34
2026-01,JAMES BOND - Walther PPK in Gold,Default Title,G5277,2,183.34,0,0,183.34,36.66,220,114.64,183.34
2026-01,Pirates Of the Caribbean - Pirate Cutlass,Default Title,,2,183.34,0,0,183.34,36.66,220,50.84,183.34
2026-01,Moon Knight - Crescent Dart - Full Metal (Silver),Default Title,AM127CMT-1,4,183.32,0,0,183.32,36.68,220,76.48,183.32
2026-01,Game Of Thrones - Jaime Lannister Sword,Default Title,BS310057,2,272.49,0,-90.83,181.66,36.34,218,86,181.66
2026-01,Cap Firing Dummy Rounds For Colt Single Action Army 6 Pack,Default Title,G49,17,183.97,-4.28,0,179.69,35.98,215.67,50.66,179.69
2026-01,The Hobbit - United Cutlery Officially Licensed Fili Dwarven Sword with Plaque,Default Title,UC-UC2953,1,179.17,0,0,179.17,35.83,215,118.7,179.17
2026-01,CALL OF DUTY - German WWII MP41 Submachine Gun 1940,Default Title,G1124/C,1,174.17,0,0,174.17,34.83,209,128.3,174.17
2026-01,1869 Smith & Wesson Schofield 6 Shot Revolver In Black & Solid Brass,Default Title,G1008L,2,174.17,0,0,174.17,34.83,209,95.58,174.17
2026-01,Pattern 1861 Enfield .577 Carabine British Empire Artillery Rifle - England 1861,Default Title,G1046,1,165.83,0,0,165.83,33.17,199,108.22,165.83
2026-01,Game Of Thrones - Heartsbane of House Tarly,Default Title,BS310739,2,165,0,0,165,33,198,62,165
2026-01,God Of War - Ragnarok Leviathan Axe with Glow In The Dark Runes,Default Title,AM224,1,162.5,0,0,162.5,32.5,195,157.15,162.5
2026-01,Honshu Practice Broadsword,Default Title,UC-UC3312,3,162.5,0,0,162.5,32.5,195,85.23,162.5
2026-01,Percussion Pistol - Italy 1825,Default Title,G1013G,3,216.67,0,-54.17,162.5,32.5,195,86.88,162.5
2026-01,Chinese Kangxi Emperor Sword (Full Metal),Default Title,CHS032BL,2,158.34,0,0,158.34,31.66,190,48.06,158.34
2026-01,"The Lord Of The Rings - Deluxe Sting (80cm, W/ Display Plaque)",Default Title,VX221042,2,366.67,-9.16,-201.67,155.84,53.16,209,62,155.84
2026-01,Captain America Wakanda Shield,Single,52814404,1,154.17,0,0,154.17,30.83,185,120,154.17
2026-01,Military Sharps Carbine - USA 19th Century,Default Title,G1142,1,154.17,0,0,154.17,30.83,185,88.85,154.17
2026-01,Sekiro - White Lotus Sword - Genichiro Ashina Mortal Blade Display (Straight Blade) Katana,Default Title,,2,237.5,-7.91,-79.17,150.42,30.08,180.5,29.7,150.42
2026-01,The Hobbit - Sting With Scabbard And Display Plaque (70cm),Default Title,VX221040,2,150,0,0,150,30,180,28,150
2026-01,Halo -Ma5B Assault Rifle (Cosplay Safe Foam),Default Title,BG012023,5,145.85,0,0,145.85,29.15,175,123.85,145.85
2026-01,Lord Of The Rings - Officially Licensed United Cutlery Sword Of Samwise,Default Title,UC-UC2614,1,157.5,-15.75,0,141.75,28.35,170.1,99.35,141.75
2026-01,"Deluxe ""Righteous Dragon"" Hand Forged Wakizashi In Clay Tempered 1095 HCS",Default Title,BS310133WCT,1,149.16,-14.91,0,134.25,26.85,161.1,62.48,134.25
2026-01,Derringer Garter Gun,Default Title,G1262/L,4,166.65,0,-33.33,133.32,26.68,160,76,133.32
2026-01,Genuine Black Leather Double Holster and Cartridge Belt For Two Revolvers with 24 Dummy Rounds,Default Title,G708,1,132.5,0,0,132.5,26.5,159,73.08,132.5
2026-01,Demon Slayer - Kyojuro Rengoku Red Nichirin Display (Straight Blade) Katana,Default Title,BS111053,2,133.33,-6.66,0,126.67,25.33,152,34.72,126.67
2026-01,Witcher IV - Ciri's Sword,Default Title,VX221107,1,125,0,0,125,25,150,0,0
2026-01,The Lord Of The Rings - Deluxe Boromir Sword,Default Title,JOT075C,1,125,0,0,125,25,150,48.96,125
2026-01,Lord Of The Rings - Deluxe Witch King Of Angmar Sword,Default Title,vx221047,1,125,0,0,125,25,150,32.5,125
2026-01,Devil May Cry - Dante's Rebellion (Silver),Default Title,HK0213,1,124.17,0,0,124.17,24.83,149,40.33,124.17
2026-01,Devil May Cry - Dante's Rebellion,Default Title,HK213R,1,124.17,0,0,124.17,24.83,149,33.5,124.17
2026-01,Thundercats - Sword Of Omens Dagger Eye Of Thundera,Default Title,AM140-1,3,166.67,-4.16,-41.67,120.84,24.16,145,35.91,120.84
2026-01,"Mauser C96 ""Broomhandle"" Pistol with Removable Stock Holster",Default Title,G1025,1,241.66,0,-120.83,120.83,24.17,145,49.94,120.83
2026-01,LOTR Anduril Wedding Cake Knife/ Letter Opener,Default Title,BS013484,7,133.36,0,-16.67,116.69,23.31,140,56,116.69
2026-01,Bloodborne - Ludwig's Holy Blade,Default Title,BS310908,1,116.67,0,0,116.67,23.33,140,126.92,116.67
2026-01,Conan The Barbarian - Father's Sword,Default Title,VX221744,1,116.67,0,0,116.67,23.33,140,40,116.67
2026-01,Game Of Thrones - Deluxe Brienne Of Tarth's Oathkeeper,Default Title,VX221874,1,116.67,0,0,116.67,23.33,140,40,116.67
2026-01,"Dragons of the Seven Kingdoms - Hizashi Dragon Display Katana (Metal, Straight Blade)",Default Title,BS015135-7,2,174.99,0,-58.33,116.66,23.34,140,28.4,116.66
2026-01,Kill Bill - O-Ren Ishii Shirasaya Display (Straight Blade) Katana,Default Title,BS011024OST,2,116.66,0,0,116.66,23.34,140,29.64,116.66
2026-01,Legend Of Zelda - Twilight Princess Dark Link Master Sword,Default Title,BS310085-1,1,231.66,0,-115.83,115.83,23.17,139,21.5,115.83
2026-01,"Dragons of the Seven Kingdoms - Midnight Dragon Display Katana (Metal, Straight Blade)",Default Title,BS0151135-2,2,116.66,-4.16,0,112.5,22.5,135,28.4,112.5
2026-01,Sword Art Online - Asuna Lambent Light Rapier,Default Title,,1,124.16,-12.41,0,111.75,22.35,134.1,50,111.75
2026-01,Devil May Cry 5 - Dante's Rebellion (Silver),Default Title,HK0214,1,124.16,-12.41,0,111.75,22.35,134.1,40.33,111.75
2026-01,Sekiro - Shadows Die Twice Mortal Blade (Brown) Display (Straight Blade) Katana,Default Title,BS310812,2,108.34,0,0,108.34,21.66,130,48,108.34
2026-01,Beretta 92 / Us Military M9 (Nickel Finish),Default Title,G1254/NQ,1,324.99,0,-216.66,108.33,21.67,130,79.13,108.33
2026-01,DEADPOOL - Gold Desert Eagle,Default Title,G1123/L,1,108.33,0,0,108.33,21.67,130,61.58,108.33
2026-01,Colt 'Cavalry' Single Action Army (Steel),Default Title,G1191G,2,190,-7.5,-75,107.5,21.5,129,91.82,107.5
2026-01,Dark Souls - Greatsword of Artorias – The Blade of the Abysswalker (108cm Display Edition),Default Title,,1,107.5,0,0,107.5,21.5,129,0,0
2026-01,Highlander - Deluxe Clan Macleod Claymore,Default Title,BS012637,1,116.66,-11.66,0,105,21,126,23.74,105
2026-01,Rings Of Power - Halbrand's Numenor Sword Of Men,Default Title,BS310740,1,116.66,-11.66,0,105,21,126,34,105
2026-01,M1911A1 Colt 'Mission Accomplished' Pistol (Gold Finish),Default Title,G5312,1,100,0,0,100,20,120,69,100
2026-01,Attack On Titan VME Sword (Silver Blade),Default Title,HK8265,1,100,0,0,100,20,120,22.13,100
2026-01,"M1911A1 Colt ""Military"" USA Service Pistol (Black/Black)",Default Title,G1312,1,500,0,-400,100,20,120,72.24,100
2026-01,Supernatural - Impala Trunk Knife,Default Title,HK2022,4,100,0,0,100,20,120,24,100
2026-01,The Bastard Snow - Sword With Plaque (Book Version),Default Title,BS015791-1,1,100,0,0,100,20,120,30.5,100
2026-01,Bleach - Ichigo Dual Wield Swords (Small),Default Title,AM116,2,100,0,0,100,20,120,34,100
2026-01,GLADIATOR - Maximus' Twin Spatha/Gladius,Default Title,HK8737,1,100,0,0,100,20,120,13.31,100
2026-01,Demon Slayer - Tengen Uzui Nichirin Twin Blades,Default Title,AM088,1,300,0,-200,100,20,120,39,100
2026-01,Dragonball Z - Trunk's Sword,Default Title,BS110735,1,100,0,0,100,20,120,44,100
2026-01,Devil May Cry - Vergil Yamato Katana (Cosplay Safe Wood),Default Title,VX221344,3,99.99,0,0,99.99,20.01,120,38.37,99.99
2026-01,Lord Of The Rings - Officially Licensed Sting Lamp,Default Title,,3,99.99,0,0,99.99,20.01,120,0,0
2026-01,"Elden Ring - Moonveil Display (Straight Blade, 102cm) Katana",Default Title,BS310828,2,98.34,0,0,98.34,19.66,118,22.3,98.34
2026-01,GAME OF THRONES - Arya's Needle With Plaque And Scabbard,Default Title,BS310330,1,108.33,-10.83,0,97.5,19.5,117,34.52,97.5
2026-01,Lord Of The Rings - Officially Licensed United Cutlery Shards Of Narsil Statue,Default Title,UC-UC3600,1,107.5,-10.75,0,96.75,19.35,116.1,66.09,96.75
2026-01,Loki - Laevateinn Dagger,Default Title,AM090,4,120.85,0,-24.17,96.68,19.32,116,48,96.68
2026-01,Real Wood Revolver Display Stand,Default Title,G808,4,150,-7.5,-47.5,95,19,114,57.44,95
2026-01,James Bond Walther PPK,Default Title,G1277,1,183.34,0,-91.67,91.67,18.33,110,56.53,91.67
2026-01,Highlander - Connor Macleod Triple Set Display Katana (Straight Blade),Default Title,VX221694-1,1,91.67,0,0,91.67,18.33,110,39.51,91.67
2026-01,"""Tsubasa"" Triple Set Display Katana (Straight Blade)",Default Title,BS111046,1,91.67,0,0,91.67,18.33,110,39.51,91.67
2026-01,The Lord Of The Rings - Officially Licensed One Ring Lamp,Default Title,LAMP007,2,91.65,0,0,91.65,8.33,99.98,41.66,91.65
2026-01,Genuine Leather Holster and Cartridge Belt For Single Revolver,Default Title,G703,1,90.83,0,0,90.83,18.17,109,54.58,90.83
2026-01,The Hobbit - United Cutlery Officially Licensed Sting Scabbard,Default Title,UC-UC2893,1,90.83,0,0,90.83,18.17,109,56.33,90.83
2026-01,RED DEAD REDEMPTION - LeMat Confederate Civil War Revolver 1855,Default Title,G1070,1,100,-10,0,90,18,108,53.61,90
2026-01,Hand Grenade Mk2 Pineapple (Green) - USA 1918,Default Title,738V,3,116.68,0,-29.17,87.51,17.49,105,47.22,87.51
2026-01,Akaji Triple Set Display Katana (Straight Blade),Default Title,HKS052R-1,1,91.66,-4.16,0,87.5,17.5,105,39.51,87.5
2026-01,Guardians Of The Galaxy - Drax's Daggers,Default Title,MS047,1,82.5,0,0,82.5,16.5,99,0,0
2026-01,Blue Dragon Display (Straight) Katana Triple Set,Default Title,29152b-c,1,82.5,0,0,82.5,16.5,99,37.31,82.5
2026-01,"Resident Evil - Python .357 6""",Default Title,G1050,1,91.66,-9.16,0,82.5,16.5,99,46.69,82.5
2026-01,Legend Of Zelda - Tears Of The Kingdom Broken Master Sword,Default Title,AM160,1,82.5,0,0,82.5,16.5,99,34.29,82.5
2026-01,Legend Of Zelda Tears Of The Kingdom - Master Sword Dark Link Variant,Default Title,BS310766,1,82.5,0,0,82.5,16.5,99,35,82.5
2026-01,GAME OF THRONES - Arya's Needle With Plaque,Default Title,,1,82.5,0,0,82.5,16.5,99,34.52,82.5
2026-01,Games Of Thrones - Stark Direwolf Infantry Shield (Cosplay Safe Fibreglass),Default Title,BW310015,1,82.5,0,0,82.5,16.5,99,0,0
2026-01,Blade - Sword Of The Daywalker,Default Title,BS014177,1,247.5,0,-165,82.5,16.5,99,32.73,82.5
2026-01,Game Of Thrones - Khal Drogo Scimitar,Default Title,BS310329,1,82.5,0,0,82.5,16.5,99,38,82.5
2026-01,Dummy Rounds For Colt Single Action Army 6 Pack,Default Title,G50,10,91.55,-2.47,-8.32,80.76,16.17,96.93,10,80.76
2026-01,Chinese Dragon Emperor Sword (Full Metal),Default Title,CHS031R,1,158.34,0,-79.17,79.17,15.83,95,24.03,79.17
2026-01,Colt Navy 1851 (Ivory),Default Title,G1040/B,1,150,0,-75,75,15,90,47,75
2026-01,Naruto - Kunai (Metal),Default Title,AM035,3,75,0,0,75,15,90,14.55,75
2026-01,Colt 'Marshall' Single Action Army,Default Title,G1109/N,1,75,0,0,75,15,90,44.45,75
2026-01,"Colt 'Lone Ranger' Single Action Army 5.5"" (Bright Nickel) - USA 1873",Default Title,G1150NQ,1,150,0,-75,75,15,90,44.45,75
2026-01,Demon Slayer - Inosuke Nichirin - Cosplay Safe Wood With Sheath,Default Title,WD041,3,75,0,0,75,15,90,33,75
2026-01,"Demon Slayer - Kyojuro Rengoku Nichirin Display (Metal, Straight Blade) Katana with Light Up Blade",Default Title,BS310860,1,150,0,-75,75,15,90,21,75
2026-01,M-24 Stielhandgranate Stick Grenade - Germany WWI & WWII (Green),Default Title,G737V,2,75,0,0,75,15,90,43.2,75
2026-01,Colt Navy 1851,Default Title,G1040/L,1,79.16,-7.91,0,71.25,14.25,85.5,55.94,71.25
2026-01,Colt 'Widowmaker' Single Action Army,Default Title,B-1281/L,1,75,-7.5,0,67.5,13.5,81,44,67.5
2026-01,Colt 'Quickdraw' Single Action Army,Default Title,G1106/G,1,75,-7.5,0,67.5,13.5,81,44.33,67.5
2026-01,Napoleon Flintlock Double Cannon - France 1806,Default Title,G1026,1,74.16,-7.41,0,66.75,13.35,80.1,50.94,66.75
2026-01,Halo - M6G Magnum Hang Gun (Cosplay Safe Foam),Default Title,FM223,4,66.68,0,0,66.68,13.32,80,24.4,66.68
2026-01,BLEACH - Ichigo Bankai Zangetsu,Default Title,BS013983B,1,66.67,0,0,66.67,13.33,80,14,66.67
2026-01,Demon Slayer - Zenitsu Agatsuma Yellow Nichirin Display (Straight Blade) Katana,Default Title,BS111061,1,66.67,0,0,66.67,13.33,80,17.36,66.67
2026-01,Demon Slayer - Twelve Kizuki Kokushibo Flesh Sword Display (Straight Blade) Katana,Default Title,BS310711,1,66.67,0,0,66.67,13.33,80,11.05,66.67
2026-01,Demon Slayer - Muichiro Tokito White Nichirin Display (Straight Blade) Katana,Default Title,BS111060,1,66.67,0,0,66.67,13.33,80,17.36,66.67
2026-01,The Last Samurai - Nathan Algren Display (Straight Blade) Katana,Default Title,BS015224,1,66.67,0,0,66.67,13.33,80,20.26,66.67
2026-01,One Piece  - Luffy Nidail Kitetsu Display (Straight) Katana,Default Title,BS310684,1,66.67,0,0,66.67,13.33,80,18,66.67
2026-01,"Demon Slayer - Yoriichi Tsugikuni Sun Breathing Gold Nichirin Display (Metal, Straight Blade) Katana with Light Up Blade",Default Title,BS310866,1,66.67,0,0,66.67,13.33,80,21.5,66.67
2026-01,Highlander Endgame - Duncan Macleod Display (Straight Blade) Katana,Default Title,BS110729,1,66.67,0,0,66.67,13.33,80,10.21,66.67
2026-01,Jujutsu Kaisen - Itadori Yuji's Slaughter Demon,Default Title,BS111648,1,66.67,0,0,66.67,13.33,80,26.07,66.67
2026-01,Demon Slayer - Inosuke Nichirin Collectable (40cm),Default Title,LT008,4,66.67,-4.16,0,62.51,12.49,75,26,62.51
2026-01,"""Head Knocker"" 18th Century Pirate Percussion Pistol",Default Title,G1104L,1,62.5,0,0,62.5,12.5,75,29.77,62.5
2026-01,Supernatural - The First Blade,Default Title,HK8465,1,125,0,-62.5,62.5,12.5,75,14.07,62.5
2026-01,"""Death's Head"" 18th Century Pirate Flintlock (Brass)",Default Title,G1103L,1,62.5,0,0,62.5,12.5,75,26.65,62.5
2026-01,"""Death's Head"" 18th Century Pirate Flintlock (Gunmetal Grey)",Default Title,G1103G,1,62.5,0,0,62.5,12.5,75,26.65,62.5
2026-01,Lord Of The Rings - Aragorn Anduril Sword (Cosplay/LARP Safe Foam),Default Title,FM034,3,83.32,0,-20.83,62.49,12.51,75,19.17,62.49
2026-01,Hand Grenade Mk II Pineapple - USA WWII,Default Title,G738V,2,58.34,0,0,58.34,11.66,70,27.98,58.34
2026-01,Legend Of Zelda - Deluxe Master Sword (Cosplay Safe Foam),Default Title,FM249,2,58.34,0,0,58.34,11.66,70,17.72,58.34
2026-01,Kill Bill - The Bride's Display (Straight Blade) Katana,Default Title,BS011024BRST,1,58.33,0,0,58.33,11.67,70,21,58.33
2026-01,"Kabuki Display Katana (Metal, Straight Blade)",Default Title,BS015135-6,1,116.66,0,-58.33,58.33,11.67,70,14.2,58.33
2026-01,"Dragons of the Seven Kingdoms - Hinoiri Dragon Display Katana (Metal, Straight Blade)",Default Title,BS0151135-5,1,58.33,0,0,58.33,11.67,70,14.2,58.33
2026-01,BLEACH - Hollow Ichigo Bankai Zangetsu,Default Title,BS013983W,1,58.33,0,0,58.33,11.67,70,12.34,58.33
2026-01,Bleach - Katana Of Urahara Kisuke - Benihime Display (Straight Blade) Katana,Default Title,BS014097,1,58.33,0,0,58.33,11.67,70,21.37,58.33
2026-01,Naruto - Sasuke Grass Cutter Kusanagi Display (Straight Blade) Sword,Default Title,BS310690,1,174.99,0,-116.66,58.33,11.67,70,18.25,58.33
2026-01,Metal Gear - Raiden's High Frequency Blade,Default Title,BS310824,1,58.33,0,0,58.33,11.67,70,15,58.33
2026-01,Power Rangers - Red Ranger Sword (Cosplay Safe Foam),Default Title,FM168,3,83.32,-4.16,-20.83,58.33,11.67,70,19.14,58.33
2026-01,Demon Slayer - Tanjiro Kamado Black Nichirin Display (Straight Blade) Katana,Default Title,BS111079,1,58.33,0,0,58.33,11.67,70,17.36,58.33
2026-01,Bleach - Rukia Sode No Shirayuki Display (Straight Blade) Katana,Default Title,BS310817,1,58.33,0,0,58.33,11.67,70,22,58.33
2026-01,Lord Of The Rings - Officially Licensed United Cutlery Rohan Banner,Default Title,UC-UC3675,1,57.5,0,0,57.5,11.5,69,39,57.5
2026-01,Devil May Cry -Nero's  Blue Rose (Resin),Default Title,GN001,1,54.17,0,0,54.17,10.83,65,24.89,54.17
2026-01,Game Of Thrones - Ned Stark's Ice Collectable (42cm),Default Title,BS016645,3,50.01,0,0,50.01,9.99,60,17.85,50.01
2026-01,Katana Stand (Single),Default Title,BP011368,4,50,0,0,50,10,60,24,50
2026-01,Lord Of The Rings - Weta Workshop Replica 1:1 Bilbo's key To Bag End,Default Title,WETA863904142,1,50,0,0,50,10,60,0,0
2026-01,Kingdom Hearts - Halloween,Default Title,BS210515,1,50,0,0,50,10,60,22,50
2026-01,Legend Of Heroes - Shizuna Rem Misurugi's Crimson Blade Of The Lightning Knight Display (Straight Blade) Katana,Default Title,,1,100,0,-50,50,10,60,0,0
2026-01,Kill La Kill - Ryuku Matoi Rending Scissors (Cosplay Safe Wood),Default Title,WD026,2,50,0,0,50,10,60,18,50
2026-01,FALLOUT - Laser Pistol Cosplay/LARP Safe Foam,Default Title,FM329,2,50,0,0,50,10,60,18.94,50
2026-01,The Witcher III Steel Sword (Wolf Pommel) - 40cm Collectable,Default Title,BS310616-15,3,83.32,0,-33.33,49.99,10.01,60,42,49.99
2026-01,Honshu Practice Katana,Default Title,UC-UC3259,1,49.17,0,0,49.17,9.83,59,26.68,49.17
2026-01,"6 Cannon ""Pepperbox"" Revolver - London 1840",Default Title,G1071,1,49.17,0,0,49.17,9.83,59,37.05,49.17
2026-01,Dune - Crysknife,Default Title,VX221155,1,49.17,0,0,49.17,9.83,59,0,0
2026-01,Knife Pistol - 18th Century,Default Title,G1204,1,54.16,-5.41,0,48.75,9.75,58.5,26.4,48.75
2026-01,Basic Katana Double Stand,Default Title,BP011362-2,3,66.67,-1.66,-16.67,48.34,9.66,58,15,48.34
2026-01,Star Wars - Luke Skywalker Premium Lightsaber Umbrella,Default Title,,2,48.34,0,0,48.34,9.66,58,0,0
2026-01,Devil May Cry - Dante's Ebony (Foam),Default Title,FM138,2,50,-2.5,0,47.5,9.5,57,12,47.5
2026-01,Shoulder Holster - Black Leather,Default Title,716,1,45.83,0,0,45.83,9.17,55,38.34,45.83
2026-01,Demon Slayer - Mitsuri Kanroji Love Pink Nichirin Display (Straight Blade) Katana,Default Title,BS111056,1,41.67,0,0,41.67,8.33,50,17.36,41.67
2026-01,Sword Of Gryffindor,Default Title,BS011033,1,41.67,0,0,41.67,8.33,50,15,41.67
2026-01,Lord Of The Rings - Legolas Dagger Collectable (28cm),Default Title,HK8439,2,41.66,0,0,41.66,8.34,50,10,41.66
2026-01,Bastard Sword - Cosplay/Training Sword,Default Title,CS92BKHNH,1,41.66,0,0,41.66,8.33,49.99,24.87,41.66
2026-01,The Witcher - Wild Hunt Silver Serpent Sword Collectable (40cm),Default Title,HK8787SU,2,41.66,0,0,41.66,8.34,50,18,41.66
2026-01,Supernatural - The Colt (Cosplay Safe Foam),Default Title,FM246,2,41.66,0,0,41.66,8.34,50,5.92,41.66
2026-01,Flintlock Blunderbuss Pistol - 18th Century,Default Title,G1231/G,1,81.66,0,-40.83,40.83,8.17,49,30.51,40.83
2026-01,Power Rangers - Green Ranger Dagger (Cosplay Safe Foam),Default Title,FM169,2,62.49,-2.08,-20.83,39.58,7.92,47.5,13.24,39.58
2026-01,Aragorn's Angrist Elven Blade (Black),Default Title,BS011221,1,37.5,0,0,37.5,7.5,45,9,37.5
2026-01,Hellsing - Pistol Pair Cassul & Jackal (Cosplay Safe Foam) Save £5,Default Title,FM247+248,1,37.5,0,0,37.5,7.5,45,14,37.5
2026-01,Harley Quinn - Good Night Baseball Bat,Default Title,BW310070,1,37.5,0,0,37.5,7.5,45,13.98,37.5
2026-01,Demon Slayer - Sanemi Shinazugawa Nichirin Collectable (40cm),Default Title,LT007,2,33.34,0,0,33.34,6.66,40,6,33.34
2026-01,Demon Slayer - Zenitsu Agatsama Nichirin Katana Umbrella,Default Title,AM072-3,2,33.34,0,0,33.34,6.66,40,22,33.34
2026-01,Demon Slayer - Tanjiro Kamado Season 2 Nichirin - Cosplay Safe Wood,Default Title,WD051,1,33.33,0,0,33.33,6.67,40,12,33.33
2026-01,"The Witcher III Silver Sword - 15"" Collectable",Default Title,VX221819,1,33.33,0,0,33.33,6.67,40,12,33.33
2026-01,Demon Slayer - Zenitsu Agatsuma Nichirin - Cosplay Safe Wood,Default Title,WD054,1,33.33,0,0,33.33,6.67,40,11,33.33
2026-01,Legend Of Zelda - Breath Of The Wild Bow - Cosplay Safe Foam,Default Title,FM119,1,33.33,0,0,33.33,6.67,40,14,33.33
2026-01,Demon Slayer - Nezuko Nichirin Katana (Cosplay Safe Wood),Default Title,WD062,1,33.33,0,0,33.33,6.67,40,12.79,33.33
2026-01,LOKI - Chitauri Sceptre (Cosplay Safe Foam),Default Title,FM186,1,33.33,0,0,33.33,6.67,40,15.74,33.33
2026-01,Femme Fatale Flintlock Garter Gun,Default Title,G237/G,1,33.33,0,0,33.33,6.67,40,13.5,33.33
2026-01,God Of War - Ragnarok Leviathan Axe (Cosplay Safe Foam),Default Title,FM290,1,33.33,0,0,33.33,6.67,40,9,33.33
2026-01,Longclaw Wedding Cake Knife (30cm),Default Title,BS110463,2,31.66,0,0,31.66,6.34,38,11.48,31.66
2026-01,Lord Of The Rings - Thranduil Sword Collectible (40cm),Default Title,HK8443MUB,1,87.51,0,-58.34,29.17,5.83,35,6.85,29.17
2026-01,AR-15 Assault Rifle (Cosplay Safe Foam),Default Title,FM052,1,29.17,0,0,29.17,5.83,35,9.32,29.17
2026-01,Kingdom Key - Cosplay/Larp Safe Foam Keyblade,Default Title,BS014612F,1,29.17,0,0,29.17,5.83,35,14,29.17
2026-01,Hand Grenade Mk2 Pineapple - USA 1918,Default Title,G738,1,29.17,0,0,29.17,5.83,35,15.74,29.17
2026-01,Skyrim - Daedric Sword (Cosplay Safe Foam),Default Title,,1,50,0,-25,25,5,30,8,25
2026-01,Bleach - Ichigo Zangetsu Katana Collectable (42Cm),Default Title,LT023,1,25,0,0,25,5,30,6.5,25
2026-01,Legend Of Zelda - Master Sword In Stone Letter Opener,Default Title,BS210368,2,25,-1.25,0,23.75,4.75,28.5,0,0
2026-01,Texas Chainsaw Massacre - The Leather Face,Hoodie 2XL,27406011,1,22.92,0,0,22.92,4.58,27.5,11.5,22.92
2026-01,Devil May Cry - Dante's Ivory (Foam),Default Title,FM139,1,25,-2.5,0,22.5,4.5,27,6,22.5
2026-01,Devil May Cry Rebellion - Cosplay/Larp Safe Foamsword,Default Title,HK0213F,1,22.5,0,0,22.5,4.5,27,11,22.5
2026-01,Ghostbusters - 1:24 Ecto-1 Die-Cast Collectible,Default Title,,1,22.49,0,0,22.49,4.5,26.99,12.73,22.49
2026-01,Star Wars – Luke Skywalker & Darth Vader Lightsaber Pen Set (2-Pack),Default Title,SETB01,2,21.64,0,0,21.64,4.34,25.98,12.5,21.64
2026-01,Legend Of Zelda - Master Sword Collectible 30cm,Default Title,BS210370,1,20.83,0,0,20.83,4.17,25,5.51,20.83
2026-01,Demon Slayer - Mitsuri Konroji Nichirin - Cosplay Safe Wood,Default Title,WD032,1,20.83,0,0,20.83,4.17,25,12,20.83
2026-01,Genshin Impact - Yoimiya Bow Hamayumi Cosplay Safe Foam,Default Title,FM099,1,20.83,0,0,20.83,4.17,25,0,0
2026-01,"The Hobbit - Sting Collectable (28cm, Brown)",Default Title,HK7701Y,1,62.49,0,-41.66,20.83,4.17,25,5,20.83
2026-01,The Witcher Wild Hunt- Steel Collectible 40cm,Default Title,HK8786SU,1,20.83,0,0,20.83,4.17,25,6.9,20.83
2026-01,Bowie Knife (Cosplay Safe Foam),Default Title,FM280,2,20.82,0,0,20.82,4.17,24.99,5,20.82
2026-01,MARVEL DEADPOOL PREMIUM UMBRELLA,Default Title,PARP04,1,20.82,0,0,20.82,4.17,24.99,10.41,20.82
2026-01,Pac - Zombie,3X-Large (Large Image),11905437,1,18.75,0,0,18.75,3.75,22.5,8.5,18.75
2026-01,Demon Slayer - Tanjiro Kamado Season 2 Collectable (40 cm),Default Title,LT010,1,16.67,0,0,16.67,3.33,20,6.5,16.67
2026-01,One Piece - Shusui Collectible (40cm),Default Title,LT018,1,16.67,0,0,16.67,3.33,20,6.5,16.67
2026-01,One Piece - Roronoa Zoro Sandai Kitetsu Collectable (40cm),Default Title,LT019,1,16.67,0,0,16.67,3.33,20,6.5,16.67
2026-01,Demon Slayer - Kokushibo Twelve Kizuki Nichirin Collectable (40cm),Default Title,VX221055,1,16.67,0,0,16.67,3.33,20,3,16.67
2026-01,Demon Slayer - Kyojuro Rengoku Nichirin Collectable (40cm),Default Title,LT006,1,16.67,0,0,16.67,3.33,20,3,16.67
2026-01,Legend Of Zelda - Skyward Sword - (Cosplay Safe Foam),Default Title,FM199,1,16.67,0,0,16.67,3.33,20,12,16.67
2026-01,Demon Slayer - Giyu Tomioka Nichirin Katana Umbrella,Default Title,AM072-4,1,16.67,0,0,16.67,3.33,20,11,16.67
2026-01,Back To Future - Delorean Licence Plate Door Mat,Default Title,FGE0054,1,16.66,0,0,16.66,3.33,19.99,7.5,16.66
2026-01,"Lord Of The Rings - Officially Licensed ""Speak Friend"" Luminescent Doormat",Default Title,FLGE001,2,36.65,-19.99,0,16.66,3.33,19.99,16.66,16.66
2026-01,"The Lord Of The Rings - Sting Collectible (28cm, Black)",Default Title,BS016127,1,16.66,-0.41,0,16.25,3.25,19.5,4.59,16.25
2026-01,DC - Arkham Lounge Harley Quinn,Tee Large,T0477-TE-1-1-1-1-1-1-1-1-1-1-1,1,15,0,0,15,3,18,8.5,15
2026-01,Demon Slayer - Sanemi Shinazugawa Green Nichirin Katana With Sheath - Cosplay Safe Foam,Default Title,BS210668-1,1,25,0,-12.5,12.5,2.5,15,10,12.5
2026-01,Buffy The Vampire Slayer - Faith's Knife (Cosplay Safe Foam),Default Title,VX221126,1,12.5,0,0,12.5,2.5,15,0,0
2026-01,Demon Slayer - Tanjiro Kamado Season 2 Nichirin Katana With Sheath - Cosplay Safe Foam,Default Title,FM074,1,12.5,0,0,12.5,2.5,15,10,12.5
2026-01,Supernatural - Church Of Castiel,Medium,3212309,1,12.5,0,0,12.5,2.5,15,8.5,12.5
2026-01,John Wick - Assassin's Guild Coin,Two Coins £15,67408399,1,25,0,-12.5,12.5,2.5,15,4,12.5
2026-01,Basic Katana Stand (Matt Black),Default Title,BP011362-1,1,12.5,0,0,12.5,2.5,15,0,0
2026-01,The Walking Dead - Team Negan,Medium / Black,70962326,1,12.5,0,0,12.5,2.5,15,8.5,12.5
2026-01,Star Wars – Darth Vader A5 Premium Notebook with Lightsaber Pen,Default Title,CPA5013,1,12.49,0,0,12.49,2.5,14.99,7.08,12.49
2026-01,Jujutsu Kaisen - Leather Travel Journal,Default Title,CTBV031,1,11.99,0,0,11.99,0,11.99,5,11.99
2026-01,Norse Carved Mjolnir Pendant,Default Title,BG011636,1,12.5,-1.25,0,11.25,2.25,13.5,2.36,11.25
2026-01,Legend Of Zelda - Master Sword Keyring (22cm),Default Title,KW1080,1,10,0,0,10,2,12,2.85,10
2026-01,Raven Skull Necklace,Default Title,BG011467,1,10,0,0,10,2,12,1.8,10
2026-01,Jurassic Park - Leather Travel Journal,Default Title,CTBV008,1,9.99,-0.99,0,9,1.8,10.8,5,9
2026-01,Naruto - Yondaime Kunai Necklace (Gold Or Silver),Silver,2087-SI,1,8.33,0,0,8.33,1.67,10,2.18,8.33
2026-01,"Dragons of the Seven Kingdoms - Riyujin Dragon Display Katana (Metal, Straight Blade)",Default Title,BS015135-8,0,58.33,0,-58.33,0,0,0,0,0
2026-01,Demon Slayer - Inosuke Hashibara Nichirin Katana With Sheath - Cosplay Safe Foam,Default Title,BS210668-5,0,12.5,0,-12.5,0,0,0,0,0
2026-01,"Demon Slayer - Zenitsu Agatsuma Nichirin Display (Metal, Straight Blade) Katana with Light Up Blade",Default Title,BS310857,0,75,0,-75,0,0,0,0,0
2026-01,Bruce Lee Nunchucks (Gold),Default Title,BW010356,0,15,0,-15,0,0,0,0,0
2026-01,Nunchaku (Nunchuk) - Classic Dragon (Wood),Default Title,BW010192,0,15,0,-15,0,0,0,0,0
2026-01,Star Wars - Boba Fett's Ee-3 Blaster (Cosplay Safe Foam),Default Title,FM241,0,29.17,0,-29.17,0,0,0,0,0
2026-01,Klingon D'k Tagh,Default Title,HK808,0,37.5,0,-37.5,0,0,0,0,0
2026-01,Genshin Impact - Keqing Lion's Roar Sword,Default Title,BS310820,0,108.33,0,-108.33,0,0,0,0,0
2026-01,Lord Of The Rings -  Aragorn King Of Gondor Helmet,Default Title,AH24144,0,116.66,-11.66,-105,0,0,0,0,0
2026-01,Bleach - Kenpachi Nozarashi Display (Straight Blade) Katana,Default Title,BS310816,0,62.5,0,-62.5,0,0,0,0,0
2026-01,Kingston Arms Club Sport Federschwert – HEMA Sparring Longsword,Default Title,,0,232.5,0,-232.5,0,0,0,0,0
2026-01,Akame Ga Kill - Katana Of Akame Display (Straight) Katana,Default Title,BS110598,0,66.67,0,-66.67,0,0,0,0,0
2026-01,Lord Of The Rings - NEW AND IMPROVED Gimli's Battle Axe,Default Title,VX221072,0,233.33,-11.66,-221.67,0,0,0,0,0
2026-01,"Demon Slayer - Tanjiro Kamado  Black Nichirin Display (Metal, Straight Blade) Katana with Light Up Blade",Default Title,BS310856,0,75,0,-75,0,0,0,0,0
2026-01,Call Of Duty Vector Smg - Cosplay/Larp Safe Foam Gun,Default Title,BS111009,0,45.83,0,-45.83,0,0,0,0,0
2026-01,"""Itsukushima"" Hand Forged Tanto In 1095Hcs",Default Title,BS111135,0,66.67,0,-66.67,0,0,0,0,0
2026-01,Roman Centurion Helmet - Gallic H,Default Title,AH6069,0,145.83,0,-145.83,0,0,0,0,0
2026-01,Wells Fargo Stagecoach Defender - Double Barrel Wyatt Earp Shotgun Pistol / Sawn-Off - USA 1868,Default Title,G1114,0,133.33,0,-133.33,0,0,0,0,0
2026-01,Dragon Rubber Nunchucks,Default Title,BW010715,0,15,0,-15,0,0,0,0,0
2026-01,Nunchaku (Nunchaku) - Black dragon (Acrylic),Default Title,BW010712,0,25,0,-25,0,0,0,0,0
2026-01,Buffy Slayer Scythe,Default Title,HK8761,0,100,0,-100,0,0,0,0,0
2026-01,Demon Slayer - Tanjiro Kamado Nichirin Collectable (40 cm),Default Title,LT001,0,16.67,0,-16.67,0,0,0,0,0
2026-01,Viserys' Blackfyre (TV Show Version),Default Title,VX221092,0,116.67,0,-116.67,0,0,0,0,0
2026-01,THE WITCHER - Geralt's Silver Sword TV Show Version in Hand Forged Damascus Steel,Default Title,MS019FD,0,375,0,-375,0,0,0,0,0
2026-01,Legend Of Zelda - Master Sword Dark Link Variant,Default Title,BS015961-1,0,82.5,0,-82.5,0,0,0,0,0
2026-01,Thompson M1928A1 Submachine Gun USA 1918,Default Title,G1093,0,208.33,0,-208.33,0,0,0,0,0
2026-01,Foam Training Nunchucks,Default Title,BW010692,0,12.5,0,-12.5,0,0,0,0,0
2026-01,"USA WWII M3 ""Grease Gun"" Smg",Default Title,G1313,0,325,0,-325,0,0,0,0,0
2026-01,Genshin Impact - Kazuha Freedom Sworn Sword,Default Title,AM169,0,108.33,0,-108.33,0,0,0,0,0
2026-01,Shogun's Red Rage' Clay Tempered Katana,Default Title,BS310627K,0,374.17,0,-374.17,0,0,0,0,0
2026-01,Bruce Lee Nunchucks (Black),Default Title,BW010191,1,33,-18,-15,0,0,0,6,0
2026-01,Genshin Impact - Al Haitham Xiphos Moonlight Sword,Default Title,BS310822,0,108.33,0,-108.33,0,0,0,0,0
2026-01,Red Dead - Colt Single Action Army (Cosplay Safe Foam),Default Title,FM286,0,16.67,0,-16.67,0,0,0,0,0
2026-01,Star Wars - Darth vader Premium Lightsaber Umbrella,Default Title,,0,24.17,0,-24.17,0,0,0,0,0
2026-01,The Lord Of The Rings - Officially Licensed Mini-Poster Set,Default Title,,-1,0,0,-6.66,-6.66,-1.33,-7.99,0,0
2026-01,"Lord Of The Rings - Officially Licensed United Cutlery Angrist, Elven Knife Of Strider",Default Title,UC-UC1371,0,232.5,0,-245,-12.5,46.5,34,0,-12.5
2026-01,Demon Slayer - Inosuke Nichirin Fidget Keyring/Keychain (22cm),Default Title,,-1,0,0,-12.5,-12.5,-2.5,-15,-3,-12.5
2026-01,"Demon Slayer - Mitsuri Kanroji Love Pink Nichirin Display (Medtal, Straight Blade) Katana with Light Up Blade",Default Title,BS310862,0,-0.01,-16.66,0,-16.67,-3.33,-20,0,-16.67
2026-01,Assassin's Creed Odyssey - Leonidas' Spear,Default Title,BS110866,0,79.17,0,-99.17,-20,-4,-24,0,-20
2026-01,Skyrim Daedric Dagger - Cosplay/Larp Safe Foam,Default Title,BS111062,-1,0,0,-20,-20,0,-20,-9,-20
2026-01,Legend Of Zelda - Master Sword Collectible (12 Inch),Default Title,HKA006S-2,-1,0,0,-22.5,-22.5,0,-22.5,-6.54,-22.5
2026-01,Helena Bonham Carter Signed Bellatrix Lestrange Dagger With SWAU Authentication,Default Title,SIGN003,0,195.83,0,-235,-39.17,39.17,0,0,-39.17
2026-01,Lord Of The Rings - Officially Licensed United High Elven Warrior Sword,Default Title,,0,357.5,0,-399,-41.5,71.5,30,0,-41.5
2026-01,League Of Legends - Jinx 1/6 Scale Statue,DEPOSIT ONLY £50 (Further Payment Required),PA007LOL-DE,-1,0,0,-41.67,-41.67,-8.33,-50,0,0
2026-01,Pirate Flintlock Boarding Pistol - 18th Century,Default Title,G1012,-1,0,0,-54.17,-54.17,-10.83,-65,-37.75,-54.17
2026-01,Destiny 2 Graviton Lance - Cosplay/Larp Safe Foam Gun,Default Title,BS111013,-1,0,0,-57.5,-57.5,-11.5,-69,-26,-57.5
2026-01,One Piece - Roronoa Zoro Display (Straight) Katana (White),Default Title,BS111051,-1,0,0,-66.67,-66.67,-13.33,-80,-19.61,-66.67
2026-01,Demon Slayer - Tanjiro Kamado Fire Breath Black Nichirin Display (Straight Blade) Katana,Default Title,BS310686,-1,66.67,0,-133.34,-66.67,-13.33,-80,-18.25,-66.67
2026-01,Colt 'Cavalry' Single Action Army (Nickel),Default Title,G1191NQ,-1,0,0,-75,-75,-15,-90,-45.91,-75
2026-01,Bleach - Ichigo  (Large),Default Title,AM115,-1,0,0,-75,-75,-15,-90,-29,-75
2026-01,Wyatt Earp's O.K. Corrall Colt Peacemaker,Default Title,G7303,-1,79.17,0,-158.34,-79.17,-15.83,-95,-42.49,-79.17
2026-01,Kingdom Hearts - Kingdom Key,Default Title,BS014612,-2,0,0,-91.66,-91.66,-18.34,-110,-40,-91.66
2026-01,JAMES BOND - Walther PPK in Nickel,Default Title,G1277NQ,-1,0,0,-91.67,-91.67,-18.33,-110,-57.32,-91.67
2026-01,The Witcher - Wild Hunt Gwynbleidd Steel Sword,Default Title,HK8786CU,-1,0,0,-116.67,-116.67,-23.33,-140,-41.5,-116.67
2026-01,Lord Of The Rings - Officially Licensed United Cutlery Uruk Hai Scimitar,Default Title,UC-UC1309,-1,0,0,-162.5,-162.5,-32.5,-195,-103.82,-162.5
2026-01,Lord Of The Rings - Officially Licensed United Cutlery GLAMDRING SCABBARD WHITE,Default Title,UC-UC1417WT,-1,0,0,-229,-229,0,-229,-123.26,-229
2026-01,Loki's Sceptre - 1:1 Metal Version,Default Title,BS110897,-1,0,0,-229.17,-229.17,-45.83,-275,-148.22,-229.17
2026-01,The Witcher III - Deluxe Wild Hunt Geralt Silver Sword,Default Title,HK8787CU,-3,0,0,-247.5,-247.5,-49.5,-297,-126,-247.5
2026-01,Lord Of The Rings - United Cutlery Officially Licensed High Elven Helm (Limited Edition),Default Title,UC-UC1382,-1,0,0,-429.99,-429.99,0,-429.99,-249.71,-429.99
2026-01,Lord Of The Rings - United Cutlery Officially Licensed Knives Of Legolas SIGNED BY ORLANDO BLOOM!,Default Title,UC-UC1372,-1,0,0,-549,-549,0,-549,-191.41,-549
2026-02,The Lord Of The Rings - Deluxe Anduril With Display Plaque & Scabbard,Default Title,VX221044-NS,20,3600,-60,-600,2940,588,3528,1469.6,2940
2026-02,Lord Of The Rings - Officially Licensed United Cutlery Anduril Sword of Aragorn,Default Title,UC-UC1380,10,3189.96,-26.58,-531.66,2631.72,526.38,3158.1,1666.4,2631.72
2026-02,Lord Of The Rings - United Cutlery Officially Licensed Museum Collection Anduril,Default Title,UC-UC3516,4,2296.67,-57.41,0,2239.26,447.84,2687.1,1527.32,2239.26
2026-02,Masters Of The Universe - He-Man Power Sword (2026),Default Title,VX221214,10,2062.5,0,-187.5,1875,375,2250,459.4,1875
2026-02,Lord Of The Rings - United Cutlery Officially Licensed Lothlorien Bow Of Legolas,Default Title,UC3691,3,1347.5,-44.91,0,1302.59,260.51,1563.1,807.57,1302.59
2026-02,Ghost Of Tsushima - Jin Sakai Display Katana (Black),Default Title,BS310811,26,1573.42,-9.07,-295.02,1269.33,253.77,1523.1,579.54,1269.33
2026-02,"""Shogun's Gift"" Samurai Master Katana",Default Title,bs310167,1,1249.17,0,0,1249.17,249.83,1499,570.4,1249.17
2026-02,Elden Ring Dark Moon Greatsword,Default Title,BS111760,6,1452.5,0,-207.5,1245,249,1494,761.52,1245
2026-02,The Bastard Snow - Sword Including Plaque and Scabbard,Default Title,JOT5909M,9,1365.86,-12.41,-248.34,1105.11,220.99,1326.1,274.5,1105.11
2026-02,M1 Garand USA WWII 1932,Default Title,G1105,5,1041.65,0,0,1041.65,208.35,1250,794.2,1041.65
2026-02,,,,22,2725.64,-71.66,-1643.15,1010.83,1034.28,5577.04,458.79,1516.48
2026-02,"LORD OF THE RINGS - NEW! Superior Anduril, The Sword Reforged with Scabbard and Plaque",Default Title,VX221039,6,1160.81,-66.32,-165.83,928.66,185.74,1114.4,251.94,928.66
2026-02,World of Warcraft - Epic Edition Frostmourne,Default Title,VX221086,4,1145.85,0,-229.17,916.68,183.32,1100,638.48,916.68
2026-02,The Bastard Snow's Sword - Hand Forged Folded Steel (Damascus),Default Title,JOT5909FD,5,812.5,0,0,812.5,162.5,975,376.75,812.5
2026-02,Legend Of Zelda - Deluxe Master Sword,Default Title,BS310223,7,967.5,0,-215,752.5,150.5,903,252,752.5
2026-02,Model 1873 Repeating Rifle - Simulated Loading and Shell Ejection,Default Title,G8318,4,937.5,0,-187.5,750,150,900,497.08,750
2026-02,"Lord Of The Rings - Officially Licensed United Cutlery Angrist, Elven Knife Of Strider",Default Title,UC-UC1371,3,737.5,-24.58,0,712.92,142.58,855.5,414.6,712.92
2026-02,The Witcher III - Geralt's Silver Sword,Default Title,BS110617,6,933.36,0,-233.34,700.02,139.98,840,164.88,700.02
2026-02,"The Hobbit - Sting (Brown Scabbard, 70cm)",Default Title,HK750L,14,737.53,-9.07,-49.17,679.29,135.81,815.1,196,679.29
2026-02,Viserys' Blackfyre (TV Show Version),Default Title,VX221092,8,660,0,0,660,132,792,282.72,660
2026-02,Lee-Enfield Smle Rifle - British 1907,Default Title,G1090,3,833.32,0,-208.33,624.99,125.01,750,526.5,624.99
2026-02,House Of The Dragon - Officially Licensed Valyrian Steel Dark Sister Sword Of Daemon Targaryen,Default Title,VS-VS0128,2,598.34,0,0,598.34,119.66,718,412.5,598.34
2026-02,Musketeer Rapier - 18th Century Europe,Default Title,HK5921,6,595.01,-4.16,0,590.85,118.15,709,0,0
2026-02,Lord Of The Rings - United Cutlery Officially Licensed Spear of Eomer,Default Title,UC-UC3508,2,615,-30.75,0,584.25,116.85,701.1,409.82,584.25
2026-02,"Kill Bill - Deluxe ""The Bride"" (Uma Thurman) Hatori Hanzo Hand Forged Katana In Clay Tempered HCS",Default Title,bs011024-brideCT,3,572.49,-4.16,0,568.33,113.67,682,140.1,568.33
2026-02,Thundercats - Deluxe Sword Of Omens,Default Title,HK8896,5,579.15,-23.16,0,555.99,111.21,667.2,161,555.99
2026-02,"Browning ""High Power"" Hp35 - British Army Service Pistol 1935-2013",Default Title,G1235,5,541.65,-3.33,0,538.32,107.68,646,306.25,538.32
2026-02,The Hobbit - Officially Licensed United Cutlery Orcrist Sword Of Thorin Oakenshield,Default Title,UC-UC2928,2,565,-28.25,0,536.75,107.35,644.1,303.92,536.75
2026-02,"The Last Kingdom - Uhtred ""Serpents Breath"" Sword",Default Title,VX221682-2,5,649.98,-10.83,-108.33,530.82,106.18,637,195,530.82
2026-02,Valyrian Steel Game of Thrones - Longclaw Sword of Jon Snow,Default Title,VS-VS0106,2,581.66,-58.16,0,523.5,104.7,628.2,381.56,523.5
2026-02,Lord Of The Rings - Deluxe Anduril With Display Plaque,Default Title,VX221044-S,4,666.65,-13.33,-133.33,519.99,104.01,624,168,519.99
2026-02,Supernatural - Deluxe Angel Blade,Default Title,HK8445,9,641.63,-17.49,-116.66,507.48,101.52,609,232.74,507.48
2026-02,"M1911A1 Colt ""Government"" Us Service Pistol (Black/Wood))",Default Title,G9312,5,600,0,-100,500,100,600,361.2,500
2026-02,James Bond Walther PPK With Silencer,Default Title,G1311,5,600,-20,-100,480,96,576,310.05,480
2026-02,"Ghost Of Tsushima - Jin Sakai ""Storm"" Display (Straight Blade) Katana",Default Title,BS310907,7,600.03,0,-133.34,466.69,93.31,560,82.95,466.69
2026-02,"Jujutsu Kaisen - Deluxe Inverted Spear of Heaven, Cursed Dagger From Fushiguro Toji",Default Title,AM210,7,460.81,0,0,460.81,92.19,553,254.66,460.81
2026-02,Loki's Sceptre - 1:1 Metal Version,Default Title,BS110897,2,458.34,0,0,458.34,91.66,550,296.44,458.34
2026-02,The Witcher III - Geralt's Steel Sword (Wolf Pommel),Default Title,BS110616,5,454.15,0,0,454.15,90.85,545,137.5,454.15
2026-02,Lord Of The Rings - Officaly Licensed Noble Collection Gandalf Glamdring Sword,Default Title,NN1245,3,472.5,-31.5,0,441,88.2,529.2,283.8,441
2026-02,God Of War - Hand Forged Ragnarok Chaos Blades,Default Title,BS310937,2,687.5,-22.91,-229.17,435.42,87.08,522.5,254.44,435.42
2026-02,Luger 'Artillery' Parabellum P08 - Germany WWI & WWII,Default Title,G1145,4,433.32,0,0,433.32,86.68,520,324.92,433.32
2026-02,"Deluxe ""Warrior's Rage"" (Red) Hand Forged Katana In Clay Tempered 1060 HCS",Default Title,BS310161RCT,2,415,0,0,415,83,498,188,415
2026-02,Dark Souls - Great Sword Of Artorias (140cm Deluxe Edition),Default Title,VX221075-L,2,622.5,0,-207.5,415,83,498,0,0
2026-02,AK47 Kalashnikov Assault Rifle,Default Title,G1086,2,415,0,0,415,83,498,312.24,415
2026-02,Red Dead Redemption - Colt Navy (Bronze),Default Title,BG010131,11,562.5,0,-150,412.5,82.5,495,176,412.5
2026-02,Lord Of The Rings - United Cutlery Officially Licensed Mace Of Sauron Red Eye Edition,Default Title,UC-UC3520,1,407.5,0,0,407.5,81.5,489,269.19,407.5
2026-02,Ghost Of Tsushima - Handforged Tanto,Default Title,Tanto-10,6,533.36,0,-133.34,400.02,79.98,480,153,400.02
2026-02,Rick's Colt Python - The Walking Dead,Default Title,G6304,4,396.68,0,0,396.68,79.32,476,236.72,396.68
2026-02,LORD OF THE RINGS - NEW AND IMPROVED Deluxe King Theoden's Herugrim Sword,Default Title,vx221084,4,396.68,0,0,396.68,79.32,476,96,396.68
2026-02,Assassin's Creed Odyssey - Leonidas' Spear,Default Title,BS110866,5,395.85,0,0,395.85,79.15,475,212.65,395.85
2026-02,CALL OF DUTY - German WWII MG34 Machine Gun 1934 with Gunsight and Sling,Default Title,G9317,1,791.66,0,-395.83,395.83,79.17,475,265.39,395.83
2026-02,"""Nanashi"" Hand Forged Katana In Clay Tempered 1095 HCS",Default Title,BS310366CT,2,415,-20.75,0,394.25,78.85,473.1,134,394.25
2026-02,Colt Army Model 1860 USA Civil War 1860 - Clint Eastwood,Default Title,G1007/L,5,395.84,-7.91,0,387.93,77.57,465.5,267.9,387.93
2026-02,M16A1 - USA Assault Rifle 1967 with Sling,Default Title,G9133,2,400,-20,0,380,76,456,271.64,380
2026-02,Witcher IV - Ciri's Sword,Default Title,VX221107,3,375,0,0,375,75,450,0,0
2026-02,God Of War Leviathan Axe - Full Metal,Default Title,HK8877,2,375,0,0,375,75,450,204.48,375
2026-02,Star Trek - Deluxe Klingon Bat'Leth,Default Title,VX221440,3,375,0,0,375,75,450,144,375
2026-02,Winchester Mod. 66 Lever Action Carbine Rifle,Default Title,G1140G,2,562.5,0,-187.5,375,75,450,248.54,375
2026-02,"The Witcher - Deluxe Handforged Geralt's Steel Sword (Damascus Steel, Wolf Pommel)",Default Title,HK9320HF,2,375,0,0,375,75,450,236,375
2026-02,THE WITCHER - Geralt's Silver Sword TV Show Version in Hand Forged Damascus Steel,Default Title,MS019FD,2,375,0,0,375,75,450,261.12,375
2026-02,Lord Of The Rings - Officially Licensed United Cutlery High Elven Warrior Sword,Default Title,UC-UC1373,1,374.17,0,0,374.17,74.83,449,223.84,374.17
2026-02,CALL OF DUTY - German Parabellum Luger P08,Default Title,G1143,4,366.68,0,0,366.68,73.32,440,310.84,366.68
2026-02,"""Brown Bess"" Short Land Pattern Musket British Napoleonic War Rifle - England 1712",Default Title,G1054,2,547.5,-18.25,-164.25,365,73,438,220.2,365
2026-02,Devil May Cry - Dante's Rebellion (Silver),Default Title,HK0213,3,372.5,-12.41,0,360.09,72.01,432.1,120.99,360.09
2026-02,Lord Of The Rings - Officially Licensed United Cutlery Dagger Of Boromir,Default Title,UC-UC3647,2,348.34,0,0,348.34,69.66,418,266.88,348.34
2026-02,Colt 'Wolfsbane' Single Action Army,Default Title,M-1280/L,6,345,0,0,345,69,414,266.7,345
2026-02,Supernatural - The Colt,Default Title,VX221106,5,466.69,0,-133.34,333.35,66.65,400,127.5,333.35
2026-02,Game of Thrones/House Of The Dragon - King Viserys' Valeryian Steel Dagger and Arya's Catspaw,Default Title,HK8764GS,5,329.15,0,0,329.15,65.85,395,70,329.15
2026-02,Lord Of The Rings - Officially Licensed United Cutlery Uruk Hai Scimitar,Default Title,UC-UC1309,2,325,0,0,325,65,390,207.64,325
2026-02,God Of War - Ragnarok Leviathan Axe with Glow In The Dark Runes,Default Title,AM224,2,325,0,0,325,65,390,314.3,325
2026-02,Lord Of The Rings - Officially Licensed United High Elven Warrior Sword,Default Title,,1,715,-35.75,-357.5,321.75,64.35,386.1,151.96,321.75
2026-02,Thundercats - Sword Of Omens Dagger Eye Of Thundera,Default Title,AM140-1,8,374.99,-16.64,-41.67,316.68,63.32,380,95.76,316.68
2026-02,Shogun's Red Rage' Clay Tempered Wakizashi,Default Title,BS310627W,1,665,-33.25,-332.5,299.25,59.85,359.1,94.17,299.25
2026-02,Supernatural - Deluxe Ruby's Demon Killing Blade,Default Title,HK8513A,6,350,-5,-50,295,59,354,81,295
2026-02,"""Yakushima"" 1095 HCS Clay Tempered Hand Forged Katana",Default Title,BS111134,1,290.83,0,0,290.83,58.17,349,68.27,290.83
2026-02,"M1911A1 Colt ""Military"" USA Service Pistol (Black/Black)",Default Title,G1312,3,400,-10,-100,290,58,348,216.72,290
2026-02,Lord Of The Rings - United Cutlery Officially Licensed King Theoden Herugrim Sword,Default Title,UC-UC1370ABNB,1,287.5,0,0,287.5,57.5,345,174.08,287.5
2026-02,Colt 'Cavalry' Single Action Army (Steel),Default Title,G1191G,5,287.5,0,0,287.5,57.5,345,229.55,287.5
2026-02,The Last Kingdom – Officially Licensed Valyrian Steel Serpent Breath Sword of Uhtred,Default Title,VS-LK0001,1,282.5,0,0,282.5,56.5,339,185.63,282.5
2026-02,Lord Of The Rings - Officially Licensed United Cutlery Boromir's Sword,Default Title,UC-UC1400,1,282.5,0,0,282.5,56.5,339,182.69,282.5
2026-02,"Mare's Leg Carbine - Firefly/Serenity, Zombieland (Black Edition)",Default Title,G2095,2,281.66,0,0,281.66,56.34,338,162.28,281.66
2026-02,Game of Thrones - Officially Licensed Valyrian Steel Ice Sword of Ned Stark,Default Title,VS-VS0109,1,312.5,-31.25,0,281.25,56.25,337.5,237.19,281.25
2026-02,House Of The Dragon - Officially Licensed Valyrian Steel Blackfyre Sword of Aegon the Conqueror,Default Title,VS-VS0008,1,897.5,-29.91,-598.34,269.25,53.85,323.1,206.25,269.25
2026-02,Lord Of The Rings - United Cutlery Officially Licensed Witch King Sword,Default Title,UC-UC1266,1,291.65,-29.16,0,262.49,52.5,314.99,189.9,262.49
2026-02,Lord Of The Rings - United Cutlery Officially Licensed Strider Ranger Scabbard,Default Title,UC-UC1366,1,262.49,0,0,262.49,52.5,314.99,177.75,262.49
2026-02,Lord Of The Rings - Officially Licensed United Cutlery Strider Ranger Sword,Default Title,UC-UC1299,1,290.83,-29.08,0,261.75,52.35,314.1,165.44,261.75
2026-02,Red Dead Redemption - Colt Navy (Gunmetal Grey),Default Title,BG010131-2,7,337.5,-3.75,-75,258.75,51.75,310.5,112,258.75
2026-02,The Witcher III - Deluxe Ciri Sword,Default Title,,2,250,0,0,250,50,300,81.08,250
2026-02,"Shin Gunto Second World War Officer's Katana - Handforged, Clay Tempered HCS",Default Title,BS310371-1,1,249.17,0,0,249.17,49.83,299,90.93,249.17
2026-02,Lord Of The Rings - United Cutlery Officially Licensed Narsil Sword,Default Title,UC-UC1267,1,245.83,0,0,245.83,49.17,295,159.07,245.83
2026-02,Kit Harington Signed Jon Snow Longclaw - SWAU Authenticated,Default Title,AUTO001,1,491.66,0,-245.83,245.83,49.17,295,200,245.83
2026-02,Tommy Gun - M1 Submachine Gun,Default Title,G1092,1,240.83,0,0,240.83,48.17,289,153.44,240.83
2026-02,Lord Of The Rings - Officially Licensed United Cutlery Anduril Scabbard,Default Title,UC-UC1396,1,433.24,0,-194.97,238.27,47.67,285.94,142.81,238.27
2026-02,CALL OF DUTY - German WWII Sturmgewehr STG44 Assault Rifle 1943,Default Title,G1125/C,1,233.33,0,0,233.33,46.67,280,148.47,233.33
2026-02,Medieval Broadsword with Hand Forged Damascus Folded Steel Blade,Default Title,HM013FD,1,232.5,0,0,232.5,46.5,279,0,0
2026-02,Supernatural - Bobby's Colt .45,Default Title,G1109/L,3,375,0,-150,225,45,270,133.35,225
2026-02,Conan The Barbarian / Stranger Things - Atlantean Sword,Default Title,BS014659,2,233.33,-11.66,0,221.67,44.33,266,104,221.67
2026-02,"Demon Slayer - Kyojuro Rengoku Nichirin Display (Metal, Straight Blade) Katana with Light Up Blade",Default Title,BS310860,3,225,-7.5,0,217.5,43.5,261,63,217.5
2026-02,The Witcher III - Geralt's Steel Sword (Mace Pommel),Default Title,BS110614,2,324.99,0,-108.33,216.66,43.34,260,71,216.66
2026-02,Lord Of The Rings - United Cutlery Officially Licensed Horn of Gondor,Default Title,UC-UC3455,1,208.32,0,0,208.32,41.67,249.99,134.3,208.32
2026-02,AKS47 - Kalashnikov Skladnoy With Folding Stock,Default Title,G1097,1,415,0,-207.5,207.5,41.5,249,161.1,207.5
2026-02,"M1 Garand USA WWII 1932 ""Battleworn Edition""",Default Title,G2105,1,207.5,0,0,207.5,41.5,249,158.84,207.5
2026-02,Assassin's Creed  - Short Sword of Altair,Default Title,HK8215,5,244.98,0,-40.83,204.15,40.85,245,87.5,204.15
2026-02,One Piece - Roronoa Zoro Display (Straight) Katana Enma,Default Title,BS310702,3,266.68,0,-66.67,200.01,39.99,240,44.91,200.01
2026-02,Demon Slayer - Kyojuro Rengoku Red Nichirin Display (Straight Blade) Katana,Default Title,BS111053,3,333.35,0,-133.34,200.01,39.99,240,52.08,200.01
2026-02,".357 Python Magnum 8"" - Call Of Duty, Resident Evil, Pulp Fiction",Default Title,G1061,2,300,0,-100,200,40,240,112.06,200
2026-02,Desert Eagle - Joker Style Chrome Finish,Default Title,G1123NQ,2,300,0,-100,200,40,240,121.1,200
2026-02,King James V Scottish Claymore,Default Title,HK81031C,2,200,0,0,200,40,240,98.3,200
2026-02,"Mauser C96 ""Broomhandle"" Pistol",Default Title,G1024,2,200,0,0,200,40,240,99.88,200
2026-02,"Webley Mk IV - Indiana Jones, Torchwood, Peaky Blinders",Default Title,G1119,3,212.49,-14.16,0,198.33,39.67,238,125.67,198.33
2026-02,Tzss Cosplay Horde Membership,Default Title,,24,199.92,-1.66,0,198.26,39.74,238,0,0
2026-02,Devil May Cry 3 - Vergil's Yamato Display (Straight Blade) Katana,Default Title,HK9429-1,4,196.68,0,0,196.68,39.32,236,42.2,196.68
2026-02,CALL OF DUTY - German WWII MP40 Sub-Machine Gun 1940,Default Title,G1111C,1,391.66,0,-195.83,195.83,39.17,235,133.48,195.83
2026-02,The Walking Dead - Michonne Display Katana,Default Title,BS015963SS,3,266.67,-6.66,-66.67,193.34,38.66,232,66,193.34
2026-02,Kill Bill - Deluxe Bill's (David Carradine) Hattori Hanzo Hand Forged Katana In Clay Tempered HCS,Default Title,BS011024-BILLCT,1,190.83,0,0,190.83,38.17,229,57.91,190.83
2026-02,Attack On Titan VME Sword (Silver Blade),Default Title,HK8265,2,200,-10,0,190,38,228,44.26,190
2026-02,M1 Carbine USA 1941,Default Title,G1120C,1,187.5,0,0,187.5,37.5,225,140.67,187.5
2026-02,Lord Of The Rings - Deluxe Handforged Damascus Steel Strider Sword,Default Title,JOT034FD,1,187.5,0,0,187.5,37.5,225,83,187.5
2026-02,Final Fantasy VII - Cloud's Strife Buster Sword,Default Title,VX221043,1,375,0,-187.5,187.5,37.5,225,105,187.5
2026-02,"The Lord Of The Rings - Handforged Folded Steel ""Damascus"" Deluxe Anduril",Default Title,JOT033HF,1,375,0,-187.5,187.5,37.5,225,72.75,187.5
2026-02,God Of War: Ragnarok - Deluxe Thor Mjolnir (Full Metal),Default Title,BG011816,1,187.5,0,0,187.5,37.5,225,121.52,187.5
2026-02,JAMES BOND - Walther PPK in Nickel,Default Title,G1277NQ,2,183.34,0,0,183.34,36.66,220,114.64,183.34
2026-02,Lord Of The Rings - NEW AND IMPROVED Gimli's Bearded Axe,Default Title,VX221070,2,181.66,0,0,181.66,36.34,218,76,181.66
2026-02,Vikings - Deluxe Sword Of Kings,Default Title,VX221085,2,181.66,0,0,181.66,36.34,218,114.16,181.66
2026-02,"Colt ""Quickdraw"" Single Action Army Gift Box with 6 Dummy Bullets",Default Title,G1-1106/G,2,181.66,0,0,181.66,36.34,218,84.28,181.66
2026-02,Lord Of The Rings - Thranduil Sword Collectible (40cm),Default Title,HK8443MUB,6,233.36,0,-58.34,175.02,34.98,210,41.1,175.02
2026-02,CALL OF DUTY - German WWII MP41 Submachine Gun 1940,Default Title,G1124/C,1,348.34,0,-174.17,174.17,34.83,209,128.3,174.17
2026-02,Lord Of The Rings - NEW AND IMPROVED Gimli's Walking Axe,Default Title,VX221071,2,181.66,-9.08,0,172.58,34.52,207.1,76,172.58
2026-02,"Shaun Of The Dead - Winchester ""Yellowboy""  Carbine Rifle",Default Title,G1140L,1,187.5,-18.75,0,168.75,33.75,202.5,124.27,168.75
2026-02,The Last Samurai - Clay Tempered Nathan Algren's Hand Forged Katana,Default Title,BS015224CT,1,165.83,0,0,165.83,33.17,199,62.52,165.83
2026-02,Game Of Thrones - Heartsbane of House Tarly,Default Title,BS310739,2,165,0,0,165,33,198,62,165
2026-02,Solo Leveling - Demon King's Long Sword 🔞,Default Title,,2,165,0,0,165,33,198,0,0
2026-02,Alice In Darkness - Vorpal Blade,Default Title,HK1043,4,204.15,0,-40.83,163.32,32.68,196,38.2,163.32
2026-02,Wyatt Earp Double Barrel Shotgun Display Replica USA 1868,Default Title,G1115,1,325,0,-162.5,162.5,32.5,195,86.29,162.5
2026-02,"USA WWII M3 ""Grease Gun"" Smg",Default Title,G1313,1,162.5,-5,0,157.5,31.5,189,101.23,157.5
2026-02,Pirate Flintlock Boarding Pistol - 18th Century,Default Title,G1012,3,162.49,-5.41,0,157.08,31.42,188.5,113.25,157.08
2026-02,God Of War - Deluxe Ragnarok Chaos Blades,Default Title,MS036,1,462.51,0,-308.34,154.17,30.83,185,51.65,154.17
2026-02,Colt 'Cavalry' Single Action Army (Nickel),Default Title,G1191NQ,2,150,0,0,150,30,180,91.82,150
2026-02,Sting - Deluxe Version (Black),Default Title,BS010914,3,150,0,0,150,30,180,57,150
2026-02,Colt 'Quickdraw' Single Action Army,Default Title,G1106/G,2,150,0,0,150,30,180,88.66,150
2026-02,God Of War - Chaos Blades of Athena,Default Title,BS112016,1,291.66,0,-145.83,145.83,29.17,175,36.92,145.83
2026-02,Ragnar Lodbrok Viking Axe - Sweden 9th Century,Default Title,G605,3,147.5,-4.91,0,142.59,28.51,171.1,87,142.59
2026-02,The Lord Of The Rings - NEW AND IMPROVED Aragorn's Angrist Elven Knife,Default Title,VX221073,2,148.33,-7.41,0,140.92,28.18,169.1,28,140.92
2026-02,"Mare's Leg Carbine - Firefly/Serenity, Zombieland",Default Title,G1095,1,140.83,0,0,140.83,28.17,169,81.14,140.83
2026-02,Sten MkII British SMG - 1940,Default Title,G1148,1,150,-15,0,135,27,162,92.86,135
2026-02,Bleach - Abarai Renji Zabimaru (Red) Display (Straight Blade) Katana,Default Title,BS310814,2,133.34,0,0,133.34,26.66,160,44.6,133.34
2026-02,Demon Slayer - Zenitsu Agatsuma Yellow Nichirin Display (Straight Blade) Katana,Default Title,BS111061,2,133.34,0,0,133.34,26.66,160,34.72,133.34
2026-02,"""Itsukushima"" Hand Forged Tanto In 1095Hcs",Default Title,BS111135,2,266.68,0,-133.34,133.34,26.66,160,70.92,133.34
2026-02,Wells Fargo Stagecoach Defender - Double Barrel Wyatt Earp Shotgun Pistol / Sawn-Off - USA 1868,Default Title,G1114,1,133.33,0,0,133.33,26.67,160,86.29,133.33
2026-02,SKYRIM - Warhammer (Full Metal),Default Title,AM241,1,132.5,0,0,132.5,26.5,159,48.06,132.5
2026-02,"Deluxe ""Righteous Dragon"" Hand Forged Tanto In Clay Tempered 1095 HCS",Default Title,BS310133TCT,1,132.5,0,0,132.5,26.5,159,65.1,132.5
2026-02,The Last Samurai Handforged Tanto,Default Title,T033,2,131.66,0,0,131.66,26.34,158,45,131.66
2026-02,Assassin's Creed Valhalla - Eivor's Axes (Full Metal),Default Title,AM052MT,1,145.83,-14.58,0,131.25,26.25,157.5,60.14,131.25
2026-02,Demon Slayer - Tanjiro Kamado Fire Breath Black Nichirin Display (Straight Blade) Katana,Default Title,BS310686,2,133.33,-6.66,0,126.67,25.33,152,36.5,126.67
2026-02,Lord Of The Rings - Deluxe Witch King Of Angmar Sword,Default Title,vx221047,1,125,0,0,125,25,150,32.5,125
2026-02,The Lord Of The Rings - Deluxe Boromir Sword,Default Title,JOT075C,1,125,0,0,125,25,150,48.96,125
2026-02,"""Naoshima"" - Hand Forged Katana in 1060 HCS",Default Title,BS111122,1,125,0,0,125,25,150,71.11,125
2026-02,Genuine Leather Double Holster and Cartridge Belt For Two Revolvers,Default Title,G704,1,124.17,0,0,124.17,24.83,149,71.34,124.17
2026-02,Sword Of Gryffindor,Default Title,BS011033,3,166.67,-4.16,-41.67,120.84,24.16,145,45,120.84
2026-02,Assassin's Creed - AC3 Connor's Tomohawk,Default Title,CK0412,3,166.67,-4.16,-41.67,120.84,24.16,145,50.22,120.84
2026-02,"Mauser C96 ""Broomhandle"" Pistol with Removable Stock Holster",Default Title,G1025,1,120.83,0,0,120.83,24.17,145,49.94,120.83
2026-02,Dune - Officially Licensed United Cutlery DUNCAN IDAHO ATREIDES SWORD,Default Title,UC-UC3606,1,132.5,-13.25,0,119.25,23.85,143.1,81.72,119.25
2026-02,Sword Art Online - Kirito Dark Repulsor,Default Title,BS310095,1,233.34,0,-116.67,116.67,23.33,140,20.84,116.67
2026-02,Bloodborne - Holy Moonlight Greatsword,Default Title,BS112003,1,116.67,0,0,116.67,23.33,140,126.92,116.67
2026-02,Fate Stay Night - Excalibur Sword Of Saber,Default Title,BS310691,1,116.67,0,0,116.67,23.33,140,37,116.67
2026-02,Highlander - Deluxe Clan Macleod Claymore,Default Title,BS012637,1,116.67,0,0,116.67,23.33,140,23.74,116.67
2026-02,"Dragons of the Seven Kingdoms - Midnight Dragon Display Katana (Metal, Straight Blade)",Default Title,BS0151135-2,2,116.66,0,0,116.66,23.34,140,28.4,116.66
2026-02,One Piece - Roronoa Zoro's Shusui Display (Straight Blade) Katana,Default Title,BS014938-1,2,116.66,0,0,116.66,23.34,140,39.22,116.66
2026-02,Assassin's Creed Shadows - Official Naoe Hidden Blade Lifesize Replica,Default Title,PA032AC,1,115.83,0,0,115.83,23.17,139,52.3,115.83
2026-02,Legend Of Zelda - Master Sword with Triforce Plaque,Default Title,BS310085,1,115.83,0,0,115.83,23.17,139,21.5,115.83
2026-02,HONSHU - KARITO TRAINING BATTLE AXE,Default Title,UC-UC3656,2,172.5,0,-57.5,115,23,138,58.4,115
2026-02,Star Wars - Boba Fett's Ee-3 Blaster (Cosplay Safe Foam),Default Title,FM241,4,116.67,-2.91,0,113.76,22.74,136.5,35.44,113.76
2026-02,M-24 Stielhandgranate Stick Grenade - Germany WWI & WWII (Green),Default Title,G737V,3,112.5,0,0,112.5,22.5,135,64.8,112.5
2026-02,Rings Of Power - Galadriel Dagger,Default Title,VX221878,2,108.34,0,0,108.34,21.66,130,31.28,108.34
2026-02,Genshin Impact - Kazuha Freedom Sworn Sword,Default Title,AM169,2,108.34,0,0,108.34,21.66,130,41,108.34
2026-02,Sekiro - Shadows Die Twice Mortal Blade (Brown) Display (Straight Blade) Katana,Default Title,BS310812,2,108.34,0,0,108.34,21.66,130,48,108.34
2026-02,CALL OF DUTY - German Parabellum Luger P08 in Trophy Nickel,Default Title,G8143,1,108.33,0,0,108.33,21.67,130,77.86,108.33
2026-02,"""Hikarimuji"" Hand Forged Katana",Default Title,SW455,1,108.33,0,0,108.33,21.67,130,36,108.33
2026-02,GLADIATOR - Roman Spatha Gladius,Default Title,HK819R,1,108.33,0,0,108.33,21.67,130,31.99,108.33
2026-02,"""Yuhi Senshi"" Traditional Hand Forged Katana in 1020 HCS",Default Title,SW446,1,108.33,0,0,108.33,21.67,130,36,108.33
2026-02,Pigface Bascinet,Default Title,AH-XH016,1,108.33,0,0,108.33,21.67,130,59.46,108.33
2026-02,Duelling Pair of Percussion Pistols - Italy 1825,Default Title,G2-1013G,1,108.33,0,0,108.33,21.67,130,28.96,108.33
2026-02,Dark Souls - Greatsword of Artorias – The Blade of the Abysswalker (108cm Display Edition),Default Title,,1,107.5,0,0,107.5,21.5,129,0,0
2026-02,The Bastard Snow - Sword With Plaque (Book Version),Default Title,BS015791-1,1,100,0,0,100,20,120,30.5,100
2026-02,Robin Hood Prince Of Thieves Replica Sword,Default Title,BS310914,1,100,0,0,100,20,120,22.81,100
2026-02,Thor's Hammer - Mjolnir (Toughened Resin),Default Title,BS310187+S,1,100,0,0,100,20,120,29.59,100
2026-02,GLADIATOR - Maximus' Twin Spatha/Gladius,Default Title,HK8737,1,100,0,0,100,20,120,13.31,100
2026-02,Zelda Tears Of The Kingdom Broken Sword with Light and Voice Activation (Metal),Default Title,BS310839,1,100,0,0,100,20,120,70.72,100
2026-02,Assassin's Creed - Sword Of Altair,Default Title,BS015335,1,200,0,-100,100,20,120,31,100
2026-02,King Cobra Triple Set Display Katana (Straight Blade),Default Title,HKS033-1,1,100,0,0,100,20,120,39.51,100
2026-02,Star Trek Ceremonial Bat'Leth,Default Title,SW604,1,100,0,0,100,20,120,39,100
2026-02,Dragonball Z - Trunk's Sword,Default Title,BS110735,1,100,0,0,100,20,120,44,100
2026-02,"M1911A1 Colt ""Military"" USA Service Pistol ""Battleworn Edition""",Default Title,G2312,1,100,0,0,100,20,120,72.24,100
2026-02,Demon Slayer - Kyojuro Rengoku Nichirin - Cosplay Safe Wood,Default Title,VX221241,3,99.99,0,0,99.99,20.01,120,36,99.99
2026-02,Dummy Rounds For Colt Single Action Army 6 Pack,Default Title,G50,13,118.18,-10.39,-8.32,99.47,19.92,119.39,13,99.47
2026-02,Devil May Cry - Dante's Rebellion,Default Title,HK213R,1,99.17,0,0,99.17,19.83,119,33.5,99.17
2026-02,Sword Art Online  - Kirito Elucidator,Default Title,HK9495E,1,216.66,-10.83,-108.33,97.5,19.5,117,25.87,97.5
2026-02,Beretta 92 / Us Military M9,Default Title,G1254,1,433.32,-21.66,-314.16,97.5,19.5,117,79.13,97.5
2026-02,Frieren Beyond Journey's End - Frieren Staff (150cm),Default Title,VX221221,1,104.16,-10.41,0,93.75,18.75,112.5,27.06,93.75
2026-02,"6 Cannon ""Pepperbox"" Revolver - London 1840",Default Title,G1071,2,98.33,-4.91,0,93.42,18.68,112.1,74.1,93.42
2026-02,"""Tsubasa"" Triple Set Display Katana (Straight Blade)",Default Title,BS111046,1,91.67,0,0,91.67,18.33,110,39.51,91.67
2026-02,King Arthur's Exaclibur (Gold),Default Title,BS015281G,1,91.67,0,0,91.67,18.33,110,25.27,91.67
2026-02,".357 Snub Nose Magnum - True Romance, Reservoir Dogs",Default Title,G1062,1,91.67,0,0,91.67,18.33,110,58,91.67
2026-02,European Great Helm,Default Title,AH24134,1,91.67,0,0,91.67,18.33,110,50,91.67
2026-02,1869 Smith & Wesson Schofield 6 Shot Revolver In Nickel Finish,Default Title,G1008NQ,1,91.67,0,0,91.67,18.33,110,52.74,91.67
2026-02,"The Lord Of The Rings - Deluxe Sting (80cm, W/ Display Plaque)",Default Title,VX221042,1,275.01,0,-183.34,91.67,18.33,110,31,91.67
2026-02,The Lord Of The Rings - Officially Licensed One Ring Lamp,Default Title,LAMP007,2,91.65,0,0,91.65,8.33,99.98,41.66,91.65
2026-02,The Hobbit - United Cutlery Officially Licensed Sting Scabbard,Default Title,UC-UC2893,1,90.83,0,0,90.83,18.17,109,56.33,90.83
2026-02,Genuine Leather Holster and Cartridge Belt For Single Revolver,Default Title,G703,1,90.83,0,0,90.83,18.17,109,54.58,90.83
2026-02,Game Of Thrones - Jaime Lannister Sword,Default Title,BS310057,1,90.83,0,0,90.83,18.17,109,43,90.83
2026-02,Rings Of Power- Sword Of Galadriel,Default Title,BS310758,1,90.83,0,0,90.83,18.17,109,52,90.83
2026-02,Lord Of The Rings - Gandalf The White Glamdring,Default Title,BS110880,1,100,-10,0,90,18,108,17.42,90
2026-02,Jujutsu Kaisen - Kento Nanami Cleaver (Metal),Default Title,BS112005,3,87.51,0,0,87.51,17.49,105,18.69,87.51
2026-02,Hand Grenade Mk2 Pineapple (Green) - USA 1918,Default Title,738V,3,87.51,0,0,87.51,17.49,105,47.22,87.51
2026-02,Legend Of Zelda - Deluxe Master Sword (Cosplay Safe Foam),Default Title,FM249,3,87.51,0,0,87.51,17.49,105,26.58,87.51
2026-02,Lord Of The Rings - Officially Licensed Sting Lamp,Default Title,,3,87.5,-2.91,0,84.59,16.91,101.5,49.98,84.59
2026-02,League Of Legends - Jinx & Vi 1/6 Scale Statue Bundle Save £100!  **Pre-Order**,DEPOSIT ONLY £100 (Further Payment Required),PA009LOL-DE,1,83.33,0,0,83.33,16.67,100,0,0
2026-02,The Witcher III Steel Sword (Wolf Pommel) - 40cm Collectable,Default Title,BS310616-15,4,83.32,0,0,83.32,16.68,100,56,83.32
2026-02,DEADPOOL - Gold Desert Eagle,Default Title,G1123/L,1,165,0,-82.5,82.5,16.5,99,61.58,82.5
2026-02,Guardians Of The Galaxy - Drax's Daggers,Default Title,MS047,1,82.5,0,0,82.5,16.5,99,0,0
2026-02,"Lord Of The Rings - NEW AND IMPROVED Morgul Dagger with Tainted Blade, Plaque and Sheath",Default Title,vx221143,1,82.5,0,0,82.5,16.5,99,17.85,82.5
2026-02,Legend Of Zelda - Master Sword Dark Link Variant,Default Title,BS015961-1,1,82.5,0,0,82.5,16.5,99,22,82.5
2026-02,RWBY - Crescent Rose Sniper Scythe (Cosplay Safe Wood),Default Title,,1,82.5,0,0,82.5,16.5,99,27.12,82.5
2026-02,GAME OF THRONES - Arya's Needle With Plaque,Default Title,,1,82.5,0,0,82.5,16.5,99,34.52,82.5
2026-02,'Silver Dragon' Display (Straight) Replica Katana Triple Set,Default Title,BS310918,1,165,0,-82.5,82.5,16.5,99,19.27,82.5
2026-02,M1911A1 Colt 'Mission Accomplished' Pistol (Gold Finish),Default Title,G5312,1,82.5,0,0,82.5,16.5,99,69,82.5
2026-02,The Hobbit - Thorin's Orcrist Collectable (28cm),Default Title,HK8768,4,83.31,-1.4,0,81.91,16.4,98.31,33.24,81.91
2026-02,Game Of Thrones - Ned Stark's Ice Collectable (42cm),Default Title,BS016645,5,83.34,-1.66,0,81.68,16.32,98,29.75,81.68
2026-02,Demon Slayer - Inosuke Nichirin Collectable (40cm),Default Title,LT008,5,83.34,-3.33,0,80.01,15.99,96,32.5,80.01
2026-02,Colt Peacemaker - Wynona Earp,Default Title,G5303,1,79.17,0,0,79.17,15.83,95,47.49,79.17
2026-02,Cap Firing Dummy Rounds For Colt Single Action Army 6 Pack,Default Title,G49,7,75.76,0,0,75.76,15.17,90.93,20.86,75.76
2026-02,"Colt ""Deputy"" Single Action Army 5.5"" (Black)",Default Title,G1106N,1,75,0,0,75,15,90,40.41,75
2026-02,John Wick Prop Bundle Save ¶10,Default Title,,2,75,0,0,75,15,90,34,75
2026-02,Hellsing - Pistol Pair Cassul & Jackal (Cosplay Safe Foam) Save £5,Default Title,FM247+248,2,112.5,0,-37.5,75,15,90,28,75
2026-02,"Colt Single Action Army ""El Dorado""  7.5"" Barrel",Default Title,G7107,1,75,0,0,75,15,90,47.33,75
2026-02,Chainsaw Man - Katana with Harness - Cosplay Safe Wood,Default Title,WD122,3,75,0,0,75,15,90,38.37,75
2026-02,Colt 'Widowmaker' Single Action Army,Default Title,B-1281/L,1,75,0,0,75,15,90,44,75
2026-02,"Colt ""Oakley Quickdraw"" Single Action Army 5.5"" (Nickel)",Default Title,G1106/NQ,1,75,0,0,75,15,90,40.41,75
2026-02,Final Fantasy - Sephiroth Masamune Display (Straight Blade) Odachi Katana,Default Title,BS111117,1,75,0,0,75,15,90,24.38,75
2026-02,Colt Navy 1851 (Ivory),Default Title,G1040/B,1,75,0,0,75,15,90,47,75
2026-02,Chinese Kangxi Emperor Sword (Full Metal),Default Title,CHS032BL,1,79.16,-7.91,0,71.25,14.25,85.5,24.03,71.25
2026-02,"""Corsair"" Double-Barrelled Turnover Flintlock Pistol - England 1750",Default Title,G1264,1,70.83,0,0,70.83,14.17,85,43.46,70.83
2026-02,Sword Art Online - Kirito Elucidator - Cosplay Safe Wood,Default Title,WD183,4,70.01,0,0,70.01,9.99,80,51.16,70.01
2026-02,"Demon Slayer - Zenitsu Agatsuma Nichirin Display (Metal, Straight Blade) Katana with Light Up Blade",Default Title,BS310857,1,75,-7.5,0,67.5,13.5,81,21,67.5
2026-02,Napoleon Flintlock Double Cannon - France 1806,Default Title,G1026,1,74.16,-7.41,0,66.75,13.35,80.1,50.94,66.75
2026-02,One Piece  - Luffy Nidail Kitetsu Display (Straight) Katana,Default Title,BS310684,1,66.67,0,0,66.67,13.33,80,18,66.67
2026-02,One Piece - Trafalgar Law Display (Straight) Katana,Default Title,BS015076,1,66.67,0,0,66.67,13.33,80,11.58,66.67
2026-02,Akame Ga Kill - Katana Of Akame Display (Straight) Katana,Default Title,BS110598,1,133.34,0,-66.67,66.67,13.33,80,19,66.67
2026-02,Highlander Endgame - Duncan Macleod Display (Straight Blade) Katana,Default Title,BS110729,1,66.67,0,0,66.67,13.33,80,10.21,66.67
2026-02,Legend Of Zelda - Master Sword,Default Title,BS015961,1,66.67,0,0,66.67,13.33,80,21,66.67
2026-02,"Demon Slayer - Yoriichi Tsugikuni Sun Breathing Gold Nichirin Display (Metal, Straight Blade) Katana with Light Up Blade",Default Title,BS310866,1,66.67,0,0,66.67,13.33,80,21.5,66.67
2026-02,Demon Slayer - Muichiro Tokito White Nichirin Display (Straight Blade) Katana,Default Title,BS111060,1,133.34,0,-66.67,66.67,13.33,80,17.36,66.67
2026-02,"The Witcher III Silver Sword - 15"" Collectable",Default Title,VX221819,2,99.99,0,-33.33,66.66,13.34,80,24,66.66
2026-02,Devil May Cry - Vergil Yamato Katana (Cosplay Safe Wood),Default Title,VX221344,2,66.66,0,0,66.66,13.34,80,25.58,66.66
2026-02,4-Barrel Revolving Flintlock - Assassin's Creed,Default Title,G1307,1,65.83,0,0,65.83,13.17,79,39.11,65.83
2026-02,Katana/Sword Floor Stand,Default Title,BP310044,2,66.66,-3.33,0,63.33,12.67,76,34,63.33
2026-02,300 - Leonidas' Sword (Brown),Default Title,BS012876B1,1,62.5,0,0,62.5,12.5,75,10.72,62.5
2026-02,The Witcher - Wild Hunt Silver Serpent Sword Collectable (40cm),Default Title,HK8787SU,4,87.49,-25,0,62.49,12.51,75,36,62.49
2026-02,Assassin's Creed - Altair Collectable (34cm),Default Title,VX221223,3,62.49,-2.08,0,60.41,12.09,72.5,10.32,60.41
2026-02,Lord Of The Rings - Legolas Dagger Collectable (28cm),Default Title,HK8439,3,83.32,-2.08,-20.83,60.41,12.09,72.5,15,60.41
2026-02,Star Wars - Han Solo Dl-44 Blaster (Cosplay Safe Foam),Default Title,FM242,3,62.49,-2.08,0,60.41,12.09,72.5,13.98,60.41
2026-02,Metal Gear Rising - Jetstream Sam's Revengeance Murasama Display (Straight Blade) Katana,Default Title,BS210413,1,66.66,-6.66,0,60,12,72,17.36,60
2026-02,Star Wars - Darth vader Premium Lightsaber Umbrella,Default Title,,3,83.32,0,-24.17,59.15,11.85,71,0,0
2026-02,Pair Of Attack On Titan Cosplay/Larp,Default Title,BS310051,2,58.34,0,0,58.34,11.66,70,44,58.34
2026-02,Kill Bill - Bill's Display (Straight Blade) Katana,Default Title,BS011024BIST,1,58.33,0,0,58.33,11.67,70,19.85,58.33
2026-02,Naruto - Sasuke Grass Cutter Kusanagi Display (Straight Blade) Sword,Default Title,BS310690,1,58.33,0,0,58.33,11.67,70,18.25,58.33
2026-02,"Kabuki Display Katana (Metal, Straight Blade)",Default Title,BS015135-6,1,58.33,0,0,58.33,11.67,70,14.2,58.33
2026-02,Genuine Leather Shoulder Holster,Default Title,G716,1,58.33,0,0,58.33,11.67,70,34.08,58.33
2026-02,Honshu Boshin Grosse Messer Training Sword,Default Title,UC-UC3502,1,57.5,0,0,57.5,11.5,69,30.11,57.5
2026-02,Lord Of The Rings - Officially Licensed United Cutlery Rohan Banner,Default Title,UC-UC3675,1,57.5,0,0,57.5,11.5,69,39,57.5
2026-02,Genshin Impact - Al Haitham Xiphos Moonlight Sword,Default Title,BS310822,1,54.17,0,0,54.17,10.83,65,31,54.17
2026-02,Honshu Practice Broadsword,Default Title,UC-UC3312,1,54.17,0,0,54.17,10.83,65,28.41,54.17
2026-02,Longclaw Wedding Cake Knife (30cm),Default Title,BS110463,4,63.33,-9.92,0,53.41,10.69,64.1,22.96,53.41
2026-02,"Dragons of the Seven Kingdoms - Hizashi Dragon Display Katana (Metal, Straight Blade)",Default Title,BS015135-7,1,58.33,-5.83,0,52.5,10.5,63,14.2,52.5
2026-02,"Dragons of the Seven Kingdoms - Riyujin Dragon Display Katana (Metal, Straight Blade)",Default Title,BS015135-8,1,58.33,-5.83,0,52.5,10.5,63,14.2,52.5
2026-02,"""Tanchozuru"" Full Tang 1065 HCS Hand Forged Tanto",Default Title,T010,1,57.5,-5.75,0,51.75,10.35,62.1,36.18,51.75
2026-02,Demon Slayer - Nezuko Nichirin Katana (Cosplay Safe Wood),Default Title,WD062,3,50.01,0,0,50.01,9.99,60,38.37,50.01
2026-02,Skyrim - Daedric Sword (Cosplay Safe Foam),Default Title,,2,50,0,0,50,10,60,16,50
2026-02,Once Upon A Time - Rumplestiltskin's Dark One Dagger,Default Title,AM030,1,50,0,0,50,10,60,15.5,50
2026-02,One Piece - Roronoa Zoro Display (Straight) Katana (Black),Default Title,BS111052,1,50,0,0,50,10,60,19.61,50
2026-02,Legend Of Heroes - Shizuna Rem Misurugi's Crimson Blade Of The Lightning Knight Display (Straight Blade) Katana,Default Title,,1,50,0,0,50,10,60,0,0
2026-02,Lord Of The Rings - Weta Workshop Replica 1:1 Bilbo's key To Bag End,Default Title,WETA863904142,1,50,0,0,50,10,60,0,0
2026-02,Batman The Dark Knight- Limited Edition Joker Calling Card Ingot,Default Title,THG-DC63,3,49.98,0,0,49.98,9.99,59.97,27.48,49.98
2026-02,Demon Slayer - Kanao Tsuyuri Nichirin Blade with Light Up Blade,Default Title,BS310863,1,49.17,0,0,49.17,9.83,59,21,49.17
2026-02,Basic Katana Double Stand,Default Title,BP011362-2,3,50,-1.66,0,48.34,9.66,58,15,48.34
2026-02,Moon Knight - Crescent Dart - Full Metal (Silver),Default Title,AM127CMT-1,1,91.66,0,-45.83,45.83,9.17,55,19.12,45.83
2026-02,Kingdom Hearts - Kingdom Key,Default Title,BS014612,1,45.83,0,0,45.83,9.17,55,20,45.83
2026-02,Kingdom Hearts - Halloween,Default Title,BS210515,1,50,-5,0,45,9,54,22,45
2026-02,Kill La Kill - Ryuko Matoi's Rending Scissors (Metal),Default Title,AM151,1,49.16,-4.91,0,44.25,8.85,53.1,20.52,44.25
2026-02,Deadpool - Display (Straight) Katana,Default Title,BS310323,1,49.16,-4.91,0,44.25,8.85,53.1,9.85,44.25
2026-02,Bastard Sword - Cosplay/Training Sword,Default Title,CS92BKHNH,1,41.66,0,0,41.66,8.33,49.99,24.87,41.66
2026-02,Demon Slayer - Kanao Tsuyuri Nichirin Blade,Default Title,AM042,1,40.83,0,0,40.83,8.17,49,12,40.83
2026-02,80Mm Laser Engraved Glass Pokemon Collectable (Rotating Stand),Jigglypuff,96667997,1,40.83,0,0,40.83,8.17,49,0,0
2026-02,LOTR Witch King Mini Replica,Default Title,BS013485,2,40,0,0,40,8,48,12,40
2026-02,Heroes - Hiro Display (Straight Blade) Katana,Default Title,BS310005,1,40.82,-2.75,0,38.07,7.62,45.69,10.51,38.07
2026-02,Shadow / Golden Child - Phurba Dagger,Default Title,HK550,1,37.5,0,0,37.5,7.5,45,21.82,37.5
2026-02,Katana Stand (Single),Default Title,BP011368,3,87.5,-1.25,-48.75,37.5,7.5,45,18,37.5
2026-02,Devil May Cry - Red Queen Cosplay Safe Foam,Default Title,VX221136,1,37.5,-3.75,0,33.75,6.75,40.5,0,0
2026-02,Halo - M6G Magnum Hang Gun (Cosplay Safe Foam),Default Title,FM223,2,33.34,0,0,33.34,6.66,40,12.2,33.34
2026-02,Demon Slayer - Tanjiro Kamado Season 2 Collectable (40 cm),Default Title,LT010,2,33.34,0,0,33.34,6.66,40,13,33.34
2026-02,LOKI - Chitauri Sceptre (Cosplay Safe Foam),Default Title,FM186,1,33.33,0,0,33.33,6.67,40,15.74,33.33
2026-02,God Of War - Ragnarok Leviathan Axe (Cosplay Safe Foam),Default Title,FM290,1,33.33,0,0,33.33,6.67,40,9,33.33
2026-02,Derringer Garter Gun,Default Title,G1262/L,1,33.33,0,0,33.33,6.67,40,19,33.33
2026-02,Demon Slayer - Tanjiro Kamado Nichirin - Cosplay Safe Wood,Default Title,WD034,1,33.33,0,0,33.33,6.67,40,11,33.33
2026-02,Demon Slayer - Yoriichi Nichirin Katana - Cosplay Safe Wood,Default Title,WD084,1,30,0,0,30,0,30,12.79,30
2026-02,Roman Pugio Dagger,Default Title,VX221826,1,29.17,0,0,29.17,5.83,35,11,29.17
2026-02,AR-15 Assault Rifle (Cosplay Safe Foam),Default Title,FM052,1,29.17,0,0,29.17,5.83,35,9.32,29.17
2026-02,Halo -Ma5B Assault Rifle (Cosplay Safe Foam),Default Title,BG012023,1,29.17,0,0,29.17,5.83,35,24.77,29.17
2026-02,Lucille Lookalike Zombie Smasher Baseball Bat Cosplay Safe Foam,Default Title,TT169,1,29.15,-2.9,0,26.25,5.25,31.5,18,26.25
2026-02,Supernatural - Impala Trunk Knife,Default Title,HK2022,1,25,0,0,25,5,30,6,25
2026-02,Minecraft - Movie Sword (Cosplay Safe Foam),Default Title,VX221139,1,25,0,0,25,5,30,0,0
2026-02,The Lord Of The Rings - Morghul Blade Letter Opener and Display Case,Default Title,NN1218,1,50,0,-25,25,5,30,18.68,25
2026-02,The Lord Of The Rings - Officially Licensed Galadriel Earendil Lamp,Default Title,LAMP006,1,24.99,0,0,24.99,5,29.99,12.5,24.99
2026-02,Resident Evil - Umbrella Corporation Lamp,Default Title,NUM-RE-L,1,24.99,0,0,24.99,5,29.99,17.86,24.99
2026-02,Loki - Laevateinn Dagger,Default Title,AM090,1,48.34,0,-24.17,24.17,4.83,29,12,24.17
2026-02,Star Wars - Luke Skywalker Premium Lightsaber Umbrella,Default Title,,1,24.17,0,0,24.17,4.83,29,0,0
2026-02,Kill La Kill - Ryuku Matoi Rending Scissors (Cosplay Safe Wood),Default Title,WD026,1,25,-2.5,0,22.5,4.5,27,9,22.5
2026-02,The Witcher - Geralt Of Rivia's Silver Sword - Cosplay Safe Foam,Default Title,FM102,1,25,-2.5,0,22.5,4.5,27,9,22.5
2026-02,The Lord Of The Rings - Officially Licensed 3D Light Of Earendil Lamp,Default Title,LAMP006,1,24.99,-2.49,0,22.5,4.5,27,12.5,22.5
2026-02,Ryoken Display (Blunt) Tanto (White),Default Title,BS310854WT,1,20.83,0,0,20.83,4.17,25,5.76,20.83
2026-02,Genshin Impact - Yoimiya Bow Hamayumi Cosplay Safe Foam,Default Title,FM099,1,20.83,0,0,20.83,4.17,25,0,0
2026-02,"The Hobbit - Sting Collectable (28cm, Brown)",Default Title,HK7701Y,1,41.66,0,-20.83,20.83,4.17,25,5,20.83
2026-02,Supernatural - The Colt (Cosplay Safe Foam),Default Title,FM246,1,20.83,0,0,20.83,4.17,25,2.96,20.83
2026-02,Ryoken Display (Blunt) Tanto (Blue),Default Title,BS310854BL,1,20.83,0,0,20.83,4.17,25,5.76,20.83
2026-02,Lord Of The Rings - Gondor Sword Collectable (34cm),Default Title,VX221222,1,20.83,0,0,20.83,4.17,25,2.54,20.83
2026-02,The Witcher Wild Hunt- Steel Collectible 40cm,Default Title,HK8786SU,1,20.83,0,0,20.83,4.17,25,6.9,20.83
2026-02,Demon Slayer - Shinobu Kocho Nichirin - Cosplay Safe Wood With Sheath,Default Title,VX221260,1,20.83,0,0,20.83,4.17,25,11,20.83
2026-02,Viking Axe - Cosplay Safe Foam,Default Title,,1,20.83,0,0,20.83,4.17,25,9,20.83
2026-02,Legend Of Zelda - Master Sword Collectible 30cm,Default Title,BS210370,1,20.83,0,0,20.83,4.17,25,5.51,20.83
2026-02,Fortnite Pickaxe In Foam,Default Title,BS111037,1,20.83,0,0,20.83,4.17,25,7.92,20.83
2026-02,Assassin’s Creed Shadows - PureArts Qlectors Naoe & Yasuke PVC Figure,Default Title,PA037AC,1,20.82,0,0,20.82,4.17,24.99,30,20.82
2026-02,Fallout - Vault Security Keycard Replica,Default Title,B-FLT64,1,20.82,0,0,20.82,4.17,24.99,11.45,20.82
2026-02,The Lord Of The Rings - Red Book Of Westmarch Leather Journal,Default Title,CUCU002,1,20.82,0,0,20.82,4.17,24.99,10.41,20.82
2026-02,Willy Wonka and the Chocolate Factory - Collector's Edition Replica Golden Ticket,Default Title,THG-WON03,1,19.99,0,0,19.99,4,23.99,11.5,19.99
2026-02,Back To Future - Delorean Licence Plate Door Mat,Default Title,FGE0054,1,19.99,0,0,19.99,0,19.99,7.5,19.99
2026-02,Kukri - Cosplay/Training Knife,Default Title,CS-92R35,1,20.82,-2.07,0,18.75,3.75,22.5,9,18.75
2026-02,Power Rangers - Green Ranger Dagger (Cosplay Safe Foam),Default Title,FM169,1,20.83,-2.08,0,18.75,3.75,22.5,6.62,18.75
2026-02,"Katana Collectable Box Set (20cm, White)",Default Title,BS310945W,1,41.66,-2.08,-20.83,18.75,3.75,22.5,5.77,18.75
2026-02,LOTR Anduril Wedding Cake Knife/ Letter Opener,Default Title,BS013484,1,33.34,0,-16.67,16.67,3.33,20,8,16.67
2026-02,One Piece - Roronoa Zoro Sandai Kitetsu Collectable (40cm),Default Title,LT019,1,16.67,0,0,16.67,3.33,20,6.5,16.67
2026-02,Deluxe Balisong/Butterfly Knife Trick Trainer (Prismatic),Default Title,,1,16.67,0,0,16.67,3.33,20,2.95,16.67
2026-02,One Piece - Roronoa Zoro's Enma Collectible (40cm),Default Title,LT020,1,16.67,0,0,16.67,3.33,20,6.5,16.67
2026-02,Metal Gear - Jetstream Sam Revengeance (Cosplay Safe Foam),Default Title,FM147,1,16.67,0,0,16.67,3.33,20,4.66,16.67
2026-02,Demon Slayer - Kanao Tsuyuri Nichirin - Cosplay Safe Wood,Default Title,WD036,1,16.67,0,0,16.67,3.33,20,12,16.67
2026-02,Demon Slayer - Kyojuro Rengoku Nichirin Katana Umbrella,Default Title,AM072-2,1,16.67,0,0,16.67,3.33,20,11,16.67
2026-02,Demon Slayer - Giyu Tomioka Nichirin Katana Umbrella,Default Title,AM072-4,1,16.67,0,0,16.67,3.33,20,11,16.67
2026-02,Stitch - Officially Licensed Umbrella,Default Title,PAR07,1,16.65,-1.65,0,15,3,18,8.33,15
2026-02,Star Wars - Boba Fett Shadow,Tee X-Large,TEE325-TE-1-1-1-1-1-1-1-1-1-1-1-1,1,15,0,0,15,3,18,8.5,15
2026-02,World Of Warcraft - Frostmourne Collectable with Stand (26cm),Default Title,VX21237-2,2,22.47,0,-7.49,14.98,3,17.98,3.28,14.98
2026-02,Jurassic Park - Barbasol Embryo Can Insulated Water Bottle,Default Title,BMHC019,1,14.15,-1.4,0,12.75,2.55,15.3,8.25,12.75
2026-02,Legend Of Zelda - Master Sword In Stone Letter Opener,Default Title,BS210368,1,12.5,0,0,12.5,2.5,15,0,0
2026-02,Tmnt - Masks,Fitted L / Black,84098193,1,12.5,0,0,12.5,2.5,15,8.5,12.5
2026-02,Demon Slayer - Kyojuro Rengoku Nichirin Katana With Sheath - Cosplay Safe Foam,Default Title,BS210668-2,1,12.5,0,0,12.5,2.5,15,10,12.5
2026-02,Star Wars - Officially Licensed Snow Globe,Default Title,BN005,1,12.49,0,0,12.49,2.5,14.99,6.25,12.49
2026-02,Star Wars – Darth Vader A5 Premium Notebook with Lightsaber Pen,Default Title,CPA5013,1,12.49,0,0,12.49,2.5,14.99,7.08,12.49
2026-02,Lord of the Rings - Ringwraith TUBBZ (Boxed Edition),Default Title,NS4600,1,12.49,0,0,12.49,2.5,14.99,11.66,12.49
2026-02,DC Comics - Harley Quinn TUBBZ (Boxed Edition),Default Title,NS4457,1,12.49,0,0,12.49,2.5,14.99,11.66,12.49
2026-02,Star Wars – Luke Skywalker A5 Premium Notebook with Lightsaber Pen,Default Title,CPA5012,1,12.49,0,0,12.49,2.5,14.99,7.08,12.49
2026-02,Leatherneck Ka-Bar Style - Cosplay/Training Knife,Default Title,CS-92R39LSF,1,12.49,0,0,12.49,2.5,14.99,7,12.49
2026-02,Jujutsu Kaisen - Leather Travel Journal,Default Title,CTBV031,1,11.99,0,0,11.99,0,11.99,5,11.99
2026-02,Demon Slayer -  Tanjiro Kamado Fidget Keyring/Keychain (22cm),Default Title,KW1001,1,12.5,-1.25,0,11.25,2.25,13.5,3,11.25
2026-02,HARRY POTTER TRAVEL JOURNAL,Default Title,CTBV001,1,9.99,0,0,9.99,2,11.99,5,9.99
2026-02,The Elder Scrolls V: Skyrim - Replica Amulet of Talos Limited Edition Unisex Necklace,Default Title,B-SKY15,1,9.99,0,0,9.99,2,11.99,5.49,9.99
2026-02,Balisong Trainer - Comb (Black),Default Title,BF111490B,1,8.33,0,0,8.33,1.67,10,2.1,8.33
2026-02,Bowie Knife (Cosplay Safe Foam),Default Title,FM280,1,8.32,0,0,8.32,1.67,9.99,2.5,8.32
2026-02,Lord Of The Rings - Gandalf Glamdring Collectable with Stand (22cm),Default Title,VX221237-3,1,14.98,0,-7.49,7.49,1.5,8.99,1.64,7.49
2026-02,Lord Of The Rings - Anduril Collectable with Stand (26cm),Default Title,vx221237-1,1,14.98,0,-7.49,7.49,1.5,8.99,1.64,7.49
2026-02,Lord Of The Rings - Arwen Hadhafang Collectable with Stand (22cm),Default Title,VX221237-4,1,7.49,0,0,7.49,1.5,8.99,1.64,7.49
2026-02,Lancaster 3D Enamel Pin Badge,Default Title,TOPLAN3DPIN,1,3.32,0,0,3.32,0.67,3.99,1.5,3.32
2026-02,Lord Of The Rings - Deluxe Gandalf's Glamdring Sword,Default Title,JOT096C,0,250,0,-250,0,0,0,0,0
2026-02,The Hobbit - Sting With Scabbard And Display Plaque (70cm),Default Title,VX221040,0,150,0,-150,0,0,0,0,0
2026-02,Destiny 2 Graviton Lance - Cosplay/Larp Safe Foam Gun,Default Title,BS111013,0,57.5,0,-57.5,0,0,0,0,0
2026-02,Colt 'Artillery' Single Action Army,Default Title,G1109L,0,150,0,-150,0,0,0,0,0
2026-02,Basic Katana Triple Stand,Default Title,BP011368-3,0,20.83,0,-20.83,0,0,0,0,0
2026-02,The Lord Of The Rings - The One Ring (Costume),Default Title,NN0903,0,15.83,0,-15.83,0,0,0,0,0
2026-02,Beowulf - Viking / Anglo Saxon Full Metal Helmet,Default Title,,0,120.83,0,-120.83,0,0,0,0,0
2026-02,Star Wars – AT-AT Downed 3D Perpetual Calendar,Default Title,CP3D09,0,29.16,0,-29.16,0,0,0,0,0
2026-02,Fenrir Bracelet,Default Title,BG011634,0,15.83,0,-15.83,0,0,0,0,0
2026-02,Wells Fargo Stagecoach Defender - Double Barrel  Wyatt Earp Shotgun Pistol / Sawn-Off with Brass Action- USA 1868,Default Title,G1113,0,133.33,0,-133.33,0,0,0,0,0
2026-02,Lord Of The Rings - NEW AND IMPROVED Gimli's Battle Axe,Default Title,VX221072,0,116.67,0,-116.67,0,0,0,0,0
2026-02,Harry Potter - Lord Voldemort Wand in Ollivanders Box,Default Title,NN7331,0,28.33,0,-28.33,0,0,0,0,0
2026-02,"Masters Of The Universe / He-Man - Skeletor Staff (Metal, 210cm)",Default Title,BS112015,0,249.17,0,-249.17,0,0,0,0,0
2026-02,Devil May Cry - Dante's Ivory (Foam),Default Title,FM139,0,25,0,-25,0,0,0,0,0
2026-02,Katana/Sword Wall Display Stand,Default Title,BP310043,0,33.33,0,-33.33,0,0,0,0,0
2026-02,Harry Potter - Officially Licensed Godric Gryffindor Sword,Default Title,NN7198,0,154.17,0,-154.17,0,0,0,0,0
2026-02,The Hobbit - Official Weta Workshop The Desolation of Smaug Bust,Default Title,,0,374.17,0,-374.17,0,0,0,0,0
2026-02,Red Dead - Colt Single Action Army (Cosplay Safe Foam),Default Title,FM286,0,16.67,0,-16.67,0,0,0,0,0
2026-02,White Dragon Display (Straight) Katana Triple Set,Default Title,29152w-c,0,82.5,0,-82.5,0,0,0,0,0
2026-02,The Lord Of The Rings - Smaug Incense Burner,Default Title,NN7526,0,74.99,0,-74.99,0,0,0,0,0
2026-02,'Eternal Dragon' Samurai Master Katana,Default Title,vx221595,0,1499.17,0,-1499.17,0,0,0,0,0
2026-02,The Hobbit - Tauriel Letter Opener and Display Case,Default Title,NN1213,0,25,0,-25,0,0,0,0,0
2026-02,"Katana Collectable Box Set (20cm, Black)",Default Title,BS310945B,0,41.66,0,-41.66,0,0,0,0,0
2026-02,Frieren: Beyond Journey's End - Stark's Axe (158cm),Default Title,BS112012,0,116.67,0,-116.67,0,0,0,0,0
2026-02,"""Mizuchi"" Full Tang 1065HCS Hand Forged Tanto",Default Title,T005,0,115,0,-115,0,0,0,0,0
2026-02,Call Of Duty Vector Smg - Cosplay/Larp Safe Foam Gun,Default Title,BS111009,0,45.83,0,-45.83,0,0,0,0,0
2026-02,Red Dead Redemption - Ball Tipped Sheriff Badge,Default Title,G106,1,7.99,-7.99,0,0,0,0,2.71,0
2026-02,Lord Of The Rings - Frodo Sting Collectable with Stand (22cm),Default Title,VX221237-5,0,7.49,0,-7.49,0,0,0,0,0
2026-02,Hand Grenade Mk2 Pineapple - USA 1918,Default Title,G738,0,29.17,0,-29.17,0,0,0,0,0
2026-02,James Bond Walther PPK,Default Title,G1277,0,91.67,0,-91.67,0,0,0,0,0
2026-02,The Lord Of The Rings - The One Ring,Default Title,NN1588,0,40.83,0,-40.83,0,0,0,0,0
2026-02,Lord Of The Rings - United Cutlery Officially Licensed Sword of Eomer,Default Title,UC-UC3383,0,249.16,-24.91,-249.17,-24.92,-4.98,-29.9,0,-24.92
2026-02,Real Wood Revolver Display Stand,Default Title,G808,-1,25,0,-50,-25,-5,-30,-14.36,-25
2026-02,Devil May Cry - Dante's Ebony (Foam),Default Title,FM138,-1,0,0,-25,-25,-5,-30,-6,-25
2026-02,Blade - Sword Of The Daywalker,Default Title,BS014177,-1,0,0,-82.5,-82.5,-16.5,-99,-32.73,-82.5
2026-02,Kingdom Hearts - Oblivion,Default Title,BS210003,-2,0,0,-91.66,-91.66,-18.34,-110,-64,-91.66
2026-02,Buffy Slayer Scythe,Default Title,HK8761,-1,0,0,-100,-100,-20,-120,-29,-100
2026-02,Devil May Cry 5 - Dante's Rebellion (Silver),Default Title,HK0214,-1,0,0,-111.75,-111.75,-22.35,-134.1,-40.33,-111.75
2026-02,Final Fantasy VIII - NEW Superior Squall Gunblade,Default Title,VX221148,-1,250,-12.5,-362.5,-125,-25,-150,-37,-125
2026-02,The Witcher III - Deluxe Wild Hunt Geralt Silver Sword,Default Title,HK8787CU,-1,0,0,-140,-140,0,-140,0,0
2026-02,"""Koyo"" Clay Tempered Hand Forged Katana",Default Title,BS111055CT,-1,0,0,-194.25,-194.25,-38.85,-233.1,-43.58,-194.25
2026-02,David Yost Signed Blue Power Ranger Helmet - SWAU Authenticated,Default Title,AUTO003,-1,0,0,-206.25,-206.25,-41.25,-247.5,-200,-206.25
2026-02,Honshu - Single Handed Broadsword,Default Title,UC-UC3451,-1,0,0,-220.83,-220.83,-44.17,-265,-147.67,-220.83
2026-02,Star Wars - Hot Toys Darth Maul With Sith Speeder,Default Title,HT9133632,-1,0,0,-412.5,-412.5,-82.5,-495,0,0
2026-02,Catwoman 1:6 Scale Maquette by Tweeterhead,Default Title,TW9137152,-1,0,0,-625,-625,0,-625,-396,-625
2026-03,Masters Of The Universe - He-Man Power Sword (2026),Default Title,VX221214,14,3187.5,-37.5,-562.5,2587.5,517.5,3105,643.16,2587.5
2026-03,The Bastard Snow - Sword Including Plaque and Scabbard,Default Title,JOT5909M,18,2359.21,-24.82,-124.17,2210.22,441.98,2652.2,549,2210.22
2026-03,The Lord Of The Rings - Deluxe Anduril With Display Plaque & Scabbard,Default Title,VX221044-NS,15,2400,-90,-150,2160,432,2592,1102.2,2160
2026-03,LAST ONE!!!! - CHRISTOPHER LAMBERT AUTOGRAPHED & QUOTED Highlander - Deluxe Clan Macleod Claymore,Default Title,,8,1966.64,0,0,1966.64,393.36,2360,189.92,1966.64
2026-03,Lord Of The Rings - Officially Licensed United Cutlery Anduril Sword of Aragorn,Default Title,UC-UC1380,7,1860.81,0,0,1860.81,372.19,2233,1166.48,1860.81
2026-03,,,,17,2360.77,-91.66,-554.95,1714.16,1140.55,6850.77,887.19,1686.62
2026-03,Lord Of The Rings - United Cutlery Officially Licensed Museum Collection Anduril,Default Title,UC-UC3516,3,1722.49,-114.82,0,1607.67,321.53,1929.2,1145.49,1607.67
2026-03,'Eternal Dragon' Samurai Master Katana,Default Title,vx221595,1,1499.17,0,0,1499.17,299.83,1799,495,1499.17
2026-03,The Bastard Snow's Sword - Hand Forged Folded Steel (Damascus),Default Title,JOT5909FD,8,1462.5,0,-162.5,1300,260,1560,602.8,1300
2026-03,Ghost Of Tsushima - Jin Sakai Storm Hand Forged Clay Tempered Katana,Default Title,VX221717-L-CT,8,1300,-16.25,0,1283.75,256.75,1540.5,237.52,1283.75
2026-03,Legend Of Zelda - Deluxe Master Sword,Default Title,BS310223,10,1075,0,0,1075,215,1290,360,1075
2026-03,The Witcher III - Geralt's Silver Sword,Default Title,BS110617,9,1050.03,0,0,1050.03,209.97,1260,247.32,1050.03
2026-03,Thundercats - Deluxe Sword Of Omens,Default Title,HK8896,9,1158.3,-11.58,-115.83,1030.89,206.21,1237.1,289.8,1030.89
2026-03,"""Emperor's Protector"" Samurai Master Katana",Default Title,BS310168,1,999.17,0,0,999.17,199.83,1199,305,999.17
2026-03,Rick's Colt Python - The Walking Dead,Default Title,G6304,10,1190.02,-19.82,-198.34,971.86,194.34,1166.2,591.8,971.86
2026-03,"LORD OF THE RINGS - NEW! Superior Anduril, The Sword Reforged with Scabbard and Plaque",Default Title,VX221039,6,1160.81,-66.32,-149.25,945.24,189.06,1134.3,251.94,945.24
2026-03,Lord Of The Rings - Deluxe Anduril With Display Plaque,Default Title,VX221044-S,7,933.31,-13.33,0,919.98,184.02,1104,294,919.98
2026-03,The Last Samurai - Clay Tempered Nathan Algren's Hand Forged Katana,Default Title,BS015224CT,5,829.15,-16.58,0,812.57,162.53,975.1,312.6,812.57
2026-03,Supernatural - Deluxe Angel Blade,Default Title,HK8445,14,933.28,-11.66,-110.83,810.79,162.21,973,362.04,810.79
2026-03,Elden Ring Dark Moon Greatsword,Default Title,BS111760,4,830,-20.75,0,809.25,161.85,971.1,507.68,809.25
2026-03,God Of War - Deluxe Ragnarok Chaos Blades,Default Title,MS036,5,770.85,0,0,770.85,154.15,925,258.25,770.85
2026-03,CALL OF DUTY - German WWII MP40 Sub-Machine Gun 1940,Default Title,G1111C,4,783.32,-19.58,0,763.74,152.76,916.5,533.92,763.74
2026-03,Ghost Of Tsushima - Jin Sakai Display Katana (Black),Default Title,BS310811,15,884.02,-75.48,-49.17,759.37,151.83,911.2,334.35,759.37
2026-03,Star Trek - Deluxe Klingon Bat'Leth,Default Title,VX221440,6,875,0,-125,750,150,900,288,750
2026-03,Ghost Of Tsushima - Handforged Tanto,Default Title,Tanto-10,11,733.35,-13.32,0,720.03,143.97,864,280.5,720.03
2026-03,"""Brown Bess"" Short Land Pattern Musket British Napoleonic War Rifle - England 1712",Default Title,G1054,4,730,-18.25,0,711.75,142.35,854.1,440.4,711.75
2026-03,Red Dead Redemption - Colt Navy (Bronze),Default Title,BG010131,19,787.5,-15,-71.25,701.25,140.25,841.5,304,701.25
2026-03,Highlander - Deluxe Clan Macleod Claymore,Default Title,BS012637,6,700.01,-11.66,0,688.35,137.65,826,142.44,688.35
2026-03,World of Warcraft - Epic Edition Frostmourne,Default Title,VX221086,3,687.51,0,0,687.51,137.49,825,478.86,687.51
2026-03,"Jujutsu Kaisen - Deluxe Inverted Spear of Heaven, Cursed Dagger From Fushiguro Toji",Default Title,AM210,10,658.3,-6.58,0,651.72,130.38,782.1,363.8,651.72
2026-03,God Of War - Ragnarok Leviathan Axe with Glow In The Dark Runes,Default Title,AM224,4,650,0,0,650,130,780,628.6,650
2026-03,Lee-Enfield Smle Rifle - British 1907,Default Title,G1090,3,624.99,0,0,624.99,125.01,750,526.5,624.99
2026-03,AK47 Kalashnikov Assault Rifle,Default Title,G1086,3,830,0,-207.5,622.5,124.5,747,468.36,622.5
2026-03,Devil May Cry 5 - Dante's Rebellion (Silver),Default Title,HK0214,5,620.84,-12.41,0,608.43,121.67,730.1,201.65,608.43
2026-03,M1 Garand USA WWII 1932,Default Title,G1105,3,624.99,-21.66,0,603.33,120.67,724,476.52,603.33
2026-03,BERSERK - Guts Dragon Slayer Greatsword (150cm) Full Metal,Default Title,AM223,3,622.5,-20.75,0,601.75,120.35,722.1,272.55,601.75
2026-03,Sten MkII British SMG - 1940,Default Title,G1148,4,600,-15,0,585,117,702,371.44,585
2026-03,Valyrian Steel Game of Thrones - Longclaw Sword of Jon Snow,Default Title,VS-VS0106,2,581.66,0,0,581.66,116.34,698,381.56,581.66
2026-03,"Kill Bill - Deluxe ""The Bride"" (Uma Thurman) Hatori Hanzo Hand Forged Katana In Clay Tempered HCS",Default Title,bs011024-brideCT,3,572.49,0,0,572.49,114.51,687,140.1,572.49
2026-03,Lord Of The Rings - NEW AND IMPROVED Gimli's Battle Axe,Default Title,VX221072,5,583.33,-17.49,0,565.84,113.16,679,190,565.84
2026-03,The Hobbit - Officially Licensed United Cutlery Orcrist Sword Of Thorin Oakenshield,Default Title,UC-UC2928,2,565,0,0,565,113,678,303.92,565
2026-03,Lord Of The Rings - United Cutlery Officially Licensed Witch King Sword,Default Title,UC-UC1266,2,583.31,-29.15,0,554.16,110.83,664.99,379.8,554.16
2026-03,"Browning ""High Power"" Hp35 - British Army Service Pistol 1935-2013",Default Title,G1235,5,758.31,-5.41,-216.66,536.24,107.26,643.5,306.25,536.24
2026-03,Wells Fargo Stagecoach Defender - Double Barrel Wyatt Earp Shotgun Pistol / Sawn-Off - USA 1868,Default Title,G1114,4,799.98,0,-266.66,533.32,106.68,640,345.16,533.32
2026-03,Lord Of The Rings - United Cutlery Officially Licensed Glamdring,Default Title,UC-UC1265,2,548.33,-27.41,0,520.92,104.18,625.1,348.12,520.92
2026-03,James Bond Walther PPK With Silencer,Default Title,G1311,5,900,0,-400,500,100,600,310.05,500
2026-03,Tommy Gun - M1 Submachine Gun,Default Title,G1092,2,963.32,0,-481.66,481.66,96.34,578,306.88,481.66
2026-03,Witcher IV - Ciri's Sword,Default Title,VX221107,4,750,-31.25,-250,468.75,93.75,562.5,0,0
2026-03,LORD OF THE RINGS - Deluxe Strider Ranger Sword,Default Title,BS011222,3,616.68,0,-154.17,462.51,92.49,555,236.73,462.51
2026-03,Supernatural - The Colt,Default Title,VX221106,7,800.03,-6.66,-333.35,460.02,91.98,552,178.5,460.02
2026-03,NEW Full Metal Witch King Helm,Default Title,AH-241183,3,437.49,0,0,437.49,87.51,525,42,437.49
2026-03,Game of Thrones - Officially Licensed Valyrian Steel Ice Sword of Ned Stark,Default Title,VS-VS0109,2,641.66,-208.33,0,433.33,86.67,520,474.38,433.33
2026-03,League Of Legends - Jinx & Vi 1/6 Scale Statue Bundle Save £100!  **Pre-Order**,Full Purchase £499,PA009LOL-FU,1,415.83,0,0,415.83,83.17,499,349.3,415.83
2026-03,"M1 Garand USA WWII 1932 ""Battleworn Edition""",Default Title,G2105,2,622.5,0,-207.5,415,83,498,317.68,415
2026-03,DEADPOOL - Gold Desert Eagle,Default Title,G1123/L,5,495,0,-82.5,412.5,82.5,495,307.9,412.5
2026-03,Lord Of The Rings - United Cutlery Officially Licensed Knives Of Legolas SIGNED BY ORLANDO BLOOM!,Default Title,UC-UC1372,1,457.5,-45.75,0,411.75,82.35,494.1,191.41,411.75
2026-03,"The Last Kingdom - Uhtred ""Serpents Breath"" Sword",Default Title,VX221682-2,4,541.65,-21.66,-108.33,411.66,82.34,494,156,411.66
2026-03,Red Dead Redemption - Colt Navy (Gunmetal Grey),Default Title,BG010131-2,11,450,-3.75,-37.5,408.75,81.75,490.5,176,408.75
2026-03,Lord Of The Rings - United Cutlery Officially Licensed Mace Of Sauron Red Eye Edition,Default Title,UC-UC3520,1,407.5,0,0,407.5,81.5,489,269.19,407.5
2026-03,1869 Smith & Wesson Schofield 6 Shot Revolver In Black & Solid Brass,Default Title,G1008L,5,412.5,-8.25,0,404.25,80.85,485.1,238.95,404.25
2026-03,LORD OF THE RINGS - NEW AND IMPROVED Deluxe King Theoden's Herugrim Sword,Default Title,vx221084,4,396.68,0,0,396.68,79.32,476,96,396.68
2026-03,CALL OF DUTY - German WWII MG34 Machine Gun 1934 with Gunsight and Sling,Default Title,G9317,1,395.83,0,0,395.83,79.17,475,265.39,395.83
2026-03,"Deluxe ""Warrior's Rage"" (Red) Hand Forged Katana In Clay Tempered 1060 HCS",Default Title,BS310161RCT,2,415,-20.75,0,394.25,78.85,473.1,188,394.25
2026-03,"M1911A1 Colt ""Government"" Us Service Pistol (Black/Wood))",Default Title,G9312,4,400,-10,0,390,78,468,288.96,390
2026-03,Lord Of The Rings - Officially Licensed United Cutlery Anduril Scabbard,Default Title,UC-UC1396,2,433.24,-43.3,0,389.94,77.98,467.92,285.62,389.94
2026-03,Rings Of Power - Broken Sword Of Sauron,Default Title,BS310759,2,562.5,0,-187.5,375,75,450,146,375
2026-03,Lord Of The Rings - Deluxe Witch King Of Angmar Sword,Default Title,vx221047,3,375,0,0,375,75,450,97.5,375
2026-03,"Shaun Of The Dead - Winchester ""Yellowboy""  Carbine Rifle",Default Title,G1140L,2,375,0,0,375,75,450,248.54,375
2026-03,"The Witcher - Deluxe Handforged Geralt's Steel Sword (Damascus Steel, Wolf Pommel)",Default Title,HK9320HF,2,375,0,0,375,75,450,236,375
2026-03,Supernatural - Deluxe Ruby's Demon Killing Blade,Default Title,HK8513A,8,450,-27.5,-50,372.5,74.5,447,108,372.5
2026-03,Honshu Historic Forge - Scottish Claymore,Default Title,UC-UC3512,1,362.5,0,0,362.5,72.5,435,244.82,362.5
2026-03,Lord Of The Rings - United Cutlery Officially Licensed High Elven Helm (Limited Edition),Default Title,UC-UC1382,1,358.32,0,0,358.32,71.67,429.99,249.71,358.32
2026-03,Lord Of The Rings - Officially Licensed United Cutlery Aeglos – Spear of Gil-Galad,Default Title,UC-UC3635,1,390.83,-39.08,0,351.75,70.35,422.1,212.09,351.75
2026-03,Rings Of Power- Sword Of Galadriel,Default Title,BS310758,4,363.32,-18.16,0,345.16,69.04,414.2,208,345.16
2026-03,"Webley Mk IV - Indiana Jones, Torchwood, Peaky Blinders",Default Title,G1119,5,495.81,-21.24,-141.66,332.91,66.59,399.5,209.45,332.91
2026-03,Warrior's Demise' Damascus Steel 1095 Clay Tempered Katana,Default Title,,1,332.5,0,0,332.5,66.5,399,67,332.5
2026-03,Viserys' Blackfyre (TV Show Version),Default Title,VX221092,4,330,0,0,330,66,396,141.36,330
2026-03,House Of The Dragon - Officially Licensed Valyrian Steel Blackfyre Sword of Aegon the Conqueror,Default Title,VS-VS0008,1,598.34,0,-269.25,329.09,65.81,394.9,206.25,329.09
2026-03,Wyatt Earp Double Barrel Shotgun Display Replica USA 1868,Default Title,G1115,2,650,0,-325,325,65,390,172.58,325
2026-03,Legend Of Zelda - Deluxe Hylian Shield (Full Metal),Default Title,VX221048,2,325,0,0,325,65,390,204.86,325
2026-03,Beretta 92 / Us Military M9,Default Title,G1254,3,324.99,0,0,324.99,65.01,390,237.39,324.99
2026-03,RoboCop - Auto-9 Life-Size Prop Replica,Default Title,,1,324.17,0,0,324.17,64.83,389,0,0
2026-03,Valyrian Steel Game of Thrones - House Tarly Heartsbane Sword,Default Title,VS-VS0124,1,320.83,0,0,320.83,64.17,385,242.34,320.83
2026-03,Colt Army Model 1860 USA Civil War 1860 - Clint Eastwood,Default Title,G1007/L,4,316.67,-7.91,0,308.76,61.74,370.5,214.32,308.76
2026-03,Lord Of The Rings - United Cutlery Officially Licensed Spear of Eomer,Default Title,UC-UC3508,1,307.5,0,0,307.5,61.5,369,204.91,307.5
2026-03,"M1911A1 Colt ""Military"" USA Service Pistol (Black/Black)",Default Title,G1312,3,300,0,0,300,60,360,216.72,300
2026-03,The Bastard Snow - Sword With Plaque (Book Version),Default Title,BS015791-1,3,300,0,0,300,60,360,91.5,300
2026-03,"M1911A1 Colt ""Government"" Us Service Pistol (Nickel Finish)",Default Title,G6312,3,300,0,0,300,60,360,216.72,300
2026-03,"""Warrior's Demise"" 1095 Clay Tempered Katana",Default Title,BS310158CT,1,332.5,-33.25,0,299.25,59.85,359.1,61.07,299.25
2026-03,Devil May Cry - Dante's Rebellion,Default Title,HK213R,3,297.51,0,0,297.51,59.49,357,100.5,297.51
2026-03,Devil May Cry 3 - Vergil's Yamato Display (Straight Blade) Katana,Default Title,HK9429-1,6,295.01,-4.91,0,290.1,58,348.1,63.3,290.1
2026-03,Lord Of The Rings - United Cutlery Officially Licensed King Theoden Herugrim Sword,Default Title,UC-UC1370ABNB,1,287.5,0,0,287.5,57.5,345,174.08,287.5
2026-03,"The Hobbit - Sting (Brown Scabbard, 70cm)",Default Title,HK750L,6,295,-7.66,0,287.34,57.45,344.79,84,287.34
2026-03,The Last Kingdom – Officially Licensed Valyrian Steel Serpent Breath Sword of Uhtred,Default Title,VS-LK0001,1,282.5,0,0,282.5,56.5,339,185.63,282.5
2026-03,"M1911A1 Colt ""Military"" USA Service Pistol ""Battleworn Edition""",Default Title,G2312,3,300,-20,0,280,56,336,216.72,280
2026-03,God Of War - Chaos Blades of Athena,Default Title,BS112016,2,291.66,-14.58,0,277.08,55.42,332.5,73.84,277.08
2026-03,"The Lord Of The Rings - Deluxe Sting (80cm, W/ Display Plaque)",Default Title,VX221042,3,275.01,0,0,275.01,54.99,330,93,275.01
2026-03,Captain America Wakanda Shield,Pair,62142579,1,275,0,0,275,55,330,240,275
2026-03,Vikings - Deluxe Sword Of Kings,Default Title,VX221085,3,272.49,0,0,272.49,54.51,327,171.24,272.49
2026-03,Valyrian Steel Game of Thrones - Widows Wail Sword of Joffrey and Jaime Lannister,Default Title,VS-VS0116,1,270.83,0,0,270.83,54.17,325,190.78,270.83
2026-03,Devil May Cry 5 - Vergil's Yamato Display (Straight Blade) Katana,Default Title,VX221228,4,266.68,0,0,266.68,53.32,320,42.2,266.68
2026-03,Wells Fargo Stagecoach Defender - Double Barrel  Wyatt Earp Shotgun Pistol / Sawn-Off with Brass Action- USA 1868,Default Title,G1113,2,266.66,0,0,266.66,53.34,320,172.58,266.66
2026-03,Lord Of The Rings - NEW AND IMPROVED Gimli's Bearded Axe,Default Title,VX221070,3,272.49,-9.08,0,263.41,52.69,316.1,114,263.41
2026-03,Lord Of The Rings - NEW AND IMPROVED Gimli's Walking Axe,Default Title,VX221071,3,272.49,-9.08,0,263.41,52.69,316.1,114,263.41
2026-03,Lord Of The Rings - United Cutlery Officially Licensed Strider Ranger Scabbard,Default Title,UC-UC1366,1,262.49,0,0,262.49,52.5,314.99,177.75,262.49
2026-03,"""Yakushima"" 1095 HCS Clay Tempered Hand Forged Katana",Default Title,BS111134,1,290.83,-29.08,0,261.75,52.35,314.1,68.27,261.75
2026-03,The Lord Of The Rings - Deluxe Boromir Sword,Default Title,JOT075C,2,250,0,0,250,50,300,97.92,250
2026-03,"Aquaman Trident - Full Metal, Full Size Replica",Default Title,BS110902,1,249.17,0,0,249.17,49.83,299,215.89,249.17
2026-03,Lord Of The Rings - United Cutlery Officially Licensed Sword of Faramir,Default Title,UC-UC3547,1,249.17,0,0,249.17,49.83,299,166.72,249.17
2026-03,The Hobbit - Officially Licensed United Cutlery Illuminated Staff Of The Wizard Gandalf,Default Title,UC-UC3107,1,249.17,0,0,249.17,49.83,299,167.02,249.17
2026-03,Black Dragon Display (Straight) Katana Triple Set,Default Title,29152bl-c,3,247.5,0,0,247.5,49.5,297,111.93,247.5
2026-03,"Lord Of The Rings - Officially Licensed United Cutlery Angrist, Elven Knife Of Strider",Default Title,UC-UC1371,1,245.83,0,0,245.83,49.17,295,138.2,245.83
2026-03,Lord Of The Rings - United Cutlery Officially Licensed Narsil Sword,Default Title,UC-UC1267,1,245.83,0,0,245.83,49.17,295,159.07,245.83
2026-03,"Call Of Duty - AK47 ""Achievment Unlocked"" Gold Edition",Default Title,G1086L,1,245.83,0,0,245.83,49.17,295,192.02,245.83
2026-03,Lord Of The Rings - Officially Licensed United Cutlery Gandalf Moria Staff,Default Title,UC-UC3328,1,265.83,-26.58,0,239.25,47.85,287.1,156.46,239.25
2026-03,"Deluxe ""Righteous Dragon"" Hand Forged Tanto In Clay Tempered 1095 HCS",Default Title,BS310133TCT,2,265,-26.5,0,238.5,47.7,286.2,130.2,238.5
2026-03,Assassin's Creed Odyssey - Leonidas' Spear,Default Title,BS110866,3,237.51,0,0,237.51,47.49,285,127.59,237.51
2026-03,Chinese Dragon Emperor Sword (Full Metal),Default Title,CHS031R,3,237.51,0,0,237.51,47.49,285,72.09,237.51
2026-03,Hand Grenade Mk2 Pineapple (Green) - USA 1918,Default Title,738V,8,233.35,0,0,233.35,46.65,280,125.92,233.35
2026-03,Kill Bill - The Bride's Display (Straight Blade) Katana,Default Title,BS011024BRST,4,233.32,0,0,233.32,46.68,280,84,233.32
2026-03,"Dragons of the Seven Kingdoms - Midnight Dragon Display Katana (Metal, Straight Blade)",Default Title,BS0151135-2,4,349.98,0,-116.66,233.32,46.68,280,56.8,233.32
2026-03,The Hobbit: Desolation Of Smaug - United Cutlery Officially Licensed Knives Of Tauriel,Default Title,UC-UC3044,1,257.5,-25.75,0,231.75,46.35,278.1,173.9,231.75
2026-03,Assassin's Creed Shadows - Official Naoe Hidden Blade Lifesize Replica,Default Title,PA032AC,2,231.66,0,0,231.66,46.34,278,104.6,231.66
2026-03,Colt 'Wolfsbane' Single Action Army,Default Title,M-1280/L,4,230,0,0,230,46,276,177.8,230
2026-03,Colt 'Cavalry' Single Action Army (Steel),Default Title,G1191G,4,230,0,0,230,46,276,183.64,230
2026-03,THE WITCHER - Geralt's Silver Sword TV Show Version in Hand Forged Damascus Steel,Default Title,MS019FD,1,225,0,0,225,0,225,130.56,225
2026-03,Game of Thrones - Officially Licensed Valyrian Steel Robb Stark's Sword,Default Title,VS-VS0104,1,249.16,-24.91,0,224.25,44.85,269.1,170.16,224.25
2026-03,"Colt ""Deputy"" Single Action Army 5.5"" (Black)",Default Title,G1106N,3,225,-7.5,0,217.5,43.5,261,121.23,217.5
2026-03,"""Hikarimuji"" Hand Forged Katana",Default Title,SW455,2,216.66,0,0,216.66,43.34,260,72,216.66
2026-03,"Call Of Duty - Desert Eagle (Black) - Deadpool, Tomb Raider, Supernatural",Default Title,G1123,2,216.66,0,0,216.66,43.34,260,136.84,216.66
2026-03,The Witcher III - Geralt's Steel Sword (Mace Pommel),Default Title,BS110614,2,216.66,0,0,216.66,43.34,260,71,216.66
2026-03,Honshu - Broadsword with Scabbard,Default Title,UC-UC3265,1,208.33,0,0,208.33,41.67,250,139.95,208.33
2026-03,Dark Souls - Great Sword Of Artorias (140cm Deluxe Edition),Default Title,VX221075-L,1,207.5,0,0,207.5,41.5,249,0,0
2026-03,Final Fantasy VII (Remake) - Upgraded Cloud's Strife Buster Sword,Default Title,AM256,1,207.5,0,0,207.5,41.5,249,68.74,207.5
2026-03,Loki's Sceptre - 1:1 Metal Version,Default Title,BS110897,1,229.16,-22.91,0,206.25,41.25,247.5,148.22,206.25
2026-03,Lord Of The Rings - Officially Licensed United Cutlery Bearded Axe of Gimli with Plaque,Default Title,UC2628,1,224.16,-22.41,0,201.75,40.35,242.1,145.99,201.75
2026-03,Demon Slayer - Tanjiro Kamado Fire Breath Black Nichirin Display (Straight Blade) Katana,Default Title,BS310686,3,200.01,0,0,200.01,39.99,240,54.75,200.01
2026-03,Once Upon A Time - Rumplestiltskin's Dark One Dagger,Default Title,AM030,4,300,0,-100,200,40,240,62,200
2026-03,M16A1 - USA Assault Rifle 1967 with Sling,Default Title,G9133,1,200,0,0,200,40,240,135.82,200
2026-03,Star Trek Ceremonial Bat'Leth,Default Title,SW604,2,200,0,0,200,40,240,78,200
2026-03,Assassin's Creed - Sword Of Altair,Default Title,BS015335,2,200,0,0,200,40,240,62,200
2026-03,King James V Scottish Claymore,Default Title,HK81031C,2,200,0,0,200,40,240,98.3,200
2026-03,Thor's Hammer - Mjolnir (Toughened Resin),Default Title,BS310187+S,2,200,0,0,200,40,240,59.18,200
2026-03,Tzss Cosplay Horde Membership,Default Title,,24,208.25,-0.83,-8.33,199.09,39.91,239,0,0
2026-03,Deluxe Metal Iron Man Infinity Gauntlet,Default Title,AW010GS,1,220.83,-22.08,0,198.75,39.75,238.5,96,198.75
2026-03,Thundercats - Sword Of Omens Dagger Eye Of Thundera,Default Title,AM140-1,5,208.32,-12.48,0,195.84,39.16,235,59.85,195.84
2026-03,"Kill Bill - Deluxe ""O-Ren Ishii"" Hand Forged Shirasaya in Clay Tempered HCS",Default Title,bs011024-orenCT,1,190.83,0,0,190.83,38.17,229,48.29,190.83
2026-03,"The Lord Of The Rings - Handforged Folded Steel ""Damascus"" Deluxe Anduril",Default Title,JOT033HF,1,187.5,0,0,187.5,37.5,225,72.75,187.5
2026-03,Winchester Mod. 66 Lever Action Carbine Rifle,Default Title,G1140G,1,187.5,0,0,187.5,37.5,225,124.27,187.5
2026-03,Elden Ring - Black Blade of Maliketh,Default Title,VX221231,1,187.5,0,0,187.5,37.5,225,0,0
2026-03,Black Myth Wukong - Wukong Staff (Metal),Default Title,AM246X,1,187.5,0,0,187.5,37.5,225,37.2,187.5
2026-03,"Deluxe ""Righteous Dragon"" Hand Forged Katana In Clay Tempered 1095 HCS",Default Title,BS310133KCT,1,207.5,-20.75,0,186.75,37.35,224.1,65.14,186.75
2026-03,"Resident Evil - Python .357 6""",Default Title,G1050,2,183.34,0,0,183.34,36.66,220,93.38,183.34
2026-03,John Wayne Special Winchester Rifle,Default Title,G1069,1,187.49,-4.16,0,183.33,36.67,220,113.56,183.33
2026-03,Ghost of Tsushima - Tagenashima Matchlock Rifle 1800,Default Title,G1274,1,183.33,0,0,183.33,36.67,220,99,183.33
2026-03,Genuine Leather Holster and Cartridge Belt For Single Revolver,Default Title,G703,2,181.66,0,0,181.66,36.34,218,109.16,181.66
2026-03,Game Of Thrones - Jaime Lannister Sword,Default Title,BS310057,2,181.66,0,0,181.66,36.34,218,86,181.66
2026-03,"Colt ""Quickdraw"" Single Action Army Gift Box with 6 Dummy Bullets",Default Title,G1-1106/G,2,181.66,0,0,181.66,36.34,218,84.28,181.66
2026-03,Lord Of The Rings - Thranduil Sword Collectible (40cm),Default Title,HK8443MUB,6,175.02,0,0,175.02,34.98,210,41.1,175.02
2026-03,GAME OF THRONES - Arya's Needle With Plaque And Scabbard,Default Title,BS310330,2,181.66,-9.08,0,172.58,34.52,207.1,69.04,172.58
2026-03,"""Tanchozuru"" Full Tang 1065 HCS Hand Forged Tanto",Default Title,T010,3,172.5,-5.75,0,166.75,33.35,200.1,108.54,166.75
2026-03,Solo Leveling - Demon King's Long Sword 🔞,Default Title,,2,165,0,0,165,33,198,0,0
2026-03,Colt Navy Civil War Revolver 1851 (Pearl),Default Title,G6040,2,165,0,0,165,33,198,98.78,165
2026-03,Game Of Thrones - Heartsbane of House Tarly,Default Title,BS310739,2,165,0,0,165,33,198,62,165
2026-03,Alice In Darkness - Vorpal Blade,Default Title,HK1043,4,163.32,0,0,163.32,32.68,196,38.2,163.32
2026-03,"6 Cannon ""Pepperbox"" Revolver - London 1840 (Brass)",Default Title,G5071,3,162.51,0,0,162.51,32.49,195,111.15,162.51
2026-03,Sekiro - Shadows Die Twice Mortal Blade (Brown) Display (Straight Blade) Katana,Default Title,BS310812,3,162.51,0,0,162.51,32.49,195,72,162.51
2026-03,Captain America - Deluxe Shield,Default Title,HK404-GS,1,162.5,0,0,162.5,32.5,195,122.69,162.5
2026-03,World of Warcraft - Royal King's Guard Sword,Default Title,bs310342,1,162.5,0,0,162.5,32.5,195,111.47,162.5
2026-03,"Deluxe ""Karoshi"" Clay Tempered Hand Forged Tanto In 1095 HCS",Default Title,BS111137TCT,1,154.17,0,0,154.17,30.83,185,57.42,154.17
2026-03,Rings Of Power - Galadriel Dagger,Default Title,VX221878,3,162.49,-10.82,0,151.67,30.33,182,46.92,151.67
2026-03,"Demon Slayer - Zenitsu Agatsuma Nichirin Display (Metal, Straight Blade) Katana with Light Up Blade",Default Title,BS310857,2,150,0,0,150,30,180,42,150
2026-03,Colt 'Quickdraw' Single Action Army,Default Title,G1106/G,2,150,0,0,150,30,180,88.66,150
2026-03,Davy Crockett's 'Beautiful Betsy' Kentucky Rifle,Default Title,G1137,1,150,0,0,150,30,180,123,150
2026-03,Colt 'Widowmaker' Single Action Army,Default Title,B-1281/L,2,150,0,0,150,30,180,88,150
2026-03,A Knight's Tale - Ulrich's Helm,Default Title,AH6387,1,150,0,0,150,30,180,70.83,150
2026-03,Assassin's Creed Valhalla - Eivor's Axes (Full Metal),Default Title,AM052MT,1,145.83,0,0,145.83,29.17,175,60.14,145.83
2026-03,Roman Centurion Helmet - Gallic H,Default Title,AH6069,1,145.83,0,0,145.83,29.17,175,77.44,145.83
2026-03,Loki - Laevateinn Dagger,Default Title,AM090,6,145.01,0,0,145.01,28.99,174,72,145.01
2026-03,Colt 'Cavalry' Single Action Army (Nickel),Default Title,G1191NQ,2,150,-7.5,0,142.5,28.5,171,91.82,142.5
2026-03,Colt Peacemaker Buntline Special (Steel),Default Title,G1303,2,158.32,-15.82,0,142.5,28.5,171,94.98,142.5
2026-03,Lord Of The Rings - Officially Licensed United Cutlery Sword Of Samwise,Default Title,UC-UC2614,1,157.5,-15.75,0,141.75,28.35,170.1,99.35,141.75
2026-03,Moon Knight - Crescent Dart - Full Metal (Silver),Default Title,AM127CMT-1,3,137.49,0,0,137.49,27.51,165,57.36,137.49
2026-03,"Deluxe ""Righteous Dragon"" Hand Forged Wakizashi In Clay Tempered 1095 HCS",Default Title,BS310133WCT,1,149.16,-14.91,0,134.25,26.85,161.1,62.48,134.25
2026-03,One Piece - Roronoa Zoro Display (Straight) Katana Enma,Default Title,BS310702,2,133.34,0,0,133.34,26.66,160,29.94,133.34
2026-03,Highlander - Connor Macleod Display (Straight Blade) Katana,Default Title,BS111044,2,200.01,0,-66.67,133.34,26.66,160,21.24,133.34
2026-03,The Walking Dead - Michonne Display Katana,Default Title,BS015963SS,2,133.34,0,0,133.34,26.66,160,44,133.34
2026-03,SKYRIM - Warhammer (Full Metal),Default Title,AM241,1,132.5,0,0,132.5,26.5,159,48.06,132.5
2026-03,Dummy Rounds For Colt Single Action Army 6 Pack,Default Title,G50,16,141.44,-4.1,-8.32,129.02,25.87,154.89,16,129.02
2026-03,Demon Slayer - Zenitsu Agatsuma Yellow Nichirin Display (Straight Blade) Katana,Default Title,BS111061,2,133.33,-6.66,0,126.67,25.33,152,34.72,126.67
2026-03,"Ghost Of Tsushima - Jin Sakai ""Storm"" Display (Straight Blade) Katana",Default Title,BS310907,2,133.33,-6.66,0,126.67,25.33,152,23.7,126.67
2026-03,Sword Of Gryffindor,Default Title,BS011033,3,125.01,0,0,125.01,24.99,150,45,125.01
2026-03,Flintlock Blunderbuss - 18th Century English,Default Title,G1094/L,1,125,0,0,125,25,150,78.63,125
2026-03,The Lord Of The Rings - Deluxe Legolas' Twin Daggers,Default Title,JOT047A,1,125,0,0,125,25,150,35.54,125
2026-03,Lord Of The Rings - Deluxe Nazghul Ringwraith Sword,Default Title,VX221045,1,125,0,0,125,25,150,0,0
2026-03,Lord Of The Rings - Deluxe Gandalf's Glamdring Sword,Default Title,JOT096C,1,125,0,0,125,25,150,29.02,125
2026-03,Final Fantasy VIII - NEW Superior Squall Gunblade,Default Title,VX221148,1,125,0,0,125,25,150,37,125
2026-03,Genuine Leather Double Holster and Cartridge Belt For Two Revolvers,Default Title,G704,1,124.17,0,0,124.17,24.83,149,71.34,124.17
2026-03,THE WITCHER - Deluxe Geralt's Silver Sword TV Show Version,Default Title,MS019,1,124.17,0,0,124.17,24.83,149,44,124.17
2026-03,Aragorn's Angrist Elven Blade (Black),Default Title,BS011221,5,124.99,-1.4,0,123.59,24.72,148.31,45,123.59
2026-03,Beowulf - Viking / Anglo Saxon Full Metal Helmet,Default Title,,1,120.83,0,0,120.83,24.17,145,70,120.83
2026-03,Frieren: Beyond Journey's End - Stark's Axe (158cm),Default Title,BS112012,1,116.67,0,0,116.67,23.33,140,35.43,116.67
2026-03,Conan The Barbarian / Stranger Things - Atlantean Sword,Default Title,BS014659,1,116.67,0,0,116.67,23.33,140,52,116.67
2026-03,Game Of Thrones - Deluxe Brienne Of Tarth's Oathkeeper,Default Title,VX221874,1,116.67,0,0,116.67,23.33,140,40,116.67
2026-03,Fate Stay Night - Black Excalibur Morgan - Sword Of Saber,Default Title,BS111101,1,116.67,0,0,116.67,23.33,140,37,116.67
2026-03,Bloodborne - Holy Moonlight Greatsword,Default Title,BS112003,1,116.67,0,0,116.67,23.33,140,126.92,116.67
2026-03,Legend Of Zelda - Twilight Princess Dark Link Master Sword,Default Title,BS310085-1,1,115.83,0,0,115.83,23.17,139,21.5,115.83
2026-03,NEW High Elven Helm (Resin),Default Title,,1,124.16,-12.41,0,111.75,22.35,134.1,14,111.75
2026-03,Sword Art Online  - Kirito Elucidator,Default Title,HK9495E,1,108.33,0,0,108.33,21.67,130,25.87,108.33
2026-03,Pigface Bascinet,Default Title,AH-XH016,1,108.33,0,0,108.33,21.67,130,59.46,108.33
2026-03,Lord Of The Rings - Arwen Evenstar Sterling Silver and Swarovski Crystal Pendant,Default Title,NN2770,1,108.33,0,0,108.33,21.67,130,75.25,108.33
2026-03,Lord Of The Rings - Weta Workshop Gandalf the Grey Mini Statue (19cm),Default Title,WETA860103825,1,107.5,0,0,107.5,21.5,129,0,0
2026-03,Dark Souls - Greatsword of Artorias – The Blade of the Abysswalker (108cm Display Edition),Default Title,,1,107.5,0,0,107.5,21.5,129,0,0
2026-03,Lord Of The Rings - Sauron's Helmet (Resin),Default Title,BG011954,1,116.66,-11.66,0,105,21,126,59.77,105
2026-03,Assassin's Creed - Altair Collectable (34cm),Default Title,VX221223,5,104.16,0,0,104.16,20.84,125,17.2,104.16
2026-03,LOTR Anduril Wedding Cake Knife/ Letter Opener,Default Title,BS013484,6,116.69,0,-16.67,100.02,19.98,120,48,100.02
2026-03,King Cobra Triple Set Display Katana (Straight Blade),Default Title,HKS033-1,1,100,0,0,100,20,120,39.51,100
2026-03,Kingdom Hearts - Halloween,Default Title,BS210515,2,100,0,0,100,20,120,44,100
2026-03,Robin Hood Prince Of Thieves Replica Sword,Default Title,BS310914,1,200,0,-100,100,20,120,22.81,100
2026-03,Game Of Thrones - Khal Drogo Scimitar,Default Title,BS310329,1,100,0,0,100,20,120,38,100
2026-03,Katana/Sword Wall Display Stand,Default Title,BP310043,3,99.99,0,0,99.99,20.01,120,45,99.99
2026-03,The Lord Of The Rings - Officially Licensed One Ring Lamp,Default Title,LAMP007,2,99.98,0,0,99.98,0,99.98,41.66,99.98
2026-03,"The Hobbit - Trolls' Cave Letter Opener Display Case - Sting, Glamdring and Orcrist",Default Title,NN1210,2,98.34,0,0,98.34,19.66,118,65.64,98.34
2026-03,Ragnar Lodbrok Viking Axe - Sweden 9th Century,Default Title,G605,2,98.34,0,0,98.34,19.66,118,58,98.34
2026-03,Lord Of The Rings - Officially Licensed United Cutlery Shards Of Narsil Statue,Default Title,UC-UC3600,1,107.5,-10.75,0,96.75,19.35,116.1,66.09,96.75
2026-03,God Of War - Kratos Chaos Blade,Default Title,BS111154,1,104.16,-10.41,0,93.75,18.75,112.5,25.32,93.75
2026-03,".357 Snub Nose Magnum - True Romance, Reservoir Dogs",Default Title,G1062,1,91.67,0,0,91.67,18.33,110,58,91.67
2026-03,1869 Smith & Wesson Schofield 6 Shot Revolver In Nickel Finish,Default Title,G1008NQ,1,91.67,0,0,91.67,18.33,110,52.74,91.67
2026-03,James Bond Walther PPK,Default Title,G1277,1,91.67,0,0,91.67,18.33,110,56.53,91.67
2026-03,Kill Bill - Hattori Hanzo Triple Set Display Katana (Straight Blade),Default Title,VX221700,1,91.67,0,0,91.67,18.33,110,39.51,91.67
2026-03,"""Tsubasa"" Triple Set Display Katana (Straight Blade)",Default Title,BS111046,1,91.67,0,0,91.67,18.33,110,39.51,91.67
2026-03,King Arthur's Exaclibur (Gold),Default Title,BS015281G,1,91.67,0,0,91.67,18.33,110,25.27,91.67
2026-03,Shoulder Holster - Black Leather,Default Title,716,2,91.66,0,0,91.66,18.34,110,76.68,91.66
2026-03,The Witcher III - Geralt's Steel Sword (Wolf Pommel),Default Title,BS110616,1,181.66,0,-90.83,90.83,18.17,109,27.5,90.83
2026-03,".357 Python Magnum 8"" - Call Of Duty, Resident Evil, Pulp Fiction",Default Title,G1061,1,200,-10,-100,90,18,108,56.03,90
2026-03,Lord Of The Rings - Officially Licensed Sting Lamp,Default Title,,3,87.51,0,0,87.51,17.49,105,49.98,87.51
2026-03,Basic Katana Triple Stand,Default Title,BP011368-3,4,83.33,0,0,83.33,16.67,100,44,83.33
2026-03,"Katana Collectable Box Set (20cm, Red)",Default Title,BS310945R,4,83.33,0,0,83.33,16.67,100,23.08,83.33
2026-03,The Witcher III Steel Sword (Wolf Pommel) - 40cm Collectable,Default Title,BS310616-15,4,83.32,0,0,83.32,16.68,100,56,83.32
2026-03,Medieval Waister Sword - Cosplay/Training Sword,Default Title,CS-92BKS,2,83.32,0,0,83.32,16.66,99.98,49.74,83.32
2026-03,Bastard Sword - Cosplay/Training Sword,Default Title,CS92BKHNH,2,83.32,0,0,83.32,16.66,99.98,49.74,83.32
2026-03,Assassin’s Creed Shadows - PureArts Qlectors Naoe & Yasuke PVC Figure,Default Title,PA037AC,4,83.29,0,0,83.29,16.67,99.96,120,83.29
2026-03,Legend Of Zelda - Dark Link Skyward Sword,Default Title,BS310764,1,82.5,0,0,82.5,16.5,99,24.15,82.5
2026-03,Legend Of Zelda Tears Of The Kingdom - Master Sword,Default Title,BS111400,1,82.5,0,0,82.5,16.5,99,26.37,82.5
2026-03,GAME OF THRONES - Arya's Needle With Plaque,Default Title,,1,82.5,0,0,82.5,16.5,99,34.52,82.5
2026-03,Double Barrel Pirate Percussion Pistol,Default Title,G5319,1,82.5,0,0,82.5,16.5,99,63,82.5
2026-03,Elden Ring - Rellana Shadow Of The Erdtree Blazing Sword,Default Title,VX221202,1,82.5,0,0,82.5,16.5,99,0,0
2026-03,Dark Souls - Slave Knight Gael Greatsword 🔞,Default Title,VX221233,1,82.5,0,0,82.5,16.5,99,0,0
2026-03,Viking Shield in Resin 3,Default Title,BW110086,1,82.5,0,0,82.5,16.5,99,0,0
2026-03,Elden Ring - Rellana Shadow Of The Erdtree Lunar Sword,Default Title,VX221201,1,82.5,0,0,82.5,16.5,99,0,0
2026-03,'Silver Dragon' Display (Straight) Replica Katana Triple Set,Default Title,BS310918,1,82.5,0,0,82.5,16.5,99,19.27,82.5
2026-03,Lord Of The Rings - Aragorn Anduril Sword (Cosplay/LARP Safe Foam),Default Title,FM034,4,104.15,-2.08,-20.83,81.24,16.26,97.5,25.56,81.24
2026-03,Elden Ring - Moonveil 142cm Display (Straight Blade) Katana,Default Title,AM168L-1,1,79.17,0,0,79.17,15.83,95,24,79.17
2026-03,Sekiro - White Lotus Sword - Genichiro Ashina Mortal Blade Display (Straight Blade) Katana,Default Title,,1,79.17,0,0,79.17,15.83,95,14.85,79.17
2026-03,The Texas Chainsaw Massacre (1974) - Chainsaw Prop with Sound,Default Title,,1,79.17,0,0,79.17,15.83,95,47.95,79.17
2026-03,The Lord Of The Rings - The One Ring,Default Title,NN1588,2,81.66,-4.08,0,77.58,15.52,93.1,49.46,77.58
2026-03,The Hobbit - Sting With Scabbard And Display Plaque (70cm),Default Title,VX221040,1,75,0,0,75,15,90,14,75
2026-03,Final Fantasy - Sephiroth Masamune Display (Straight Blade) Odachi Katana,Default Title,BS111117,1,75,0,0,75,15,90,24.38,75
2026-03,Colt 'Outlaw' Single Action Army,Default Title,G1108/L,1,75,0,0,75,15,90,43.59,75
2026-03,"Colt ""Oakley Quickdraw"" Single Action Army 5.5"" (Nickel)",Default Title,G1106/NQ,1,75,0,0,75,15,90,40.41,75
2026-03,Hellsing - Pistol Pair Cassul & Jackal (Cosplay Safe Foam) Save £5,Default Title,FM247+248,2,75,0,0,75,15,90,28,75
2026-03,The Lord Of The Rings - Smaug Incense Burner,Default Title,NN7526,1,74.99,0,0,74.99,15,89.99,52.06,74.99
2026-03,Jujutsu Kaisen - Sukuna Kamutoke Lightning Strike Cursed Tool,Default Title,BS112009,1,82.5,-8.25,0,74.25,14.85,89.1,30.78,74.25
2026-03,"Lord Of The Rings - NEW AND IMPROVED Morgul Dagger with Tainted Blade, Plaque and Sheath",Default Title,vx221143,1,82.5,-8.25,0,74.25,14.85,89.1,17.85,74.25
2026-03,The Lord Of The Rings - NEW AND IMPROVED Aragorn's Angrist Elven Knife,Default Title,VX221073,1,74.17,0,0,74.17,14.83,89,14,74.17
2026-03,Real Wood Revolver Display Stand,Default Title,G808,3,100,-2.5,-25,72.5,14.5,87,43.08,72.5
2026-03,Devil May Cry - Dante's Ebony (Foam),Default Title,FM138,3,75,-2.5,0,72.5,14.5,87,18,72.5
2026-03,Terraria - Meowmere Sword (Metal),Default Title,BS112011,1,79.16,-7.91,0,71.25,14.25,85.5,29.48,71.25
2026-03,Chinese Kangxi Emperor Sword (Full Metal),Default Title,CHS032BL,1,79.16,-7.91,0,71.25,14.25,85.5,24.03,71.25
2026-03,One Piece - Shusui Collectible (40cm),Default Title,LT018,4,66.68,0,0,66.68,13.32,80,26,66.68
2026-03,Demon Slayer - Inosuke Nichirin Collectable (40cm),Default Title,LT008,4,66.68,0,0,66.68,13.32,80,26,66.68
2026-03,Bleach - Abarai Renji Zabimaru (Red) Display (Straight Blade) Katana,Default Title,BS310814,1,66.67,0,0,66.67,13.33,80,22.3,66.67
2026-03,BLEACH - Ichigo Bankai Zangetsu,Default Title,BS013983B,1,66.67,0,0,66.67,13.33,80,14,66.67
2026-03,Demon Slayer - Sanemi Shinazugawa Green Nichirin Display (Straight Blade) Katana,Default Title,BS111054,1,66.67,0,0,66.67,13.33,80,17.36,66.67
2026-03,One Piece - Trafalgar Law Display (Straight) Katana,Default Title,BS015076,1,133.34,0,-66.67,66.67,13.33,80,11.58,66.67
2026-03,Assassin's Creed - Sword Of Ojeda,Default Title,BS110461,1,66.67,0,0,66.67,13.33,80,35,66.67
2026-03,Demon Slayer - Kyojuro Rengoku Red Nichirin Display (Straight Blade) Katana,Default Title,BS111053,1,66.67,0,0,66.67,13.33,80,17.36,66.67
2026-03,Legend Of Zelda - Master Sword,Default Title,BS015961,1,66.67,0,0,66.67,13.33,80,21,66.67
2026-03,"The Witcher III Silver Sword - 15"" Collectable",Default Title,VX221819,2,66.66,0,0,66.66,13.34,80,24,66.66
2026-03,Demon Slayer - Zenitsu Agatsuma Nichirin - Cosplay Safe Wood,Default Title,WD054,2,66.66,0,0,66.66,13.34,80,22,66.66
2026-03,3-Barrel Revolving Flintlock - Assassin's Creed,Default Title,G5306,1,65.83,0,0,65.83,13.17,79,38.78,65.83
2026-03,Chinese Gongfu (Kung Fu) Taiji Sword (Full Metal) - Sworddance / Sword Yoga,Default Title,CHS015BK,1,65.83,0,0,65.83,13.17,79,22.94,65.83
2026-03,Katana/Sword Floor Stand,Default Title,BP310044,2,66.66,-3.33,0,63.33,12.67,76,34,63.33
2026-03,Supernatural - The First Blade,Default Title,HK8465,1,62.5,0,0,62.5,12.5,75,14.07,62.5
2026-03,The Hobbit - Thorin's Orcrist Collectable (28cm),Default Title,HK8768,3,62.49,0,0,62.49,12.51,75,24.93,62.49
2026-03,Lord Of The Rings - Legolas Dagger Collectable (28cm),Default Title,HK8439,3,62.49,0,0,62.49,12.51,75,15,62.49
2026-03,Katana Stand (Single),Default Title,BP011368,5,62.5,-1.25,0,61.25,12.25,73.5,30,61.25
2026-03,Demon Slayer - Yoriichi Nichirin Katana - Cosplay Safe Wood,Default Title,WD084,2,60,0,0,60,0,60,25.58,60
2026-03,Game of Thrones/House Of The Dragon - King Viserys' Valeryian Steel Dagger and Arya's Catspaw,Default Title,HK8764GS,1,131.66,-6.58,-65.83,59.25,11.85,71.1,14,59.25
2026-03,Jujutsu Kaisen - Kento Nanami Cleaver (Metal),Default Title,BS112005,2,58.34,0,0,58.34,11.66,70,12.46,58.34
2026-03,Legend Of Zelda - Deluxe Master Sword (Cosplay Safe Foam),Default Title,FM249,2,58.34,0,0,58.34,11.66,70,17.72,58.34
2026-03,Demon Slayer - Tanjiro Kamado Black Nichirin Display (Straight Blade) Katana,Default Title,BS111079,1,58.33,0,0,58.33,11.67,70,17.36,58.33
2026-03,"Dragons of the Seven Kingdoms - Hizashi Dragon Display Katana (Metal, Straight Blade)",Default Title,BS015135-7,1,58.33,0,0,58.33,11.67,70,14.2,58.33
2026-03,Kill Bill - Budd's Display (Straight Blade) Katana,Default Title,BS011024BUST,1,58.33,0,0,58.33,11.67,70,21,58.33
2026-03,Genuine Leather Shoulder Holster,Default Title,G716,1,58.33,0,0,58.33,11.67,70,34.08,58.33
2026-03,Bleach - Katana Of Urahara Kisuke - Benihime Display (Straight Blade) Katana,Default Title,BS014097,1,58.33,0,0,58.33,11.67,70,21.37,58.33
2026-03,One Piece - Roronoa Zoro's Shusui Display (Straight Blade) Katana,Default Title,BS014938-1,1,58.33,0,0,58.33,11.67,70,19.61,58.33
2026-03,"""Mizuchi"" Full Tang 1065HCS Hand Forged Tanto",Default Title,T005,1,57.5,0,0,57.5,11.5,69,36.18,57.5
2026-03,Taiichi Samurai Display Katana,Default Title,HK1136-1,1,57.5,0,0,57.5,11.5,69,17.98,57.5
2026-03,The Lord Of The Rings - The Fury Of The Witch King Incense Burner,Default Title,NN9471,1,62.5,-6.25,0,56.25,11.25,67.5,50.93,56.25
2026-03,"6 Cannon ""Pepperbox"" Revolver - London 1840",Default Title,G1071,1,54.17,0,0,54.17,10.83,65,37.05,54.17
2026-03,Devil May Cry -Nero's  Blue Rose (Resin),Default Title,GN001,1,54.17,0,0,54.17,10.83,65,24.89,54.17
2026-03,Pirate Flintlock Pistol - 18th Century,Default Title,G1031/G,1,57.5,-5.75,0,51.75,10.35,62.1,36.53,51.75
2026-03,One Piece - Roronoa Zoro Display (Straight) Katana (Black),Default Title,BS111052,1,50,0,0,50,10,60,19.61,50
2026-03,The Witcher - Geralt Of Rivia's Silver Sword - Cosplay Safe Foam,Default Title,FM102,2,50,0,0,50,10,60,18,50
2026-03,Sting - Deluxe Version (Black),Default Title,BS010914,1,50,0,0,50,10,60,19,50
2026-03,High Fantasy Dragon Axe,Default Title,HK109007,1,50,0,0,50,10,60,24,50
2026-03,Jurassic Park - Mosquito In Amber Lamp,Default Title,LAMP010,1,49.99,0,0,49.99,10,59.99,25,49.99
2026-03,Cap Firing Dummy Rounds For Colt Single Action Army 6 Pack,Default Title,G49,4,43.28,-1.07,0,42.21,8.46,50.67,11.92,42.21
2026-03,Assassin's Creed - AC3 Connor's Tomohawk,Default Title,CK0412,1,41.67,0,0,41.67,8.33,50,16.74,41.67
2026-03,Demon Slayer - Twelve Kizuki Kokushibo Flesh Sword Display (Straight Blade) Katana with Light Up Blade,Default Title,BS310864,1,83.34,0,-41.67,41.67,8.33,50,21.3,41.67
2026-03,Star Wars - Han Solo Dl-44 Blaster (Cosplay Safe Foam),Default Title,FM242,2,41.66,0,0,41.66,8.34,50,9.32,41.66
2026-03,The Witcher Wild Hunt- Steel Collectible 40cm,Default Title,HK8786SU,2,41.66,0,0,41.66,8.34,50,13.8,41.66
2026-03,Lord Of The Rings - Gondor Sword Collectable (34cm),Default Title,VX221222,2,41.66,0,0,41.66,8.34,50,5.08,41.66
2026-03,ASSASSIN'S CREED - PureArts Qlectors Connor The Last Breath,Default Title,PA036AC,2,41.65,0,0,41.65,8.33,49.98,69.98,41.65
2026-03,Jujutsu Kaisen - Itadori Yuji's Slaughter Demon,Default Title,BS111648,1,45.83,-4.58,0,41.25,8.25,49.5,26.07,41.25
2026-03,Demon Slayer - Kanao Tsuyuri Nichirin Blade,Default Title,AM042,1,40.83,0,0,40.83,8.17,49,12,40.83
2026-03,"Predator - Jungle Hunter Ultimate 7"" Scale Action Figure",Default Title,,1,40.83,0,0,40.83,8.17,49,0,0
2026-03,Knife Pistol - 18th Century,Default Title,G1204,1,40.83,0,0,40.83,8.17,49,26.4,40.83
2026-03,Bleach - Rojuro Otoribashi Bankai Display (Straight Blade) Katana,Default Title,BS310813,1,40.83,0,0,40.83,8.17,49,20.94,40.83
2026-03,Devil May Cry - Red Queen Cosplay Safe Foam,Default Title,VX221136,1,37.5,0,0,37.5,7.5,45,0,0
2026-03,Shadow / Golden Child - Phurba Dagger,Default Title,HK550,1,37.5,0,0,37.5,7.5,45,21.82,37.5
2026-03,Sword Art Online - Kirito Elucidator - Cosplay Safe Wood,Default Title,WD183,2,36.67,0,0,36.67,3.33,40,25.58,36.67
2026-03,Harley Quinn - Good Night Baseball Bat,Default Title,BW310070,1,37.5,-3.75,0,33.75,6.75,40.5,13.98,33.75
2026-03,One Piece - Roronoa Zoro's Enma Collectible (40cm),Default Title,LT020,2,33.34,0,0,33.34,6.66,40,13,33.34
2026-03,Game Of Thrones - Ned Stark's Ice Collectable (42cm),Default Title,BS016645,2,33.34,0,0,33.34,6.66,40,11.9,33.34
2026-03,Halo - M6G Magnum Hang Gun (Cosplay Safe Foam),Default Title,FM223,2,33.34,0,0,33.34,6.66,40,12.2,33.34
2026-03,Basic Katana Double Stand,Default Title,BP011362-2,2,33.34,0,0,33.34,6.66,40,10,33.34
2026-03,Demon Slayer - Nezuko Nichirin Katana (Cosplay Safe Wood),Default Title,WD062,2,33.34,0,0,33.34,6.66,40,25.58,33.34
2026-03,Mini Roman Trooper Helmet w/stand,Default Title,AH3801.M,1,33.33,0,0,33.33,6.67,40,13.94,33.33
2026-03,Derringer Garter Gun,Default Title,G1262/L,1,33.33,0,0,33.33,6.67,40,19,33.33
2026-03,LOKI - Chitauri Sceptre (Cosplay Safe Foam),Default Title,FM186,1,33.33,0,0,33.33,6.67,40,15.74,33.33
2026-03,Legend Of Zelda - Breath Of The Wild Bow - Cosplay Safe Foam,Default Title,FM119,1,33.33,0,0,33.33,6.67,40,14,33.33
2026-03,Demon Slayer - Kyojuro Rengoku Nichirin - Cosplay Safe Wood,Default Title,VX221241,1,33.33,0,0,33.33,6.67,40,12,33.33
2026-03,Mini Imperial Roman Helm w/stand,Default Title,AH3815.M,1,33.33,0,0,33.33,6.67,40,17.28,33.33
2026-03,ASSASSIN'S CREED - PureArts Qlectors Ezio Leap Of Faith,Default Title,PA035AC,2,33.32,0,0,33.32,6.66,39.98,55.98,33.32
2026-03,ASSASSIN'S CREED - PureArts Qlectors Altair Bell Tower,Default Title,PA034AC,2,33.32,0,0,33.32,6.66,39.98,55.98,33.32
2026-03,"The Lord Of The Rings - Sting Collectible (28cm, Black)",Default Title,BS016127,2,33.33,-1.66,0,31.67,6.33,38,9.18,31.67
2026-03,Ghostbusters - 3D Desk Lamp / Wall Light,Default Title,NUM-GB-LL,1,29.99,0,0,29.99,0,29.99,17.86,29.99
2026-03,GAME OF THRONES HOUSE OF THE DRAGON - DRAGON EGG COOKIE JAR,Default Title,GA006,1,29.99,0,0,29.99,0,29.99,13.86,29.99
2026-03,The Nightmare Before Christmas - Officially Licensed Jack Skellington Snow Globe,Default Title,BN002,2,29.98,0,0,29.98,0,29.98,12.5,29.98
2026-03,Lord Of The Rings - Officially Licensed One Ring Keyring,Default Title,KRE09,3,29.97,0,0,29.97,6,35.97,18.75,29.97
2026-03,Hand Grenade Mk II Pineapple - USA WWII,Default Title,G738V,1,29.17,0,0,29.17,5.83,35,13.99,29.17
2026-03,Halo -Ma5B Assault Rifle (Cosplay Safe Foam),Default Title,BG012023,1,29.17,0,0,29.17,5.83,35,24.77,29.17
2026-03,One Piece - Officially Licensed Netflix Most Wanted Cookie Jar,Default Title,GA007,1,29.16,0,0,29.16,5.83,34.99,14.58,29.16
2026-03,The Witcher - Geralt Of Rivia's Steel Sword - Cosplay Safe Foam,Default Title,FM101,1,25,0,0,25,5,30,9,25
2026-03,Minecraft - Movie Sword (Cosplay Safe Foam),Default Title,VX221139,1,25,0,0,25,5,30,0,0
2026-03,Demon Slayer -  Muichiro Tokito White Nichirin - Cosplay Safe Wood,Default Title,VX221258,1,50,0,-25,25,5,30,12.79,25
2026-03,Buffy The Vampire Slayer - Faith's Knife (Cosplay Safe Foam),Default Title,VX221126,2,25,0,0,25,5,30,0,0
2026-03,Minecraft - Movie Pickaxe (Cosplay Safe Foam),Default Title,VX221138,1,25,0,0,25,5,30,0,0
2026-03,Trench Hawk - Cosplay/Training Axe,Default Title,CS-92BKPTH,1,23.32,0,0,23.32,4.67,27.99,13.79,23.32
2026-03,The Lord Of The Rings - Officially Licensed 3D Light Of Earendil Lamp,Default Title,LAMP006,1,24.99,-2.49,0,22.5,4.5,27,12.5,22.5
2026-03,Bleach - Ichigo Zangetsu Katana Collectable (42Cm),Default Title,LT023,1,25,-2.5,0,22.5,4.5,27,6.5,22.5
2026-03,Devil May Cry - Dante's Ivory (Foam),Default Title,FM139,1,25,-2.5,0,22.5,4.5,27,6,22.5
2026-03,Ryoken Crimson Spirit - Display (Blunt) Tanto (Red),Default Title,BS310854RD,1,20.83,0,0,20.83,4.17,25,5.76,20.83
2026-03,Demon Slayer - Shinobu Kocho Nichirin - Cosplay Safe Wood With Sheath,Default Title,VX221260,1,20.83,0,0,20.83,4.17,25,11,20.83
2026-03,Supernatural - The Colt (Cosplay Safe Foam),Default Title,FM246,1,20.83,0,0,20.83,4.17,25,2.96,20.83
2026-03,Power Rangers - Red Ranger Sword (Cosplay Safe Foam),Default Title,FM168,1,20.83,0,0,20.83,4.17,25,6.38,20.83
2026-03,Assassin's Creed - Altair Sword Cosplay/Larp Safe Foam,Default Title,BS111036,1,20.83,0,0,20.83,4.17,25,8,20.83
2026-03,"Katana Collectable Box Set (20cm, Black)",Default Title,BS310945B,1,20.83,0,0,20.83,4.17,25,5.77,20.83
2026-03,Viking Axe - Cosplay Safe Foam,Default Title,,1,20.83,0,0,20.83,4.17,25,9,20.83
2026-03,Ryoken Shadow Spirit - Display (Blunt) Tanto (Black),Default Title,BS310854BK,1,20.83,0,0,20.83,4.17,25,5.76,20.83
2026-03,Genshin Impact - Yoimiya Bow Hamayumi Cosplay Safe Foam,Default Title,FM099,1,20.83,0,0,20.83,4.17,25,0,0
2026-03,Medieval Dagger - Cosplay/Training Knife,Default Title,CS-92RDAG,1,20.82,0,0,20.82,4.17,24.99,8,20.82
2026-03,Power Rangers - Green Ranger Dagger (Cosplay Safe Foam),Default Title,FM169,1,20.83,-2.08,0,18.75,3.75,22.5,6.62,18.75
2026-03,Jurassic Park - Barbasol Embryo Can Insulated Water Bottle,Default Title,BMHC019,1,16.99,0,0,16.99,0,16.99,8.25,16.99
2026-03,Demon Slayer - Sanemi Shinazugawa Nichirin Collectable (40cm),Default Title,LT007,1,16.67,0,0,16.67,3.33,20,3,16.67
2026-03,Demon Slayer - Tanjiro Kamado Nichirin Collectable (40 cm),Default Title,LT001,1,16.67,0,0,16.67,3.33,20,6.5,16.67
2026-03,One Piece - Trafalgar Law Collectible (40cm),Default Title,LT017P,1,16.67,0,0,16.67,3.33,20,6.5,16.67
2026-03,Demon Slayer - Kyojuro Rengoku Nichirin Collectable (40cm),Default Title,LT006,1,16.67,0,0,16.67,3.33,20,3,16.67
2026-03,John Wick - Blood Oath Marker,Default Title,,1,16.67,0,0,16.67,3.33,20,6,16.67
2026-03,Demon Slayer - Shinobu Kocho Nichirin Collectable (40cm),Default Title,VX221054,1,16.67,0,0,16.67,3.33,20,3,16.67
2026-03,Helmet Stand,Default Title,AH3813,1,33.34,0,-16.67,16.67,3.33,20,7.59,16.67
2026-03,One Piece - Roronoa Zoro Sandai Kitetsu Collectable (40cm),Default Title,LT019,1,16.67,0,0,16.67,3.33,20,6.5,16.67
2026-03,Demon Slayer - Muichiro Tokito Nichirin Collectable (40cm),Default Title,VX221050,1,33.34,0,-16.67,16.67,3.33,20,3,16.67
2026-03,Legend Of Zelda - Skyward Sword - (Cosplay Safe Foam),Default Title,FM199,1,16.67,0,0,16.67,3.33,20,12,16.67
2026-03,Demon Slayer - Tanjiro Kamado Season 2 Collectable (40 cm),Default Title,LT010,1,33.34,0,-16.67,16.67,3.33,20,6.5,16.67
2026-03,Demon Slayer - Officially Licensed Deluxe Ramen Bowl,Default Title,BOWRA07,1,16.66,0,0,16.66,3.33,19.99,10.41,16.66
2026-03,Batman The Dark Knight- Limited Edition Joker Calling Card Ingot,Default Title,THG-DC63,1,16.66,0,0,16.66,3.33,19.99,9.16,16.66
2026-03,The Simpsons - Officially Licensed Blinky The Three Eyed Fish Snow Globe,Default Title,BN012,1,16.66,0,0,16.66,3.33,19.99,10.41,16.66
2026-03,The Lord of the Rings - XL Mouse Mat & Coaster Set,Default Title,Z-LOTR18,1,16.66,0,0,16.66,3.33,19.99,9.16,16.66
2026-03,Star Wars - Limited Edition Darth Vader Ingot,Default Title,K-004,1,16.66,0,0,16.66,3.33,19.99,9.16,16.66
2026-03,Bleach - Ichigo's Katana - Zangetsu Bankai (Cosplay Safe Foam),Default Title,FM158,1,15.83,0,0,15.83,3.17,19,10.7,15.83
2026-03,Longclaw Wedding Cake Knife (30cm),Default Title,BS110463,1,31.66,0,-15.83,15.83,3.17,19,5.74,15.83
2026-03,Demon Slayer - Tanjiro Kamado Nichirin Keyring/Keychain (22cm),Default Title,KW1001,2,16.64,-0.82,0,15.82,3.17,18.99,6,15.82
2026-03,Demon Slayer - Nezuko Kamado Gag,Default Title,AM067X,1,16.66,-1.66,0,15,3,18,4,15
2026-03,The Lord Of The Rings - The One Ring (Costume),Default Title,NN0903,1,15.83,-1.58,0,14.25,2.85,17.1,10.19,14.25
2026-03,Jurassic Park - Officially Licensed Hot & Cold 500ml Metal Bottle,Default Title,BMHC029,1,13.32,0,0,13.32,2.67,15.99,8.33,13.32
2026-03,I Love Hentai,Medium,56570730,1,12.5,0,0,12.5,2.5,15,8.5,12.5
2026-03,Talking About Anime,Fitted S,46230260,1,12.5,0,0,12.5,2.5,15,8.5,12.5
2026-03,One Piece - Roronoa Zoro's Shusui Katana - Cosplay Safe Foam With Sheath,Default Title,BS310704,1,12.5,0,0,12.5,2.5,15,10.17,12.5
2026-03,Tmnt - Masks,Large / Black,74428495,1,12.5,0,0,12.5,2.5,15,8.5,12.5
2026-03,Demon Slayer - Officially Licensed Deluxe Set Of 4 Pins,Default Title,SET4P011,1,12.49,0,0,12.49,2.5,14.99,6.25,12.49
2026-03,Leatherneck Ka-Bar Style - Cosplay/Training Knife,Default Title,CS-92R39LSF,1,12.49,0,0,12.49,2.5,14.99,7,12.49
2026-03,Basic Katana Stand (Matt Black),Default Title,BP011362-1,1,12.5,-1.25,0,11.25,2.25,13.5,0,0
2026-03,Demon Slayer -  Tanjiro Kamado Fidget Keyring/Keychain (22cm),Default Title,KW1001,1,12.5,-1.25,0,11.25,2.25,13.5,3,11.25
2026-03,Legend Of Zelda - Master Sword In Stone Letter Opener,Default Title,BS210368,1,12.5,-1.25,0,11.25,2.25,13.5,0,0
2026-03,Demon Slayer - A5 Officially Licensed Premium Notebook,Default Title,CPA5067,1,10.82,0,0,10.82,2.17,12.99,5.41,10.82
2026-03,Mystery Tee Twin Pack,2 Tees For £12 - Medium,33944257,1,10,0,0,10,2,12,0,0
2026-03,The Lord Of The Rings - Officially Licensed One Ring Travel Journal,Default Title,CTBV015,1,9.99,-0.99,0,9,1.8,10.8,5,9
2026-03,Balisong Trainer - Comb (Black),Default Title,BF111490B,1,8.33,0,0,8.33,1.67,10,2.1,8.33
2026-03,Mandalorian Challenge Coin,Default Title,,1,8.33,0,0,8.33,1.67,10,2,8.33
2026-03,Balisong Trainer - Bottle Opener (Black),Default Title,BF111489B,1,8.33,0,0,8.33,1.67,10,2.1,8.33
2026-03,Bowie Knife (Cosplay Safe Foam),Default Title,FM280,1,8.32,0,0,8.32,1.67,9.99,2.5,8.32
2026-03,Lord Of The Rings - Anduril Collectable with Stand (26cm),Default Title,vx221237-1,1,7.49,0,0,7.49,1.5,8.99,1.64,7.49
2026-03,Lord Of The Rings - Frodo Sting Collectable with Stand (22cm),Default Title,VX221237-5,1,7.49,0,0,7.49,1.5,8.99,1.64,7.49
2026-03,Lord Of The Rings - Arwen Hadhafang Collectable with Stand (22cm),Default Title,VX221237-4,1,7.49,0,0,7.49,1.5,8.99,1.64,7.49
2026-03,Lord Of The Rings - Gandalf Glamdring Collectable with Stand (22cm),Default Title,VX221237-3,1,7.49,0,0,7.49,1.5,8.99,1.64,7.49
2026-03,Lancaster 3D Enamel Pin Badge,Default Title,TOPLAN3DPIN,1,3.32,0,0,3.32,0.67,3.99,1.5,3.32
2026-03,Spitfire 3D Enamel Pin Badge,Default Title,TOPSPIT3DPIN,1,3.32,0,0,3.32,0.67,3.99,1.5,3.32
2026-03,Muff Divers Challenge Coin,Gold,84124865,0,8.33,0,-8.33,0,0,0,0,0
2026-03,"Colt 'Lone Ranger' Single Action Army 5.5"" (Bright Nickel) - USA 1873",Default Title,G1150NQ,0,225,0,-225,0,0,0,0,0
2026-03,Resident Evil - Umbrella Corporation Lamp,Default Title,NUM-RE-L,0,29.99,0,-29.99,0,0,0,0,0
2026-03,Thompson M1928A1 Submachine Gun USA 1918,Default Title,G1093,0,208.33,0,-208.33,0,0,0,0,0
2026-03,"The Witcher - Deluxe Handforged Geralt's Steel Sword (Damascus, Mace Pommel)",Default Title,HK9320BHF,0,187.5,0,-187.5,0,0,0,0,0
2026-03,The Last Samurai - Nathan Algren Display (Straight Blade) Katana,Default Title,BS015224,0,66.67,0,-66.67,0,0,0,0,0
2026-03,Bug-A-Salt Pink Passion 3.0,Gun Only,855693007726,0,41.66,0,-41.66,0,0,0,0,0
2026-03,Demon Slayer - Giyu Nichirin Fidget Keyring/Keychain (22cm),Default Title,KW1002,1,15,-15,0,0,0,0,3,0
2026-03,Kill La Kill - Ryuku Matoi Rending Scissors (Cosplay Safe Wood),Default Title,WD026,1,30,-30,0,0,0,0,9,0
2026-03,Vikings Ragnar Lothbrok's Raider Shield,Default Title,S241331,0,150,0,-150,0,0,0,0,0
2026-03,Bleach - Kenpachi Nozarashi Display (Straight Blade) Katana,Default Title,BS310816,0,62.5,0,-62.5,0,0,0,0,0
2026-03,Assassin's Creed  - Short Sword of Altair,Default Title,HK8215,0,40.83,0,-40.83,0,0,0,0,0
2026-03,GHOST OF YOTEI - Japanese 1800 Matchlock Pistol,Default Title,G1021,0,100,0,-100,0,0,0,0,0
2026-03,Chainsaw Man - Katana with Harness - Cosplay Safe Wood,Default Title,WD122,0,25,0,-25,0,0,0,0,0
2026-03,Ryoken Display (Blunt) Tanto (White),Default Title,BS310854WT,0,41.66,0,-41.66,0,0,0,0,0
2026-03,"Masters Of The Universe / He-Man - Skeletor Staff (Metal, 210cm)",Default Title,BS112015,0,249.17,0,-249.17,0,0,0,0,0
2026-03,Rondel Dagger - Cosplay/Training Knife,Default Title,CS-92RDNDL,0,14.16,0,-14.16,0,0,0,0,0
2026-03,Star Wars - Boba Fett's Ee-3 Blaster (Cosplay Safe Foam),Default Title,FM241,0,58.33,-2.91,-55.42,0,0,0,0,0
2026-03,United Cutlery USMC NCO SWORD,Default Title,UC-UC3068,0,100,0,-100,0,0,0,0,0
2026-03,Supernatural - Impala Trunk Knife,Default Title,HK2022,0,25,0,-25,0,0,0,0,0
2026-03,Lord Of The Rings - Officially Licensed United Cutlery Rohan Banner,Default Title,UC-UC3675,0,57.5,0,-57.5,0,0,0,0,0
2026-03,"Mauser C96 ""Broomhandle"" Pistol with Removable Stock Holster",Default Title,G1025,0,120.83,-6.04,-120.83,-6.04,-1.21,-7.25,0,-6.04
2026-03,Lucille Lookalike Zombie Smasher Baseball Bat Cosplay Safe Foam,Default Title,TT169,-1,0,0,-26.25,-26.25,-5.25,-31.5,-18,-26.25
2026-03,European Great Helm,Default Title,AH24134,-1,91.67,0,-183.34,-91.67,-18.33,-110,-50,-91.67
2026-03,"Mauser C96 ""Broomhandle"" Pistol",Default Title,G1024,-1,0,0,-100,-100,-20,-120,-49.94,-100
2026-03,Model 1873 Repeating Rifle - Simulated Loading and Shell Ejection,Default Title,G8318,-1,187.5,0,-375,-187.5,-37.5,-225,-124.27,-187.5
2026-03,Demon Slayer - Muichiro Tokito White Nichirin Display (Straight Blade) Katana,Default Title,BS111060,-3,66.67,0,-266.68,-200.01,-39.99,-240,-52.08,-200.01
2026-03,Lord Of The Rings - Officially Licensed United High Elven Warrior Sword,Default Title,,-1,0,0,-321.75,-321.75,-64.35,-386.1,-151.96,-321.75
2026-04,Masters Of The Universe - He-Man Power Sword (2026),Default Title,VX221214,22,4312.5,-37.5,-187.5,4087.5,817.5,4905,1010.68,4087.5
2026-04,The Lord Of The Rings - Deluxe Anduril With Display Plaque & Scabbard,Default Title,VX221044-NS,22,3750,-75,-450,3225,645,3870,1616.56,3225
2026-04,Ghost Of Tsushima - Jin Sakai Storm Hand Forged Clay Tempered Katana,Default Title,VX221717-L-CT,15,2469.99,-251.87,0,2218.12,443.63,2661.75,445.35,2218.12
2026-04,Valyrian Steel Game of Thrones - Longclaw Sword of Jon Snow,Default Title,VS-VS0106,6,1744.98,-29.08,0,1715.9,343.2,2059.1,1144.68,1715.9
2026-04,,,,35,3591.04,-804.91,-1165.25,1620.88,1163.29,7163.29,934.12,1622.83
2026-04,Lord Of The Rings - Deluxe Anduril With Display Plaque,Default Title,VX221044-S,12,1599.96,-26.66,0,1573.3,314.7,1888,504,1573.3
2026-04,Legend Of Zelda - Deluxe Master Sword,Default Title,BS310223,13,1397.5,-10.75,0,1386.75,277.35,1664.1,468,1386.75
2026-04,Lord Of The Rings - Officially Licensed United Cutlery Anduril Sword of Aragorn,Default Title,UC-UC1380,5,1329.15,0,0,1329.15,265.85,1595,833.2,1329.15
2026-04,Game of Thrones - Officially Licensed Valyrian Steel Ice Sword of Ned Stark,Default Title,VS-VS0109,4,1283.32,-32.08,0,1251.24,250.26,1501.5,948.76,1251.24
2026-04,Lee-Enfield Smle Rifle - British 1907,Default Title,G1090,6,1249.98,0,0,1249.98,250.02,1500,1053,1249.98
2026-04,Lord Of The Rings - United Cutlery Officially Licensed Lothlorien Bow Of Legolas,Default Title,UC3691,3,1347.48,-134.73,0,1212.75,242.55,1455.3,807.57,1212.75
2026-04,The Bastard Snow - Sword Including Plaque and Scabbard,Default Title,JOT5909M,10,1490.01,-37.23,-248.34,1204.44,240.86,1445.3,305,1204.44
2026-04,LORD OF THE RINGS - NEW AND IMPROVED Deluxe King Theoden's Herugrim Sword,Default Title,vx221084,11,1090.87,0,0,1090.87,218.13,1309,264,1090.87
2026-04,House Of The Dragon  - Daemon Targaryen Dark Sister,Default Title,MS044,13,1155,0,-82.5,1072.5,214.5,1287,318.5,1072.5
2026-04,Elden Ring Dark Moon Greatsword,Default Title,BS111760,5,1037.5,0,0,1037.5,207.5,1245,634.6,1037.5
2026-04,Thundercats - Deluxe Sword Of Omens,Default Title,HK8896,9,1042.47,-34.74,0,1007.73,201.57,1209.3,289.8,1007.73
2026-04,The Bastard Snow's Sword - Hand Forged Folded Steel (Damascus),Default Title,JOT5909FD,6,1137.5,0,-162.5,975,195,1170,452.1,975
2026-04,World of Warcraft - Epic Edition Frostmourne,Default Title,VX221086,4,916.68,0,0,916.68,183.32,1100,638.48,916.68
2026-04,"M1911A1 Colt ""Military"" USA Service Pistol ""Battleworn Edition""",Default Title,G2312,9,900,0,0,900,180,1080,650.16,900
2026-04,"""Forge Master"" Samurai Master Katana",Default Title,BS310163,1,832.5,0,0,832.5,166.5,999,378,832.5
2026-04,The Hobbit - Officially Licensed United Cutlery Sword Of Thranduil,Default Title,UC-UC3042,3,822.51,0,0,822.51,164.49,987,470.19,822.51
2026-04,Rick's Colt Python - The Walking Dead,Default Title,G6304,8,892.53,0,-99.17,793.36,158.64,952,473.44,793.36
2026-04,CALL OF DUTY - German WWII MG34 Machine Gun 1934 with Gunsight and Sling,Default Title,G9317,2,791.66,0,0,791.66,158.34,950,530.78,791.66
2026-04,The Walking Dead - Michonne Hand Forged Clay Tempered Katana,Default Title,VX221594,5,975,-48.75,-146.25,780,156,936,312.85,780
2026-04,Highlander - Deluxe Clan Macleod Claymore,Default Title,BS012637,7,933.32,-46.64,-116.67,770.01,153.99,924,166.18,770.01
2026-04,Red Dead Redemption - Colt Navy (Bronze),Default Title,BG010131,20,825,-11.25,-75,738.75,147.75,886.5,320,738.75
2026-04,"Ghost Of Tsushima - Jin Sakai ""Storm"" Display (Straight Blade) Katana",Default Title,BS310907,11,733.35,-9.99,0,723.36,144.64,868,130.35,723.36
2026-04,Alien: Romulus Life-Size Pulse Rifle,Default Title,,1,665.83,0,0,665.83,133.17,799,0,0
2026-04,Wyatt Earp Double Barrel Shotgun Display Replica USA 1868,Default Title,G1115,4,975,-16.25,-308.75,650,130,780,345.16,650
2026-04,Supernatural - Deluxe Angel Blade,Default Title,HK8445,11,758.29,-5.83,-116.66,635.8,127.2,763,284.46,635.8
2026-04,Colt Army Model 1860 USA Civil War 1860 - Clint Eastwood,Default Title,G1007/L,8,633.34,-15.82,0,617.52,123.48,741,428.64,617.52
2026-04,BERSERK - Guts Dragon Slayer Greatsword (150cm) Full Metal,Default Title,AM223,3,622.5,-20.75,0,601.75,120.35,722.1,272.55,601.75
2026-04,"M1911A1 Colt ""Government"" Us Service Pistol (Black/Wood))",Default Title,G9312,6,600,0,0,600,120,720,433.44,600
2026-04,Supernatural - Bobby's Colt .45,Default Title,G1109/L,8,600,-7.5,0,592.5,118.5,711,355.6,592.5
2026-04,Bloodborne - Holy Moonlight Greatsword,Default Title,BS112003,5,583.35,0,0,583.35,116.65,700,634.6,583.35
2026-04,Lord Of The Rings - Officially Licensed United Cutlery Hadhafang Sword,Default Title,UC-UC1298,2,581.66,0,0,581.66,116.34,698,356.56,581.66
2026-04,M16A1 - USA Assault Rifle 1967 with Sling,Default Title,G9133,3,600,-20,0,580,116,696,407.46,580
2026-04,Kill Bill - Deluxe Bill's (David Carradine) Hattori Hanzo Hand Forged Katana In Clay Tempered HCS,Default Title,BS011024-BILLCT,3,572.49,0,0,572.49,114.51,687,173.73,572.49
2026-04,"Deluxe ""Karoshi"" Clay Tempered Hand Forged Katana In 1095 HCS",Default Title,BS111137K,3,572.49,-19.08,0,553.41,110.69,664.1,187.71,553.41
2026-04,Lord Of The Rings - United Cutlery Officially Licensed Glamdring,Default Title,UC-UC1265,2,548.34,0,0,548.34,109.66,658,348.12,548.34
2026-04,House Of The Dragon - Officially Licensed Valyrian Steel Dark Sister Sword Of Daemon Targaryen,Default Title,VS-VS0128,2,598.32,-59.82,0,538.5,107.7,646.2,412.5,538.5
2026-04,Sekiro: Shadows Die Twice - Black Mortal Blade Hand Forged Clay Tempered Katana,Default Title,VX221640-CT,4,533.32,0,0,533.32,106.68,640,135.16,533.32
2026-04,Supernatural - The Colt,Default Title,VX221106,8,933.37,-6.66,-400.02,526.69,105.31,632,204,526.69
2026-04,"Jujutsu Kaisen - Deluxe Inverted Spear of Heaven, Cursed Dagger From Fushiguro Toji",Default Title,AM210,8,526.64,0,0,526.64,105.36,632,291.04,526.64
2026-04,The Hobbit - United Cutlery Officially Licensed Glamdring Sword,Default Title,UC-UC2942,2,548.33,-27.41,0,520.92,104.18,625.1,319.74,520.92
2026-04,Lord Of The Rings - United Cutlery Officially Licensed Museum Collection Anduril,Default Title,UC-UC3516,1,574.16,-57.41,0,516.75,103.35,620.1,381.83,516.75
2026-04,Mel Gibson Signed Braveheart Sword,Default Title,,1,829.16,-333.33,0,495.83,99.17,595,169.49,495.83
2026-04,"The Hobbit - Sting (Brown Scabbard, 70cm)",Default Title,HK750L,10,491.7,0,0,491.7,98.3,590,140,491.7
2026-04,James Bond Walther PPK With Silencer,Default Title,G1311,5,700,-10,-200,490,98,588,310.05,490
2026-04,Attack On Titan VME Sword (Silver Blade),Default Title,HK8265,5,600,-20,-90,490,98,588,110.65,490
2026-04,Devil May Cry 5 - Dante's Rebellion (Silver),Default Title,HK0214,4,496.67,-12.41,0,484.26,96.84,581.1,161.32,484.26
2026-04,".357 Python Magnum 8"" - Call Of Duty, Resident Evil, Pulp Fiction",Default Title,G1061,5,600,-27.5,-100,472.5,94.5,567,280.15,472.5
2026-04,The Witcher III - Geralt's Silver Sword,Default Title,BS110617,4,466.68,0,0,466.68,93.32,560,109.92,466.68
2026-04,"Shin Gunto Second World War Officer's Katana - Handforged, Clay Tempered HCS",Default Title,BS310371-1,2,498.32,-49.82,0,448.5,89.7,538.2,181.86,448.5
2026-04,Lord Of The Rings - NEW AND IMPROVED Gimli's Battle Axe,Default Title,VX221072,4,583.33,-23.32,-116.67,443.34,88.66,532,152,443.34
2026-04,"Lord Of The Rings - Officially Licensed United Cutlery Angrist, Elven Knife Of Strider",Default Title,UC-UC1371,2,491.66,-49.16,0,442.5,88.5,531,276.4,442.5
2026-04,"Call Of Duty - Desert Eagle (Black) - Deadpool, Tomb Raider, Supernatural",Default Title,G1123,4,433.32,0,0,433.32,86.68,520,273.68,433.32
2026-04,"The Last Kingdom - Uhtred ""Serpents Breath"" Sword",Default Title,VX221682-2,4,541.65,-10.83,-108.33,422.49,84.51,507,156,422.49
2026-04,"Thor’s Stormbreaker - Full Size, Metal Stormbreaker",Default Title,BS110890,1,415.83,0,0,415.83,83.17,499,339.96,415.83
2026-04,AKS47 - Kalashnikov Skladnoy With Folding Stock,Default Title,G1097,2,415,0,0,415,83,498,322.2,415
2026-04,Legends Of Zelda - NEW Ultimate Edition Master Sword,Default Title,VX221076,2,415,0,0,415,83,498,124.28,415
2026-04,Star Wars - Hot Toys Darth Maul With Sith Speeder,Default Title,HT9133632,1,412.5,0,0,412.5,82.5,495,0,0
2026-04,Beretta 92 / Us Military M9,Default Title,G1254,4,758.31,-21.66,-324.99,411.66,82.34,494,316.52,411.66
2026-04,Ghost Of Tsushima - Jin Sakai Display Katana (Black),Default Title,BS310811,6,466.67,-13.32,-60,393.35,78.65,472,133.74,393.35
2026-04,Buffy Slayer Scythe,Default Title,HK8761,4,400,-10,0,390,78,468,116,390
2026-04,"Kill Bill - Deluxe ""The Bride"" (Uma Thurman) Hatori Hanzo Hand Forged Katana In Clay Tempered HCS",Default Title,bs011024-brideCT,2,572.49,0,-190.83,381.66,76.34,458,93.4,381.66
2026-04,Elden Ring - Black Blade of Maliketh,Default Title,VX221231,2,562.5,0,-187.5,375,75,450,0,0
2026-04,Dune - Officially Licensed United Cutlery Crysknife,Default Title,UC-UC3458,2,375,0,0,375,75,450,253.4,375
2026-04,"Shaun Of The Dead - Winchester ""Yellowboy""  Carbine Rifle",Default Title,G1140L,2,375,0,0,375,75,450,248.54,375
2026-04,God Of War Leviathan Axe - Full Metal,Default Title,HK8877,2,375,0,0,375,75,450,204.48,375
2026-04,Witcher IV - Ciri's Sword,Default Title,VX221107,3,500,-12.5,-112.5,375,75,450,0,0
2026-04,World Of Warcraft - Lich King Arthas Frostmourne Sword,Default Title,VX221734,2,375,0,0,375,75,450,130,375
2026-04,Legend Of Zelda - Handforged Deluxe Master Sword (Damascus Blade),Default Title,HK8838,2,562.5,0,-187.5,375,75,450,157.74,375
2026-04,Black Myth Wukong - Wukong Staff (Metal),Default Title,AM246X,2,375,0,0,375,75,450,74.4,375
2026-04,"Deluxe ""Righteous Dragon"" Hand Forged Katana In Clay Tempered 1095 HCS",Default Title,BS310133KCT,2,415,-41.5,0,373.5,74.7,448.2,130.28,373.5
2026-04,The Witcher III - Geralt's Steel Sword (Wolf Pommel),Default Title,BS110616,4,363.32,0,0,363.32,72.68,436,110,363.32
2026-04,Vikings - Deluxe Sword Of Kings,Default Title,VX221085,4,363.32,0,0,363.32,72.68,436,228.32,363.32
2026-04,"The Lord Of The Rings - Deluxe Sting (80cm, W/ Display Plaque)",Default Title,VX221042,4,366.67,-9.16,0,357.51,71.49,429,124,357.51
2026-04,Fate Stay Night - Black Excalibur Morgan - Sword Of Saber,Default Title,BS111101,3,350,-11.66,0,338.34,67.66,406,111,338.34
2026-04,Frieren: Beyond Journey's End - Stark's Axe (158cm),Default Title,BS112012,3,350,-11.66,0,338.34,67.66,406,106.29,338.34
2026-04,"""Shibui"" 1095 Golden Damascus Steel Clay Tempered Katana",Default Title,BS111133,1,332.5,0,0,332.5,66.5,399,91.74,332.5
2026-04,"LORD OF THE RINGS - NEW! Superior Anduril, The Sword Reforged with Scabbard and Plaque",Default Title,VX221039,2,497.49,-16.58,-149.25,331.66,66.34,398,83.98,331.66
2026-04,DEADPOOL - Gold Desert Eagle,Default Title,G1123/L,4,412.5,0,-82.5,330,66,396,246.32,330
2026-04,Honshu Practice Broadsword,Default Title,UC-UC3312,6,325,0,0,325,65,390,170.46,325
2026-04,Templar Crusader Sword,Default Title,SW758,4,330,-8.25,0,321.75,64.35,386.1,0,0
2026-04,Colt Navy 1851,Default Title,G1040/L,4,316.67,0,0,316.67,63.33,380,223.76,316.67
2026-04,"Browning ""High Power"" Hp35 - British Army Service Pistol 1935-2013",Default Title,G1235,3,541.65,-21.66,-205.83,314.16,62.84,377,183.75,314.16
2026-04,Sword Art Online  - Kirito Elucidator,Default Title,HK9495E,3,324.99,-10.83,0,314.16,62.84,377,77.61,314.16
2026-04,Assassin's Creed Odyssey - Leonidas' Spear,Default Title,BS110866,4,316.67,-7.91,0,308.76,61.74,370.5,170.12,308.76
2026-04,Desert Eagle - Joker Style Chrome Finish,Default Title,G1123NQ,3,300,0,0,300,60,360,181.65,300
2026-04,Thor's Hammer - Mjolnir (Toughened Resin),Default Title,BS310187+S,3,300,0,0,300,60,360,88.77,300
2026-04,"""Warrior's Demise"" 1095 Clay Tempered Katana",Default Title,BS310158CT,1,332.5,-33.25,0,299.25,59.85,359.1,61.07,299.25
2026-04,"Lord Of The Rings - Anduril, The Sword Reforged Display Scale (118cm)",Default Title,VX221044-3,3,297.51,0,0,297.51,59.49,357,50.88,297.51
2026-04,"Colt ""Deputy"" Single Action Army 5.5"" (Black)",Default Title,G1106N,4,300,-7.5,0,292.5,58.5,351,161.64,292.5
2026-04,"Colt 'Lone Ranger' Single Action Army 5.5"" (Bright Nickel) - USA 1873",Default Title,G1150NQ,4,300,-7.5,0,292.5,58.5,351,177.8,292.5
2026-04,Lord Of The Rings - United Cutlery Officially Licensed Witch King Sword,Default Title,UC-UC1266,1,291.66,0,0,291.66,58.33,349.99,189.9,291.66
2026-04,Lord Of The Rings - Officially Licensed United Cutlery Strider Ranger Sword,Default Title,UC-UC1299,1,290.83,0,0,290.83,58.17,349,165.44,290.83
2026-04,Lord Of The Rings - United Cutlery Officially Licensed Sword of Eowyn,Default Title,UC-UC1423,1,287.5,0,0,287.5,57.5,345,186.82,287.5
2026-04,Alice In Darkness - Vorpal Blade,Default Title,HK1043,7,285.81,0,0,285.81,57.19,343,66.85,285.81
2026-04,James Bond Walther PPK,Default Title,G1277,3,275.01,0,0,275.01,54.99,330,169.59,275.01
2026-04,Highlander - Kurgan's Sword (Full Metal),Default Title,BS310522,2,412.5,0,-137.5,275,55,330,66.54,275
2026-04,GAME OF THRONES - Arya's Needle With Plaque And Scabbard,Default Title,BS310330,3,272.49,0,0,272.49,54.51,327,103.56,272.49
2026-04,Lord Of The Rings - Officially Licensed United Cutlery Gandalf Moria Staff,Default Title,UC-UC3328,1,265.83,0,0,265.83,53.17,319,156.46,265.83
2026-04,House Of The Dragon  - Daemon Targaryen Dark Sister with Plaque and Scabbard,Default Title,VX221112,2,265,0,0,265,53,318,49,265
2026-04,Red Dead Redemption - Colt Navy (Gunmetal Grey),Default Title,BG010131-2,7,262.5,-3.75,0,258.75,51.75,310.5,112,258.75
2026-04,Game of Thrones - Officially Licensed Valyrian Steel Euron Greyjoy's Axe,Default Title,VS-VS0125,1,257.5,0,0,257.5,51.5,309,175.31,257.5
2026-04,Supernatural - Deluxe Ruby's Demon Killing Blade,Default Title,HK8513A,5,350,0,-95,255,51,306,67.5,255
2026-04,Lord Of The Rings - Officially Licensed United Cutlery Boromir's Sword,Default Title,UC-UC1400,1,282.5,-28.25,0,254.25,50.85,305.1,182.69,254.25
2026-04,One Piece - Roronoa Zoro Display (Straight) Katana Enma,Default Title,BS310702,4,266.66,-13.32,0,253.34,50.66,304,59.88,253.34
2026-04,Wells Fargo Stagecoach Defender - Double Barrel Wyatt Earp Shotgun Pistol / Sawn-Off - USA 1868,Default Title,G1114,2,266.66,-13.33,0,253.33,50.67,304,172.58,253.33
2026-04,"Deluxe ""Righteous Dragon"" Hand Forged Tanto In Clay Tempered 1095 HCS",Default Title,BS310133TCT,2,265,-13.25,0,251.75,50.35,302.1,130.2,251.75
2026-04,Lord Of The Rings - Deluxe Gandalf's Glamdring Sword,Default Title,JOT096C,2,250,0,0,250,50,300,58.04,250
2026-04,Ghost Of Tsushima - Handforged Tanto,Default Title,Tanto-10,4,399.99,-16.65,-133.34,250,50,300,102,250
2026-04,The Witcher III - Deluxe Ciri Sword,Default Title,,2,250,0,0,250,50,300,81.08,250
2026-04,Kill Bill - Deluxe Budd's (Michael Madsen) Hattori Hanzo Hand Forged Katana in Clay Tempered HCS,Default Title,bs011024-buddCT,1,498.34,0,-249.17,249.17,49.83,299,72,249.17
2026-04,Blue Dragon Display (Straight) Katana Triple Set,Default Title,29152b-c,3,247.5,0,0,247.5,49.5,297,111.93,247.5
2026-04,Shogun's Red Rage' Clay Tempered Hand Forged Tanto,Default Title,BS310627T,1,274.16,-27.41,0,246.75,49.35,296.1,80.53,246.75
2026-04,Lord Of The Rings - United Cutlery Officially Licensed Narsil Sword,Default Title,UC-UC1267,1,245.83,0,0,245.83,49.17,295,159.07,245.83
2026-04,Tommy Gun - M1 Submachine Gun,Default Title,G1092,1,240.83,0,0,240.83,48.17,289,153.44,240.83
2026-04,Clair Obscur: Expedition 33 - Verso Verleso Sword,Default Title,VX221234,3,247.5,-8.25,0,239.25,47.85,287.1,0,0
2026-04,CALL OF DUTY - German WWII Sturmgewehr STG44 Assault Rifle 1943,Default Title,G1125/C,1,233.33,0,0,233.33,46.67,280,148.47,233.33
2026-04,Metal Gear - Raiden's High Frequency Blade,Default Title,BS310824,4,233.32,0,0,233.32,46.68,280,60,233.32
2026-04,"Mauser C96 ""Broomhandle"" Pistol with Removable Stock Holster",Default Title,G1025,2,241.66,-12.08,0,229.58,45.92,275.5,99.88,229.58
2026-04,Loki's Sceptre - 1:1 Metal Version,Default Title,BS110897,1,229.17,0,0,229.17,45.83,275,148.22,229.17
2026-04,Tzss Cosplay Horde Membership,Default Title,,28,233.24,-4.15,0,229.09,45.91,275,0,0
2026-04,Lord Of The Rings - United Cutlery Officially Licensed Sting Sword,Default Title,UC1264,1,249.16,-24.91,0,224.25,44.85,269.1,107.51,224.25
2026-04,"Masters Of The Universe / He-Man - Skeletor Staff (Metal, 210cm)",Default Title,BS112015,1,249.16,-24.91,0,224.25,44.85,269.1,105.56,224.25
2026-04,LAST ONE!!!! - CHRISTOPHER LAMBERT AUTOGRAPHED & QUOTED Highlander - Deluxe Clan Macleod Claymore,Default Title,,1,245.83,-24.58,0,221.25,44.25,265.5,23.74,221.25
2026-04,Beretta 92 / Us Military M9 (Nickel Finish),Default Title,G1254/NQ,2,216.66,0,0,216.66,43.34,260,158.26,216.66
2026-04,"""Koyo"" Clay Tempered Hand Forged Katana",Default Title,BS111055CT,1,215.83,0,0,215.83,43.17,259,43.58,215.83
2026-04,M1 Garand USA WWII 1932,Default Title,G1105,1,416.66,0,-208.33,208.33,41.67,250,158.84,208.33
2026-04,Transformers - Optimus Prime's Sword Of The Primus,Default Title,BS016754,1,416.66,0,-208.33,208.33,41.67,250,80,208.33
2026-04,Thompson M1928A1 Submachine Gun USA 1918,Default Title,G1093,1,208.33,0,0,208.33,41.67,250,142.9,208.33
2026-04,Thor's Mjolnir - Full Metal,Default Title,BS310623,1,207.5,0,0,207.5,41.5,249,135.88,207.5
2026-04,Final Fantasy VII (Remake) - Upgraded Cloud's Strife Buster Sword,Default Title,AM256,1,207.5,0,0,207.5,41.5,249,68.74,207.5
2026-04,Bastard Sword - Cosplay/Training Sword,Default Title,CS92BKHNH,5,208.29,-4.15,0,204.14,40.82,244.96,124.35,204.14
2026-04,Lord Of The Rings - Officially Licensed United Cutlery Bearded Axe of Gimli with Plaque,Default Title,UC2628,1,224.16,-22.41,0,201.75,40.35,242.1,145.99,201.75
2026-04,Assassin's Creed - Sword Of Altair,Default Title,BS015335,2,200,0,0,200,40,240,62,200
2026-04,Model 1873 Repeating Rifle (Nickel) - Simulated Loading and Shell Ejection,Default Title,G6318,1,200,0,0,200,40,240,124.27,200
2026-04,"M1911A1 Colt ""Government"" Us Service Pistol (Nickel Finish)",Default Title,G6312,2,200,0,0,200,40,240,144.48,200
2026-04,Honshu - Single Handed Broadsword,Default Title,UC-UC3451,1,220.83,-22.08,0,198.75,39.75,238.5,147.67,198.75
2026-04,Officially Licensed Valyrian Steel King Viserys and Arya's Blade,Default Title,VS-VS0118,1,220.83,-22.08,0,198.75,39.75,238.5,167.06,198.75
2026-04,Devil May Cry - Dante's Rebellion,Default Title,HK213R,2,198.34,0,0,198.34,39.66,238,67,198.34
2026-04,Lord Of The Rings - United Cutlery Officially Licensed Glamdring Scabbard Blue,Default Title,UC-UC1417BL,1,190.83,0,0,190.83,38.17,229,129.13,190.83
2026-04,"M1911A1 Colt ""Military"" USA Service Pistol (Black/Black)",Default Title,G1312,2,200,-10,0,190,38,228,144.48,190
2026-04,Once Upon A Time - Rumplestiltskin's Dark One Dagger,Default Title,AM030,4,200,-10,0,190,38,228,62,190
2026-04,Final Fantasy VIII - Squall Gunblade,Default Title,SW771,2,200,-10,0,190,38,228,74,190
2026-04,House Of The Dragon - Aegon The Conqueror Blackfyre,Default Title,VX221110-2,2,198.33,-9.91,0,188.42,37.68,226.1,44.52,188.42
2026-04,Dungeons & Dragons - Drizzt Do'Urden Icing Death Sword,Default Title,,2,198.33,-9.91,0,188.42,37.68,226.1,0,0
2026-04,Final Fantasy VII - Cloud's Strife Buster Sword,Default Title,VX221043,1,187.5,0,0,187.5,37.5,225,105,187.5
2026-04,Winchester Mod. 66 Lever Action Carbine Rifle,Default Title,G1140G,1,187.5,0,0,187.5,37.5,225,124.27,187.5
2026-04,God Of War: Ragnarok - Deluxe Thor Mjolnir (Full Metal),Default Title,BG011816,1,187.5,0,0,187.5,37.5,225,121.52,187.5
2026-04,World Of Warcraft - Lich King Shadowmourne Axe,Default Title,BS015630,1,187.5,0,0,187.5,37.5,225,39,187.5
2026-04,Neon Genesis Evangelion - Eva Spear Of Longinus (Full Metal),Default Title,AM200,1,187.5,0,0,187.5,37.5,225,105.85,187.5
2026-04,"The Witcher - Deluxe Handforged Geralt's Steel Sword (Damascus, Mace Pommel)",Default Title,HK9320BHF,1,187.5,0,0,187.5,37.5,225,118,187.5
2026-04,Lord Of The Rings - Deluxe Handforged Damascus Steel Strider Sword,Default Title,JOT034FD,1,187.5,0,0,187.5,37.5,225,83,187.5
2026-04,AK47 Kalashnikov Assault Rifle,Default Title,G1086,1,415,-20.75,-207.5,186.75,37.35,224.1,156.12,186.75
2026-04,"Deluxe ""Warrior's Rage"" (Red) Hand Forged Katana In Clay Tempered 1060 HCS",Default Title,BS310161RCT,1,207.5,-20.75,0,186.75,37.35,224.1,94,186.75
2026-04,"""Tsubasa"" Triple Set Display Katana (Straight Blade)",Default Title,BS111046,2,275,-4.58,-91.67,178.75,35.75,214.5,79.02,178.75
2026-04,"Dragons of the Seven Kingdoms - Midnight Dragon Display Katana (Metal, Straight Blade)",Default Title,BS0151135-2,3,174.99,0,0,174.99,35.01,210,42.6,174.99
2026-04,CALL OF DUTY - German WWII MP41 Submachine Gun 1940,Default Title,G1124/C,1,174.17,0,0,174.17,34.83,209,128.3,174.17
2026-04,"Kill Bill - Deluxe ""O-Ren Ishii"" Hand Forged Shirasaya in Clay Tempered HCS",Default Title,bs011024-orenCT,1,381.66,-19.08,-190.83,171.75,34.35,206.1,48.29,171.75
2026-04,Real Wood Revolver Display Stand,Default Title,G808,7,175,-5,0,170,34,204,100.52,170
2026-04,The Last Samurai - Clay Tempered Nathan Algren's Hand Forged Katana,Default Title,BS015224CT,1,497.49,0,-331.66,165.83,33.17,199,62.52,165.83
2026-04,"Deluxe ""Karoshi"" Clay Tempered Hand Forged Wakizashi In 1095 HCS",Default Title,BS111137WCT,1,165.83,0,0,165.83,33.17,199,59.92,165.83
2026-04,M1911A1 Colt 'Mission Accomplished' Pistol (Gold Finish),Default Title,G5312,2,165,0,0,165,33,198,138,165
2026-04,Viking Shield in Resin 2,Default Title,BW110085,2,165,0,0,165,33,198,0,0
2026-04,Ghost of Tsushima - Tagenashima Matchlock Rifle 1800,Default Title,G1274,1,183.33,-18.33,0,165,33,198,99,165
2026-04,Captain America - Deluxe Shield,Default Title,HK404-GS,1,162.5,0,0,162.5,32.5,195,122.69,162.5
2026-04,God Of War - Ragnarok Leviathan Axe with Glow In The Dark Runes,Default Title,AM224,1,162.5,0,0,162.5,32.5,195,157.15,162.5
2026-04,Thundercats - Sword Of Omens Dagger Eye Of Thundera,Default Title,AM140-1,4,166.66,-8.32,0,158.34,31.66,190,47.88,158.34
2026-04,Elden Ring - Moonveil 142cm Display (Straight Blade) Katana,Default Title,AM168L-1,2,158.34,0,0,158.34,31.66,190,48,158.34
2026-04,Lord Of The Rings - Officially Licensed United Cutlery Sword Of Samwise,Default Title,UC-UC2614,1,157.5,0,0,157.5,31.5,189,99.35,157.5
2026-04,Military Sharps Carbine - USA 19th Century,Default Title,G1142,1,154.17,0,0,154.17,30.83,185,88.85,154.17
2026-04,God Of War - Deluxe Ragnarok Chaos Blades,Default Title,MS036,1,154.17,0,0,154.17,30.83,185,51.65,154.17
2026-04,Cap Firing Dummy Rounds For Colt Single Action Army 6 Pack,Default Title,G49,14,151.49,-1.07,0,150.42,30.15,180.57,41.72,150.42
2026-04,Aragorn's Angrist Elven Blade (Black),Default Title,BS011221,6,150,0,0,150,30,180,54,150
2026-04,Colt 'Cavalry' Single Action Army (Nickel),Default Title,G1191NQ,2,150,0,0,150,30,180,91.82,150
2026-04,Colt 'Outlaw' Single Action Army,Default Title,G1108/L,2,150,0,0,150,30,180,87.18,150
2026-04,Clair Obscur: Expedition 33 - Verso Verleso Parrying Dagger,Default Title,VX221235,3,147.51,0,0,147.51,29.49,177,0,0
2026-04,Devil May Cry 3 - Vergil's Yamato Display (Straight Blade) Katana,Default Title,HK9429-1,3,147.51,0,0,147.51,29.49,177,31.65,147.51
2026-04,God Of War - Chaos Blades of Athena,Default Title,BS112016,1,145.83,0,0,145.83,29.17,175,36.92,145.83
2026-04,Roman Centurion Helmet - Gallic H,Default Title,AH6069,1,145.83,0,0,145.83,29.17,175,77.44,145.83
2026-04,Final Fantasy - Sephiroth Masamune Display (Straight Blade) Odachi Katana,Default Title,BS111117,2,150,-7.5,0,142.5,28.5,171,48.76,142.5
2026-04,Harry Potter - Officially Licensed Godric Gryffindor Sword,Default Title,NN7198,1,154.16,-15.41,0,138.75,27.75,166.5,120.93,138.75
2026-04,Star Trek - Klingon Mek'Leth,Default Title,HK772,3,137.5,0,0,137.5,27.5,165,51,137.5
2026-04,Sten MkII British SMG - 1940,Default Title,G1148,1,150,-15,0,135,27,162,92.86,135
2026-04,"Deluxe ""Righteous Dragon"" Hand Forged Wakizashi In Clay Tempered 1095 HCS",Default Title,BS310133WCT,1,149.16,-14.91,0,134.25,26.85,161.1,62.48,134.25
2026-04,Demon Slayer - Muichiro Tokito White Nichirin Display (Straight Blade) Katana,Default Title,BS111060,2,133.34,0,0,133.34,26.66,160,34.72,133.34
2026-04,The Walking Dead - Michonne Display Katana,Default Title,BS015963SS,2,133.34,0,0,133.34,26.66,160,44,133.34
2026-04,Devil May Cry 5 - Vergil's Yamato Display (Straight Blade) Katana,Default Title,VX221228,2,200.01,0,-66.67,133.34,26.66,160,21.1,133.34
2026-04,Highlander - Connor Macleod Display (Straight Blade) Katana,Default Title,BS111044,2,200.01,0,-66.67,133.34,26.66,160,21.24,133.34
2026-04,Wells Fargo Stagecoach Defender - Double Barrel  Wyatt Earp Shotgun Pistol / Sawn-Off with Brass Action- USA 1868,Default Title,G1113,1,133.33,0,0,133.33,26.67,160,86.29,133.33
2026-04,SKYRIM - Warhammer (Full Metal),Default Title,AM241,1,132.5,0,0,132.5,26.5,159,48.06,132.5
2026-04,Moon Knight - Crescent Dart - Full Metal (Silver),Default Title,AM127CMT-1,3,137.49,-9.16,0,128.33,25.67,154,57.36,128.33
2026-04,Highlander Endgame - Duncan Macleod Display (Straight Blade) Katana,Default Title,BS110729,2,133.33,-6.66,0,126.67,25.33,152,10.21,60
2026-04,Deluxe Thanos Sword (Resin),Default Title,BS111116,1,125,0,0,125,25,150,58,125
2026-04,Star Trek - Deluxe Klingon Bat'Leth,Default Title,VX221440,1,125,0,0,125,25,150,48,125
2026-04,The Lord Of The Rings - Deluxe Legolas' Twin Daggers,Default Title,JOT047A,1,125,0,0,125,25,150,35.54,125
2026-04,Sword Art Online - Asuna Lambent Light Rapier,Default Title,,1,124.17,0,0,124.17,24.83,149,50,124.17
2026-04,Demon Slayer - Kanao Tsuyuri Nichirin Blade,Default Title,AM042,3,122.49,0,0,122.49,24.51,147,36,122.49
2026-04,Sword Of Gryffindor,Default Title,BS011033,3,125,-4.16,0,120.84,24.16,145,45,120.84
2026-04,Lord Of The Rings - Thranduil Sword Collectible (40cm),Default Title,HK8443MUB,4,175.01,0,-58.33,116.68,23.32,140,27.4,116.68
2026-04,Halo -Ma5B Assault Rifle (Cosplay Safe Foam),Default Title,BG012023,4,145.84,-2.91,-26.25,116.68,23.32,140,99.08,116.68
2026-04,Sword Art Online - Kirito Dark Repulsor,Default Title,BS310095,1,116.67,0,0,116.67,23.33,140,20.84,116.67
2026-04,Lord Of The Rings -  Aragorn King Of Gondor Helmet,Default Title,AH24144,1,116.67,0,0,116.67,23.33,140,75,116.67
2026-04,Conan The Barbarian / Stranger Things - Atlantean Sword,Default Title,BS014659,1,116.67,0,0,116.67,23.33,140,52,116.67
2026-04,Naruto - Sasuke Grass Cutter Kusanagi Display (Straight Blade) Sword,Default Title,BS310690,2,116.66,0,0,116.66,23.34,140,36.5,116.66
2026-04,Legend Of Zelda - Twilight Princess Dark Link Master Sword,Default Title,BS310085-1,1,115.83,0,0,115.83,23.17,139,21.5,115.83
2026-04,Lord Of The Rings - Weta Workshop Mumak in Battle Mini Statue,Default Title,WETA860104803,1,124.16,-12.41,0,111.75,22.35,134.1,0,0
2026-04,One Piece - Roronoa Zoro's Shusui Display (Straight Blade) Katana,Default Title,BS014938-1,2,116.66,-5.83,0,110.83,22.17,133,39.22,110.83
2026-04,Longclaw Wedding Cake Knife (30cm),Default Title,BS110463,7,142.47,0,-31.66,110.81,22.19,133,40.18,110.81
2026-04,Rings Of Power - Galadriel Dagger,Default Title,VX221878,2,108.34,0,0,108.34,21.66,130,31.28,108.34
2026-04,Devil May Cry -Nero's  Blue Rose (Resin),Default Title,GN001,2,108.34,0,0,108.34,21.66,130,49.78,108.34
2026-04,The Witcher III - Geralt's Steel Sword (Mace Pommel),Default Title,BS110614,1,108.33,0,0,108.33,21.67,130,35.5,108.33
2026-04,Luger Parabellum P08 (Wood Grips) - Germany WWI & WWII,Default Title,G1144M,1,108.33,0,0,108.33,21.67,130,81.23,108.33
2026-04,Lord Of The Rings - Arwen Evenstar Sterling Silver and Swarovski Crystal Pendant,Default Title,NN2770,1,216.66,0,-108.33,108.33,21.67,130,75.25,108.33
2026-04,GLADIATOR - Roman Spatha Gladius,Default Title,HK819R,1,108.33,0,0,108.33,21.67,130,31.99,108.33
2026-04,Lord Of The Rings - Weta Workshop Gandalf the Grey Mini Statue (19cm),Default Title,WETA860103825,1,107.5,0,0,107.5,21.5,129,0,0
2026-04,Lord Of The Rings - Weta Workshop Aragorn Mini Statue (20cm),Default Title,WETA860104751,1,107.5,0,0,107.5,21.5,129,0,0
2026-04,Lord Of The Rings - Officially Licensed United Cutlery Shards Of Narsil Statue,Default Title,UC-UC3600,1,107.5,0,0,107.5,21.5,129,66.09,107.5
2026-04,Dark Souls - Greatsword of Artorias – The Blade of the Abysswalker (108cm Display Edition),Default Title,,1,107.5,0,0,107.5,21.5,129,0,0
2026-04,God Of War - Kratos Chaos Blade,Default Title,BS111154,1,104.17,0,0,104.17,20.83,125,25.32,104.17
2026-04,Pirate Flintlock Boarding Pistol - 18th Century,Default Title,G1012,2,108.33,-5.41,0,102.92,20.58,123.5,75.5,102.92
2026-04,Nishiki Hand Forged Katana,Default Title,KS374,1,100,0,0,100,20,120,36,100
2026-04,Robin Hood Prince Of Thieves Replica Sword,Default Title,BS310914,1,100,0,0,100,20,120,22.81,100
2026-04,Game Of Thrones - Khal Drogo Scimitar,Default Title,BS310329,1,100,0,0,100,20,120,38,100
2026-04,Witcher 3 - Standard Ciri Sword,Default Title,BS310598,1,100,0,0,100,20,120,0,0
2026-04,"Mauser C96 ""Broomhandle"" Pistol",Default Title,G1024,1,100,0,0,100,20,120,49.94,100
2026-04,Star Trek Ceremonial Bat'Leth,Default Title,SW604,1,100,0,0,100,20,120,39,100
2026-04,Coiled Snake Display Tanto,Default Title,,3,99.99,0,0,99.99,20.01,120,54,99.99
2026-04,Dungeons & Dragons - Drizzt Do'Urden Twinkle Sword,Default Title,,1,99.17,0,0,99.17,19.83,119,0,0
2026-04,Pigface Bascinet,Default Title,AH-XH016,1,108.33,-10.83,0,97.5,19.5,117,59.46,97.5
2026-04,The Lord Of The Rings - Officially Licensed Arwen Evenstar Pendant (Costume),Default Title,NN9837,3,97.5,-3.25,0,94.25,18.85,113.1,74.7,94.25
2026-04,Kill Bill - Hattori Hanzo Triple Set Display Katana (Straight Blade),Default Title,VX221700,1,91.67,0,0,91.67,18.33,110,39.51,91.67
2026-04,"""Suterusu"" Triple Set Display (Straight blade) Katana",Default Title,BS111045,1,91.67,0,0,91.67,18.33,110,39.51,91.67
2026-04,1869 Smith & Wesson Schofield 6 Shot Revolver In Nickel Finish,Default Title,G1008NQ,1,91.67,0,0,91.67,18.33,110,52.74,91.67
2026-04,Kingdom Hearts - Kingdom Key,Default Title,BS014612,2,91.66,0,0,91.66,18.34,110,40,91.66
2026-04,Shoulder Holster - Black Leather,Default Title,716,2,91.66,0,0,91.66,18.34,110,76.68,91.66
2026-04,"Colt ""Quickdraw"" Single Action Army Gift Box with 6 Dummy Bullets",Default Title,G1-1106/G,1,90.83,0,0,90.83,18.17,109,42.14,90.83
2026-04,Lord Of The Rings - NEW AND IMPROVED Gimli's Walking Axe,Default Title,VX221071,1,90.83,0,0,90.83,18.17,109,38,90.83
2026-04,Roman Pugio Dagger,Default Title,VX221826,3,87.5,-2.91,0,84.59,16.91,101.5,33,84.59
2026-04,LOTR Anduril Wedding Cake Knife/ Letter Opener,Default Title,BS013484,5,133.36,0,-50.01,83.35,16.65,100,40,83.35
2026-04,Supernatural - Ruby's Demon Blade,Default Title,,2,83.34,0,0,83.34,16.66,100,27,83.34
2026-04,Demon Slayer - Twelve Kizuki Kokushibo Flesh Sword Display (Straight Blade) Katana with Light Up Blade,Default Title,BS310864,2,83.34,0,0,83.34,16.66,100,42.6,83.34
2026-04,Demon Slayer - Inosuke Nichirin Collectable (40cm),Default Title,LT008,5,83.34,0,0,83.34,16.66,100,32.5,83.34
2026-04,The Hobbit - Thorin's Orcrist Collectable (28cm),Default Title,HK8768,4,104.15,0,-20.83,83.32,16.68,100,33.24,83.32
2026-04,Lord Of The Rings - Legolas Dagger Collectable (28cm),Default Title,HK8439,4,83.32,0,0,83.32,16.68,100,20,83.32
2026-04,White Dragon Display (Straight) Katana Triple Set,Default Title,29152w-c,1,82.5,0,0,82.5,16.5,99,37.31,82.5
2026-04,Elden Ring - Rellana Shadow Of The Erdtree Blazing Sword,Default Title,VX221202,1,82.5,0,0,82.5,16.5,99,0,0
2026-04,Batman - Purearts DC Heroes Batman 1:8 Scale Statue,Default Title,PA005BA,1,82.5,0,0,82.5,16.5,99,59.49,82.5
2026-04,1869 Smith & Wesson Schofield 6 Shot Revolver In Black & Solid Brass,Default Title,G1008L,1,82.5,0,0,82.5,16.5,99,47.79,82.5
2026-04,"Lord Of The Rings - NEW AND IMPROVED Morgul Dagger with Tainted Blade, Plaque and Sheath",Default Title,vx221143,1,82.5,0,0,82.5,16.5,99,17.85,82.5
2026-04,Solo Leveling - Demon King's Long Sword 🔞,Default Title,,1,82.5,0,0,82.5,16.5,99,0,0
2026-04,'Silver Dragon' Display (Straight) Replica Katana Triple Set,Default Title,BS310918,1,165,0,-82.5,82.5,16.5,99,19.27,82.5
2026-04,Game Of Thrones - Heartsbane of House Tarly,Default Title,BS310739,1,82.5,0,0,82.5,16.5,99,31,82.5
2026-04,"""Tatsu Shiro"" Triple Set Display (Straight Blade) Katana",Default Title,BS013780W,1,82.5,0,0,82.5,16.5,99,39.51,82.5
2026-04,RWBY - Crescent Rose Sniper Scythe (Cosplay Safe Wood),Default Title,,1,82.5,0,0,82.5,16.5,99,27.12,82.5
2026-04,Genuine Leather Sheriff's Holster and Cartridge Belt,Default Title,G721,1,90.83,-9.08,0,81.75,16.35,98.1,49.98,81.75
2026-04,Heroes - Hiro Display (Straight Blade) Katana,Default Title,BS310005,2,81.66,0,0,81.66,16.34,98,21.02,81.66
2026-04,The Lord Of The Rings - The One Ring,Default Title,NN1588,2,81.66,0,0,81.66,16.34,98,49.46,81.66
2026-04,The Witcher Wild Hunt- Steel Collectible 40cm,Default Title,HK8786SU,4,83.32,-2.08,0,81.24,16.26,97.5,27.6,81.24
2026-04,"The Hobbit - Sting Collectable (28cm, Brown)",Default Title,HK7701Y,4,83.32,-2.08,0,81.24,16.26,97.5,20,81.24
2026-04,Terraria - Meowmere Sword (Metal),Default Title,BS112011,1,79.17,0,0,79.17,15.83,95,29.48,79.17
2026-04,Colt 'Cavalry' Single Action Army (Steel),Default Title,G1191G,1,75,0,0,75,15,90,45.91,75
2026-04,Klingon D'k Tagh,Default Title,HK808,2,75,0,0,75,15,90,33.64,75
2026-04,"Colt ""Oakley Quickdraw"" Single Action Army 5.5"" (Nickel)",Default Title,G1106/NQ,1,75,0,0,75,15,90,40.41,75
2026-04,Colt Navy 1851 (Ivory),Default Title,G1040/B,1,75,0,0,75,15,90,47,75
2026-04,Colt 'Lone Star' Quickdraw Single Action Army,Default Title,G1038,1,75,0,0,75,15,90,43.09,75
2026-04,"Demon Slayer - Zenitsu Agatsuma Nichirin Display (Metal, Straight Blade) Katana with Light Up Blade",Default Title,BS310857,1,75,0,0,75,15,90,21,75
2026-04,"Colt Single Action Army ""Rio Bravo""  7.5"" Barrel (Nickel Finish)",Default Title,G1107/NQ,1,75,0,0,75,15,90,47.33,75
2026-04,Colt 'Quickdraw' Single Action Army,Default Title,G1106/G,1,75,0,0,75,15,90,44.33,75
2026-04,Demon Slayer - Shinobu Kocho Nichirin - Cosplay Safe Wood With Sheath,Default Title,VX221260,3,75,0,0,75,0,75,33,75
2026-04,Colt 'Artillery' Single Action Army,Default Title,G1109L,1,75,0,0,75,15,90,45.04,75
2026-04,Legend Of Zelda - Tears Of The Kingdom Broken Master Sword,Default Title,AM160,1,82.5,-8.25,0,74.25,14.85,89.1,34.29,74.25
2026-04,"""Tatsu"" Triple Set Display (Straight Blade) Katana",Default Title,BS013780B,1,82.5,-8.25,0,74.25,14.85,89.1,39.51,74.25
2026-04,Napoleon Flintlock Double Cannon - France 1806,Default Title,G1026,1,148.34,0,-74.17,74.17,14.83,89,50.94,74.17
2026-04,Chinese Dragon Emperor Sword (Full Metal),Default Title,CHS031R,1,79.16,-7.91,0,71.25,14.25,85.5,24.03,71.25
2026-04,"Webley Mk IV - Indiana Jones, Torchwood, Peaky Blinders",Default Title,G1119,1,70.83,0,0,70.83,14.17,85,41.89,70.83
2026-04,"Demon Slayer - Mitsuri Kanroji Love Pink Nichirin Display (Medtal, Straight Blade) Katana with Light Up Blade",Default Title,BS310862,1,75,-7.5,0,67.5,13.5,81,21,67.5
2026-04,Drakkar Viking Wood Shield,Default Title,BW011032,1,66.67,0,0,66.67,13.33,80,14.61,66.67
2026-04,Coiling Dragon Display (Straight) Katana,Default Title,BS310768,1,66.67,0,0,66.67,13.33,80,16.7,66.67
2026-04,One Piece  - Luffy Nidail Kitetsu Display (Straight) Katana,Default Title,BS310684,1,66.67,0,0,66.67,13.33,80,18,66.67
2026-04,Demon Slayer - Inosuke Hashibara Nichirin Blade Display (Straight Blade) Katana,Default Title,BS111081-SI,1,66.67,0,0,66.67,13.33,80,17.36,66.67
2026-04,Demon Slayer - Kyojuro Rengoku Red Nichirin Display (Straight Blade) Katana,Default Title,BS111053,1,133.34,0,-66.67,66.67,13.33,80,17.36,66.67
2026-04,Devil May Cry - Vergil Yamato Katana (Cosplay Safe Wood),Default Title,VX221344,2,66.67,0,0,66.67,13.33,80,25.58,66.67
2026-04,Bleach - Abarai Renji Zabimaru (Red) Display (Straight Blade) Katana,Default Title,BS310814,1,66.67,0,0,66.67,13.33,80,22.3,66.67
2026-04,Demon Slayer - Sanemi Shinazugawa Green Nichirin Display (Straight Blade) Katana,Default Title,BS111054,1,66.67,0,0,66.67,13.33,80,17.36,66.67
2026-04,BLEACH - Ichigo Bankai Zangetsu,Default Title,BS013983B,1,66.67,0,0,66.67,13.33,80,14,66.67
2026-04,Scissor Seven - Thousand Demon Dagger Display (Straight Blade) Katana,Default Title,AM156-1,1,66.67,0,0,66.67,13.33,80,13.5,66.67
2026-04,Demon Slayer - Tanjiro Kamado Nichirin - Cosplay Safe Wood,Default Title,WD034,2,66.66,0,0,66.66,13.34,80,22,66.66
2026-04,Derringer Garter Gun,Default Title,G1262/L,2,66.66,0,0,66.66,13.34,80,38,66.66
2026-04,Femme Fatale Flintlock Garter Gun,Default Title,G237/G,2,66.66,0,0,66.66,13.34,80,27,66.66
2026-04,The Last Samurai Handforged Tanto,Default Title,T033,1,65.83,0,0,65.83,13.17,79,22.5,65.83
2026-04,Chinese Gongfu (Kung Fu) Taiji Sword (Full Metal) - Sworddance / Sword Yoga,Default Title,CHS015BK,1,65.83,0,0,65.83,13.17,79,22.94,65.83
2026-04,"Berserk - Guts Dragon Slayer Greatsword (Cosplay Safe Foam, 144cm)",Default Title,VX221188-2,2,65,0,0,65,13,78,28.6,65
2026-04,"One Piece - Dracule Mihawk (Cosplay Safe Wood, 120cm)",Default Title,VX221375,2,65,0,0,65,13,78,0,0
2026-04,Legend Of Zelda Hylian Shield (Resin),Default Title,BW010834,1,70.83,-7.08,0,63.75,12.75,76.5,27.33,63.75
2026-04,"""Head Knocker"" 18th Century Pirate Percussion Pistol",Default Title,G1104L,1,62.5,0,0,62.5,12.5,75,29.77,62.5
2026-04,The Witcher - Wild Hunt Silver Serpent Sword Collectable (40cm),Default Title,HK8787SU,3,62.49,0,0,62.49,12.51,75,27,62.49
2026-04,The Witcher III Steel Sword (Wolf Pommel) - 40cm Collectable,Default Title,BS310616-15,3,62.49,0,0,62.49,12.51,75,42,62.49
2026-04,Basic Katana Triple Stand,Default Title,BP011368-3,3,104.15,0,-41.66,62.49,12.51,75,33,62.49
2026-04,Star Wars - Han Solo Dl-44 Blaster (Cosplay Safe Foam),Default Title,FM242,3,62.49,-2.08,0,60.41,12.09,72.5,13.98,60.41
2026-04,Taiichi Samurai Display Katana (Red),Default Title,BS112146RD,1,66.66,-6.65,0,60.01,12,72.01,13.48,60.01
2026-04,Ebony Dragon Handforged Tanto,Default Title,Tanto-8,1,66.66,-6.66,0,60,12,72,21.5,60
2026-04,Metal Gear Rising - Jetstream Sam's Revengeance Murasama Display (Straight Blade) Katana,Default Title,BS210413,1,66.66,-6.66,0,60,12,72,17.36,60
2026-04,Game of Thrones/House Of The Dragon - King Viserys' Valeryian Steel Dagger and Arya's Catspaw,Default Title,HK8764GS,1,131.66,-6.58,-65.83,59.25,11.85,71.1,14,59.25
2026-04,Bug-A-Salt Advanced Combat Fiber Optic 3.0,Gun + Bug-Beam Laser Targetting SAVE £5,855693007604,1,65.83,-6.58,0,59.25,11.85,71.1,29.74,59.25
2026-04,Hand Grenade Mk2 Pineapple (Green) - USA 1918,Default Title,738V,2,58.34,0,0,58.34,11.66,70,31.48,58.34
2026-04,Hand Grenade Mk2 Pineapple - USA 1918,Default Title,G738,2,58.34,0,0,58.34,11.66,70,31.48,58.34
2026-04,Bleach - Katana Of Urahara Kisuke - Benihime Display (Straight Blade) Katana,Default Title,BS014097,1,58.33,0,0,58.33,11.67,70,21.37,58.33
2026-04,Demon Slayer - Tanjiro Kamado Black Nichirin Display (Straight Blade) Katana,Default Title,BS111079,1,58.33,0,0,58.33,11.67,70,17.36,58.33
2026-04,Lord Of The Rings - Officially Licensed Sting Lamp,Default Title,,2,87.5,0,-29.17,58.33,11.67,70,33.32,58.33
2026-04,Kill Bill - Bill's Display (Straight Blade) Katana,Default Title,BS011024BIST,1,58.33,0,0,58.33,11.67,70,19.85,58.33
2026-04,HONSHU - KARITO TRAINING BATTLE AXE,Default Title,UC-UC3656,1,57.5,0,0,57.5,11.5,69,29.2,57.5
2026-04,Taiichi Samurai Display Katana,Default Title,HK1136-1,1,57.5,0,0,57.5,11.5,69,17.98,57.5
2026-04,Lord Of The Rings - Officially Licensed United Cutlery Rohan Banner,Default Title,UC-UC3675,1,57.5,0,0,57.5,11.5,69,39,57.5
2026-04,The Hobbit - Officially Licensed Gandalf's Pipe (functional),Default Title,NN1233,1,57.5,0,0,57.5,11.5,69,37.35,57.5
2026-04,Legend Of Zelda - Deluxe Master Sword (Cosplay Safe Foam),Default Title,FM249,2,58.33,-2.91,0,55.42,11.08,66.5,17.72,55.42
2026-04,Demon Slayer - Yoriichi Nichirin Katana - Cosplay Safe Wood,Default Title,WD084,2,55,0,0,55,5,60,25.58,55
2026-04,Genshin Impact - Kazuha Freedom Sworn Sword,Default Title,AM169,1,54.17,0,0,54.17,10.83,65,20.5,54.17
2026-04,"6 Cannon ""Pepperbox"" Revolver - London 1840 (Brass)",Default Title,G5071,1,54.17,0,0,54.17,10.83,65,37.05,54.17
2026-04,United Cutlery - HONSHU VIKING TRAINING SWORD,Default Title,UC-UC3657,1,57.5,-5.75,0,51.75,10.35,62.1,34.75,51.75
2026-04,Pirate Flintlock Pistol - 18th Century,Default Title,G1031/G,1,57.5,-5.75,0,51.75,10.35,62.1,36.53,51.75
2026-04,Halo - M6G Magnum Hang Gun (Cosplay Safe Foam),Default Title,FM223,3,50.01,0,0,50.01,9.99,60,18.3,50.01
2026-04,One Piece - Roronoa Zoro Display (Straight) Katana (Black),Default Title,BS111052,1,50,0,0,50,10,60,19.61,50
2026-04,Sting - Deluxe Version (Black),Default Title,BS010914,1,50,0,0,50,10,60,19,50
2026-04,High Fantasy Dragon Axe,Default Title,HK109007,1,50,0,0,50,10,60,24,50
2026-04,Demon Slayer - Kanao Tsuyuri Nichirin - Cosplay Safe Wood,Default Title,WD036,3,50,0,0,50,10,60,36,50
2026-04,Demon Slayer - Tanjiro Kamado Nichirin Katana - Cosplay Safe Foam,Default Title,BS210668-3,4,52.5,-2.5,0,50,7,57,40,50
2026-04,Kill La Kill - Ryuko Matoi's Rending Scissors (Metal),Default Title,AM151,1,49.17,0,0,49.17,9.83,59,20.52,49.17
2026-04,Vikings - Ragnar Lothbrok's Axe,Default Title,A,1,49.17,0,0,49.17,9.83,59,38,49.17
2026-04,Ragnar Lodbrok Viking Axe - Sweden 9th Century,Default Title,G605,1,49.17,0,0,49.17,9.83,59,29,49.17
2026-04,Katana Stand (Single),Default Title,BP011368,4,50,-1.25,0,48.75,9.75,58.5,24,48.75
2026-04,Loki - Laevateinn Dagger,Default Title,AM090,2,48.33,-2.41,0,45.92,9.18,55.1,24,45.92
2026-04,Jujutsu Kaisen - Itadori Yuji's Slaughter Demon,Default Title,BS111648,1,45.83,0,0,45.83,9.17,55,26.07,45.83
2026-04,Moon Knight - Crescent Dart - Full Metal (Bronze),Default Title,VX221794,1,45.83,0,0,45.83,9.17,55,19.12,45.83
2026-04,Jurassic Park - Mosquito In Amber Lamp,Default Title,LAMP010,1,49.99,-4.99,0,45,9,54,25,45
2026-04,Demon Slayer -  Tengen Uzui Nichirin - Cosplay Safe Wood,Default Title,WD025,2,41.67,0,0,41.67,8.33,50,25.58,41.67
2026-04,Demon Slayer - Mitsuri Kanroji Love Pink Nichirin Display (Straight Blade) Katana,Default Title,BS111056,1,41.67,0,0,41.67,8.33,50,17.36,41.67
2026-04,"Katana Collectable Box Set (20cm, Red)",Default Title,BS310945R,2,41.66,0,0,41.66,8.34,50,11.54,41.66
2026-04,Doom - Crucible Sword (Cosplay Safe Foam),Default Title,VX221154-F,2,41.66,0,0,41.66,8.34,50,13,41.66
2026-04,Lord Of The Rings - Gondor Sword Collectable (34cm),Default Title,VX221222,2,41.66,0,0,41.66,8.34,50,5.08,41.66
2026-04,Lord Of The Rings - Aragorn Anduril Sword (Cosplay/LARP Safe Foam),Default Title,FM034,2,41.66,0,0,41.66,8.34,50,12.78,41.66
2026-04,MARVEL DEADPOOL PREMIUM UMBRELLA,Default Title,PARP04,2,41.65,0,0,41.65,8.33,49.98,20.82,41.65
2026-04,Call Of Duty Vector Smg - Cosplay/Larp Safe Foam Gun,Default Title,BS111009,1,45.83,-4.58,0,41.25,8.25,49.5,21,41.25
2026-04,The Lord Of The Rings - The Staff Of Gandalf The Grey Candle Holder,Default Title,NN2267,1,40.83,0,0,40.83,8.17,49,31.45,40.83
2026-04,Knife Pistol - 18th Century,Default Title,G1204,1,40.83,0,0,40.83,8.17,49,26.4,40.83
2026-04,Medieval Waister Sword - Cosplay/Training Sword,Default Title,CS-92BKS,1,41.65,-4.15,0,37.5,7.5,45,24.87,37.5
2026-04,Hellsing - Pistol Pair Cassul & Jackal (Cosplay Safe Foam) Save £5,Default Title,FM247+248,1,75,0,-37.5,37.5,7.5,45,14,37.5
2026-04,Devil May Cry Red Queen - Cosplay/Larp Safe Foam Sword,Default Title,BS110822,1,37.5,0,0,37.5,7.5,45,18,37.5
2026-04,M-24 Stielhandgranate Stick Grenade - Germany WWI & WWII (Green),Default Title,G737V,1,37.5,0,0,37.5,7.5,45,21.6,37.5
2026-04,Harley Quinn - Good Night Baseball Bat,Default Title,BW310070,1,37.5,0,0,37.5,7.5,45,13.98,37.5
2026-04,Thor's Stormbreaker - Cosplay/Larp Safe Foam Axe,Default Title,BS110713-1,1,37.5,0,0,37.5,7.5,45,28.46,37.5
2026-04,Buffy The Vampire Slayer - Faith's Knife (Cosplay Safe Foam),Default Title,VX221126,3,37.5,-1.25,0,36.25,7.25,43.5,0,0
2026-04,"The Lord Of The Rings - Sting Collectible (28cm, Black)",Default Title,BS016127,2,33.34,0,0,33.34,6.66,40,9.18,33.34
2026-04,Sword Art Online - Kirito's Elucidator Letter Opener (30cm),Default Title,HK8471-1,2,33.34,0,0,33.34,6.66,40,13,33.34
2026-04,Game Of Thrones - Ned Stark's Ice Collectable (42cm),Default Title,BS016645,2,50.01,0,-16.67,33.34,6.66,40,11.9,33.34
2026-04,Demon Slayer - Kyojuro Rengoku Nichirin - Cosplay Safe Wood,Default Title,VX221241,1,33.33,0,0,33.33,6.67,40,12,33.33
2026-04,Mini Imperial Roman Helm w/stand,Default Title,AH3815.M,1,33.33,0,0,33.33,6.67,40,17.28,33.33
2026-04,Legend Of Zelda - Breath Of The Wild Bow - Cosplay Safe Foam,Default Title,FM119,1,33.33,0,0,33.33,6.67,40,14,33.33
2026-04,"The Witcher III Silver Sword - 15"" Collectable",Default Title,VX221819,1,33.33,0,0,33.33,6.67,40,12,33.33
2026-04,SET OF 4 SOUTH PARK MUGS,Default Title,STAZ005,1,33.32,0,0,33.32,6.67,39.99,16.66,33.32
2026-04,Stranger Things - Demogorgon Lamp,Default Title,LAMP020,1,33.32,0,0,33.32,6.67,39.99,0,0
2026-04,Harry Potter - Official Marauder's Map Case (Map Sold Separately),Default Title,NN7882,1,32.5,0,0,32.5,6.5,39,24.9,32.5
2026-04,Demon Slayer - Tanjiro Kamado Season 2 Collectable (40 cm),Default Title,LT010,2,33.33,-1.66,0,31.67,6.33,38,13,31.67
2026-04,Basic Katana Double Stand,Default Title,BP011362-2,2,33.33,-1.66,0,31.67,6.33,38,10,31.67
2026-04,The Lord Of The Rings - The One Ring (Costume),Default Title,NN0903,2,31.66,-1.58,0,30.08,6.02,36.1,20.38,30.08
2026-04,Hand Grenade Mk II Pineapple - USA WWII,Default Title,G738V,1,29.17,0,0,29.17,5.83,35,13.99,29.17
2026-04,AR-15 Assault Rifle (Cosplay Safe Foam),Default Title,FM052,1,29.17,0,0,29.17,5.83,35,9.32,29.17
2026-04,Star Wars – AT-AT Downed 3D Perpetual Calendar,Default Title,CP3D09,1,29.16,0,0,29.16,5.83,34.99,14.58,29.16
2026-04,Devil May Cry Rebellion - Cosplay/Larp Safe Foamsword,Default Title,HK0213F,1,27,0,0,27,0,27,11,27
2026-04,Basic Katana Stand (Matt Black),Default Title,BP011362-1,2,37.5,0,-11.25,26.25,5.25,31.5,0,0
2026-04,The Lord Of The Rings - Morghul Blade Letter Opener and Display Case,Default Title,NN1218,1,25,0,0,25,5,30,18.68,25
2026-04,Devil May Cry - Dante's Ebony (Foam),Default Title,FM138,1,50,0,-25,25,5,30,6,25
2026-04,Skyrim - Daedric Sword (Cosplay Safe Foam),Default Title,,1,25,0,0,25,5,30,8,25
2026-04,Devil May Cry - Dante's Ivory (Foam),Default Title,FM139,1,50,0,-25,25,5,30,6,25
2026-04,Bleach - Ichigo Zangetsu Katana Collectable (42Cm),Default Title,LT023,1,25,0,0,25,5,30,6.5,25
2026-04,THE WITCHER - Witcher TV Series Silver Sword Cosplay/LARP Safe Foam,Default Title,FM308,1,25,0,0,25,5,30,5.22,25
2026-04,Minecraft - Movie Sword (Cosplay Safe Foam),Default Title,VX221139,1,25,0,0,25,5,30,0,0
2026-04,The Witcher - Geralt Of Rivia's Steel Sword - Cosplay Safe Foam,Default Title,FM101,1,25,0,0,25,5,30,9,25
2026-04,Harry Potter Replica Professor Flitwick Enchanted Key,Default Title,THG-HP88,1,24.99,0,0,24.99,5,29.99,9.99,24.99
2026-04,The Lord Of The Rings - Officially Licensed Leaf Of Lothlorien Brooch (Costume),Default Title,NN9831,1,24.17,0,0,24.17,4.83,29,18.67,24.17
2026-04,The Hobbit - Smaug's Horde - Dwarven Treasure Presentation Coin Set,Default Title,NN6087,1,24.17,0,0,24.17,4.83,29,16.41,24.17
2026-04,Demon Slayer - Zenitsu Agatsuma Yellow Nichirin Katana With Sheath - Cosplay Safe Foam,Default Title,BS210668-6,2,25,-1.25,0,23.75,4.75,28.5,20,23.75
2026-04,Legend Of Zelda - Master Sword In Stone Letter Opener,Default Title,BS210368,2,25,-1.25,0,23.75,4.75,28.5,0,0
2026-04,Demon Slayer - Kyojuro Rengoku Nichirin Katana With Sheath - Cosplay Safe Foam,Default Title,BS210668-2,2,25,-1.25,0,23.75,4.75,28.5,20,23.75
2026-04,Halo Energy Sword - Cosplay/Larp Safe Foam,Default Title,BS310528,1,22.5,0,0,22.5,4.5,27,11,22.5
2026-04,Disney Mary Poppins - Officially Licensed Premium Umbrella,Default Title,PARP02,1,24.99,-2.49,0,22.5,4.5,27,12.5,22.5
2026-04,Legend Of Zelda - Master Sword Collectible 30cm,Default Title,BS210370,1,20.83,0,0,20.83,4.17,25,5.51,20.83
2026-04,Devil May Cry Rebellion - Cosplay Safe Foam,Default Title,HK0213F,1,20.83,0,0,20.83,4.17,25,8,20.83
2026-04,Ryoken Display (Blunt) Tanto (Blue),Default Title,BS310854BL,1,20.83,0,0,20.83,4.17,25,5.76,20.83
2026-04,Demon Slayer -  Sanemi Shinazugawa Green Nichirin - Cosplay Safe Wood,Default Title,VX221251,1,20.83,0,0,20.83,4.17,25,12.79,20.83
2026-04,Devil May Cry - Blue Rose Gun Of Nero (Cosplay Safe Foam),Default Title,FM140,1,20.83,0,0,20.83,4.17,25,7,20.83
2026-04,Naruto - Kunai Of Minato - Yondaime Kunai,Default Title,HK2765,1,20.83,0,0,20.83,4.17,25,7.61,20.83
2026-04,Demon Slayer - Mitsuri Konroji Nichirin - Cosplay Safe Wood,Default Title,WD032,1,20.83,0,0,20.83,4.17,25,12,20.83
2026-04,Power Rangers - Green Ranger Dagger (Cosplay Safe Foam),Default Title,FM169,1,20.83,0,0,20.83,4.17,25,6.62,20.83
2026-04,Ryoken Display (Blunt) Tanto (White),Default Title,BS310854WT,1,20.83,0,0,20.83,4.17,25,5.76,20.83
2026-04,Pirate Sword (Cosplay Safe Foam),Default Title,FM113,1,20.83,0,0,20.83,4.17,25,8.56,20.83
2026-04,One Piece - Roronoa Zoro's Sandai Kitetsu (Cosplay Safe Wood),Default Title,HK9413WD,1,20.83,0,0,20.83,4.17,25,12.79,20.83
2026-04,Jurassic Park - Officially Licensed 3D Gateway Photo Frame,Default Title,MF3D02,1,20.82,0,0,20.82,4.17,24.99,12.5,20.82
2026-04,Medieval Dagger - Cosplay/Training Knife,Default Title,CS-92RDAG,1,20.82,0,0,20.82,4.17,24.99,8,20.82
2026-04,Star Wars - Officially Licensed LED Neon Light,Default Title,PP13123SW,1,20.82,0,0,20.82,4.17,24.99,11.55,20.82
2026-04,ThunderCats 40th Anniversary Lion-O Coin,Default Title,Z-TC03,2,19.98,-0.99,0,18.99,3.8,22.79,10.98,18.99
2026-04,"Katana Collectable Box Set (20cm, Black)",Default Title,BS310945B,1,20.83,-2.08,0,18.75,3.75,22.5,5.77,18.75
2026-04,Harry Potter - Limited Edition Replica Hogwarts Express Train Ticket,Default Title,THG-HP64,1,20.82,-2.07,0,18.75,3.75,22.5,11.45,18.75
2026-04,Thundercats - Sword Of Omens Cosplay/Larp Safe Foam,Default Title,BS111043,1,20.83,-2.08,0,18.75,3.75,22.5,4.9,18.75
2026-04,Loki - Cosplay Loki Helmet,Default Title,FM091,1,20.83,-2.08,0,18.75,3.75,22.5,8,18.75
2026-04,"Genshin Impact - Sword Of Diluc, Wolf's Gravestone Cosplay Foam",Default Title,FM093,1,16.67,0,0,16.67,3.33,20,8.5,16.67
2026-04,"Claymore (Cosplay Safe Wood, Painted)",Default Title,BS112021,1,16.67,0,0,16.67,3.33,20,4.24,16.67
2026-04,Sword Art Online - Kirito Elucidator - Cosplay Safe Wood,Default Title,WD183,1,16.67,0,0,16.67,3.33,20,12.79,16.67
2026-04,Demon Slayer - Kyojuro Rengoku Nichirin Collectable (40cm),Default Title,LT006,1,16.67,0,0,16.67,3.33,20,3,16.67
2026-04,Metal Gear - Jetstream Sam Revengeance (Cosplay Safe Foam),Default Title,FM147,1,16.67,0,0,16.67,3.33,20,4.66,16.67
2026-04,Demon Slayer - Tanjiro Kamado Nichirin Katana Umbrella,Default Title,AM072-1,1,16.67,0,0,16.67,3.33,20,11,16.67
2026-04,Buffy The Vampire Slayer - Stake (Resin),Default Title,VX221684,2,36.67,-20,0,16.67,3.33,20,5.08,16.67
2026-04,Jujutsu Kaisen- Toji Inverted Spear Of Heaven (Cosplay Safe Wood),Default Title,VX221379,1,16.67,0,0,16.67,3.33,20,0,0
2026-04,"Viking 5 Lobe Sword (Cosplay Safe Wood, Painted)",Default Title,BS112017,1,16.67,0,0,16.67,3.33,20,4.05,16.67
2026-04,Wolverine - Claws - Cosplay Safe Foam,Pair £15,1897-PA,1,16.67,0,0,16.67,3.33,20,6,16.67
2026-04,Batman The Dark Knight- Limited Edition Joker Calling Card Ingot,Default Title,THG-DC63,1,16.66,0,0,16.66,3.33,19.99,9.16,16.66
2026-04,DC Comics -  Joker The Dark Knight TUBBZ (First Edition),Default Title,NS4993,1,16.66,0,0,16.66,3.33,19.99,14.12,16.66
2026-04,Minecraft - Officially Licensed Creeper Wall Mountable LED Neon Light,Default Title,PP14020MCFVN,1,16.66,0,0,16.66,3.33,19.99,10,16.66
2026-04,Stormtrooper Mask Light,Default Title,PP13340SW,1,16.66,0,0,16.66,3.33,19.99,8.75,16.66
2026-04,M9 Bayonet - Cosplay/Training Knife,Default Title,CS-92RBNT,1,16.66,0,0,16.66,3.33,19.99,7,16.66
2026-04,Balisong Trainer - Comb (Silver),Default Title,BF111490,2,16.66,0,0,16.66,3.34,20,4.2,16.66
2026-04,Batman - Officially Licensed Mask Light,Default Title,PP14324BM,1,16.66,0,0,16.66,3.33,19.99,8.75,16.66
2026-04,Dummy Rounds For Colt Single Action Army 6 Pack,Default Title,G50,2,16.65,0,0,16.65,3.33,19.98,2,16.65
2026-04,Harley Quinn - Psychotic Chick (Suicide Squad),Tee Ladies Fitted S,T0072-TE-1-1-1-1-1,1,15,0,0,15,3,18,8.5,15
2026-04,Jurassic Park - Limited Edition Mosquito in Amber Ingot,Default Title,UV-JP132,1,16.65,-1.65,0,15,3,18,9.16,15
2026-04,Bruce Lee Nunchucks (Gold),Default Title,BW010356,1,15,0,0,15,3,18,6,15
2026-04,Demon Slayer - Muichiro Tokito Nichirin Collectable (40cm),Default Title,VX221050,1,16.66,-1.66,0,15,3,18,3,15
2026-04,Aliens - Mostly...,Tee Ladies Fitted M,T1241-TE-1-1-1-1-1-1,1,15,0,0,15,3,18,8.5,15
2026-04,Harry Potter - Dumbledore's Army Collectible Ingot,Default Title,Z-HP82,1,16.65,-1.65,0,15,3,18,9.16,15
2026-04,Bruce Lee Nunchucks (Black),Default Title,BW010191,1,15,0,0,15,3,18,6,15
2026-04,Helmet Stand,Default Title,AH3813,1,16.66,-1.66,0,15,3,18,7.59,15
2026-04,Karambit - Cosplay/Training Knife,Default Title,CS-92R49,1,14.16,0,0,14.16,2.83,16.99,7,14.16
2026-04,Harry Potter - Luna Lovegood Exceptionally Ordinary,Purple / Tee X-Large,TEE251-PU-TE-1-1-1-1-1-1-1-1-1-1-1-1,1,15,-1.5,0,13.5,2.7,16.2,8.5,13.5
2026-04,Red Dead Redemption - Ball Tipped Sheriff Badge,Default Title,G106,2,13.31,-0.65,0,12.66,2.53,15.19,5.42,12.66
2026-04,Jujutsu Kaisen- Kento Nanami Cleaver (Cosplay Safe Wood),Default Title,VX221384,1,12.5,0,0,12.5,2.5,15,0,0
2026-04,Skyrim -  Dovahkiin TUBBZ (Boxed Edition),Default Title,NS4744,1,12.49,0,0,12.49,2.5,14.99,11.66,12.49
2026-04,Leatherneck Ka-Bar Style - Cosplay/Training Knife,Default Title,CS-92R39LSF,1,12.49,0,0,12.49,2.5,14.99,7,12.49
2026-04,Lord Of The Rings - Officially Licensed One Ring Keyring,Default Title,KRE09,1,11.99,0,0,11.99,0,11.99,6.25,11.99
2026-04,Demon Slayer - Tanjiro Kamado Season 2 Nichirin Katana With Sheath - Cosplay Safe Foam,Default Title,FM074,1,12.5,-1.25,0,11.25,2.25,13.5,10,11.25
2026-04,One Piece - Roronoa Zoro's Shusui Katana - Cosplay Safe Foam With Sheath,Default Title,BS310704,1,12.5,-1.25,0,11.25,2.25,13.5,10.17,11.25
2026-04,Star Wars - Officially Licensed R2-D2 3D Pen & Pencil Case,Default Title,MARE0342,1,9.99,0,0,9.99,2,11.99,6.66,9.99
2026-04,Jurassic Park - Velociraptor Claw Bottle Opener,Default Title,UV-JP101,1,10.82,-1.07,0,9.75,1.95,11.7,5.49,9.75
2026-04,Naruto - Yondaime Kunai Necklace (Gold Or Silver),Gold,2087-GO,1,8.33,0,0,8.33,1.67,10,2.18,8.33
2026-04,Demon Slayer - Tanjiro Kamado Nichirin Keyring/Keychain (22cm),Default Title,KW1001,1,8.32,0,0,8.32,1.67,9.99,3,8.32
2026-04,Minecraft - Officially Licensed Creeper Cushion 40cm,Default Title,C6231W2,1,8.32,0,0,8.32,1.67,9.99,0,0
2026-04,Star Wars - Officially Licensed C-3PO 3D Pen & Pencil Case,Default Title,MARE0341,1,8.32,0,0,8.32,1.67,9.99,6.66,8.32
2026-04,The Elder Scrolls IV: Oblivion Mehrunes' Razor Bottle Opener,Default Title,B-ELD18,1,8.32,0,0,8.32,1.67,9.99,5.49,8.32
2026-04,Lord Of The Rings - Anduril Collectable with Stand (26cm),Default Title,vx221237-1,1,7.49,0,0,7.49,1.5,8.99,1.64,7.49
2026-04,Star Wars - Officially Licensed The Mandalorian Magnetic Photo Frame,Default Title,MFIGE001,1,6.66,0,0,6.66,1.33,7.99,3.33,6.66
2026-04,The Lord Of The Rings - Officially Licensed Mini-Poster Set,Default Title,,1,6.66,0,0,6.66,1.33,7.99,0,0
2026-04,Minecraft Window Cling Decals,Default Title,PP13105MCF,1,4.15,-0.41,0,3.74,0.75,4.49,2.5,3.74
2026-04,Katana/Sword Floor Stand,Default Title,BP310044,0,33.33,-3.33,-30,0,0,0,0,0
2026-04,Lord Of The Rings - Deluxe Witch King Of Angmar Sword,Default Title,vx221047,0,125,0,-125,0,0,0,0,0
2026-04,"""Brown Bess"" Short Land Pattern Musket British Napoleonic War Rifle - England 1712",Default Title,G1054,0,182.5,0,-182.5,0,0,0,0,0
2026-04,Sir Wipealot 33cm,Default Title,D1801E5,0,66.64,0,-66.64,0,0,0,0,0
2026-04,"Deluxe ""Suteta Ken"" Clay Tempered Hand Forged Katana",Default Title,BS310365CT,0,182.5,0,-182.5,0,0,0,0,0
2026-04,Lord Of The Rings - Officially Licensed United Cutlery Anduril Scabbard,Default Title,UC-UC1396,0,216.62,0,-216.62,0,0,0,0,0
2026-04,Fate Stay Night - Excalibur Sword Of Saber,Default Title,BS310691,0,233.34,0,-233.34,0,0,0,0,0
2026-04,Demon Slayer - Tanjiro Kamado Nichirin Collectable (40 cm),Default Title,LT001,0,16.66,-1.66,-15,0,0,0,0,0
2026-04,DC Comics -  Batman The Dark Knight TUBBZ (First Edition),Default Title,NS4982,0,16.66,0,-16.66,0,0,0,0,0
2026-04,"""Mizuchi"" Full Tang 1065HCS Hand Forged Tanto",Default Title,T005,0,57.5,0,-57.5,0,0,0,0,0
2026-04,Kingston Arms Club Sport Federschwert – HEMA Sparring Longsword,Default Title,,0,232.5,0,-232.5,0,0,0,0,0
2026-04,Red Dead - Colt Single Action Army (Cosplay Safe Foam),Default Title,FM286,0,16.67,0,-16.67,0,0,0,0,0
2026-04,The Lord Of The Rings - Officially Licensed One Ring Lamp,Default Title,LAMP007,0,49.99,0,-49.99,0,0,0,0,0
2026-04,Shogun's Red Rage' Clay Tempered Katana,Default Title,BS310627K,0,374.17,0,-374.17,0,0,0,0,0
2026-04,Braveheart - William Wallace's Claymore,Default Title,VX221230,0,250,0,-250,0,0,0,0,0
2026-04,"Dragons of the Seven Kingdoms - Hinoiri Dragon Display Katana (Metal, Straight Blade)",Default Title,BS0151135-5,0,58.33,0,-58.33,0,0,0,0,0
2026-04,Shinrabasho' Hand Forged Katana,Default Title,BS310363,0,108.33,0,-108.33,0,0,0,0,0
2026-04,Jumanji - Official Collector Board Game Replica,Default Title,NN3531,0,112.5,0,-112.5,0,0,0,0,0
2026-04,Gladius - Cosplay/Trainer Sword,Default Title,CS-92BKGM,0,37.49,-3.74,-33.75,0,0,0,0,0
2026-04,Colt Calibre .45 'Cavalry' Single Action Army (Grey Finish),Default Title,G1191G,0,75,0,-75,0,0,0,0,0
2026-04,Bleach - Ichigo's Katana - Zangetsu Bankai (Cosplay Safe Foam),Default Title,FM158,0,15.83,-1.58,-15.83,-1.58,-0.32,-1.9,0,-1.58
2026-04,Black Dragon Display (Straight) Katana Triple Set,Default Title,29152bl-c,0,82.5,-8.25,-82.5,-8.25,-1.65,-9.9,0,-8.25
2026-04,The Lord Of The Rings - Officially Licensed One Ring Travel Journal,Default Title,CTBV015,-1,0,0,-9,-9,-1.8,-10.8,-5,-9
2026-04,Norse Raven Torc Bracelet,Default Title,BG011642,-1,0,0,-12.5,-12.5,-2.5,-15,-2.36,-12.5
2026-04,Supernatural - The Colt (Cosplay Safe Foam),Default Title,FM246,-1,0,0,-20.83,-20.83,-4.17,-25,-2.96,-20.83
2026-04,Supernatural - Impala Trunk Knife,Default Title,HK2022,-3,0,0,-75,-75,-15,-90,-18,-75
2026-04,Assassin's Creed Shadows - Official Naoe Hidden Blade Lifesize Replica,Default Title,PA032AC,-1,231.66,0,-347.49,-115.83,-23.17,-139,-52.3,-115.83
2026-04,A Knight's Tale - Ulrich's Helm,Default Title,AH6387,-1,0,0,-150,-150,-30,-180,-70.83,-150
2026-05,The Lord Of The Rings - Deluxe Anduril With Display Plaque & Scabbard,Default Title,VX221044-NS,27,4050,-75,0,3975,795,4770,1651.14,3975
2026-05,Masters Of The Universe - He-Man Power Sword (2026),Default Title,VX221214,16,3562.5,-37.5,-543.75,2981.25,596.25,3577.5,735.04,2981.25
2026-05,Lord Of The Rings - United Cutlery Officially Licensed Museum Collection Anduril,Default Title,UC-UC3516,5,2870.85,0,0,2870.85,574.15,3445,1909.15,2870.85
2026-05,Ghost Of Tsushima - Jin Sakai Storm Hand Forged Clay Tempered Katana,Default Title,VX221717-L-CT,15,2600,0,-162.5,2437.5,487.5,2925,445.35,2437.5
2026-05,Lord Of The Rings - Officially Licensed United Cutlery Anduril Sword of Aragorn,Default Title,UC-UC1380,8,2126.64,0,0,2126.64,425.36,2552,1333.12,2126.64
2026-05,,,,17,2177.46,-12.4,-139.96,2025.1,1300.54,8558.8,396.01,1172.57
2026-05,The Bastard Snow - Sword Including Plaque and Scabbard,Default Title,JOT5909M,13,1614.2,-12.41,0,1601.79,320.31,1922.1,396.5,1601.79
2026-05,"LORD OF THE RINGS - NEW! Superior Anduril, The Sword Reforged with Scabbard and Plaque",Default Title,VX221039,10,1824.13,-66.32,-165.83,1591.98,318.42,1910.4,419.9,1591.98
2026-05,The Walking Dead - Michonne Hand Forged Clay Tempered Katana,Default Title,VX221594,10,1625,-65,0,1560,312,1872,625.7,1560
2026-05,Supernatural - Deluxe Angel Blade,Default Title,HK8445,24,1399.92,-17.49,0,1382.43,276.57,1659,620.64,1382.43
2026-05,James Bond Walther PPK With Silencer,Default Title,G1311,14,1500,-60,-100,1340,268,1608,868.14,1340
2026-05,"""Flower Of Fiji"" Samurai Master Katana",Default Title,BS310172,1,1249.17,0,0,1249.17,249.83,1499,462.52,1249.17
2026-05,"Kill Bill - Deluxe ""The Bride"" (Uma Thurman) Hatori Hanzo Hand Forged Katana In Clay Tempered HCS",Default Title,bs011024-brideCT,6,1144.98,0,0,1144.98,229.02,1374,280.2,1144.98
2026-05,The Bastard Snow's Sword - Hand Forged Folded Steel (Damascus),Default Title,JOT5909FD,7,1137.5,0,0,1137.5,227.5,1365,527.45,1137.5
2026-05,Lord Of The Rings - Officially Licensed United Cutlery Anduril Scabbard,Default Title,UC-UC1396,5,1083.1,0,0,1083.1,216.65,1299.75,714.05,1083.1
2026-05,"Lord Of The Rings - Anduril, The Sword Reforged Display Scale (118cm)",Default Title,VX221044-3,11,1090.86,-9.91,0,1080.95,216.15,1297.1,186.56,1080.95
2026-05,Devil May Cry 5 - Dante's Rebellion (Silver),Default Title,HK0214,9,1117.5,-37.23,0,1080.27,216.03,1296.3,362.97,1080.27
2026-05,Lord Of The Rings - United Cutlery Officially Licensed Glamdring,Default Title,UC-UC1265,4,1370.84,-27.41,-274.17,1069.26,213.84,1283.1,696.24,1069.26
2026-05,"The Last Kingdom - Uhtred ""Serpents Breath"" Sword",Default Title,VX221682-2,10,1083.3,-21.66,0,1061.64,212.36,1274,390,1061.64
2026-05,Thundercats - Deluxe Sword Of Omens,Default Title,HK8896,9,1042.47,-34.74,0,1007.73,201.57,1209.3,289.8,1007.73
2026-05,Assassin's Creed Black Flag Resynced - Official Edward Kenway Hidden Blade Lifesize Replica,Default Title,,10,991.67,-28.15,0,963.52,192.68,1156.2,523,963.52
2026-05,Rick's Colt Python - The Walking Dead,Default Title,G6304,10,991.66,-39.64,0,952.02,190.38,1142.4,591.8,952.02
2026-05,Supernatural - The Colt,Default Title,VX221106,14,1133.38,0,-200.01,933.37,186.63,1120,357,933.37
2026-05,God Of War - Deluxe Ragnarok Chaos Blades,Default Title,MS036,6,925.02,0,0,925.02,184.98,1110,309.9,925.02
2026-05,Star Trek - Deluxe Klingon Bat'Leth,Default Title,VX221440,7,875,-37.5,0,837.5,167.5,1005,336,837.5
2026-05,Call Of Duty - Mauser 98K (Kar98k) Carbine Rifle - Germany 1935,Default Title,G1146C,4,833.33,0,0,833.33,166.67,1000,497.44,833.33
2026-05,Elden Ring Dark Moon Greatsword,Default Title,BS111760,4,1037.5,0,-207.5,830,166,996,507.68,830
2026-05,The Hobbit - United Cutlery Officially Licensed Staff of Gandalf Gray with Pipe and Display,Default Title,UC3108,3,797.49,0,0,797.49,159.51,957,0,0
2026-05,"M1911A1 Colt ""Government"" Us Service Pistol (Black/Wood))",Default Title,G9312,8,800,-30,0,770,154,924,577.92,770
2026-05,"Browning ""High Power"" Hp35 - British Army Service Pistol 1935-2013",Default Title,G1235,7,866.64,0,-108.33,758.31,151.69,910,428.75,758.31
2026-05,Frankie Reborn - Sideshow Statue By Olivia De Beradinis,Default Title,SS300768,1,1498.34,0,-749.17,749.17,149.83,899,558,749.17
2026-05,"Shin Gunto Second World War Officer's Katana - Handforged, Clay Tempered HCS",Default Title,BS310371-1,3,747.5,-24.91,0,722.59,144.51,867.1,272.79,722.59
2026-05,Assassin's Creed Shadows - Official Naoe Hidden Blade Lifesize Replica,Default Title,PA032AC,6,694.98,0,0,694.98,139.02,834,313.8,694.98
2026-05,LORD OF THE RINGS - NEW AND IMPROVED Deluxe King Theoden's Herugrim Sword,Default Title,vx221084,7,694.19,0,0,694.19,138.81,833,168,694.19
2026-05,World of Warcraft - Epic Edition Frostmourne,Default Title,VX221086,3,687.51,0,0,687.51,137.49,825,478.86,687.51
2026-05,"Jujutsu Kaisen - Deluxe Inverted Spear of Heaven, Cursed Dagger From Fushiguro Toji",Default Title,AM210,10,658.3,-3.29,0,655.01,131.04,786.05,363.8,655.01
2026-05,Ghost Of Tsushima - Jin Sakai Display Katana,Default Title,VX221713-1,10,666.68,-13.32,0,653.36,130.64,784,118.5,653.36
2026-05,Colt Army Model 1860 USA Civil War 1860 - Clint Eastwood,Default Title,G1007/L,8,633.35,-7.91,0,625.44,125.06,750.5,428.64,625.44
2026-05,Transformers - Optimus Prime's Sword Of The Primus,Default Title,BS016754,3,624.99,0,0,624.99,125.01,750,240,624.99
2026-05,Lee-Enfield Smle Rifle - British 1907,Default Title,G1090,3,624.99,0,0,624.99,125.01,750,526.5,624.99
2026-05,Legend Of Zelda - Deluxe Master Sword,Default Title,BS310223,6,645,-21.5,0,623.5,124.7,748.2,216,623.5
2026-05,Legends Of Zelda - NEW Ultimate Edition Master Sword,Default Title,VX221076,3,622.5,0,0,622.5,124.5,747,186.42,622.5
2026-05,House Of The Dragon - Officially Licensed Valyrian Steel Dark Sister Sword Of Daemon Targaryen,Default Title,VS-VS0128,2,598.33,-29.91,0,568.42,113.68,682.1,412.5,568.42
2026-05,CALL OF DUTY - German WWII MP40 Sub-Machine Gun 1940,Default Title,G1111C,3,587.49,-19.58,0,567.91,113.59,681.5,333.69,567.91
2026-05,DEADPOOL - Gold Desert Eagle,Default Title,G1123/L,7,577.5,-16.5,0,561,112.2,673.2,431.06,561
2026-05,Lord Of The Rings - United Cutlery Officially Licensed Glamdring Scabbard Blue,Default Title,UC-UC1417BL,3,572.49,-19.08,0,553.41,110.69,664.1,387.39,553.41
2026-05,"The Lord Of The Rings - Deluxe Sting (80cm, W/ Display Plaque)",Default Title,VX221042,6,550.02,0,0,550.02,109.98,660,186,550.02
2026-05,"""Brown Bess"" Short Land Pattern Musket British Napoleonic War Rifle - England 1712",Default Title,G1054,3,547.5,0,0,547.5,109.5,657,330.3,547.5
2026-05,Lord Of The Rings - United Cutlery Officially Licensed Sword of Eowyn,Default Title,UC-UC1423,2,575,-28.74,0,546.26,109.25,655.51,373.64,546.26
2026-05,Final Fantasy VII - Cloud's Strife Buster Sword,Default Title,VX221043,3,562.5,-18.75,0,543.75,108.75,652.5,276.56,543.75
2026-05,Colt 'Wolfsbane' Single Action Army,Default Title,M-1280/L,9,535,0,0,535,107,642,400.05,535
2026-05,House Of The Dragon  - Daemon Targaryen Dark Sister with Plaque and Scabbard,Default Title,VX221112,4,530,0,0,530,106,636,98,530
2026-05,Ghost Of Tsushima - Jin Sakai Display Katana (Black),Default Title,BS310811,8,533.34,-13.32,0,520.02,103.98,624,178.32,520.02
2026-05,Shinrabasho' Hand Forged Katana,Default Title,BS310363,5,541.65,-32.49,0,509.16,101.84,611,265,509.16
2026-05,Assassin's Creed - Sword Of Altair,Default Title,BS015335,5,500,0,0,500,100,600,155,500
2026-05,The Lord Of The Rings - Deluxe Legolas' Twin Daggers,Default Title,JOT047A,4,500,0,0,500,100,600,142.16,500
2026-05,"M1911A1 Colt ""Military"" USA Service Pistol ""Battleworn Edition""",Default Title,G2312,5,500,-10,0,490,98,588,361.2,490
2026-05,Legend Of Zelda - Deluxe Hylian Shield (Full Metal),Default Title,VX221048,3,487.5,0,0,487.5,97.5,585,307.29,487.5
2026-05,God Of War - Ragnarok Leviathan Axe with Glow In The Dark Runes,Default Title,AM224,3,487.5,0,0,487.5,97.5,585,471.45,487.5
2026-05,Assassin's Creed Black Flag Resynced - Official Animus Edward Kenway 1:8 Scale Statue,Default Title,,5,495.84,-9.91,0,485.93,97.17,583.1,261.5,485.93
2026-05,The Last Samurai - Clay Tempered Nathan Algren's Hand Forged Katana,Default Title,BS015224CT,3,497.49,-16.58,0,480.91,96.19,577.1,187.56,480.91
2026-05,"Webley Mk IV - Indiana Jones, Torchwood, Peaky Blinders",Default Title,G1119,7,495.81,-28.32,0,467.49,93.51,561,293.23,467.49
2026-05,Conan The Barbarian / Stranger Things - Atlantean Sword,Default Title,BS014659,4,466.68,0,0,466.68,93.32,560,208,466.68
2026-05,Supernatural - Deluxe Ruby's Demon Killing Blade,Default Title,HK8513A,9,500,0,-45,455,91,546,121.5,455
2026-05,Thundercats - Sword Of Omens Dagger Eye Of Thundera,Default Title,AM140-1,11,458.34,-12.48,0,445.86,89.14,535,131.67,445.86
2026-05,Highlander - Deluxe Clan Macleod Claymore,Default Title,BS012637,4,583.33,-23.32,-116.67,443.34,88.66,532,94.96,443.34
2026-05,CALL OF DUTY - German WWII Sturmgewehr STG44 Assault Rifle 1943,Default Title,G1125/C,2,466.66,-23.33,0,443.33,88.67,532,296.94,443.33
2026-05,"Colt ""Oakley Quickdraw"" Single Action Army 5.5"" (Nickel)",Default Title,G1106/NQ,6,450,-7.5,0,442.5,88.5,531,242.46,442.5
2026-05,One Piece - Roronoa Zoro Display (Straight) Katana Enma,Default Title,BS310702,7,533.31,-33.3,-60,440.01,87.99,528,104.79,440.01
2026-05,CALL OF DUTY - USSR WWII PPSH-41 Submachine Gun 1941,Default Title,G9301,2,425,0,0,425,85,510,297.94,425
2026-05,"Thor’s Stormbreaker - Full Size, Metal Stormbreaker",Default Title,BS110890,1,415.83,0,0,415.83,83.17,499,339.96,415.83
2026-05,AKS47 - Kalashnikov Skladnoy With Folding Stock,Default Title,G1097,2,415,0,0,415,83,498,322.2,415
2026-05,Highlander - Kurgan's Sword (Full Metal),Default Title,BS310522,3,412.5,0,0,412.5,82.5,495,99.81,412.5
2026-05,Lord Of The Rings - United Cutlery Officially Licensed Mace Of Sauron Red Eye Edition,Default Title,UC-UC3520,1,407.5,0,0,407.5,81.5,489,269.19,407.5
2026-05,Buffy Slayer Scythe,Default Title,HK8761,4,400,0,0,400,80,480,116,400
2026-05,Musketeer Rapier - 18th Century Europe,Default Title,HK5921,4,396.68,0,0,396.68,79.32,476,0,0
2026-05,CALL OF DUTY - German WWII MG34 Machine Gun 1934 with Gunsight and Sling,Default Title,G9317,1,395.83,0,0,395.83,79.17,475,265.39,395.83
2026-05,Lord Of The Rings - United Cutlery Officially Licensed High Elven Helm (Limited Edition),Default Title,UC-UC1382,1,391.66,0,0,391.66,78.33,469.99,249.71,391.66
2026-05,"The Hobbit - Sting (Brown Scabbard, 70cm)",Default Title,HK750L,8,393.35,-4.91,0,388.44,77.66,466.1,112,388.44
2026-05,Lord Of The Rings - Deluxe Anduril With Display Plaque,Default Title,VX221044-S,3,399.99,-13.33,0,386.66,77.34,464,126,386.66
2026-05,Kill Bill - Deluxe Bill's (David Carradine) Hattori Hanzo Hand Forged Katana In Clay Tempered HCS,Default Title,BS011024-BILLCT,2,381.66,0,0,381.66,76.34,458,115.82,381.66
2026-05,"M1911A1 Colt ""Government"" Us Service Pistol (Nickel Finish)",Default Title,G6312,4,400,-20,0,380,76,456,288.96,380
2026-05,"The Lord Of The Rings - Handforged Folded Steel ""Damascus"" Deluxe Anduril",Default Title,JOT033HF,2,375,0,0,375,75,450,145.5,375
2026-05,"Shaun Of The Dead - Winchester ""Yellowboy""  Carbine Rifle",Default Title,G1140L,2,375,0,0,375,75,450,248.54,375
2026-05,Final Fantasy VIII - NEW Superior Squall Gunblade,Default Title,VX221148,3,375,0,0,375,75,450,111,375
2026-05,Lord Of The Rings - Deluxe Witch King Of Angmar Sword,Default Title,vx221047,3,375,0,0,375,75,450,97.5,375
2026-05,The Hobbit - Official Weta Workshop The Desolation of Smaug Bust,Default Title,,1,374.17,0,0,374.17,74.83,449,0,0
2026-05,Devil May Cry - Dante's Rebellion (Silver),Default Title,HK0213,3,372.51,0,0,372.51,74.49,447,120.99,372.51
2026-05,Parabellum Luger P08 Pistol (Battleworn Edition) - Germany WWII,Default Title,G2143,4,366.68,0,0,366.68,73.32,440,259.04,366.68
2026-05,Cavalier Rapier,Default Title,CS-88FCR,1,365.83,0,0,365.83,73.17,439,241.34,365.83
2026-05,EVIL DEAD: ARMY OF DARKNESS - Officially Licensed 1:1 Ash's Chainsaw Replica,Default Title,,3,362.49,0,0,362.49,72.51,435,186,362.49
2026-05,"Mauser C96 ""Broomhandle"" Pistol with Removable Stock Holster",Default Title,G1025,3,483.32,0,-120.83,362.49,72.51,435,149.82,362.49
2026-05,The Hobbit - Sting With Scabbard And Display Plaque (70cm),Default Title,VX221040,6,366.65,-5.83,0,360.82,72.18,433,84,360.82
2026-05,Colt 'Quickdraw' Single Action Army,Default Title,G1106/G,5,450,-15,-75,360,72,432,221.65,360
2026-05,The Witcher III - Geralt's Steel Sword (Wolf Pommel),Default Title,BS110616,4,363.32,-9.08,0,354.24,70.86,425.1,110,354.24
2026-05,The Witcher III - Geralt's Silver Sword,Default Title,BS110617,3,350.01,0,0,350.01,69.99,420,82.44,350.01
2026-05,Lord Of The Rings - Sauron's Helmet (Resin),Default Title,BG011954,3,350.01,0,0,350.01,69.99,420,179.31,350.01
2026-05,The Witcher III - Deluxe Ciri Sword,Default Title,,3,500,-25,-125,350,70,420,121.62,350
2026-05,"""Koyo"" Clay Tempered Hand Forged Katana",Default Title,BS111055CT,2,356.66,-21.58,0,335.08,67.02,402.1,87.16,335.08
2026-05,"""Shibui"" 1095 Golden Damascus Steel Clay Tempered Katana",Default Title,BS111133,1,332.5,0,0,332.5,66.5,399,91.74,332.5
2026-05,"""Warrior's Demise"" 1095 Clay Tempered Katana",Default Title,BS310158CT,1,332.5,0,0,332.5,66.5,399,61.07,332.5
2026-05,Dark Souls - Great Sword Of Artorias (140cm Deluxe Edition),Default Title,VX221075-L,2,331.66,0,0,331.66,66.34,398,73.92,331.66
2026-05,"Deluxe ""Warrior's Rage"" (Red) Hand Forged Katana In Clay Tempered 1060 HCS",Default Title,BS310161RCT,2,331.66,0,0,331.66,66.34,398,188,331.66
2026-05,Colt Navy Civil War Revolver 1851 (Pearl),Default Title,G6040,4,330,0,0,330,66,396,197.56,330
2026-05,Red Dead Redemption - Colt Navy (Bronze),Default Title,BG010131,9,337.5,-7.5,0,330,66,396,144,330
2026-05,Devil May Cry 5 - Vergil's Yamato Display (Straight Blade) Katana,Default Title,VX221228,5,333.34,-6.66,0,326.68,65.32,392,52.75,326.68
2026-05,Demon Slayer - Inosuke Hashibara Nichirin Blade Display (Straight Blade) Katana,Default Title,BS111081-SI,5,333.33,-6.66,0,326.67,65.33,392,86.8,326.67
2026-05,Beretta 92 / Us Military M9,Default Title,G1254,3,324.99,0,0,324.99,65.01,390,237.39,324.99
2026-05,The Witcher III - Geralt's Steel Sword (Mace Pommel),Default Title,BS110614,3,324.99,0,0,324.99,65.01,390,106.5,324.99
2026-05,Lord Of The Rings - Arwen Evenstar Sterling Silver and Swarovski Crystal Pendant,Default Title,NN2770,3,324.99,0,0,324.99,65.01,390,225.75,324.99
2026-05,The Walking Dead - Michonne Display Katana,Default Title,BS015963SS,5,333.32,-19.98,0,313.34,62.66,376,110,313.34
2026-05,"USA WWII M3 ""Grease Gun"" Smg",Default Title,G1313,2,325,-16.25,0,308.75,61.75,370.5,202.46,308.75
2026-05,Harry Potter - Officially Licensed Godric Gryffindor Sword,Default Title,NN7198,2,308.34,0,0,308.34,61.66,370,241.86,308.34
2026-05,Klingon D'k Tagh,Default Title,HK808,8,300,0,0,300,60,360,134.56,300
2026-05,The Witcher - Hand Forged Silver & Steel Damascus Combo Special Offer Save £50,Damascus Silver & Bell Pommel Steel Sword,HK9320COMBO-DA-1,1,332.5,-33.25,0,299.25,59.85,359.1,236,299.25
2026-05,Game Of Thrones - Officially Licensed Valyrian Steel Night's Watch Dragonglass Dagger Set,Default Title,VS-VS0006,1,299.17,0,0,299.17,59.83,359,206.04,299.17
2026-05,"Deluxe ""Righteous Dragon"" Hand Forged Wakizashi In Clay Tempered 1095 HCS",Default Title,BS310133WCT,2,298.34,0,0,298.34,59.66,358,124.96,298.34
2026-05,Red Dead Redemption - Colt Navy (Gunmetal Grey),Default Title,BG010131-2,8,300,-3.75,0,296.25,59.25,355.5,128,296.25
2026-05,English Back Sword,Default Title,CS-88SEB,1,290.83,0,0,290.83,58.17,349,193.06,290.83
2026-05,The Hobbit - United Cutlery Officially Licensed Regal Sword Thorin Oakenshield And Display (Resin),Default Title,UC3106,1,290.83,0,0,290.83,58.17,349,0,0
2026-05,Lord Of The Rings - Officially Licensed United Cutlery Hadhafang Sword,Default Title,UC-UC1298,1,290.83,0,0,290.83,58.17,349,178.28,290.83
2026-05,Attack On Titan VME Sword (Silver Blade),Default Title,HK8265,3,300,-10,0,290,58,348,66.39,290
2026-05,"M1911A1 Colt ""Military"" USA Service Pistol (Black/Black)",Default Title,G1312,3,300,-10,0,290,58,348,216.72,290
2026-05,"""Mizuchi"" Full Tang 1065HCS Hand Forged Tanto",Default Title,T005,5,287.5,0,0,287.5,57.5,345,180.9,287.5
2026-05,Lord Of The Rings - United Cutlery Officially Licensed King Theoden Herugrim Sword,Default Title,UC-UC1370ABNB,1,287.5,0,0,287.5,57.5,345,174.08,287.5
2026-05,Assassin's Creed  - Short Sword of Altair,Default Title,HK8215,7,285.81,0,0,285.81,57.19,343,122.5,285.81
2026-05,The Last Kingdom – Officially Licensed Valyrian Steel Serpent Breath Sword of Uhtred,Default Title,VS-LK0001,1,282.5,0,0,282.5,56.5,339,185.63,282.5
2026-05,"Mare's Leg Carbine - Firefly/Serenity, Zombieland (Black Edition)",Default Title,G2095,2,281.66,0,0,281.66,56.34,338,162.28,281.66
2026-05,The Hobbit - Officially Licensed United Cutlery Sword Of Thranduil,Default Title,UC-UC3042,1,274.17,0,0,274.17,54.83,329,156.73,274.17
2026-05,Kingdom Hearts - Kingdom Key,Default Title,BS014612,6,274.98,-4.58,0,270.4,54.1,324.5,120,270.4
2026-05,House Of The Dragon - Officially Licensed Valyrian Steel Blackfyre Sword of Aegon the Conqueror,Default Title,VS-VS0008,1,299.16,-29.91,0,269.25,53.85,323.1,206.25,269.25
2026-05,One Piece - Roronoa Zoro's Sandai Kitetsu Display (Straight Blade) Katana,Default Title,HK9413,5,291.65,-23.32,0,268.33,53.67,322,54.8,268.33
2026-05,Highlander - Connor Macleod Display (Straight Blade) Katana,Default Title,BS111044,4,266.68,0,0,266.68,53.32,320,42.48,266.68
2026-05,King Arthur's Exaclibur (Gold),Default Title,BS015281G,3,275,-9.16,0,265.84,53.16,319,75.81,265.84
2026-05,"Deluxe ""Righteous Dragon"" Hand Forged Tanto In Clay Tempered 1095 HCS",Default Title,BS310133TCT,2,265,0,0,265,53,318,130.2,265
2026-05,Ghost Of Tsushima - Handforged Tanto,Default Title,Tanto-10,4,264.16,0,0,264.16,52.84,317,102,264.16
2026-05,Lord Of The Rings - United Cutlery Officially Licensed Witch King Sword,Default Title,UC-UC1266,1,291.65,-29.15,0,262.5,52.5,315,189.9,262.5
2026-05,Tzss Cosplay Horde Membership,Default Title,,32,266.56,-4.15,0,262.41,52.59,315,0,0
2026-05,Lord Of The Rings - Officially Licensed United Cutlery Strider Ranger Sword,Default Title,UC-UC1299,1,290.83,-29.08,0,261.75,52.35,314.1,165.44,261.75
2026-05,Talwar - Improved Handle,Default Title,CS-88EITB,1,290.83,-29.08,0,261.75,52.35,314.1,193.06,261.75
2026-05,Lord Of The Rings - Officially Licensed United Cutlery Boromir's Sword,Default Title,UC-UC1400,1,282.5,-28.25,0,254.25,50.85,305.1,182.69,254.25
2026-05,Lord Of The Rings - Deluxe Gandalf's Glamdring Sword,Default Title,JOT096C,2,250,0,0,250,50,300,58.04,250
2026-05,Walther P38 - Germany 1938,Default Title,G1081,5,248.13,0,0,248.13,49.62,297.75,218.75,248.13
2026-05,1869 Smith & Wesson Schofield 6 Shot Revolver In Black & Solid Brass,Default Title,G1008L,3,247.5,0,0,247.5,49.5,297,143.37,247.5
2026-05,Devil May Cry 3 - Vergil's Yamato Display (Straight Blade) Katana,Default Title,HK9429-1,5,245.85,0,0,245.85,49.15,295,52.75,245.85
2026-05,"Call Of Duty - AK47 ""Achievment Unlocked"" Gold Edition",Default Title,G1086L,1,245.83,0,0,245.83,49.17,295,192.02,245.83
2026-05,LAST ONE!!!! - CHRISTOPHER LAMBERT AUTOGRAPHED & QUOTED Highlander - Deluxe Clan Macleod Claymore,Default Title,,1,245.83,0,0,245.83,49.17,295,23.74,245.83
2026-05,Honshu Historic Forge - Viking Sword,Default Title,UC-UC3633,1,270.83,-27.08,0,243.75,48.75,292.5,183.74,243.75
2026-05,Honshu Historic Forge Knights Templar Sword,Default Title,UC-UC3559,1,270.83,-27.08,0,243.75,48.75,292.5,183.33,243.75
2026-05,Tommy Gun - M1 Submachine Gun,Default Title,G1092,1,481.66,-24.08,-216.75,240.83,48.17,289,153.44,240.83
2026-05,Once Upon A Time - Rumplestiltskin's Dark One Dagger,Default Title,AM030,5,250,-10,0,240,48,288,77.5,240
2026-05,Lord Of The Rings - Officially Licensed United Cutlery Gandalf Moria Staff,Default Title,UC-UC3328,1,265.83,-26.58,0,239.25,47.85,287.1,156.46,239.25
2026-05,Assassin's Creed Odyssey - Leonidas' Spear,Default Title,BS110866,3,237.51,0,0,237.51,47.49,285,127.59,237.51
2026-05,Chinese Dragon Emperor Sword (Full Metal),Default Title,CHS031R,3,237.51,0,0,237.51,47.49,285,72.09,237.51
2026-05,Honshu Historic Forge - Midnight Single Hand Sword,Default Title,UC-UC3475,1,237.5,0,0,237.5,47.5,285,159.97,237.5
2026-05,Witcher IV - Ciri's Sword,Default Title,VX221107,2,250,-12.5,0,237.5,47.5,285,0,0
2026-05,THE WITCHER - Deluxe Geralt's Silver Sword TV Show Version,Default Title,MS019,2,248.33,-12.41,0,235.92,47.18,283.1,88,235.92
2026-05,Gremlins 2: The New Batch - Official Life Size Gizmo Prop Replica from Trick Or Treat Studios,Default Title,RLWB109,2,231.66,0,0,231.66,46.34,278,155.88,231.66
2026-05,Kill Bill - The Bride's Display (Straight Blade) Katana,Default Title,BS011024BRST,4,233.32,-5.83,0,227.49,45.51,273,84,227.49
2026-05,Aragorn's Angrist Elven Blade (Black),Default Title,BS011221,9,225,-2.5,0,222.5,44.5,267,81,222.5
2026-05,Fate Stay Night - Black Excalibur Morgan - Sword Of Saber,Default Title,BS111101,2,233.33,-11.66,0,221.67,44.33,266,74,221.67
2026-05,Conan The Barbarian - Father's Sword,Default Title,VX221744,2,233.33,-11.66,0,221.67,44.33,266,80,221.67
2026-05,"Lord Of The Rings - Officially Licensed United Cutlery Angrist, Elven Knife Of Strider",Default Title,UC-UC1371,1,245.83,-24.58,0,221.25,44.25,265.5,138.2,221.25
2026-05,"Deluxe ""Warrior's Rage"" (Blue) Hand Forged Katana In Clay Tempered 1060 HCS",Default Title,BS310161BLCT,1,207.5,0,0,207.5,41.5,249,45.23,207.5
2026-05,"M1 Garand USA WWII 1932 ""Battleworn Edition""",Default Title,G2105,1,207.5,0,0,207.5,41.5,249,158.84,207.5
2026-05,"Deluxe ""Righteous Dragon"" Hand Forged Katana In Clay Tempered 1095 HCS",Default Title,BS310133KCT,1,207.5,0,0,207.5,41.5,249,65.14,207.5
2026-05,Knife Pistol - 18th Century,Default Title,G1204,5,204.16,0,0,204.16,40.84,245,132,204.16
2026-05,One Piece  - Luffy Nidail Kitetsu Display (Straight) Katana,Default Title,BS310684,3,200.01,0,0,200.01,39.99,240,54,200.01
2026-05,"Ghost Of Tsushima - Jin Sakai ""Storm"" Display (Straight Blade) Katana",Default Title,BS310907,3,200.01,0,0,200.01,39.99,240,35.55,200.01
2026-05,Model 1873 Repeating Rifle - Simulated Loading and Shell Ejection,Default Title,G8318,1,200,0,0,200,40,240,124.27,200
2026-05,Final Fantasy VIII - Squall Gunblade,Default Title,SW771,2,200,0,0,200,40,240,74,200
2026-05,GLADIATOR - Maximus' Twin Spatha/Gladius,Default Title,HK8737,2,200,0,0,200,40,240,26.62,200
2026-05,Officially Licensed Valyrian Steel King Viserys and Arya's Blade,Default Title,VS-VS0118,1,220.83,-22.08,0,198.75,39.75,238.5,167.06,198.75
2026-05,Frieren Beyond Journey's End - Frieren Staff (150cm),Default Title,VX221221,2,208.33,-10.41,0,197.92,39.58,237.5,54.12,197.92
2026-05,Game of Thrones/House Of The Dragon - King Viserys' Valeryian Steel Dagger and Arya's Catspaw,Default Title,HK8764GS,3,197.49,0,0,197.49,39.51,237,42,197.49
2026-05,Naval cannon England 18th Century,Default Title,G407,6,195,0,0,195,39,234,103.8,195
2026-05,Ghost of Yotei - Gilded Night Display (Straight) Katana,Default Title,BW310123BK,3,200,-6.66,0,193.34,38.66,232,39.54,193.34
2026-05,"Kill Bill - Deluxe ""O-Ren Ishii"" Hand Forged Shirasaya in Clay Tempered HCS",Default Title,bs011024-orenCT,1,190.83,0,0,190.83,38.17,229,48.29,190.83
2026-05,"Deluxe ""Munraito"" Hand Forged Katana In Clay Tempered 1060 HCS",Default Title,BS310368CT,1,190.83,0,0,190.83,38.17,229,65.38,190.83
2026-05,RED DEAD REDEMPTION - LeMat Confederate Civil War Revolver 1855,Default Title,G1070,2,200,-10,0,190,38,228,107.22,190
2026-05,Black Myth Wukong - Wukong Staff (Metal),Default Title,AM246X,1,187.5,0,0,187.5,37.5,225,37.2,187.5
2026-05,"The Witcher - Deluxe Handforged Geralt's Steel Sword (Damascus Steel, Wolf Pommel)",Default Title,HK9320HF,1,187.5,0,0,187.5,37.5,225,118,187.5
2026-05,The Witcher - Deluxe Handforged Geralt's Silver Sword (Damascus),Default Title,HK9321HF,1,187.5,0,0,187.5,37.5,225,118,187.5
2026-05,John Wayne Special Winchester Rifle,Default Title,G1069,1,187.5,0,0,187.5,37.5,225,113.56,187.5
2026-05,Neon Genesis Evangelion - Eva Spear Of Longinus (Full Metal),Default Title,AM200,1,187.5,0,0,187.5,37.5,225,105.85,187.5
2026-05,World Of Warcraft - Lich King Arthas Frostmourne Sword,Default Title,VX221734,1,187.5,0,0,187.5,37.5,225,65,187.5
2026-05,God Of War Leviathan Axe - Full Metal,Default Title,HK8877,1,187.5,0,0,187.5,37.5,225,102.24,187.5
2026-05,Winchester Mod. 66 Lever Action Carbine Rifle,Default Title,G1140G,1,375,0,-187.5,187.5,37.5,225,124.27,187.5
2026-05,God Of War: Ragnarok - Deluxe Thor Mjolnir (Full Metal),Default Title,BG011816,1,187.5,0,0,187.5,37.5,225,121.52,187.5
2026-05,AK47 Kalashnikov Assault Rifle,Default Title,G1086,1,207.5,-20.75,0,186.75,37.35,224.1,156.12,186.75
2026-05,James Bond Walther PPK,Default Title,G1277,2,183.34,0,0,183.34,36.66,220,113.06,183.34
2026-05,Highlander - Connor Macleod Triple Set Display Katana (Straight Blade),Default Title,VX221694-1,2,183.34,0,0,183.34,36.66,220,79.02,183.34
2026-05,GAME OF THRONES - Arya's Needle With Plaque And Scabbard,Default Title,BS310330,2,181.66,0,0,181.66,36.34,218,69.04,181.66
2026-05,Lord Of The Rings - NEW AND IMPROVED Gimli's Bearded Axe,Default Title,VX221070,2,181.66,0,0,181.66,36.34,218,76,181.66
2026-05,Game Of Thrones - Jaime Lannister Sword,Default Title,BS310057,2,272.49,0,-90.83,181.66,36.34,218,86,181.66
2026-05,Vikings - Deluxe Sword Of Kings,Default Title,VX221085,2,181.66,0,0,181.66,36.34,218,114.16,181.66
2026-05,Lord Of The Rings - Aragorn's Anduril Deluxe Display Scale Replica (49cm),Default Title,BS112162,4,179.99,0,0,179.99,36.01,216,22.6,179.99
2026-05,Lord Of The Rings - Weta Workshop Shelob Mini Statue,Default Title,WETA860104563,1,175,0,0,175,0,175,0,0
2026-05,Lord Of The Rings - Officially Licensed United Cutlery Dagger Of Boromir,Default Title,UC-UC3647,1,174.17,0,0,174.17,34.83,209,133.44,174.17
2026-05,"Deluxe ""Karoshi"" Clay Tempered Hand Forged Katana In 1095 HCS",Default Title,BS111137K,1,190.83,-19.08,0,171.75,34.35,206.1,62.57,171.75
2026-05,Pattern 1861 Enfield .577 Carabine British Empire Artillery Rifle - England 1861,Default Title,G1046,1,165.83,0,0,165.83,33.17,199,108.22,165.83
2026-05,"Deluxe ""Warrior's Rage"" (Black) Hand Forged Katana In Clay Tempered 1060 HCS",Default Title,BS310161BKCT,1,165.83,0,0,165.83,33.17,199,94,165.83
2026-05,Solo Leveling - Demon King's Long Sword 🔞,Default Title,,2,165,0,0,165,33,198,0,0
2026-05,'Silver Dragon' Display (Straight) Replica Katana Triple Set,Default Title,BS310918,2,247.5,0,-82.5,165,33,198,38.54,165
2026-05,M1911A1 Colt 'Mission Accomplished' Pistol (Gold Finish),Default Title,G5312,2,165,0,0,165,33,198,138,165
2026-05,House Of The Dragon - Jacaerys Targaryen Replica Sword,Default Title,VX221664,2,165,0,0,165,33,198,44.36,165
2026-05,"Lord Of The Rings - NEW AND IMPROVED Morgul Dagger with Tainted Blade, Plaque and Sheath",Default Title,vx221143,2,165,0,0,165,33,198,35.7,165
2026-05,Dark Souls - Slave Knight Gael Greatsword 🔞,Default Title,VX221233,2,247.5,0,-82.5,165,33,198,0,0
2026-05,Aliens - Official Life Size Facehugger Prop Replica,Default Title,51355,2,165,0,0,165,33,198,131.88,165
2026-05,Batman - Purearts DC Heroes Batman 1:8 Scale Statue,Default Title,PA005BA,2,165,0,0,165,33,198,118.98,165
2026-05,House Of The Dragon  - Daemon Targaryen Dark Sister,Default Title,MS044,2,165,0,0,165,33,198,49,165
2026-05,Pirate Flintlock Boarding Pistol - 18th Century,Default Title,G1012,3,162.51,0,0,162.51,32.49,195,113.25,162.51
2026-05,Captain America - Deluxe Shield,Default Title,HK404-GS,1,162.5,0,0,162.5,32.5,195,122.69,162.5
2026-05,Dark Souls - Greatsword of Artorias V2,Default Title,VX221075-O,1,162.5,0,0,162.5,32.5,195,44.05,162.5
2026-05,Star Trek - Klingon Bat'Leth (Cosplay Safe Foam),Default Title,VX221440-PU,5,166.66,-6.66,0,160,32,192,40.55,160
2026-05,Red Dragon Display (Straight) Katana Triple Set,Default Title,29152r-c,2,165,-8.25,0,156.75,31.35,188.1,74.62,156.75
2026-05,Clair Obscur: Expedition 33 - Verso Verleso Sword,Default Title,VX221234,2,165,-8.25,0,156.75,31.35,188.1,0,0
2026-05,"Demon Slayer - Zenitsu Agatsuma Nichirin Display (Metal, Straight Blade) Katana with Light Up Blade",Default Title,BS310857,2,150,0,0,150,30,180,42,150
2026-05,Colt 'Cavalry' Single Action Army (Steel),Default Title,G1191G,2,150,0,0,150,30,180,91.82,150
2026-05,Colt 'Outlaw' Single Action Army,Default Title,G1108/L,2,150,0,0,150,30,180,87.18,150
2026-05,"Colt ""Deputy"" Single Action Army 5.5"" (Black)",Default Title,G1106N,2,150,0,0,150,30,180,80.82,150
2026-05,Attack On Titan Vme Sword,Pair for £199,,1,165.83,-16.58,0,149.25,29.85,179.1,0,0
2026-05,Seven Deadly Sins - Esacanor's Divine Axe Rhitta (Cosplay Safe Resin/Fibreglass),Default Title,,1,298.34,0,-149.17,149.17,29.83,179,0,0
2026-05,The Lord Of The Rings - NEW AND IMPROVED Aragorn's Angrist Elven Knife,Default Title,VX221073,2,222.51,0,-74.17,148.34,29.66,178,28,148.34
2026-05,Vikings - Ragnar Lothbrok's Axe,Default Title,A,3,147.51,0,0,147.51,29.49,177,114,147.51
2026-05,NEW Full Metal Witch King Helm,Default Title,AH-241183,1,145.83,0,0,145.83,29.17,175,14,145.83
2026-05,"""Kogarashi"" Clay Tempered Hand Forged Katana",Default Title,BS111136CT,1,145.83,0,0,145.83,29.17,175,53.13,145.83
2026-05,Loki - Laevateinn Dagger,Default Title,AM090,6,145.01,0,0,145.01,28.99,174,72,145.01
2026-05,Vegvisir Viking Wood Shield,Default Title,BW011034,2,133.34,0,0,133.34,26.66,160,29.22,133.34
2026-05,BLEACH - Ichigo Bankai Zangetsu,Default Title,BS013983B,2,133.34,0,0,133.34,26.66,160,28,133.34
2026-05,Lord Of The Rings - Samwise Gamgee Sword,Default Title,BS112161,2,133.34,0,0,133.34,26.66,160,32.42,133.34
2026-05,Wells Fargo Stagecoach Defender - Double Barrel Wyatt Earp Shotgun Pistol / Sawn-Off - USA 1868,Default Title,G1114,1,133.33,0,0,133.33,26.67,160,86.29,133.33
2026-05,Star Trek - Klingon Mek'Leth,Default Title,HK772,3,137.49,-4.58,0,132.91,26.59,159.5,51,132.91
2026-05,Harry Potter - The Dobby Killer Bellatrix Lestrange Replica Prop (Metal),Default Title,NN7555,3,137.49,-4.58,0,132.91,26.59,159.5,84,132.91
2026-05,Genuine Black Leather Double Holster and Cartridge Belt For Two Revolvers with 24 Dummy Rounds,Default Title,G708,1,132.5,0,0,132.5,26.5,159,73.08,132.5
2026-05,Nightmare On Elm Street3: Dream Warriors - Official Life Size (Metal) Freddy Glove Prop Replica,Default Title,39763,1,132.5,0,0,132.5,26.5,159,78,132.5
2026-05,Nightmare On Elm Street - Official Life Size (Metal) Freddy Glove Prop Replica,Default Title,39818,1,132.5,0,0,132.5,26.5,159,78,132.5
2026-05,SKYRIM - Warhammer (Full Metal),Default Title,AM241,1,132.5,0,0,132.5,26.5,159,48.06,132.5
2026-05,Chinese Gongfu (Kung Fu) Taiji Sword (Full Metal) - Sworddance / Sword Yoga,Default Title,CHS015BK,2,131.66,0,0,131.66,26.34,158,45.88,131.66
2026-05,"One Piece - Dracule Mihawk (Cosplay Safe Wood, 120cm)",Default Title,VX221375,4,130,0,0,130,26,156,0,0
2026-05,Game of Thrones - Ned Stark's Ice,Default Title,,1,125,0,0,125,25,150,0,0
2026-05,"""Death's Head"" 18th Century Pirate Flintlock (Brass)",Default Title,G1103L,2,125,0,0,125,25,150,53.3,125
2026-05,Flintlock Blunderbuss - 18th Century English,Default Title,G1094/L,1,125,0,0,125,25,150,78.63,125
2026-05,Lord Of The Rings - Deluxe Nazghul Ringwraith Sword,Default Title,VX221045,1,125,0,0,125,25,150,0,0
2026-05,Lord Of The Rings - Legolas Dagger Collectable (28cm),Default Title,HK8439,6,124.98,0,0,124.98,25.02,150,30,124.98
2026-05,Star Wars - Officially Licensed Death Star Wall Panel Light,Default Title,PP13141SW,2,124.98,0,0,124.98,25,149.98,120,124.98
2026-05,House Of The Dragon  - Rhaenyra Targaryen Valyrian Steel Sword with Display Plaque,Default Title,VX221081,1,124.17,0,0,124.17,24.83,149,24.5,124.17
2026-05,Sword Art Online - Asuna Lambent Light Rapier,Default Title,,1,124.17,0,0,124.17,24.83,149,50,124.17
2026-05,300 - Spartan Helm,Default Title,AH6078P,1,124.17,0,0,124.17,24.83,149,67.45,124.17
2026-05,Alice In Darkness - Vorpal Blade,Default Title,HK1043,3,122.49,0,0,122.49,24.51,147,28.65,122.49
2026-05,Bleach - Kenpachi Nozarashi Display (Straight Blade) Katana,Default Title,BS310816,2,125,-6.25,0,118.75,23.75,142.5,25.12,118.75
2026-05,Buffy The Vampire Slayer - Faith's Knife (Cosplay Safe Foam),Default Title,VX221126,8,117.5,0,0,117.5,2.5,120,0,0
2026-05,Jujutsu Kaisen - Kento Nanami Cleaver (Metal),Default Title,BS112005,4,116.68,0,0,116.68,23.32,140,24.92,116.68
2026-05,Frieren: Beyond Journey's End - Stark's Axe (158cm),Default Title,BS112012,1,116.67,0,0,116.67,23.33,140,35.43,116.67
2026-05,Lord Of The Rings -  Aragorn King Of Gondor Helmet,Default Title,AH24144,1,116.67,0,0,116.67,23.33,140,75,116.67
2026-05,Game of Thrones - Ned Stark's Ice,Default Title,BS015565,1,233.34,0,-116.67,116.67,23.33,140,22.15,116.67
2026-05,Lord Of The Rings - NEW AND IMPROVED Gimli's Battle Axe,Default Title,VX221072,1,116.67,0,0,116.67,23.33,140,38,116.67
2026-05,Game of Thrones - Joffrey's Widow's Wail Sword,Default Title,,1,116.67,0,0,116.67,23.33,140,0,0
2026-05,Legend Of Zelda - Master Sword with Triforce Plaque,Default Title,BS310085,1,115.83,0,0,115.83,23.17,139,21.5,115.83
2026-05,Jumanji - Official Collector Board Game Replica,Default Title,NN3531,1,112.5,0,0,112.5,22.5,135,69.88,112.5
2026-05,Harley Quinn - Good Night Baseball Bat,Default Title,BW310070,3,150,0,-37.5,112.5,22.5,135,41.94,112.5
2026-05,One Piece - Roronoa Zoro's Shusui Display (Straight Blade) Katana,Default Title,BS014938-1,2,116.66,-5.83,0,110.83,22.17,133,39.22,110.83
2026-05,GLADIATOR - Roman Spatha Gladius,Default Title,HK819R,1,108.33,0,0,108.33,21.67,130,31.99,108.33
2026-05,Luger Parabellum P08 (Wood Grips) - Germany WWI & WWII,Default Title,G1144M,1,108.33,0,0,108.33,21.67,130,81.23,108.33
2026-05,Duelling Pair of Percussion Pistols - Italy 1825,Default Title,G2-1013G,1,108.33,0,0,108.33,21.67,130,28.96,108.33
2026-05,Solo Levelling - Igris Blood-Red Knight Greatsword,Default Title,BS112133,1,108.33,0,0,108.33,21.67,130,28.89,108.33
2026-05,Beretta 92 / Us Military M9 (Nickel Finish),Default Title,G1254/NQ,1,108.33,0,0,108.33,21.67,130,79.13,108.33
2026-05,Kingdom Come - Sir Radzig Deliverance,Default Title,BS310978,1,108.33,0,0,108.33,21.67,130,24.96,108.33
2026-05,Sword Art Online  - Kirito Elucidator,Default Title,HK9495E,1,108.33,0,0,108.33,21.67,130,25.87,108.33
2026-05,Lord Of The Rings - Officially Licensed United Cutlery Shards Of Narsil Statue,Default Title,UC-UC3600,1,107.5,0,0,107.5,21.5,129,66.09,107.5
2026-05,God Of War - Kratos Chaos Blade,Default Title,BS111154,1,104.17,0,0,104.17,20.83,125,25.32,104.17
2026-05,Highlander - Connor MacLeod Collectable 40cm,Default Title,VX221205,5,104.16,0,0,104.16,20.84,125,0,0
2026-05,Basic Katana Double Stand,Default Title,BP011362-2,6,100.01,0,0,100.01,19.99,120,30,100.01
2026-05,Star Trek Ceremonial Bat'Leth,Default Title,SW604,1,100,0,0,100,20,120,39,100
2026-05,Lord Of The Rings - Gandalf The White Glamdring,Default Title,BS110880,1,100,0,0,100,20,120,17.42,100
2026-05,Game Of Thrones - Khal Drogo Scimitar,Default Title,BS310329,1,100,0,0,100,20,120,38,100
2026-05,"Mauser C96 ""Broomhandle"" Pistol",Default Title,G1024,1,100,0,0,100,20,120,49.94,100
2026-05,".357 Python Magnum 8"" - Call Of Duty, Resident Evil, Pulp Fiction",Default Title,G1061,1,100,0,0,100,20,120,56.03,100
2026-05,Desert Eagle - Joker Style Chrome Finish,Default Title,G1123NQ,1,100,0,0,100,20,120,60.55,100
2026-05,Game Of Thrones - Ned Stark's Ice,Default Title,BS310007,1,100,0,0,100,20,120,27.03,100
2026-05,Nishiki Hand Forged Katana,Default Title,KS374,1,100,0,0,100,20,120,36,100
2026-05,Thor's Hammer - Mjolnir (Toughened Resin),Default Title,BS310187+S,1,100,0,0,100,20,120,29.59,100
2026-05,Lord Of The Rings - Isildur Gondor Sword,Default Title,BS310993,1,100,0,0,100,20,120,25.43,100
2026-05,Deadpool Vs Wolverine Display (Straight) Katana Pair and Harness,Default Title,BS112166,1,100,0,0,100,20,120,31,100
2026-05,"C96 Mauser - WWII, Han Solo Blaster",Default Title,M-1024,1,100,0,0,100,20,120,49.94,100
2026-05,Devil May Cry - Vergil Yamato Katana (Cosplay Safe Wood),Default Title,VX221344,3,99.99,0,0,99.99,20.01,120,38.37,99.99
2026-05,Lord Of The Rings - Aragorn Anduril Sword (Cosplay/LARP Safe Foam),Default Title,FM034,5,104.15,-4.16,0,99.99,20.01,120,31.95,99.99
2026-05,Vikings - Ragnar's Sword,Default Title,MS065,1,99.17,0,0,99.17,19.83,119,43,99.17
2026-05,Devil May Cry - Dante's Rebellion,Default Title,HK213R,1,99.17,0,0,99.17,19.83,119,33.5,99.17
2026-05,KPop Demon Hunters - Rumi's Saingeom Four-Tiger Sword (105cm),Default Title,VX221689,1,99.17,0,0,99.17,19.83,119,22.26,99.17
2026-05,Dungeons & Dragons - Drizzt Do'Urden Icing Death Sword,Default Title,,1,99.17,0,0,99.17,19.83,119,0,0
2026-05,Buffy The Vampire Slayer - Stake (Resin),Default Title,VX221684,6,100.01,-1.66,0,98.35,19.65,118,15.24,98.35
2026-05,Lost Boys - Living Dead Doll Presents David,Default Title,91036,2,98.34,0,0,98.34,19.66,118,81.48,98.34
2026-05,Ragnar Lodbrok Viking Axe - Sweden 9th Century,Default Title,G605,2,98.34,0,0,98.34,19.66,118,58,98.34
2026-05,"The Hobbit - Trolls' Cave Letter Opener Display Case - Sting, Glamdring and Orcrist",Default Title,NN1210,2,98.34,0,0,98.34,19.66,118,65.64,98.34
2026-05,"Elden Ring - Moonveil Display (Straight Blade, 102cm) Katana",Default Title,BS310828,2,98.33,0,0,98.33,19.67,118,22.3,98.33
2026-05,Doom - Crucible Sword (Cosplay Safe Foam),Default Title,VX221154-F,5,104.15,-8.32,0,95.83,19.17,115,32.5,95.83
2026-05,Dummy Rounds For Colt Single Action Army 6 Pack,Default Title,G50,12,99.86,-4.11,0,95.75,19.18,114.93,12,95.75
2026-05,Kingdom Hearts - Halloween,Default Title,BS210515,2,100,-5,0,95,19,114,44,95
2026-05,"Resident Evil - Python .357 6""",Default Title,G1050,1,91.67,0,0,91.67,18.33,110,46.69,91.67
2026-05,Akaji Triple Set Display Katana (Straight Blade),Default Title,HKS052R-1,1,91.67,0,0,91.67,18.33,110,39.51,91.67
2026-05,"""Tsubasa"" Triple Set Display Katana (Straight Blade)",Default Title,BS111046,1,91.67,0,0,91.67,18.33,110,39.51,91.67
2026-05,Legend Of Zelda - Tears Of The Kingdom Broken Master Sword (Blue),Default Title,AM189,1,91.67,0,0,91.67,18.33,110,35,91.67
2026-05,King Arthur's Exaclibur (Silver),Default Title,HK81026CU,1,91.67,0,0,91.67,18.33,110,36.58,91.67
2026-05,JAMES BOND - Walther PPK in Gold,Default Title,G5277,1,91.67,0,0,91.67,18.33,110,57.32,91.67
2026-05,Rings Of Power- Sword Of Galadriel,Default Title,BS310758,1,90.83,0,0,90.83,18.17,109,52,90.83
2026-05,300 King Leonidas Helmet,Default Title,AH241148,1,100,-10,0,90,18,108,68,90
2026-05,Lord Of The Rings - Officially Licensed Sting Lamp,Default Title,,3,87.51,0,0,87.51,17.49,105,49.98,87.51
2026-05,Moon Knight - Crescent Dart - Full Metal (Silver),Default Title,AM127CMT-1,2,91.66,-4.58,0,87.08,17.42,104.5,38.24,87.08
2026-05,Demon Slayer - Inosuke Nichirin Collectable (40cm),Default Title,LT008,5,83.35,0,0,83.35,16.65,100,32.5,83.35
2026-05,Demon Slayer - Twelve Kizuki Kokushibo Flesh Sword Display (Straight Blade) Katana with Light Up Blade,Default Title,BS310864,2,83.34,0,0,83.34,16.66,100,42.6,83.34
2026-05,One Piece - Roronoa Zoro's Sandai Kitetsu (Cosplay Safe Wood),Default Title,HK9413WD,4,83.32,0,0,83.32,16.68,100,51.16,83.32
2026-05,Viserys' Blackfyre (TV Show Version),Default Title,VX221092,1,82.5,0,0,82.5,16.5,99,35.34,82.5
2026-05,Blade - Sword Of The Daywalker,Default Title,BS014177,1,82.5,0,0,82.5,16.5,99,32.73,82.5
2026-05,Jujutsu Kaisen - Sukuna Kamutoke Lightning Strike Cursed Tool,Default Title,BS112009,1,82.5,0,0,82.5,16.5,99,30.78,82.5
2026-05,Elden Ring - Rellana Shadow Of The Erdtree Blazing Sword,Default Title,VX221202,1,82.5,0,0,82.5,16.5,99,0,0
2026-05,Legend Of Zelda - Tears Of The Kingdom Broken Master Sword,Default Title,AM160,1,82.5,0,0,82.5,16.5,99,34.29,82.5
2026-05,Templar Crusader Sword,Default Title,SW758,1,82.5,0,0,82.5,16.5,99,0,0
2026-05,Elden Ring - Rellana Shadow Of The Erdtree Lunar Sword,Default Title,VX221201,1,82.5,0,0,82.5,16.5,99,0,0
2026-05,White Dragon Display (Straight) Katana Triple Set,Default Title,29152w-c,1,82.5,0,0,82.5,16.5,99,37.31,82.5
2026-05,Superman - Purearts DC Heroes Superman 1:8 Statue,Default Title,PA001SU,1,82.5,0,0,82.5,16.5,99,59.49,82.5
2026-05,Heroes - Hiro Display (Straight Blade) Katana,Default Title,BS310005,2,81.66,0,0,81.66,16.34,98,21.02,81.66
2026-05,Chinese Kangxi Emperor Sword (Full Metal),Default Title,CHS032BL,1,79.17,0,0,79.17,15.83,95,24.03,79.17
2026-05,Cap Firing Dummy Rounds For Colt Single Action Army 6 Pack,Default Title,G49,7,75.75,0,0,75.75,15.18,90.93,20.86,75.75
2026-05,"Demon Slayer - Kyojuro Rengoku Nichirin Display (Metal, Straight Blade) Katana with Light Up Blade",Default Title,BS310860,1,75,0,0,75,15,90,21,75
2026-05,"Colt Single Action Army ""Rio Bravo""  7.5"" Barrel (Nickel Finish)",Default Title,G1107/NQ,1,75,0,0,75,15,90,47.33,75
2026-05,Supernatural - Bobby's Colt .45,Default Title,G1109/L,1,75,0,0,75,15,90,44.45,75
2026-05,Colt 'Widowmaker' Single Action Army,Default Title,B-1281/L,1,75,0,0,75,15,90,44,75
2026-05,Bleach - Ichigo Bankai XL (140cm),Default Title,BS013983L,1,75,0,0,75,15,90,16.4,75
2026-05,Hand Grenade Mk2 Pineapple - USA 1918,Default Title,G738,3,75,0,0,75,0,75,47.22,75
2026-05,"Colt 'Lone Ranger' Single Action Army 5.5"" (Bright Nickel) - USA 1873",Default Title,G1150NQ,1,75,0,0,75,15,90,44.45,75
2026-05,"Colt Single Action Army 5.5"" (Gunmetal, Black) - USA 1873",Default Title,G1108G,1,75,0,0,75,15,90,32.68,75
2026-05,Final Fantasy - Sephiroth Masamune Display (Straight Blade) Odachi Katana,Default Title,BS111117,1,75,0,0,75,15,90,24.38,75
2026-05,Colt Calibre .45 'Cavalry' Single Action Army (Grey Finish),Default Title,G1191G,1,75,0,0,75,15,90,35.86,75
2026-05,Colt 'Marshall' Single Action Army,Default Title,G1109/N,1,75,0,0,75,15,90,44.45,75
2026-05,House Of The Dragon - Aemond Targaryen Replica Sword,Default Title,VX221663,1,82.5,-8.25,0,74.25,14.85,89.1,22.18,74.25
2026-05,Napoleon Flintlock Double Cannon - France 1806,Default Title,G1026,1,74.17,0,0,74.17,14.83,89,50.94,74.17
2026-05,Devil May Cry - Dante's Ebony (Foam),Default Title,FM138,3,75,-2.5,0,72.5,14.5,87,18,72.5
2026-05,Devil May Cry - Dante's Ivory (Foam),Default Title,FM139,3,75,-2.5,0,72.5,14.5,87,18,72.5
2026-05,"Assassin's Creed Black Flag - ""Ivory Flare"" 4 Barrel Revolving Flintlock",Default Title,G1310,1,79.16,-7.91,0,71.25,14.25,85.5,32.84,71.25
2026-05,Elden Ring - Moonveil 142cm Display (Straight Blade) Katana,Default Title,AM168L-1,1,79.16,-7.91,0,71.25,14.25,85.5,24,71.25
2026-05,Hellsing - Pistol Pair Cassul & Jackal (Cosplay Safe Foam) Save £5,Default Title,FM247+248,2,112.5,-3.75,-37.5,71.25,14.25,85.5,28,71.25
2026-05,Hellraiser - Life Size Lament Box Prop Replica,Default Title,MBWB100,1,70.83,0,0,70.83,14.17,85,0,0
2026-05,"""Corsair"" Double-Barrelled Turnover Flintlock Pistol - England 1750",Default Title,G1264,1,70.83,0,0,70.83,14.17,85,43.46,70.83
2026-05,Halo - M6G Magnum Hang Gun (Cosplay Safe Foam),Default Title,FM223,4,66.68,0,0,66.68,13.32,80,24.4,66.68
2026-05,Ghost of Yotei - Lone Wolf Display (Straight) Katana,Default Title,VX221795,1,66.67,0,0,66.67,13.33,80,10.38,66.67
2026-05,Demon Slayer - Yoriichi Tsugikuni Sun Breathing Gold Nichirin Display (Straight Blade) Katana,Default Title,BS310827,1,66.67,0,0,66.67,13.33,80,21.28,66.67
2026-05,Legend Of Zelda - Master Sword,Default Title,BS015961,1,66.67,0,0,66.67,13.33,80,21,66.67
2026-05,Kingdom Hearts - Sora Fenrir,Default Title,sw-751,1,66.67,0,0,66.67,13.33,80,36,66.67
2026-05,Marvel Rivals - Psylocke Display (Straight) Katana,Default Title,BS310952,1,66.67,0,0,66.67,13.33,80,16.21,66.67
2026-05,Demon Slayer - Sanemi Shinazugawa Green Nichirin Display (Straight Blade) Katana,Default Title,BS111054,1,66.67,0,0,66.67,13.33,80,17.36,66.67
2026-05,One Piece - Trafalgar Law Display (Straight) Katana,Default Title,BS015076,1,66.67,0,0,66.67,13.33,80,11.58,66.67
2026-05,Ghost of Yotei - Hawks Talon Display (Straight) Katana (Black Version),Default Title,VX221869,1,66.67,0,0,66.67,13.33,80,10.38,66.67
2026-05,Demon Slayer - Zenitsu Agatsuma Nichirin - Cosplay Safe Wood,Default Title,WD054,2,66.66,0,0,66.66,13.34,80,22,66.66
2026-05,Derringer Garter Gun,Default Title,G1262/L,2,66.66,0,0,66.66,13.34,80,38,66.66
2026-05,Demon Slayer - Inosuke Nichirin - Cosplay Safe Wood With Sheath,Default Title,WD041,3,66.66,0,0,66.66,8.34,75,33,66.66
2026-05,Harry Potter - Lifesize Bellatrix Lestrange Death Eater Mask Display,Default Title,NN7325,1,65.83,0,0,65.83,13.17,79,56.84,65.83
2026-05,Genshin Impact - Baal Raiden Shogun Engulfing Lightning (Metal),Default Title,BS310821,1,65.83,0,0,65.83,13.17,79,41,65.83
2026-05,The Last Samurai Handforged Tanto,Default Title,T033,1,65.83,0,0,65.83,13.17,79,22.5,65.83
2026-05,Harry Potter - Official Marauder's Map Case (Map Sold Separately),Default Title,NN7882,2,65,0,0,65,13,78,49.8,65
2026-05,"Berserk - Guts Dragon Slayer Greatsword (Cosplay Safe Foam, 144cm)",Default Title,VX221188-2,2,65,0,0,65,13,78,28.6,65
2026-05,The Walking Dead - Neagan's Lucille,Default Title,BS310616,1,62.5,0,0,62.5,12.5,75,27,62.5
2026-05,Nightmare On Elm St - Freddy Kreuger Deluxe Accessory Set,Default Title,39887,1,62.5,0,0,62.5,12.5,75,55.14,62.5
2026-05,Highlander Endgame - Duncan MacLeod Collectable 40cm,Default Title,VX221206,3,62.5,0,0,62.5,12.5,75,0,0
2026-05,Demon Slayer -  Tengen Uzui Nichirin - Cosplay Safe Wood,Default Title,WD025,3,62.5,0,0,62.5,12.5,75,38.37,62.5
2026-05,300 - Leonidas' Sword (Brown),Default Title,BS012876B1,1,125,-6.25,-56.25,62.5,12.5,75,10.72,62.5
2026-05,One Piece - Roronoa Zoro's Enma (Cosplay Safe Wood),Default Title,WD058,3,62.49,0,0,62.49,12.51,75,38.37,62.49
2026-05,Basic Katana Stand (Matt Black),Default Title,BP011362-1,5,62.5,-1.25,0,61.25,12.25,73.5,0,0
2026-05,Basic Katana Triple Stand,Default Title,BP011368-3,4,87.49,-27.08,0,60.41,12.09,72.5,44,60.41
2026-05,KPop Demon Hunters - Rumi's Saingeom Four-Tiger Sword (Cosplay Safe Foam),Default Title,VX221686-1,3,62.49,-2.08,0,60.41,12.09,72.5,15.63,60.41
2026-05,Assassin's Creed - Altair Collectable (34cm),Default Title,VX221223,3,62.49,-2.08,0,60.41,12.09,72.5,10.32,60.41
2026-05,LOTR Witch King Mini Replica,Default Title,BS013485,3,60,0,0,60,12,72,18,60
2026-05,Taiichi Samurai Display Katana (Brown),Default Title,BS112146BN,1,66.66,-6.66,0,60,12,72,13.48,60
2026-05,Highlander Endgame - Duncan Macleod Display (Straight Blade) Katana,Default Title,BS110729,1,66.66,-6.66,0,60,12,72,10.21,60
2026-05,Ghost of Yotei - Aranami's Claw Display (Straight) Katana,Default Title,VX221793,1,133.33,-6.66,-66.67,60,12,72,10.8,60
2026-05,Ghost Of Yotei - Gilded Day Display (Straight) Katana,Default Title,VX221827-2-b,1,66.66,-6.66,0,60,12,72,13.18,60
2026-05,Demon Slayer - Kyojuro Rengoku Red Nichirin Display (Straight Blade) Katana,Default Title,BS111053,1,66.66,-6.66,0,60,12,72,17.36,60
2026-05,Halo -Ma5B Assault Rifle (Cosplay Safe Foam),Default Title,BG012023,2,58.34,0,0,58.34,11.66,70,49.54,58.34
2026-05,Genuine Leather Shoulder Holster,Default Title,G716,1,58.33,0,0,58.33,11.67,70,34.08,58.33
2026-05,Metal Gear - Raiden's High Frequency Blade,Default Title,BS310824,1,58.33,0,0,58.33,11.67,70,15,58.33
2026-05,Demon Slayer - Himejima Gyomei Stone Hashira (Metal),Default Title,V221843,1,58.33,0,0,58.33,11.67,70,11.99,58.33
2026-05,Roman Pugio Dagger,Default Title,VX221826,2,58.33,0,0,58.33,11.67,70,22,58.33
2026-05,"""Kagutsuchi"" Full Tang 1065 HCS Hand Forged Tanto",Default Title,T020,1,57.5,0,0,57.5,11.5,69,17.5,57.5
2026-05,Lord Of The Rings - Officially Licensed United Cutlery Rohan Banner,Default Title,UC-UC3675,1,57.5,0,0,57.5,11.5,69,39,57.5
2026-05,The Hobbit - Bilbo's Pipe (Functional),Default Title,NN1235,1,57.5,0,0,57.5,11.5,69,37.35,57.5
2026-05,Taiichi Samurai Display Katana,Default Title,HK1136-1,1,57.5,0,0,57.5,11.5,69,17.98,57.5
2026-05,Bleach - Katana Of Urahara Kisuke - Benihime Display (Straight Blade) Katana,Default Title,BS014097,1,57.5,0,0,57.5,11.5,69,21.37,57.5
2026-05,"""Head Knocker"" 18th Century Pirate Percussion Pistol",Default Title,G1104L,1,62.5,-6.25,0,56.25,11.25,67.5,29.77,56.25
2026-05,The Lord Of The Rings - The Fury Of The Witch King Incense Burner,Default Title,NN9471,1,62.5,-6.25,0,56.25,11.25,67.5,50.93,56.25
2026-05,Legend Of Zelda - Deluxe Master Sword (Cosplay Safe Foam),Default Title,FM249,2,58.33,-2.91,0,55.42,11.08,66.5,17.72,55.42
2026-05,"6 Cannon ""Pepperbox"" Revolver - London 1840 (Brass)",Default Title,G5071,1,54.17,0,0,54.17,10.83,65,37.05,54.17
2026-05,Genshin Impact - Kazuha Freedom Sworn Sword,Default Title,AM169,1,54.17,0,0,54.17,10.83,65,20.5,54.17
2026-05,Genshin Impact - Keqing Lion's Roar Sword,Default Title,BS310820,1,54.17,0,0,54.17,10.83,65,31,54.17
2026-05,Xenoblade Chronicles - Xenoblade (Resin),Default Title,VX221735,1,54.17,0,0,54.17,10.83,65,26.5,54.17
2026-05,Genshin Impact - Al Haitham Xiphos Moonlight Sword,Default Title,BS310822,1,54.17,0,0,54.17,10.83,65,31,54.17
2026-05,Nightmare On Elm Street - Living Dead Dolls Present Freddy,Default Title,99400,1,54.17,0,0,54.17,10.83,65,37.14,54.17
2026-05,Rings Of Power - Galadriel Dagger,Default Title,VX221878,1,54.17,0,0,54.17,10.83,65,15.64,54.17
2026-05,Percussion Pistol - Italy 1825,Default Title,G1013G,1,54.17,0,0,54.17,10.83,65,28.96,54.17
2026-05,English Flintlock Duelling Pistol - 18th century (Gold),Default Title,G1196L,1,54.17,0,0,54.17,10.83,65,25.26,54.17
2026-05,Halo Energy Sword - Cosplay/Larp Safe Foam,Default Title,BS310528,2,54,0,0,54,0,54,22,54
2026-05,Demon Slayer - Tanjiro Kamado Black Nichirin Display (Straight Blade) Katana,Default Title,BS111079,1,58.33,-5.83,0,52.5,10.5,63,17.36,52.5
2026-05,Bug-A-Salt Pink Passion 3.0,Gun + Bug-Beam Laser Target SAVE £5!,855693007727,1,52.49,0,0,52.49,10.5,62.99,26.82,52.49
2026-05,Harry Potter - Deluxe Sword Of Gryffindor (87cm),Default Title,VX221683-3,1,57.5,-5.75,0,51.75,10.35,62.1,9.87,51.75
2026-05,Real Wood Revolver Display Stand,Default Title,G808,2,50,0,0,50,10,60,28.72,50
2026-05,300 - Leonidas Sword (Black),Default Title,,1,50,0,0,50,10,60,18,50
2026-05,Demon Slayer - Yoriichi Nichirin Katana - Cosplay Safe Wood,Default Title,WD084,2,50,0,0,50,10,60,25.58,50
2026-05,Legend Of Heroes - Shizuna Rem Misurugi's Crimson Blade Of The Lightning Knight Display (Straight Blade) Katana,Default Title,,1,50,0,0,50,10,60,0,0
2026-05,One Piece - Roronoa Zoro Display (Straight) Katana (Black),Default Title,BS111052,1,50,0,0,50,10,60,19.61,50
2026-05,Devil May Cry 5 - Vergil Yamato Katana (Cosplay Safe Wood),Default Title,VX221344,2,50,0,0,50,10,60,9.76,50
2026-05,Harry Potter - Officially Licensed Golden Snitch Posable Desk Lamp,Default Title,PP12796HP,2,49.98,0,0,49.98,10,59.98,35,49.98
2026-05,Terminator 2 Bookends,Default Title,B4693N9,1,49.17,0,0,49.17,9.83,59,29.16,49.17
2026-05,Star Trek - Enterprise NCC 1701-D Plaque,Default Title,NS5527,1,49.17,0,0,49.17,9.83,59,37.49,49.17
2026-05,Harry Potter Lord Voldemort Sand Timer,Default Title,B6666B24,1,49.17,0,0,49.17,9.83,59,29.16,49.17
2026-05,Final Fantasy - XL Cloud Buster Sword (144cm) Cosplay Safe Foam,Default Title,,1,49.17,0,0,49.17,9.83,59,0,0
2026-05,Harry Potter - Sword Of Gryffindor (85cm),Default Title,VX221683-2,1,49.17,0,0,49.17,9.83,59,8.88,49.17
2026-05,Dungeons & Dragons Beholder Sand Timer,Default Title,B6955A25,1,49.17,0,0,49.17,9.83,59,29.16,49.17
2026-05,Katana Stand (Single),Default Title,BP011368,4,50,-3.75,0,46.25,9.25,55.5,24,46.25
2026-05,Shoulder Holster - Black Leather,Default Title,716,1,45.83,0,0,45.83,9.17,55,38.34,45.83
2026-05,Jujutsu Kaisen - Itadori Yuji's Slaughter Demon,Default Title,BS111648,1,45.83,0,0,45.83,9.17,55,26.07,45.83
2026-05,Lord Of The Rings - United Cutlery Officially Licensed Lothlorien Bow Of Legolas,Default Title,UC3691,0,449.17,0,-404.25,44.92,8.98,53.9,0,44.92
2026-05,Clair Obscur: Expedition 33 - Verso Verleso Parrying Dagger,Default Title,VX221235,1,49.16,-4.91,0,44.25,8.85,53.1,0,0
2026-05,Lord Of The Rings - Officially Licensed One Ring Keyring,Default Title,KRE09,4,41.96,0,0,41.96,6,47.96,25,41.96
2026-05,Sword Of Gryffindor,Default Title,BS011033,1,41.67,0,0,41.67,8.33,50,15,41.67
2026-05,Assassin's Creed - AC3 Connor's Tomohawk,Default Title,CK0412,1,41.67,0,0,41.67,8.33,50,16.74,41.67
2026-05,The Lord Of The Rings - Officially Licensed One Ring Lamp,Default Title,LAMP007,1,41.66,0,0,41.66,8.33,49.99,20.83,41.66
2026-05,"The Hobbit - Sting Collectable (28cm, Brown)",Default Title,HK7701Y,2,41.66,0,0,41.66,8.34,50,10,41.66
2026-05,Power Rangers - Red Ranger Sword (Cosplay Safe Foam),Default Title,FM168,2,41.66,0,0,41.66,8.34,50,12.76,41.66
2026-05,The Witcher III Steel Sword (Wolf Pommel) - 40cm Collectable,Default Title,BS310616-15,2,41.66,0,0,41.66,8.34,50,28,41.66
2026-05,ASSASSIN'S CREED - PureArts Qlectors Connor The Last Breath,Default Title,PA036AC,2,41.64,0,0,41.64,8.34,49.98,69.98,41.64
2026-05,Assassin’s Creed Shadows - PureArts Qlectors Naoe & Yasuke PVC Figure,Default Title,PA037AC,2,41.64,0,0,41.64,8.34,49.98,60,41.64
2026-05,Gremlins - Dancing Gizmo plush,Default Title,30630,1,40.83,0,0,40.83,8.17,49,27.54,40.83
2026-05,"Hellsing - Arms ""Jackal Anti-Freak Combat Pistol (Display Resin)",Default Title,VX221690,1,40.83,0,0,40.83,8.17,49,17.62,40.83
2026-05,Ryoken Display (Blunt) Tanto (White),Default Title,BS310854WT,2,41.66,-2.08,0,39.58,7.92,47.5,11.52,39.58
2026-05,Pompei Collection - Roman Stiletto Collectable (35cm),Default Title,VX221125,2,41.66,-2.08,0,39.58,7.92,47.5,10.9,39.58
2026-05,Devil May Cry - Red Queen Cosplay Safe Foam,Default Title,VX221136,1,37.5,0,0,37.5,7.5,45,0,0
2026-05,Devil May Cry Red Queen - Cosplay/Larp Safe Foam Sword,Default Title,BS110822,1,37.5,0,0,37.5,7.5,45,18,37.5
2026-05,M-24 Stielhandgranate Stick Grenade - Germany WWI & WWII (Green),Default Title,G737V,1,37.5,0,0,37.5,7.5,45,21.6,37.5
2026-05,Seven Deadly Sins - Meliodas Broken Sword,Default Title,VX221655,1,37.5,0,0,37.5,7.5,45,6.63,37.5
2026-05,One Piece - Roronoa Zoro's Shusui Katana - Cosplay Safe Foam With Sheath,Default Title,BS310704,3,37.5,0,0,37.5,7.5,45,30.51,37.5
2026-05,Hand Grenade Mk II Pineapple - USA WWII,Default Title,G738V,1,35,0,0,35,0,35,13.99,35
2026-05,The Lord Of The Rings - Officially Licensed Nazgul Everlasting Calendar,Default Title,CP3D11,1,34.99,0,0,34.99,0,34.99,14.58,34.99
2026-05,Demon Slayer - Tanjiro Kamado Season 2 Nichirin Katana With Sheath - Cosplay Safe Foam,Default Title,FM074,3,37.5,-3.75,0,33.75,6.75,40.5,30,33.75
2026-05,Demon Slayer - Sanemi Shinazugawa Green Nichirin Katana With Sheath - Cosplay Safe Foam,Default Title,BS210668-1,3,37.5,-3.75,0,33.75,6.75,40.5,30,33.75
2026-05,Harry Potter - Official Hermione's Time Turner and Display Case (24K Gold Plated),Default Title,NN7017,1,37.5,-3.75,0,33.75,6.75,40.5,29.03,33.75
2026-05,One Piece - Shusui Collectible (40cm),Default Title,LT018,2,33.34,0,0,33.34,6.66,40,13,33.34
2026-05,Deluxe Balisong/Butterfly Knife Trick Trainer (Prismatic),Default Title,,2,33.34,0,0,33.34,6.66,40,5.9,33.34
2026-05,Demon Slayer - Nezuko Nichirin Katana (Cosplay Safe Wood),Default Title,WD062,2,33.34,0,0,33.34,6.66,40,25.58,33.34
2026-05,Coiled Snake Display Tanto,Default Title,,1,33.33,0,0,33.33,6.67,40,18,33.33
2026-05,Katana/Sword Floor Stand,Default Title,BP310044,1,33.33,0,0,33.33,6.67,40,17,33.33
2026-05,"The Witcher TV Show Silver Sword - 15"" Collectable (White)",Default Title,BS310714,1,33.33,0,0,33.33,6.67,40,12,33.33
2026-05,Wooden Katana Presentation Box,Default Title,BS310170,1,33.33,0,0,33.33,6.67,40,0,0
2026-05,Katana Box With Floral Cloth Cover,Default Title,B008,1,33.33,0,0,33.33,6.67,40,0,0
2026-05,Femme Fatale Flintlock Garter Gun,Default Title,G237/G,1,33.33,0,0,33.33,6.67,40,13.5,33.33
2026-05,Demon Slayer - Kyojuro Rengoku Nichirin - Cosplay Safe Wood,Default Title,VX221241,1,33.33,0,0,33.33,6.67,40,12,33.33
2026-05,"The Witcher TV Show Silver Sword - 15"" Collectable (Black)",Default Title,BS310715,1,33.33,0,0,33.33,6.67,40,12,33.33
2026-05,ASSASSIN'S CREED - PureArts Qlectors Ezio Leap Of Faith,Default Title,PA035AC,2,33.32,0,0,33.32,6.66,39.98,55.98,33.32
2026-05,ASSASSIN'S CREED - PureArts Qlectors Altair Bell Tower,Default Title,PA034AC,2,33.32,0,0,33.32,6.66,39.98,55.98,33.32
2026-05,"Lord Of The Rings - Officially Licensed ""Speak Friend"" Luminescent Doormat",Default Title,FLGE001,2,33.32,0,0,33.32,6.66,39.98,16.66,33.32
2026-05,Harry Potter - Fluffy Collector's Plush,Default Title,NN7975,1,32.5,0,0,32.5,6.5,39,20.37,32.5
2026-05,Terminator 2 - T-800 Endoskeleton Cyberdyne Systems Tankard,Default Title,B4656N9,1,32.5,0,0,32.5,6.5,39,20.83,32.5
2026-05,Lord of the Rings Gondor Goblet,Default Title,B6673B24,1,32.5,0,0,32.5,6.5,39,18.75,32.5
2026-05,The Lord Of The Rings - The One Ring (Costume),Default Title,NN0903,2,31.66,0,0,31.66,6.34,38,20.38,31.66
2026-05,The Lord of the Rings – XL Mouse Mat,Default Title,,2,33.31,-1.65,0,31.66,6.33,37.99,16.66,31.66
2026-05,Demon Slayer - Tanjiro Kamado Nichirin Katana - Cosplay Safe Foam,Default Title,BS210668-3,2,30,0,0,30,0,30,20,30
2026-05,Jurassic Park – Gateway 3D Photo Frame,Default Title,,1,29.99,0,0,29.99,0,29.99,12.5,29.99
2026-05,Star Wars - Boba Fett's Ee-3 Blaster (Cosplay Safe Foam),Default Title,FM241,1,29.17,0,0,29.17,5.83,35,8.86,29.17
2026-05,Hand Grenade Mk2 Pineapple (Green) - USA 1918,Default Title,738V,1,29.17,0,0,29.17,5.83,35,15.74,29.17
2026-05,Thor - Mighty Thor Mjolnir (Foam),Default Title,BS015340F,1,29.17,0,0,29.17,5.83,35,9.21,29.17
2026-05,Pair Of Attack On Titan Cosplay/Larp,Default Title,BS310051,1,29.17,0,0,29.17,5.83,35,22,29.17
2026-05,The Shining - Life Size Jack Torrance Axe Replica (Cosplay Safe Foam),Default Title,DRSK101,1,29.17,0,0,29.17,5.83,35,20.34,29.17
2026-05,AR-15 Assault Rifle (Cosplay Safe Foam),Default Title,FM052,1,29.17,0,0,29.17,5.83,35,9.32,29.17
2026-05,Lord Of The Rings - Thranduil Sword Collectible (40cm),Default Title,HK8443MUB,1,29.17,0,0,29.17,5.83,35,6.85,29.17
2026-05,The Shining Limited Edition 24k Gold Plated The Overlook Hotel Ball Ticket,Default Title,THG-SHIN103,1,29.16,0,0,29.16,5.83,34.99,16.03,29.16
2026-05,Harry Potter - Officially Licensed Mirror Of Erised 3D Photo Frame,Default Title,MF3D01,2,28.32,0,0,28.32,5.66,33.98,16.66,28.32
2026-05,Deluxe Balisong/Butterfly Knife Replica Trick Trainer (Blue),Default Title,HK22657C,2,25,0,0,25,5,30,6.3,25
2026-05,Demon Slayer -  Muichiro Tokito White Nichirin - Cosplay Safe Wood,Default Title,VX221258,1,25,0,0,25,5,30,12.79,25
2026-05,Naruto - Kunai (Metal),Default Title,AM035,1,25,0,0,25,5,30,4.85,25
2026-05,Minecraft - Movie Sword (Cosplay Safe Foam),Default Title,VX221139,1,25,0,0,25,5,30,0,0
2026-05,Legend Of Zelda - Master Sword In Stone Letter Opener,Default Title,BS210368,2,25,0,0,25,5,30,0,0
2026-05,Supernatural - Church of Castiel Pentagram,Default Title,BG011472,2,25,0,0,25,5,30,3.22,25
2026-05,That Time I Got Reincarnated As A Slime - Rimuru Tempest Katana (Cosplay Safe Wood),Default Title,VX221354,1,25,0,0,25,5,30,4.57,25
2026-05,The Lord Of The Rings - Officially Licensed 3D Light Of Earendil Lamp,Default Title,LAMP006,1,24.99,0,0,24.99,5,29.99,12.5,24.99
2026-05,I'll Pop the Cauldron On - Officially Licensed Doormat 45 x 75cm,Default Title,B6406X3,2,24.98,0,0,24.98,5,29.98,0,0
2026-05,John Wick - Assassin's Guild Coin,Two Coins £15,67408399,2,25,-1.25,0,23.75,4.75,28.5,8,23.75
2026-05,".45 Cal Revolver Bullet, USA 1880 (Pack of 6)",Default Title,G62,2,23.34,0,0,23.34,4.66,28,12.9,23.34
2026-05,"Final Fantasy - Gunblade (Cosplay Safe Foam, 102cm)",Default Title,VX221196,1,25,-2.5,0,22.5,4.5,27,7.31,22.5
2026-05,Devil May Cry Rebellion - Cosplay/Larp Safe Foamsword,Default Title,HK0213F,1,22.5,0,0,22.5,4.5,27,11,22.5
2026-05,The Lord Of The Rings - Arwen Hadhafang Letter Opener and Display Case,Default Title,NN9281,1,25,-2.5,0,22.5,4.5,27,19.96,22.5
2026-05,The Witcher - Geralt Of Rivia's Steel Sword - Cosplay Safe Foam,Default Title,FM101,1,25,-2.5,0,22.5,4.5,27,9,22.5
2026-05,THE WITCHER - Witcher TV Series Silver Sword Cosplay/LARP Safe Foam,Default Title,FM308,1,25,-2.5,0,22.5,4.5,27,5.22,22.5
2026-05,Demon Slayer - Kyojuro Rengoku Nichirin Katana With Sheath - Cosplay Safe Foam,Default Title,BS210668-2,2,25,-2.5,0,22.5,4.5,27,20,22.5
2026-05,Assassin's Creed - Altair Sword Cosplay/Larp Safe Foam,Default Title,BS111036,1,20.83,0,0,20.83,4.17,25,8,20.83
2026-05,Power Rangers - Green Ranger Dagger (Cosplay Safe Foam),Default Title,FM169,1,20.83,0,0,20.83,4.17,25,6.62,20.83
2026-05,Ryoken Crimson Spirit - Display (Blunt) Tanto (Red),Default Title,BS310854RD,1,20.83,0,0,20.83,4.17,25,5.76,20.83
2026-05,Demon Slayer - Shinobu Kocho Nichirin - Cosplay Safe Wood With Sheath,Default Title,VX221260,1,20.83,0,0,20.83,4.17,25,11,20.83
2026-05,Ryoken Shadow Spirit - Display (Blunt) Tanto (Black),Default Title,BS310854BK,1,20.83,0,0,20.83,4.17,25,5.76,20.83
2026-05,"Katana Collectable Box Set (20cm, Red)",Default Title,BS310945R,1,20.83,0,0,20.83,4.17,25,5.77,20.83
2026-05,Ryoken Display (Blunt) Tanto (Blue),Default Title,BS310854BL,1,20.83,0,0,20.83,4.17,25,5.76,20.83
2026-05,Lord Of The Rings - Gondor Sword Collectable (34cm),Default Title,VX221222,1,20.83,0,0,20.83,4.17,25,2.54,20.83
2026-05,"Katana Collectable Box Set (20cm, Black)",Default Title,BS310945B,1,20.83,0,0,20.83,4.17,25,5.77,20.83
2026-05,Legend Of Zelda - Master Sword Collectible 30cm,Default Title,BS210370,1,20.83,0,0,20.83,4.17,25,5.51,20.83
2026-05,The Witcher - Wild Hunt Silver Serpent Sword Collectable (40cm),Default Title,HK8787SU,1,20.83,0,0,20.83,4.17,25,9,20.83
2026-05,Demon Slayer - Mitsuri Konroji Nichirin - Cosplay Safe Wood,Default Title,WD032,1,20.83,0,0,20.83,4.17,25,12,20.83
2026-05,Bleach Ichigo Letter Opener,Default Title,,1,20.83,0,0,20.83,4.17,25,5,20.83
2026-05,GAME OF THRONES - Jon Snow Longclaw  Cosplay/LARP Safe Foam,Default Title,BS210371,1,20.83,0,0,20.83,4.17,25,5.4,20.83
2026-05,Pompei Collection - Roman Pugio Collectable (35cm),Default Title,VX221124,1,20.83,0,0,20.83,4.17,25,6.16,20.83
2026-05,Devil May Cry - Blue Rose Gun Of Nero (Cosplay Safe Foam),Default Title,FM140,1,20.83,0,0,20.83,4.17,25,7,20.83
2026-05,2000 AD Judge Dredd Badge Replica,Default Title,RB-JD06,1,20.82,0,0,20.82,4.17,24.99,11.45,20.82
2026-05,Jaws 50th Anniversary 24k Gold Plated Regatta Ticket Collectible,Default Title,UV-JW138,1,20.82,0,0,20.82,4.17,24.99,11.45,20.82
2026-05,Kukri - Cosplay/Training Knife,Default Title,CS-92R35,1,20.82,0,0,20.82,4.17,24.99,9,20.82
2026-05,A Nightmare on Elm Street Limited Edition Collectible Coin,Default Title,THG-HC12,3,19.98,0,0,19.98,3.99,23.97,7.5,19.98
2026-05,The Witcher - Travel Notebook,Default Title,CTBV004,2,19.98,0,0,19.98,4,23.98,10.02,19.98
2026-05,DC - Arkham Lounge Batgirl,Tee 3X-Large (Larger Image),T0052-TE-1-1-1-1-1-1-1-1-1-1-1-1-1-1-1,1,18.75,0,0,18.75,3.75,22.5,8.5,18.75
2026-05,DC - Arkham Lounge Harley Quinn,Tee 3X-Large (Larger Image),T0477-TE-1-1-1-1-1-1-1-1-1-1-1-1-1-1-1,1,18.75,0,0,18.75,3.75,22.5,8.5,18.75
2026-05,Pompei Collection - Roman Cinquedea Collectable (35cm),Default Title,VX221123,1,20.83,-2.08,0,18.75,3.75,22.5,6.3,18.75
2026-05,One Piece - Trafalgar Law Collectible (40cm),Default Title,LT017P,1,16.67,0,0,16.67,3.33,20,6.5,16.67
2026-05,Demon Slayer - Yoriichi Tsugikuni Nichirin Collectable (40cm),Default Title,VX221059,1,16.67,0,0,16.67,3.33,20,3,16.67
2026-05,One Piece - Roronoa Zoro Sandai Kitetsu Collectable (40cm),Default Title,LT019,1,16.67,0,0,16.67,3.33,20,6.5,16.67
2026-05,Game Of Thrones - Ned Stark's Ice Collectable (42cm),Default Title,BS016645,1,16.67,0,0,16.67,3.33,20,5.95,16.67
2026-05,Bleach - Ichigo Zangetsu Katana Collectable (42Cm),Default Title,LT023,1,16.67,0,0,16.67,3.33,20,6.5,16.67
2026-05,Demon Slayer - Tanjiro Kamado Nichirin Collectable (40 cm),Default Title,LT001,1,16.67,0,0,16.67,3.33,20,6.5,16.67
2026-05,"The Lord Of The Rings - Sting Collectible (28cm, Black)",Default Title,BS016127,1,16.67,0,0,16.67,3.33,20,4.59,16.67
2026-05,One Piece - Roronoa Zoro's Enma Collectible (40cm),Default Title,LT020,1,16.67,0,0,16.67,3.33,20,6.5,16.67
2026-05,Star Wars - Limited Edition Han Solo in Carbonite Ingot,Default Title,K-001,1,16.66,0,0,16.66,3.33,19.99,9.16,16.66
2026-05,Demon Slayer - Officially Licensed Deluxe Ramen Bowl,Default Title,BOWRA07,1,16.66,0,0,16.66,3.33,19.99,10.41,16.66
2026-05,Jurassic Park - Limited Edition Mosquito in Amber Ingot,Default Title,UV-JP132,1,16.66,0,0,16.66,3.33,19.99,9.16,16.66
2026-05,The Great Wave Of Kanagawa Hokusai - Officially Licensed Deluxe XL Mouse Mat,Default Title,MGGE024,1,16.66,0,0,16.66,3.33,19.99,8.33,16.66
2026-05,The Elder Scrolls IV: Oblivion Mehrunes' Razor Bottle Opener,Default Title,B-ELD18,2,16.64,0,0,16.64,3.34,19.98,10.98,16.64
2026-05,Rick & Morty Limited Edition Medallion,Default Title,THG-RM04,2,16.64,0,0,16.64,3.34,19.98,5.5,16.64
2026-05,DC The Dark Knight Limited Edition Gotham City Police Badge Medallion,Default Title,THG-DC48,1,15.82,0,0,15.82,3.17,18.99,9.16,15.82
2026-05,Hellboy Face,Tee Medium,TEE096-TE-1-1-1-1-1-1-1-1-1-1,1,15,0,0,15,3,18,8.5,15
2026-05,Star Wars - Han Solo Vector,Tee Large,T0370-TE-1-1-1-1-1-1-1-1-1-1-1,1,15,0,0,15,3,18,8.5,15
2026-05,My Neighbor Totoro - Many Faces Of Totoro,Tee Medium,T0045-TE-1-1-1-1-1-1-1-1-1-1,1,15,0,0,15,3,18,8.5,15
2026-05,Attack On The Titan -  Homeland,Tee Medium,T0005-TE-1-1-1-1-1-1-1-1-1-1,1,15,0,0,15,3,18,8.5,15
2026-05,Deadpool - Splat Mask,Tee Medium,TEE059-TE-1-1-1-1-1-1-1-1-1-1,1,15,0,0,15,3,18,8.5,15
2026-05,Ninja Turtles - Officially Licensed Deluxe Door Mat,Default Title,FGE0070,1,16.65,-1.65,0,15,3,18,7.5,15
2026-05,Nunchaku (Nunchuk) - Classic Dragon (Wood),Default Title,BW010192,1,15,0,0,15,3,18,7,15
2026-05,DC - Batman In The Shadows,Tee Medium,T0482-TE-1-1-1-1-1-1-1-1-1-1,1,15,0,0,15,3,18,8.5,15
2026-05,Jujutsu Kaisen- Toji Inverted Spear Of Heaven (Cosplay Safe Foam),Default Title,VX221151,1,16.66,-1.66,0,15,3,18,2.85,15
2026-05,Aliens - Colonial Marines,White / Tee Medium,T1524-WH-TE-1-1-1-1-1-1-1-1-1-1,1,15,0,0,15,3,18,8.5,15
2026-05,Scream - Ghost(Face)Busters,Tee Medium,TEE205-TE-1-1-1-1-1-1-1-1-1-1,1,15,0,0,15,3,18,8.5,15
2026-05,Star Wars - Darth Vader - Fallout,Tee Ladies Fitted L,T0382-TE-1-1-1-1-1-1-1,1,15,0,0,15,3,18,8.5,15
2026-05,Star Wars - Millenium Falcon - Typography,Tee Medium,T0344-TE-1-1-1-1-1-1-1-1-1-1,1,15,0,0,15,3,18,8.5,15
2026-05,Harry Potter - Not Today Mugglef*Cker!!,Tee Ladies Fitted L,T0295-TE-1-1-1-1-1-1-1,1,15,-1.5,0,13.5,2.7,16.2,8.5,13.5
2026-05,Final Fantasy Vii - Sephiroth Obey,Medium,69675866,1,12.5,0,0,12.5,2.5,15,8.5,12.5
2026-05,Attack On Titan - VME Sword Fidget Keyring/Keychain (22cm),Default Title,,1,12.5,0,0,12.5,2.5,15,3,12.5
2026-05,Knight's Shield (Cosplay Safe Wood),Default Title,BG012000,1,12.5,0,0,12.5,2.5,15,1.65,12.5
2026-05,Firefly - Serenity Silhouette,2X-Large / Heather Grey,81526103,1,12.5,0,0,12.5,2.5,15,8.5,12.5
2026-05,Supernatural - Church Of Castiel,X-Large,89415703,1,12.5,0,0,12.5,2.5,15,8.5,12.5
2026-05,Demon Slayer - Rengoku Nichirin Fidget Keyring/Keychain (22cm),Default Title,KW1003,1,12.5,0,0,12.5,2.5,15,3,12.5
2026-05,Starship Troopers Live Forever,Medium,1801-ME,1,12.5,0,0,12.5,2.5,15,8.5,12.5
2026-05,Firefly - Serenity Silhouette,,,1,12.5,0,0,12.5,2.5,15,8.5,12.5
2026-05,Lord of the Rings -  Uruk-Hai Pikeman TUBBZ (Boxed Edition),Default Title,NS4840,1,12.49,0,0,12.49,2.5,14.99,11.66,12.49
2026-05,Garfield - Officially Licensed Deluxe Door Mat,Default Title,FGE0068,1,12.49,0,0,12.49,2.5,14.99,7.5,12.49
2026-05,Lord of the Rings -  Saruman TUBBZ (Boxed Edition),Default Title,NS4842,1,12.49,0,0,12.49,2.5,14.99,11.66,12.49
2026-05,Lord of the Rings - Ringwraith TUBBZ (Boxed Edition),Default Title,NS4600,1,12.49,0,0,12.49,2.5,14.99,11.66,12.49
2026-05,Star Wars – Darth Vader A5 Premium Notebook with Lightsaber Pen,Default Title,CPA5013,1,12.49,0,0,12.49,2.5,14.99,7.08,12.49
2026-05,The Goonies - Treasure Map Premium A5 Notebook With Projector Pen,Default Title,CPA5014,1,12.49,0,0,12.49,2.5,14.99,6.25,12.49
2026-05,Disney Villains - Officially Licensed Deluxe XL Mouse Mat,Default Title,MGGE066,1,12.49,0,0,12.49,2.5,14.99,8.33,12.49
2026-05,Lord of the Rings -  Boromir TUBBZ (Boxed Edition),Default Title,NS4886,1,12.49,0,0,12.49,2.5,14.99,11.66,12.49
2026-05,Killer Kitty,Fitted L / White On Purple,66260182,1,12.5,-1.25,0,11.25,2.25,13.5,8.5,11.25
2026-05,Utini!,2X-Large,80784610,1,12.5,-1.25,0,11.25,2.25,13.5,8.5,11.25
2026-05,Firefly - Inevitable Betrayal,2X-Large / Black,48760718,1,12.5,-1.25,0,11.25,2.25,13.5,8.5,11.25
2026-05,Demon Slayer - Zenitsu Agatsuma Yellow Nichirin Katana With Sheath - Cosplay Safe Foam,Default Title,BS210668-6,1,12.5,-1.25,0,11.25,2.25,13.5,10,11.25
2026-05,The Walking Dead - Team Negan,Fitted L / Black,59361079,1,12.5,-1.25,0,11.25,2.25,13.5,8.5,11.25
2026-05,Hitchhiker's Guide - Overrated,2X-Large,20916735,1,12.5,-1.25,0,11.25,2.25,13.5,8.5,11.25
2026-05,Jurassic Park - Velociraptor Claw Bottle Opener,Default Title,UV-JP101,1,10.82,0,0,10.82,2.17,12.99,5.49,10.82
2026-05,Beetlejuice Limited Edition Gravestone Ingot,Default Title,THG-BJ04,1,10.82,0,0,10.82,2.17,12.99,4.58,10.82
2026-05,MP40 SMG Dummy Bullet (Pack of 6),Default Title,G52,1,10,0,0,10,2,12,5.7,10
2026-05,IT Pin Badge Set,Default Title,Z-HC16,1,9.99,0,0,9.99,2,11.99,5.49,9.99
2026-05,ThunderCats 40th Anniversary Lion-O Coin,Default Title,Z-TC03,1,9.99,0,0,9.99,2,11.99,5.49,9.99
2026-05,The Lord of the Rings Wall Banner,Default Title,Z-LOTR21,1,9.99,0,0,9.99,2,11.99,2.5,9.99
2026-05,Mystery Tee Twin Pack,2 Tees For £12 - 2XLarge,34241400,1,10,-1,0,9,1.8,10.8,0,0
2026-05,Lord Of The Rings - Gandalf Glamdring Collectable with Stand (22cm),Default Title,VX221237-3,1,8.99,0,0,8.99,0,8.99,1.64,8.99
2026-05,Mandalorian Challenge Coin,Default Title,,1,8.33,0,0,8.33,1.67,10,2,8.33
2026-05,Disney Stitch and Angel - Officially Licensed Water Bottle 500ml,Default Title,C6379X3,1,8.32,0,0,8.32,1.67,9.99,0,0
2026-05,Back to the Future Hoverboard Coin,Default Title,UV-BF220,1,8.32,0,0,8.32,1.67,9.99,5.49,8.32
2026-05,Star Wars Limited Edition Jabba the Hut Ingot,Default Title,K-017,1,8.32,0,0,8.32,1.67,9.99,2.5,8.32
2026-05,Arkham Horror Limited Edition Replica Police Badge,Default Title,ASE-AH06,1,8.32,0,0,8.32,1.67,9.99,2.5,8.32
2026-05,The Lord of the Rings One Ring Necklace,Default Title,Z-LOTR23,1,8.32,0,0,8.32,1.67,9.99,2.75,8.32
2026-05,Jurassic Park Medallion and Pin Set,Default Title,UV-JP153,1,8.32,0,0,8.32,1.67,9.99,2.75,8.32
2026-05,DC Comics Limited Edition Batman Ingot,Default Title,THG-DC01,1,8.32,0,0,8.32,1.67,9.99,2.5,8.32
2026-05,Red Dead Redemption - Six Point Sherriff Badge,Default Title,G101,1,7.99,0,0,7.99,0,7.99,3.14,7.99
2026-05,The Lord of the Rings Limited Edition Dwarf Tossing Pin Badge,Default Title,THG-LOTR03,2,8.31,-0.41,0,7.9,1.58,9.48,4.56,7.9
2026-05,A Nightmare on Elm Street Limited Edition Medallion,Default Title,THG-HC08,1,7.49,0,0,7.49,1.5,8.99,2.75,7.49
2026-05,Star Wars - Officially Licensed Stormtrooper Book Light,Default Title,PP9590SW,1,6.66,0,0,6.66,1.33,7.99,3.33,6.66
2026-05,The Exorcist Limited Edition Collectible Coin,Default Title,THG-HC13,1,6.25,0,0,6.25,1.25,7.5,2.5,6.25
2026-05,DC Comics Batman Number Plate Tin Sign,Default Title,THG-DC58,1,5.82,0,0,5.82,1.17,6.99,2.28,5.82
2026-05,Star Wars - Officially Licensed Grogu Stress Ball,Default Title,PP7340MANV2,1,4.99,0,0,4.99,1,5.99,3.33,4.99
2026-05,LANCASTER BOMBER KEY-RING,Default Title,LANCKR,1,3.32,0,0,3.32,0.67,3.99,1.35,3.32
2026-05,CONCORDE KEY-RING,Default Title,CONKR,1,3.32,0,0,3.32,0.67,3.99,1.35,3.32
2026-05,Harry Potter Letter Keyring,Default Title,Z-HP80,1,3.32,0,0,3.32,0.67,3.99,1.83,3.32
2026-05,Lancaster 3D Enamel Pin Badge,Default Title,TOPLAN3DPIN,1,3.32,0,0,3.32,0.67,3.99,1.5,3.32
2026-05,VULCAN BOMBER KEY-RING,Default Title,VBKR,1,3.32,0,0,3.32,0.67,3.99,1.5,3.32
2026-05,Star Wars Limited Edition We Meet Again Ingot,Default Title,K-019,1,8.32,-7.47,0,0.85,0.17,1.02,2.5,0.85
2026-05,Bowie Knife (Cosplay Safe Foam),Default Title,FM280,0,8.32,0,-8.32,0,0,0,0,0
2026-05,Supernatural - Ruby's Demon Blade,Default Title,,1,50,-50,0,0,0,0,13.5,0
2026-05,Sten MkII British SMG - 1940,Default Title,G1148,0,150,-15,-135,0,0,0,0,0
2026-05,Honshu Practice Broadsword,Default Title,UC-UC3312,0,54.17,0,-54.17,0,0,0,0,0
2026-05,He-Man Power Sword,Default Title,MS030,0,250,0,-250,0,0,0,0,0
2026-05,Lord Of The Rings - United Cutlery Officially Licensed Sting Sword With Plaque from The Hobbit,Default Title,UC2892,0,0,0,0,0,0,0,0,0
2026-05,The Elder Scrolls V: Skyrim - Replica Amulet of Talos Limited Edition Unisex Necklace,Default Title,B-SKY15,0,9.99,-0.99,-9,0,0,0,0,0
2026-05,Supernatural - Impala Trunk Knife,Default Title,HK2022,0,25,0,-25,0,0,0,0,0
2026-05,Longclaw Wedding Cake Knife (30cm),Default Title,BS110463,0,31.66,0,-31.66,0,0,0,0,0
2026-05,PAYDAY GIFT,Default Title,,20,0,0,0,0,0,0,0,0
2026-05,Fate Stay Night - Excalibur Sword Of Saber,Default Title,BS310691,0,116.67,0,-116.67,0,0,0,0,0
2026-05,Demon Slayer - Tanjiro Kamado Fire Breath Black Nichirin Display (Straight Blade) Katana,Default Title,BS310686,0,66.66,-6.66,-60,0,0,0,0,0
2026-05,Witcher 3 - Standard Ciri Sword,Default Title,BS310598,0,100,0,-100,0,0,0,0,0
2026-05,Batman - Officially Licensed Mask Light,Default Title,PP14324BM,0,16.66,0,-16.66,0,0,0,0,0
2026-05,"Elden Ring - Greatsword (Cosplay Safe Foam, 101cm)",Default Title,VX221198,0,25,0,-25,0,0,0,0,0
2026-05,LOTR Anduril Wedding Cake Knife/ Letter Opener,Default Title,BS013484,0,33.34,0,-33.34,0,0,0,0,0
2026-05,The Hobbit - United Cutlery Officially Licensed Glamdring Sword,Default Title,UC-UC2942,0,274.16,-27.41,-246.75,0,0,0,0,0
2026-05,World Of Warcraft - Lich King Shadowmourne Axe,Default Title,BS015630,0,187.5,0,-187.5,0,0,0,0,0
2026-05,Friends - Officially Licensed Central Perk Cushion 40cm,Default Title,C6226W2,0,8.32,0,-8.32,0,0,0,0,0
2026-05,John Wick - Assassin's Guild Coin,Single Coin £10,49502636,0,16.66,-0.83,-15.83,0,0,0,0,0
2026-05,Red Dead - Colt Single Action Army (Cosplay Safe Foam),Default Title,FM286,0,16.67,0,-16.67,0,0,0,0,0
2026-05,Harry Potter - Love Potion Pendant and Display,Default Title,NN7599,1,39,-39,0,0,0,0,19.35,0
2026-05,M9 Bayonet - Cosplay/Training Knife,Default Title,CS-92RBNT,-1,0,0,-16.66,-16.66,-3.33,-19.99,-7,-16.66
2026-05,HONSHU - KARITO TRAINING BATTLE AXE,Default Title,UC-UC3656,-1,0,0,-57.5,-57.5,-11.5,-69,-29.2,-57.5
2026-05,Drakkar Viking Wood Shield,Default Title,BW011032,-1,0,0,-66.67,-66.67,-13.33,-80,-14.61,-66.67
2026-05,"Demon Slayer - Mitsuri Kanroji Love Pink Nichirin Display (Medtal, Straight Blade) Katana with Light Up Blade",Default Title,BS310862,-1,0,0,-67.5,-67.5,-13.5,-81,-21,-67.5
2026-05,Demon Slayer - Muichiro Tokito White Nichirin Display (Straight Blade) Katana,Default Title,BS111060,-1,66.67,0,-136.67,-70,0,-70,-17.36,-70
2026-05,Pigface Bascinet,Default Title,AH-XH016,-1,0,0,-97.5,-97.5,-19.5,-117,-59.46,-97.5
2026-05,Wyatt Earp Double Barrel Shotgun Display Replica USA 1868,Default Title,G1115,-1,0,0,-162.5,-162.5,-32.5,-195,-86.29,-162.5
2026-05,CALL OF DUTY - German WWII MP41 Submachine Gun 1940,Default Title,G1124/C,-1,0,0,-174.17,-174.17,-34.83,-209,-128.3,-174.17
2026-05,Honshu Historic Forge - Scottish Claymore,Default Title,UC-UC3512,-1,0,0,-362.5,-362.5,-72.5,-435,-244.82,-362.5
2026-06,The Lord Of The Rings - Deluxe Anduril With Display Plaque & Scabbard,Default Title,VX221044-NS,31,4564.06,-96.31,-150,4317.75,827.64,5145.39,1131.5,4317.75
2026-06,Masters Of The Universe - He-Man Power Sword (2026),Default Title,VX221214,23,5062.49,-56.25,-750,4256.24,851.25,5107.49,1056.62,4256.24
2026-06,,,,6,705,-23.24,1896.28,2578.04,1080.53,9071.28,-1.28,-31.66
2026-06,Thundercats - Deluxe Sword Of Omens,Default Title,HK8896,19,1884.16,-61.47,0,1822.69,364.51,2187.2,611.8,1822.69
2026-06,"LORD OF THE RINGS - NEW! Superior Anduril, The Sword Reforged with Scabbard and Plaque",Default Title,VX221039,12,1798.34,-31.57,0,1766.77,353.33,2120.1,503.88,1766.77
2026-06,Legend Of Zelda - Deluxe Master Sword,Default Title,BS310223,14,1505,-24.99,0,1480.01,295.99,1776,504,1480.01
2026-06,The Bastard Snow - Sword Including Plaque and Scabbard,Default Title,JOT5909M,16,1453.28,-26.49,0,1426.79,285.41,1712.2,488,1426.79
2026-06,World of Warcraft - Epic Edition Frostmourne,Default Title,VX221086,6,1375.02,0,0,1375.02,274.98,1650,957.72,1375.02
2026-06,Ghost Of Tsushima - Jin Sakai Storm Hand Forged Clay Tempered Katana,Default Title,VX221717-L-CT,9,1819.99,-203.33,-325,1291.66,258.33,1549.99,267.21,1291.66
2026-06,James Bond Walther PPK With Silencer,Default Title,G1311,13,1499.99,-11.44,-200,1288.55,257.71,1546.26,806.13,1288.55
2026-06,Aliens - Alien Queen 1:2 Scale Wall Sculpture,Default Title,,2,1331.66,-83.33,0,1248.33,249.67,1498,0,0
2026-06,House Of The Dragon  - Daemon Targaryen Dark Sister,Default Title,MS044,15,1237.49,-8.33,0,1229.16,245.83,1474.99,367.5,1229.16
2026-06,Final Fantasy VII - Cloud's Strife Buster Sword,Default Title,VX221043,6,1125,0,0,1125,225,1350,399.36,1125
2026-06,Final Fantasy VIII - NEW Superior Squall Gunblade,Default Title,VX221148,9,1125,0,0,1125,225,1350,333,1125
2026-06,Valyrian Steel Game of Thrones - Longclaw Sword of Jon Snow,Default Title,VS-VS0106,4,1163.32,-58.16,0,1105.16,221.04,1326.2,763.12,1105.16
2026-06,Red Dead Redemption - Colt Navy (Bronze),Default Title,BG010131,30,1162.49,-25.2,-33.75,1103.54,220.71,1324.25,480,1103.54
2026-06,Supernatural - The Colt,Default Title,VX221106,16,1200.03,-15.35,-133.34,1051.34,210.22,1261.56,408,1051.34
2026-06,"""Darkest Night"" Samurai Master Katana",Default Title,BS310173,1,915.83,0,0,915.83,183.17,1099,329.93,915.83
2026-06,"The Lord Of The Rings - Deluxe Sting (80cm, W/ Display Plaque)",Default Title,VX221042,14,921.62,-13.16,0,908.46,181.74,1090.2,434,908.46
2026-06,LAST ONE!!!! - CHRISTOPHER LAMBERT AUTOGRAPHED & QUOTED Highlander - Deluxe Clan Macleod Claymore,Default Title,,3,914.16,-29.08,0,885.08,177.02,1062.1,71.22,885.08
2026-06,Lord Of The Rings - United Cutlery Officially Licensed Witch King Sword,Default Title,UC-UC1266,3,874.96,-29.15,0,845.81,169.16,1014.97,569.7,845.81
2026-06,Masters Of The Universe - THE OFFICIAL Man-At-Arms FULL METAL Prop Replica,Full Purchase £449,408503Full,1,832.5,0,0,832.5,166.5,999,675.3,832.5
2026-06,Masters Of The Universe - THE OFFICIAL Man-At-Arms FULL METAL Prop Replica,Deposit Only £199 (£800 remaining to pay prior to shipping),,1,832.5,0,0,832.5,166.5,999,675.3,832.5
2026-06,Dark Souls - Great Sword Of Artorias (140cm Deluxe Edition),Default Title,VX221075-L,5,829.15,-8.33,0,820.82,164.18,985,184.8,820.82
2026-06,Lord Of The Rings - United Cutlery Officially Licensed Mace Of Sauron Red Eye Edition,Default Title,UC-UC3520,2,815,0,0,815,163,978,538.38,815
2026-06,Wells Fargo Stagecoach Defender - Double Barrel  Wyatt Earp Shotgun Pistol / Sawn-Off with Brass Action- USA 1868,Default Title,G1113,6,799.98,-17.19,0,782.79,156.57,939.36,517.74,782.79
2026-06,Once Upon A Time - Rumplestiltskin's Dark One Dagger,Default Title,AM030,16,799.99,-26.66,0,773.33,154.66,927.99,248,773.33
2026-06,"M1911A1 Colt ""Government"" Us Service Pistol (Black/Wood))",Default Title,G9312,8,800,-28.33,0,771.67,154.33,926,577.92,771.67
2026-06,"M1911A1 Colt ""Government"" Us Service Pistol (Nickel Finish)",Default Title,G6312,8,900,-38.33,-100,761.67,152.33,914,577.92,761.67
2026-06,The Witcher III - Geralt's Silver Sword,Default Title,BS110617,7,752.49,-10.75,0,741.74,148.35,890.09,192.36,741.74
2026-06,"Kill Bill - Deluxe ""O-Ren Ishii"" Hand Forged Shirasaya in Clay Tempered HCS",Default Title,bs011024-orenCT,4,929.15,-19.08,-171.75,738.32,147.68,886,193.16,738.32
2026-06,Supernatural - Deluxe Angel Blade,Default Title,HK8445,13,758.29,-22.49,0,735.8,147.2,883,336.18,735.8
2026-06,Devil May Cry 5 - Dante's Rebellion (Silver),Default Title,HK0214,6,745,-12.41,0,732.59,146.5,879.09,241.98,732.59
2026-06,Game of Thrones/House Of The Dragon - King Viserys' Valeryian Steel Dagger and Arya's Catspaw,Default Title,HK8764GS,11,724.13,-6.58,0,717.55,143.55,861.1,154,717.55
2026-06,Tommy Gun - M1 Submachine Gun,Default Title,G1092,3,697.49,0,0,697.49,139.51,837,460.32,697.49
2026-06,Honshu Historic Forge - Scottish Claymore,Default Title,UC-UC3512,2,725,-36.25,0,688.75,137.75,826.5,489.64,688.75
2026-06,Highlander - Kurgan's Sword (Full Metal),Default Title,BS310522,5,687.5,0,0,687.5,137.5,825,166.35,687.5
2026-06,Conan The Barbarian / Stranger Things - Atlantean Sword,Default Title,BS014659,6,700,-19.99,0,680.01,135.99,816,312,680.01
2026-06,House of the Dragon – Official Blackfyre Sword Limited Edition,Default Title,FE-408245,1,679.17,0,0,679.17,135.83,815,453.1,679.17
2026-06,House of the Dragon – Official Dark Sister Sword Limited Edition,Default Title,FE-408246,1,679.17,0,0,679.17,135.83,815,453.1,679.17
2026-06,Masters Of The Universe - THE OFFICIAL Man-At-Arms FULL METAL Prop Replica,Non-Refundable Deposit Only £199 (£800 Remaining To Pay Before Dispatch),,4,663.32,0,0,663.32,132.68,796,2701.2,663.32
2026-06,Masters Of The Universe - THE OFFICIAL Man-At-Arms FULL METAL Prop Replica,Deposit Only £150 (£300 remaining to pay prior to shipping),408503Dep,4,829.15,0,-165.83,663.32,132.68,796,2701.2,663.32
2026-06,Aliens - Corporal Dwayne Hicks 1/4 Scale (58cm) Statue,Full Purchase £789,HCG9461,1,657.49,0,0,657.49,131.5,788.99,568,657.49
2026-06,Wells Fargo Stagecoach Defender - Double Barrel Wyatt Earp Shotgun Pistol / Sawn-Off - USA 1868,Default Title,G1114,5,666.66,-13.33,0,653.33,130.67,784,431.45,653.33
2026-06,James Bond Walther PPK,Default Title,G1277,7,641.68,-9.16,0,632.52,126.48,759,395.71,632.52
2026-06,AK47 Kalashnikov Assault Rifle,Default Title,G1086,3,622.5,0,0,622.5,124.5,747,468.36,622.5
2026-06,Legends Of Zelda - NEW Ultimate Edition Master Sword,Default Title,VX221076,3,622.5,-20.75,0,601.75,120.35,722.1,186.42,601.75
2026-06,House Of The Dragon - Officially Licensed Valyrian Steel Dark Sister Sword Of Daemon Targaryen,Default Title,VS-VS0128,2,598.34,0,0,598.34,119.66,718,412.5,598.34
2026-06,Assassin's Creed Black Flag Resynced - Official Edward Kenway Hidden Blade Lifesize Replica,Default Title,,6,595.01,0,0,595.01,118.98,713.99,313.8,595.01
2026-06,CALL OF DUTY - German WWII MP40 Sub-Machine Gun 1940,Default Title,G1111C,3,587.49,0,0,587.49,117.51,705,333.69,587.49
2026-06,Rick's Colt Python - The Walking Dead,Default Title,G6304,6,595,-9.91,0,585.09,117,702.09,355.08,585.09
2026-06,Lord Of The Rings - United Cutlery Officially Licensed Museum Collection Anduril,Default Title,UC-UC3516,1,1148.34,0,-574.17,574.17,114.83,689,381.83,574.17
2026-06,The Witcher III - Geralt's Steel Sword (Wolf Pommel),Default Title,BS110616,6,544.97,0,0,544.97,109.02,653.99,165,544.97
2026-06,The Hobbit - Officially Licensed United Cutlery Orcrist Sword Of Thorin Oakenshield,Default Title,UC-UC2928,2,565,-28.25,0,536.75,107.35,644.1,303.92,536.75
2026-06,Lord Of The Rings - Officially Licensed United Cutlery Anduril Sword of Aragorn,Default Title,UC-UC1380,2,531.66,0,0,531.66,106.34,638,333.28,531.66
2026-06,Ghost Of Tsushima - Jin Sakai Display Katana,Default Title,VX221713-1,9,517.49,-8.33,0,509.16,101.83,610.99,106.65,509.16
2026-06,Star Trek - Deluxe Klingon Bat'Leth,Default Title,VX221440,4,499.99,0,0,499.99,100,599.99,192,499.99
2026-06,"Lord Of The Rings - Anduril, The Sword Reforged Display Scale (118cm)",Default Title,VX221044-3,5,495.84,-9.91,0,485.93,97.17,583.1,84.8,485.93
2026-06,God Of War - Ragnarok Leviathan Axe with Glow In The Dark Runes,Default Title,AM224,3,487.5,-8.33,0,479.17,95.83,575,471.45,479.17
2026-06,Kreigsmessers Sword,Default Title,CS-SW-KGM,1,470.79,0,0,470.79,94.16,564.95,313.76,470.79
2026-06,God Of War - Deluxe Ragnarok Chaos Blades,Default Title,MS036,3,462.51,0,0,462.51,92.49,555,154.95,462.51
2026-06,Lord Of The Rings - NEW AND IMPROVED Gimli's Battle Axe,Default Title,VX221072,4,466.66,-11.66,0,455,90.99,545.99,152,455
2026-06,Devil May Cry 5 - Vergil's Yamato Display (Straight Blade) Katana,Default Title,VX221228,8,517.5,-5.75,-57.5,454.25,90.85,545.1,84.4,454.25
2026-06,Valyrian Steel King Arthur: Legend of the Sword - Excalibur Damascus,Default Title,VS-RT0001D,1,454.17,0,0,454.17,90.83,545,309.38,454.17
2026-06,"Ghost Of Tsushima - Jin Sakai ""Storm"" Display (Straight Blade) Katana",Default Title,BS310907,8,459.99,-8.33,0,451.66,90.33,541.99,94.8,451.66
2026-06,Thundercats - Sword Of Omens Dagger Eye Of Thundera,Default Title,AM140-1,11,500.02,-8.33,-41.67,450.02,89.97,539.99,131.67,450.02
2026-06,Lord Of The Rings - United Cutlery Officially Licensed Lothlorien Bow Of Legolas,Default Title,UC3691,1,449.17,0,0,449.17,89.83,539,269.19,449.17
2026-06,The Lord Of The Rings - NEW AND IMPROVED Aragorn's Angrist Elven Knife,Default Title,VX221073,6,445.02,0,0,445.02,88.98,534,84,445.02
2026-06,The Walking Dead - Neagan's Lucille,Default Title,BS310616,7,437.5,0,0,437.5,87.5,525,189,437.5
2026-06,God Of War - Hand Forged Ragnarok Chaos Blades,Default Title,BS310937,2,458.33,-22.91,0,435.42,87.08,522.5,254.44,435.42
2026-06,Sword Art Online  - Kirito Elucidator,Default Title,HK9495E,4,433.31,-10.83,0,422.48,84.51,506.99,103.48,422.48
2026-06,Thor's Mjolnir - Full Metal,Default Title,BS310623,2,415,0,0,415,83,498,271.76,415
2026-06,The Walking Dead - Michonne Display Katana,Default Title,BS015963SS,7,478.34,-14.08,-51.75,412.51,82.49,495,154,412.51
2026-06,Masters Of The Universe - THE OFFICIAL Power Sword LARP/Cosplay Safe Prop Replica,Default Title,FACE408946,5,412.5,0,0,412.5,82.5,495,268.5,412.5
2026-06,DEADPOOL - Gold Desert Eagle,Default Title,G1123/L,5,412.5,0,0,412.5,82.5,495,307.9,412.5
2026-06,Once Upon A Time - Excalibur,Default Title,VX221219,5,412.5,0,0,412.5,82.5,495,91.5,412.5
2026-06,Lee-Enfield Smle Rifle - British 1907,Default Title,G1090,2,416.66,-10.41,0,406.25,81.25,487.5,351,406.25
2026-06,Call Of Duty - Mauser 98K (Kar98k) Carbine Rifle - Germany 1935,Default Title,G1146C,2,416.66,-10.41,0,406.25,81.25,487.5,248.72,406.25
2026-06,Star Wars - Hot Toys Darth Maul With Sith Speeder,Default Title,HT9133632,1,412.5,-7.45,0,405.05,81.01,486.06,0,0
2026-06,LORD OF THE RINGS - NEW AND IMPROVED Deluxe King Theoden's Herugrim Sword,Default Title,vx221084,4,396.68,0,0,396.68,79.32,476,96,396.68
2026-06,Assassin's Creed Black Flag Resynced - Official Animus Edward Kenway 1:8 Scale Statue,Default Title,,4,396.67,-8.33,0,388.34,77.66,466,209.2,388.34
2026-06,Thundercats - Sword of Omens (New Version),Default Title,VX221852,4,396.67,-9.91,0,386.76,77.34,464.1,99.96,386.76
2026-06,"Kill Bill - Deluxe ""The Bride"" (Uma Thurman) Hatori Hanzo Hand Forged Katana In Clay Tempered HCS",Default Title,bs011024-brideCT,2,954.15,0,-572.49,381.66,76.34,458,93.4,381.66
2026-06,"Shaun Of The Dead - Winchester ""Yellowboy""  Carbine Rifle",Default Title,G1140L,2,375,0,0,375,75,450,248.54,375
2026-06,God Of War: Ragnarok - Deluxe Thor Mjolnir (Full Metal),Default Title,BG011816,2,375,0,0,375,75,450,243.04,375
2026-06,John Wayne Special Winchester Rifle,Default Title,G1069,2,375,0,0,375,75,450,227.12,375
2026-06,Shogun's Red Rage' Clay Tempered Katana,Default Title,BS310627K,1,374.17,0,0,374.17,74.83,449,185,374.17
2026-06,"Deluxe ""Suteta Ken"" Clay Tempered Hand Forged Katana",Default Title,BS310365CT,2,365,0,0,365,73,438,135.5,365
2026-06,Lord Of The Rings - Deluxe Witch King Of Angmar Sword,Default Title,vx221047,4,454.15,0,-90.83,363.32,72.68,436,130,363.32
2026-06,"Mauser C96 ""Broomhandle"" Pistol with Removable Stock Holster",Default Title,G1025,3,362.49,0,0,362.49,72.51,435,149.82,362.49
2026-06,Highlander - Deluxe Clan Macleod Claymore,Default Title,BS012637,3,350,0,0,350,69.99,419.99,71.22,350
2026-06,Warrior's Demise' Damascus Steel 1095 Clay Tempered Katana,Default Title,,1,332.5,0,0,332.5,66.5,399,67,332.5
2026-06,"Deluxe ""Warrior's Rage"" (Black) Hand Forged Katana In Clay Tempered 1060 HCS",Default Title,BS310161BKCT,2,497.49,0,-165.83,331.66,66.34,398,188,331.66
2026-06,The Lord Of The Rings - Deluxe Legolas' Twin Daggers,Default Title,JOT047A,4,330,0,0,330,66,396,142.16,330
2026-06,"Deluxe ""Warrior's Rage"" (Blue) Hand Forged Katana In Clay Tempered 1060 HCS",Default Title,BS310161BLCT,2,331.66,-4.02,0,327.64,65.53,393.17,90.46,327.64
2026-06,Lord Of The Rings - Officially Licensed United Cutlery Uruk Hai Scimitar,Default Title,UC-UC1309,2,325,0,0,325,65,390,207.64,325
2026-06,Wyatt Earp Double Barrel Shotgun Display Replica USA 1868,Default Title,G1115,2,325,0,0,325,65,390,172.58,325
2026-06,The Walking Dead - Michonne Hand Forged Clay Tempered Katana,Default Title,VX221594,2,325,0,0,325,65,390,125.14,325
2026-06,Beretta 92 / Us Military M9 (Nickel Finish),Default Title,G1254/NQ,3,324.99,0,0,324.99,65.01,390,237.39,324.99
2026-06,"Browning ""High Power"" Hp35 - British Army Service Pistol 1935-2013",Default Title,G1235,3,324.99,0,0,324.99,65.01,390,183.75,324.99
2026-06,KPop Demon Hunters - Mira's Gok-Do Curved Moon Sword (162cm),Default Title,VX221688,2,324.99,0,0,324.99,65,389.99,100.88,324.99
2026-06,Game of Thrones - Officially Licensed Valyrian Steel Red Viper's Spear,Default Title,VS-VS0123,1,324.17,0,0,324.17,64.83,389,221.72,324.17
2026-06,One Piece - Whitebeard Supreme Grade Murakumogiri,Default Title,BS112125,2,331.66,-8.33,0,323.33,64.67,388,110.86,323.33
2026-06,Ghost Of Tsushima - Handforged Tanto,Default Title,Tanto-10,5,394.98,-6.58,-65.83,322.57,64.53,387.1,127.5,322.57
2026-06,GLADIATOR - Roman Spatha Gladius,Default Title,HK819R,3,433.32,-8.33,-108.33,316.66,63.34,380,95.97,316.66
2026-06,Naruto - Zabuza Kubikiribocho Sword,Default Title,VX221215,2,331.66,-16.58,0,315.08,63.02,378.1,0,0
2026-06,Chinese Gongfu (Kung Fu) Taiji Sword (Full Metal) - Sworddance / Sword Yoga,Default Title,CHS015BK,5,394.98,-24.99,-57.5,312.49,62.51,375,114.7,312.49
2026-06,Witcher IV - Ciri's Sword,Default Title,VX221107,3,347.49,-35.74,0,311.75,62.35,374.1,0,0
2026-06,Tzss Cosplay Horde Membership,Default Title,,37,308.21,-2.49,0,305.72,61.28,367,0,0
2026-06,Lord Of The Rings - United Cutlery Officially Licensed King Theoden Herugrim Sword Battle Forged Edition,Default Title,UC-UC3624,1,304.17,0,0,304.17,60.83,365,204.73,304.17
2026-06,"M1911A1 Colt ""Military"" USA Service Pistol (Black/Black)",Default Title,G1312,3,300,0,0,300,60,360,216.72,300
2026-06,Sten MkII British SMG - 1940,Default Title,G1148,2,300,0,0,300,60,360,185.72,300
2026-06,House Of The Dragon - Officially Licensed Valyrian Steel Blackfyre Sword of Aegon the Conqueror,Default Title,VS-VS0008,1,299.17,0,0,299.17,59.83,359,206.25,299.17
2026-06,Lord Of The Rings - NEW AND IMPROVED Gimli's Walking Axe,Default Title,VX221071,3,297.51,0,0,297.51,59.49,357,114,297.51
2026-06,Dungeons & Dragons - Drizzt Do'Urden Icing Death Sword,Default Title,,3,297.51,0,0,297.51,59.49,357,0,0
2026-06,Lord Of The Rings - NEW AND IMPROVED Gimli's Bearded Axe,Default Title,VX221070,3,297.51,0,0,297.51,59.49,357,114,297.51
2026-06,"The Hobbit - Sting (Brown Scabbard, 70cm)",Default Title,HK750L,6,344.18,-4.91,-44.25,295.02,58.98,354,84,295.02
2026-06,1830 Napoleonic Sabre,Default Title,CS-88NS,1,290.83,0,0,290.83,58.17,349,193.06,290.83
2026-06,Highlander - Connor Macleod Display (Straight Blade) Katana,Default Title,BS111044,5,287.49,0,0,287.49,57.5,344.99,53.1,287.49
2026-06,The Witcher III - Deluxe Ciri Sword,Default Title,,3,291.64,-8.33,0,283.31,56.67,339.98,121.62,283.31
2026-06,"Predator - 1:4 Scale Predator jungle Hunter with LED Lights (19"")",Default Title,51527,2,281.65,0,0,281.65,56.34,337.99,235.08,281.65
2026-06,JAMES BOND - Walther PPK in Nickel,Default Title,G1277NQ,3,275.01,0,0,275.01,54.99,330,171.96,275.01
2026-06,The Hobbit - United Cutlery Officially Licensed Glamdring Sword,Default Title,UC-UC2942,1,274.17,0,0,274.17,54.83,329,159.87,274.17
2026-06,Ghostbusters - Life Size Slimer Glowing Wall Breaker,Default Title,TTSP102,1,274.17,0,0,274.17,54.83,329,0,0
2026-06,Musketeer Rapier - 18th Century Europe,Default Title,HK5921,3,272.51,0,0,272.51,54.49,327,0,0
2026-06,Pirate Flintlock Boarding Pistol - 18th Century,Default Title,G1012,5,270.85,0,0,270.85,54.15,325,188.75,270.85
2026-06,Nightmare On Elm Street3: Dream Warriors - Official Life Size (Metal) Freddy Glove Prop Replica,Default Title,39763,2,265,0,0,265,53,318,156,265
2026-06,Kill Bill - Hattori Hanzo Triple Set Display Katana (Straight Blade),Default Title,VX221700,4,263.34,-6.8,0,256.54,51.3,307.84,157.02,256.54
2026-06,Lord Of The Rings - Officially Licensed United Cutlery Boromir's Sword,Default Title,UC-UC1400,1,282.5,-28.25,0,254.25,50.85,305.1,182.69,254.25
2026-06,"Deluxe ""Karoshi"" Clay Tempered Hand Forged Tanto In 1095 HCS",Default Title,BS111137TCT,2,265,-13.25,0,251.75,50.35,302.1,114.84,251.75
2026-06,The Hobbit - Sting With Scabbard And Display Plaque (70cm),Default Title,VX221040,5,255,-4.91,0,250.09,50.01,300.1,70,250.09
2026-06,"Aquaman Trident - Full Metal, Full Size Replica",Default Title,BS110902,1,249.17,0,0,249.17,49.83,299,215.89,249.17
2026-06,Lord Of The Rings - United Cutlery Officially Licensed Sting Sword,Default Title,UC1264,1,249.17,0,0,249.17,49.83,299,107.51,249.17
2026-06,Kill Bill - Deluxe Budd's (Michael Madsen) Hattori Hanzo Hand Forged Katana in Clay Tempered HCS,Default Title,bs011024-buddCT,1,249.17,0,0,249.17,49.83,299,72,249.17
2026-06,"Masters Of The Universe / He-Man - Skeletor Staff (Metal, 210cm)",Default Title,BS112015,1,249.17,0,0,249.17,49.83,299,105.56,249.17
2026-06,Guardians Of The Galaxy - Drax's Daggers,Default Title,MS047,3,247.5,0,0,247.5,49.5,297,0,0
2026-06,"""Tsubasa"" Triple Set Display Katana (Straight Blade)",Default Title,BS111046,3,247.5,0,0,247.5,49.5,297,118.53,247.5
2026-06,"Call Of Duty - AK47 ""Achievment Unlocked"" Gold Edition",Default Title,G1086L,1,245.83,0,0,245.83,49.17,295,192.02,245.83
2026-06,Honshu Historic Forge Knights Templar Sword,Default Title,UC-UC3559,1,270.83,-27.08,0,243.75,48.75,292.5,183.33,243.75
2026-06,Colt Navy Civil War Revolver 1851 (Pearl),Default Title,G6040,3,247.49,-10.4,0,237.09,47.42,284.51,148.17,237.09
2026-06,Ghost Of Tsushima - Jin Sakai Display Katana (Black),Default Title,BS310811,5,295.02,0,-60,235.02,46.98,282,111.45,235.02
2026-06,CALL OF DUTY - German WWII Sturmgewehr STG44 Assault Rifle 1943,Default Title,G1125/C,1,233.33,0,0,233.33,46.67,280,148.47,233.33
2026-06,Demon Slayer - Kyojuro Rengoku Red Nichirin Display (Straight Blade) Katana,Default Title,BS111053,4,230,0,0,230,46,276,69.44,230
2026-06,Colt Navy 1851,Default Title,G1040/L,3,237.5,-7.91,0,229.59,45.91,275.5,167.82,229.59
2026-06,Assassin's Creed Odyssey - Leonidas' Spear,Default Title,BS110866,3,237.5,-8.33,0,229.17,45.83,275,127.59,229.17
2026-06,Loki's Sceptre - 1:1 Metal Version,Default Title,BS110897,1,229.17,0,0,229.17,45.83,275,148.22,229.17
2026-06,Colt Army Model 1860 USA Civil War 1860 - Clint Eastwood,Default Title,G1007/L,3,316.66,-9.98,-79.17,227.51,45.5,273.01,160.74,227.51
2026-06,Aragorn's Angrist Elven Blade (Black),Default Title,BS011221,9,225,0,0,225,45,270,81,225
2026-06,Colt 'Outlaw' Single Action Army,Default Title,G1108/L,3,225,-1.95,0,223.05,44.61,267.66,130.77,223.05
2026-06,Red Dragon Display (Straight) Katana Triple Set,Default Title,29152r-c,3,222.51,0,0,222.51,44.49,267,111.93,222.51
2026-06,"The Lord Of The Rings - Deluxe Sting (80cm, W/ Display Plaque & Sheath)",Default Title,VX221042S,3,222.51,0,0,222.51,44.49,267,93,222.51
2026-06,God Of War - Superior Ragnarok Leviathan Axe With UV Activated Runes,Default Title,VX221437,1,245.82,-24.99,0,220.83,44.17,265,104.51,220.83
2026-06,Colt 'Quickdraw' Single Action Army,Default Title,G1106/G,3,225,-7.5,0,217.5,43.5,261,132.99,217.5
2026-06,Braveheart - William Wallace's Claymore,Default Title,VX221230,2,215,0,0,215,43,258,144.72,215
2026-06,THE WITCHER - Deluxe Geralt's Silver Sword TV Show Version,Default Title,MS019,2,215,0,0,215,43,258,88,215
2026-06,"6 Cannon ""Pepperbox"" Revolver - London 1840 (Brass)",Default Title,G5071,4,216.67,-5.41,0,211.26,42.24,253.5,148.2,211.26
2026-06,M1 Garand USA WWII 1932,Default Title,G1105,1,416.66,0,-208.33,208.33,41.67,250,158.84,208.33
2026-06,Luger 'Artillery' Parabellum P08 - Germany WWI & WWII,Default Title,G1145,2,324.99,-8.33,-108.33,208.33,41.67,250,162.46,208.33
2026-06,Honshu - Broadsword with Scabbard,Default Title,UC-UC3265,1,208.33,0,0,208.33,41.67,250,139.95,208.33
2026-06,Gremlins - Life Size Evil Gremlin Prop Replica Puppet,Default Title,RLWB103,1,207.5,0,0,207.5,41.5,249,0,0
2026-06,AKS47 - Kalashnikov Skladnoy With Folding Stock,Default Title,G1097,1,415,0,-207.5,207.5,41.5,249,161.1,207.5
2026-06,"""Yakushima"" 1095 HCS Clay Tempered Hand Forged Katana",Default Title,BS111134,1,207.5,0,0,207.5,41.5,249,68.27,207.5
2026-06,'Silver Dragon' Display (Straight) Replica Katana Triple Set,Default Title,BS310918,3,222.49,-15.74,0,206.75,41.35,248.1,57.81,206.75
2026-06,Thompson M1928A1 Submachine Gun USA 1918,Default Title,G1093,1,208.33,-3.02,0,205.31,41.06,246.37,142.9,205.31
2026-06,"Mauser C96 ""Broomhandle"" Pistol",Default Title,G1024,2,200,0,0,200,40,240,99.88,200
2026-06,Supernatural - Deluxe Ruby's Demon Killing Blade,Default Title,HK8513A,4,250,0,-50,200,40,240,54,200
2026-06,M16A1 - USA Assault Rifle 1967 with Sling,Default Title,G9133,1,200,0,0,200,40,240,135.82,200
2026-06,King James V Scottish Claymore,Default Title,HK81031C,2,200,0,0,200,40,240,98.3,200
2026-06,Kingdom Hearts - Halloween,Default Title,BS210515,4,200,0,0,200,40,240,88,200
2026-06,RED DEAD REDEMPTION - LeMat Confederate Civil War Revolver 1855,Default Title,G1070,2,200,0,0,200,40,240,107.22,200
2026-06,"M1911A1 Colt ""Military"" USA Service Pistol ""Battleworn Edition""",Default Title,G2312,2,200,0,0,200,40,240,144.48,200
2026-06,Buffy Slayer Scythe,Default Title,HK8761,2,300,0,-100,200,40,240,58,200
2026-06,Lord Of The Rings - Theodred Prince of Rohan Sword,Default Title,BS310992,2,199.99,0,0,199.99,40,239.99,50.86,199.99
2026-06,"Deluxe ""Kelsunyo"" Minamoto Hand Forged Katana In Clay Tempered 1095 HCS",Default Title,BS310367CT,1,199,0,0,199,0,199,52.72,199
2026-06,Deluxe Metal Iron Man Infinity Gauntlet,Default Title,AW010GS,1,220.83,-22.08,0,198.75,39.75,238.5,96,198.75
2026-06,"Dragons of the Seven Kingdoms - Midnight Dragon Display Katana (Metal, Straight Blade)",Default Title,BS0151135-2,4,196.68,0,0,196.68,39.32,236,56.8,196.68
2026-06,One Piece - Roronoa Zoro Display (Straight) Katana Enma,Default Title,BS310702,4,196.68,0,0,196.68,39.32,236,59.88,196.68
2026-06,Lost Boys - Living Dead Doll Presents David,Default Title,91036,4,196.68,0,0,196.68,39.32,236,162.96,196.68
2026-06,Vikings - Ragnar Lothbrok's Axe,Default Title,A,4,196.67,0,0,196.67,39.32,235.99,152,196.67
2026-06,Sekiro - White Lotus Sword - Genichiro Ashina Mortal Blade Display (Straight Blade) Katana,Default Title,,3,194.17,0,0,194.17,38.83,233,44.55,194.17
2026-06,Vikings Lagertha's Sword,Default Title,VX221764,2,198.33,-8.33,0,190,38,228,44.64,190
2026-06,"The Last Kingdom - Uhtred ""Serpents Breath"" Sword",Default Title,VX221682-2,2,613.32,0,-424.15,189.17,37.82,226.99,78,189.17
2026-06,House Of The Dragon - Aegon The Conqueror Blackfyre,Default Title,VX221110-2,2,198.33,-9.91,0,188.42,37.68,226.1,44.52,188.42
2026-06,Winchester Mod. 66 Lever Action Carbine Rifle,Default Title,G1140G,1,187.5,0,0,187.5,37.5,225,124.27,187.5
2026-06,"""The Gun That Won The West"" Winchester '73 Repeating Rifle (Black, Gold) - USA 1873",Default Title,G5325,1,187.5,0,0,187.5,37.5,225,108.75,187.5
2026-06,"The Witcher - Deluxe Handforged Geralt's Steel Sword (Damascus Steel, Wolf Pommel)",Default Title,HK9320HF,1,187.5,0,0,187.5,37.5,225,118,187.5
2026-06,"The Lord Of The Rings - Handforged Folded Steel ""Damascus"" Deluxe Anduril",Default Title,JOT033HF,1,187.5,0,0,187.5,37.5,225,72.75,187.5
2026-06,Lord Of The Rings - Deluxe Handforged Damascus Steel Strider Sword,Default Title,JOT034FD,1,187.5,0,0,187.5,37.5,225,83,187.5
2026-06,God Of War Leviathan Axe - Full Metal,Default Title,HK8877,1,375,-8.33,-179.17,187.5,37.5,225,102.24,187.5
2026-06,THE WITCHER - Geralt's Silver Sword TV Show Version in Hand Forged Damascus Steel,Default Title,MS019FD,1,187.5,0,0,187.5,37.5,225,130.56,187.5
2026-06,Bleach - Ichigo Bankai XL (140cm),Default Title,BS013983L,3,187.5,0,0,187.5,37.5,225,49.2,187.5
2026-06,Black Myth Wukong - Wukong Staff (Metal),Default Title,AM246X,1,187.5,0,0,187.5,37.5,225,37.2,187.5
2026-06,Lord Of The Rings - Legolas Dagger Collectable (28cm),Default Title,HK8439,9,187.48,0,0,187.48,37.52,225,45,187.48
2026-06,JAMES BOND - Walther PPK in Gold,Default Title,G5277,2,183.34,0,0,183.34,36.66,220,114.64,183.34
2026-06,".357 Snub Nose Magnum - True Romance, Reservoir Dogs",Default Title,G1062,2,183.34,0,0,183.34,36.66,220,116,183.34
2026-06,Ghost of Tsushima - Tagenashima Matchlock Rifle 1800,Default Title,G1274,1,183.33,0,0,183.33,36.67,220,99,183.33
2026-06,"""Brown Bess"" Short Land Pattern Musket British Napoleonic War Rifle - England 1712",Default Title,G1054,1,182.5,0,0,182.5,36.5,219,110.1,182.5
2026-06,GAME OF THRONES - Arya's Needle With Plaque And Scabbard,Default Title,BS310330,2,181.66,0,0,181.66,36.34,218,69.04,181.66
2026-06,Neon Genesis Evangelion - Eva Spear Of Longinus (Full Metal),Default Title,AM200,1,187.5,-8.33,0,179.17,35.83,215,105.85,179.17
2026-06,"Deluxe ""Karoshi"" Clay Tempered Hand Forged Katana In 1095 HCS",Default Title,BS111137K,1,174.17,0,0,174.17,34.83,209,62.57,174.17
2026-06,Demon Slayer - Tanjiro Kamado Fire Breath Black Nichirin Display (Straight Blade) Katana,Default Title,BS310686,3,172.5,0,0,172.5,34.5,207,54.75,172.5
2026-06,Highlander Endgame - Duncan Macleod Display (Straight Blade) Katana,Default Title,BS110729,3,172.49,0,0,172.49,34.5,206.99,30.63,172.49
2026-06,Pattern 1853 Enfield British Empire Artillery Rifle-Musket - England 1853,Default Title,G1067,1,187.5,-18.75,0,168.75,33.75,202.5,108.22,168.75
2026-06,Ghost of Yotei - Lone Wolf Display (Straight) Katana,Default Title,VX221795,3,172.5,-5.75,0,166.75,33.35,200.1,31.14,166.75
2026-06,Demon Souls - Moonlight Greatsword,Default Title,VX221858,1,165.83,0,0,165.83,33.17,199,51.73,165.83
2026-06,"""Shibui"" 1095 Golden Damascus Steel Clay Tempered Katana",Default Title,BS111133,1,165.83,0,0,165.83,33.17,199,91.74,165.83
2026-06,Attack On Titan Vme Sword,Pair for £199,,1,165.83,0,0,165.83,33.17,199,0,0
2026-06,Blade - Sword Of The Daywalker,Default Title,BS014177,2,165,0,0,165,33,198,65.46,165
2026-06,Jaws: Orca Boat TUBBZ (Special Edition),Default Title,NS5485,2,165,0,0,165,33,198,233.32,165
2026-06,"""Tatsu"" Triple Set Display (Straight Blade) Katana",Default Title,BS013780B,2,165,0,0,165,33,198,79.02,165
2026-06,Legend Of Zelda - Deluxe Hylian Shield (Full Metal),Default Title,VX221048,1,162.5,0,0,162.5,32.5,195,102.43,162.5
2026-06,Captain America - Deluxe Shield,Default Title,HK404-GS,1,162.5,0,0,162.5,32.5,195,122.69,162.5
2026-06,Chinese Kangxi Emperor Sword (Full Metal),Default Title,CHS032BL,2,158.34,0,0,158.34,31.66,190,48.06,158.34
2026-06,Lord Of The Rings - Officially Licensed United Cutlery Sword Of Samwise,Default Title,UC-UC2614,1,157.5,0,0,157.5,31.5,189,99.35,157.5
2026-06,World Of Warcraft - Lich King Arthas Frostmourne Sword,Default Title,VX221734,1,165.83,-8.33,0,157.5,31.5,189,65,157.5
2026-06,Game Of Thrones - Heartsbane of House Tarly,Default Title,BS310739,2,165,-8.25,0,156.75,31.35,188.1,62,156.75
2026-06,1869 Smith & Wesson Schofield 6 Shot Revolver In Black & Solid Brass,Default Title,G1008L,2,165,-10.4,0,154.6,30.92,185.52,95.58,154.6
2026-06,Kill Bill - Bill's Display (Straight Blade) Katana,Default Title,BS011024BIST,3,156.66,-2.45,0,154.21,30.84,185.05,59.55,154.21
2026-06,Diablo III - El'Druin Sword Of Archangel Tyrael,Default Title,,1,154.17,0,0,154.17,30.83,185,41.56,154.17
2026-06,Battle Ready Scottish Clan Claymore,Default Title,HM002,1,150,0,0,150,30,180,79.99,150
2026-06,"Colt 'Lone Ranger' Single Action Army 5.5"" (Bright Nickel) - USA 1873",Default Title,G1150NQ,2,150,0,0,150,30,180,88.9,150
2026-06,"Colt Single Action Army 5.5"" (Gunmetal, Black) - USA 1873",Default Title,G1108G,2,150,0,0,150,30,180,65.36,150
2026-06,Colt 'Cavalry' Single Action Army (Nickel),Default Title,G1191NQ,2,150,0,0,150,30,180,91.82,150
2026-06,"Colt ""Deputy"" Single Action Army 5.5"" (Black)",Default Title,G1106N,2,150,0,0,150,30,180,80.82,150
2026-06,"Deluxe ""Righteous Dragon"" Hand Forged Wakizashi In Clay Tempered 1095 HCS",Default Title,BS310133WCT,1,149.17,0,0,149.17,29.83,179,62.48,149.17
2026-06,White Dragon Display (Straight) Katana Triple Set,Default Title,29152w-c,2,148.34,0,0,148.34,29.66,178,74.62,148.34
2026-06,Highlander Endgame - Duncan Macleod Triple Set Display Katana (Straight Blade),Default Title,VX221693-1,2,148.34,0,0,148.34,29.66,178,79.02,148.34
2026-06,"Elden Ring - Moonveil Display (Straight Blade, 102cm) Katana",Default Title,BS310828,3,147.5,0,0,147.5,29.5,177,33.45,147.5
2026-06,Ghost of Yotei - Hawks Talon Display (Straight) Katana (Black Version),Default Title,VX221869,3,147.5,-0.88,0,146.62,29.32,175.94,31.14,146.62
2026-06,1917 Frontier Bowie,Default Title,CS-88CSAB,1,145.83,0,0,145.83,29.17,175,96.5,145.83
2026-06,Roman Centurion Helmet - Gallic H,Default Title,AH6069,1,145.83,0,0,145.83,29.17,175,77.44,145.83
2026-06,"""Kogarashi"" Clay Tempered Hand Forged Katana",Default Title,BS111136CT,1,145.83,0,0,145.83,29.17,175,53.13,145.83
2026-06,Demon Slayer - Sanemi Shinazugawa Green Nichirin Display (Straight Blade) Katana,Default Title,BS111054,3,147.5,-4.91,0,142.59,28.51,171.1,52.08,142.59
2026-06,"Colt Single Action Army 4.75"" (Black) - USA 1873",Default Title,G1186N,2,150,-7.5,0,142.5,28.5,171,72.52,142.5
2026-06,Scottish Balliol Claymore,Default Title,VX221074,2,149.99,-7.5,0,142.49,28.5,170.99,33.06,142.49
2026-06,"Deluxe ""Karoshi"" Clay Tempered Hand Forged Wakizashi In 1095 HCS",Default Title,BS111137WCT,1,157.5,-15.75,0,141.75,28.35,170.1,59.92,141.75
2026-06,Supernatural - Bobby's Colt .45,Default Title,G1109/L,2,225,-10.28,-73.05,141.67,28.33,170,88.9,141.67
2026-06,Black Dragon Display (Straight) Katana Triple Set,Default Title,29152bl-c,2,148.32,-7.41,0,140.91,28.18,169.09,74.62,140.91
2026-06,"Mare's Leg Carbine - Firefly/Serenity, Zombieland",Default Title,G1095,1,140.83,0,0,140.83,28.17,169,81.14,140.83
2026-06,Kill Bill - The Bride's Display (Straight Blade) Katana,Default Title,BS011024BRST,3,147.5,-8.33,0,139.17,27.83,167,63,139.17
2026-06,Lord Of The Rings - officially Licensed Gandalf Illuminating Staff,Default Title,NN1247,1,132.5,0,0,132.5,26.5,159,90.53,132.5
2026-06,Nightmare On Elm Street - Official Life Size (Metal) Freddy Glove Prop Replica,Default Title,39818,1,132.5,0,0,132.5,26.5,159,78,132.5
2026-06,Dune - Officially Licensed United Cutlery DUNCAN IDAHO ATREIDES SWORD,Default Title,UC-UC3606,1,132.5,0,0,132.5,26.5,159,81.72,132.5
2026-06,"Deluxe ""Righteous Dragon"" Hand Forged Tanto In Clay Tempered 1095 HCS",Default Title,BS310133TCT,1,132.5,0,0,132.5,26.5,159,65.1,132.5
2026-06,SKYRIM - Warhammer (Full Metal),Default Title,AM241,1,132.5,0,0,132.5,26.5,159,48.06,132.5
2026-06,"Demon Slayer - Kyojuro Rengoku Nichirin Display (Metal, Straight Blade) Katana with Light Up Blade",Default Title,BS310860,2,131.66,-6.58,0,125.08,25.02,150.1,42,125.08
2026-06,Elden Ring - Moonveil 142cm Display (Straight Blade) Katana,Default Title,AM168L-1,2,125,0,0,125,25,150,48,125
2026-06,Deluxe Thanos Sword (Resin),Default Title,BS111116,1,125,0,0,125,25,150,58,125
2026-06,Evil Dead 2 - Official Life Size Kandarian Dagger Prop,Default Title,RLSC103,1,124.17,0,0,124.17,24.83,149,95.94,124.17
2026-06,"Jujutsu Kaisen - Deluxe Inverted Spear of Heaven, Cursed Dagger From Fushiguro Toji",Default Title,AM210,2,131.66,-8.33,0,123.33,24.67,148,72.76,123.33
2026-06,Lord Of The Rings - Aragorn's Anduril Deluxe Display Scale Replica (49cm),Default Title,BS112162,3,122.49,0,0,122.49,24.51,147,16.95,122.49
2026-06,Assassin's Creed  - Short Sword of Altair,Default Title,HK8215,3,204.14,0,-81.66,122.48,24.51,146.99,52.5,122.48
2026-06,Sekiro: Shadows Die Twice - Black Mortal Blade Hand Forged Clay Tempered Katana,Default Title,VX221640-CT,1,133.33,-13.33,0,120,24,144,33.79,120
2026-06,Real Wood Revolver Display Stand,Default Title,G808,5,125,-5,0,120,24,144,71.8,120
2026-06,Baldur's Gate 3 - Selune Spear of Night (188cm),Default Title,BS112120,1,124.16,-4.82,0,119.34,23.87,143.21,52.26,119.34
2026-06,Lord Of The Rings - Officially Licensed Sting Lamp,Default Title,,4,116.68,0,0,116.68,23.32,140,66.64,116.68
2026-06,Star Wars - Boba Fett's Ee-3 Blaster (Cosplay Safe Foam),Default Title,FM241,4,116.68,0,0,116.68,23.32,140,35.44,116.68
2026-06,Lord Of The Rings - Sauron's Helmet (Resin),Default Title,BG011954,1,116.67,0,0,116.67,23.33,140,59.77,116.67
2026-06,"""Death's Head"" 18th Century Pirate Flintlock (Brass)",Default Title,G1103L,2,125,-8.33,0,116.67,23.33,140,53.3,116.67
2026-06,Conan The Barbarian - Father's Sword,Default Title,VX221744,1,233.34,0,-116.67,116.67,23.33,140,40,116.67
2026-06,Legend Of Zelda - Master Sword with Triforce Plaque,Default Title,BS310085,1,115.83,0,0,115.83,23.17,139,21.5,115.83
2026-06,Gremlins 2: The New Batch - Official Life Size Mohawk Prop Replica from Trick Or Treat Studios,Default Title,RLWB113,1,115.83,0,0,115.83,23.17,139,77.94,115.83
2026-06,Pirate Flintlock Blunderbuss - 18th Century English,Default Title,G1094/G,1,115.83,0,0,115.83,23.17,139,78.63,115.83
2026-06,Demon Slayer - Muichiro Tokito White Nichirin Display (Straight Blade) Katana,Default Title,BS111060,2,115,0,0,115,23,138,34.72,115
2026-06,KPop Demon Hunters - Zoe's Shinkal Spirit Blades,Default Title,VX221687,3,112.5,0,0,112.5,22.5,135,19.38,112.5
2026-06,"Lord Of The Rings - Gandalf Glamdring with Scabbard (Blue, 136cm)",Default Title,BS310994,1,124.16,-12.41,0,111.75,22.35,134.1,74.97,111.75
2026-06,Deringer Pistol - USA 1850,Default Title,G1018,3,112.49,-1.87,0,110.62,22.13,132.75,62.28,110.62
2026-06,Bleach - Kenpachi Nozarashi Display (Straight Blade) Katana,Default Title,BS310816,2,115,-5.75,0,109.25,21.85,131.1,25.12,109.25
2026-06,"Call Of Duty - Desert Eagle (Black) - Deadpool, Tomb Raider, Supernatural",Default Title,G1123,1,108.33,0,0,108.33,21.67,130,68.42,108.33
2026-06,Kingdom Come - Sir Radzig Deliverance,Default Title,BS310978,1,108.33,0,0,108.33,21.67,130,24.96,108.33
2026-06,CALL OF DUTY - German Parabellum Luger P08 in Trophy Nickel,Default Title,G8143,1,108.33,0,0,108.33,21.67,130,77.86,108.33
2026-06,Beretta 92 / Us Military M9,Default Title,G1254,1,108.33,0,0,108.33,21.67,130,79.13,108.33
2026-06,Luger Parabellum P08 (Wood Grips) - Germany WWI & WWII,Default Title,G1144M,1,108.33,0,0,108.33,21.67,130,81.23,108.33
2026-06,Highlander Endgame - Hand Forged Macleod Katana (Black),Default Title,29277,1,108.33,0,0,108.33,21.67,130,0,0
2026-06,Final Fantasy XVI - Clive Rosfield Invictus Sword (110cm),Default Title,BS310975,1,108.33,0,0,108.33,21.67,130,27.86,108.33
2026-06,Dark Souls - Greatsword of Artorias – The Blade of the Abysswalker (108cm Display Edition),Default Title,,1,107.5,0,0,107.5,21.5,129,0,0
2026-06,The Witcher III - Geralt's Steel Sword (Mace Pommel),Default Title,BS110614,1,107.5,0,0,107.5,21.5,129,35.5,107.5
2026-06,Ghost of Yotei - Aranami's Claw Display (Straight) Katana,Default Title,VX221793,2,106.66,-2.45,0,104.21,20.84,125.05,21.6,104.21
2026-06,".357 Python Magnum 8"" - Call Of Duty, Resident Evil, Pulp Fiction",Default Title,G1061,1,100,0,0,100,20,120,56.03,100
2026-06,Assassin's Creed - Sword Of Altair,Default Title,BS015335,1,200,0,-100,100,20,120,31,100
2026-06,Attack On Titan Vme Sword,Single Sword,36023276,1,100,0,0,100,20,120,31,100
2026-06,Lord Of The Rings - Eowyn Shieldmaiden of Rohan Sword,Default Title,BS310991,1,100,0,0,100,20,120,25.43,100
2026-06,Desert Eagle - Joker Style Chrome Finish,Default Title,G1123NQ,1,100,0,0,100,20,120,60.55,100
2026-06,Game Of Thrones - Khal Drogo Scimitar,Default Title,BS310329,1,100,0,0,100,20,120,38,100
2026-06,Katana/Sword Floor Stand,Default Title,BP310044,4,140,-40,0,100,20,120,68,100
2026-06,Game Of Thrones - Ned Stark's Ice,Default Title,BS310007,1,300,-10,-190,100,20,120,27.03,100
2026-06,Lord Of The Rings - Isildur Gondor Sword,Default Title,BS310993,1,100,0,0,100,20,120,25.43,100
2026-06,"C96 Mauser - WWII, Han Solo Blaster",Default Title,M-1024,1,100,0,0,100,20,120,49.94,100
2026-06,Devil May Cry - Vergil Yamato Katana (Cosplay Safe Wood),Default Title,VX221344,3,99.99,0,0,99.99,20.01,120,38.37,99.99
2026-06,Dungeons & Dragons - Drizzt Do'Urden Twinkle Sword,Default Title,,1,99.17,0,0,99.17,19.83,119,0,0
2026-06,The Witcher - Original Silver Sword,Default Title,BS310296,1,99.17,0,0,99.17,19.83,119,26.22,99.17
2026-06,Vikings - Ragnar's Sword,Default Title,MS065,1,99.17,0,0,99.17,19.83,119,43,99.17
2026-06,KPop Demon Hunters - Rumi's Saingeom Four-Tiger Sword (105cm),Default Title,VX221689,1,99.17,0,0,99.17,19.83,119,22.26,99.17
2026-06,Devil May Cry - Dante's Rebellion,Default Title,HK213R,1,99.17,0,0,99.17,19.83,119,33.5,99.17
2026-06,The Lord Of The Rings - Deluxe Boromir Sword,Default Title,JOT075C,1,99.17,0,0,99.17,19.83,119,48.96,99.17
2026-06,Katana Stand (Single),Default Title,BP011368,8,100,-1.25,0,98.75,19.75,118.5,48,98.75
2026-06,Chainsaw Man - Aki Hayakawa Display (Straight) Katana,Default Title,VX221607,2,98.34,0,0,98.34,19.66,118,18.04,98.34
2026-06,Ghost Of Yotei - Gilded Day Display (Straight) Katana,Default Title,VX221827-2-b,2,98.34,0,0,98.34,19.66,118,26.36,98.34
2026-06,Devil May Cry 3 - Vergil's Yamato Display (Straight Blade) Katana,Default Title,HK9429-1,2,98.34,0,0,98.34,19.66,118,21.1,98.34
2026-06,World of Warcraft - Alliance Tankard,Default Title,B7323A26,2,98.34,0,0,98.34,19.66,118,58.32,98.34
2026-06,Ebony Dragon Handforged Tanto,Default Title,Tanto-8,2,98.33,0,0,98.33,19.66,117.99,50.6,98.33
2026-06,Demon Slayer - Inosuke Hashibara Nichirin Blade Display (Straight Blade) Katana,Default Title,BS111081-SI,2,98.33,0,0,98.33,19.67,118,34.72,98.33
2026-06,Demon Slayer - Mitsuri Kanroji Love Pink Nichirin Display (Straight Blade) Katana,Default Title,BS111056,3,136.5,0,-39,97.5,19.5,117,52.08,97.5
2026-06,LOKI - Chitauri Sceptre (Cosplay Safe Foam),Default Title,FM186,3,99.99,-3.33,0,96.66,19.34,116,47.22,96.66
2026-06,Loki - Laevateinn Dagger,Default Title,AM090,4,96.66,-0.94,0,95.72,19.14,114.86,48,95.72
2026-06,"One Piece - Dracule Mihawk (Cosplay Safe Wood, 120cm)",Default Title,VX221375,3,130,-3.25,-32.5,94.25,18.85,113.1,0,0
2026-06,Derringer Garter Gun,Default Title,G1262/L,3,99.99,-6.41,0,93.58,18.72,112.3,57,93.58
2026-06,Demon Slayer - Tanjiro Kamado Black Nichirin Display (Straight Blade) Katana,Default Title,BS111079,2,98.33,-4.91,0,93.42,18.68,112.1,34.72,93.42
2026-06,Parabellum Luger P08 Pistol (Battleworn Edition) - Germany WWII,Default Title,G2143,1,91.67,0,0,91.67,18.33,110,64.76,91.67
2026-06,CALL OF DUTY - German Parabellum Luger P08,Default Title,G1143,1,91.67,0,0,91.67,18.33,110,77.71,91.67
2026-06,Shoulder Holster - Black Leather,Default Title,716,2,91.66,0,0,91.66,18.34,110,76.68,91.66
2026-06,Kingdom Hearts - Kingdom Key,Default Title,BS014612,2,91.66,0,0,91.66,18.34,110,40,91.66
2026-06,Vikings - Deluxe Sword Of Kings,Default Title,VX221085,1,90.83,0,0,90.83,18.17,109,57.08,90.83
2026-06,Mortal Kombat - Scorpion Stinger,Default Title,BS310977,1,99.16,-8.33,0,90.83,18.17,109,30.94,90.83
2026-06,Game Of Thrones - Jaime Lannister Sword,Default Title,BS310057,1,90.83,0,0,90.83,18.17,109,43,90.83
2026-06,Lord Of The Rings - Deluxe Nazghul Ringwraith Sword,Default Title,VX221045,1,90.83,0,0,90.83,18.17,109,0,0
2026-06,Genuine Leather Sheriff's Holster and Cartridge Belt,Default Title,G721,1,90.83,0,0,90.83,18.17,109,49.98,90.83
2026-06,Sword Of Gryffindor,Default Title,BS011033,2,83.34,0,0,83.34,16.66,100,30,83.34
2026-06,The Hobbit - Thorin's Orcrist Collectable (28cm),Default Title,HK8768,4,83.32,0,0,83.32,16.68,100,33.24,83.32
2026-06,The Witcher III Steel Sword (Wolf Pommel) - 40cm Collectable,Default Title,BS310616-15,4,83.31,0,0,83.31,16.68,99.99,56,83.31
2026-06,M1911A1 Colt 'Mission Accomplished' Pistol (Gold Finish),Default Title,G5312,1,82.5,0,0,82.5,16.5,99,69,82.5
2026-06,BERSERK - Hawk Raider Sword (137cm),Default Title,BS111782,1,82.5,0,0,82.5,16.5,99,90.85,82.5
2026-06,Batman - Purearts DC Heroes Batman 1:8 Scale Statue,Default Title,PA005BA,1,165,0,-82.5,82.5,16.5,99,59.49,82.5
2026-06,Walther P38 - Germany 1938,Default Title,G1081,1,82.5,0,0,82.5,16.5,99,43.75,82.5
2026-06,Deadpool Vs Wolverine Display (Straight) Katana Pair and Harness,Default Title,BS112166,1,82.5,0,0,82.5,16.5,99,31,82.5
2026-06,King Arthur's Exaclibur (Gold),Default Title,BS015281G,1,183.33,-9.16,-91.67,82.5,16.5,99,25.27,82.5
2026-06,Viserys' Blackfyre (TV Show Version),Default Title,VX221092,1,82.5,0,0,82.5,16.5,99,35.34,82.5
2026-06,"""Suterusu"" Triple Set Display (Straight blade) Katana",Default Title,BS111045,1,82.5,0,0,82.5,16.5,99,39.51,82.5
2026-06,Lord Of The Rings - Deluxe Gandalf's Glamdring Sword,Default Title,JOT096C,1,82.5,0,0,82.5,16.5,99,29.02,82.5
2026-06,Solo Leveling - Demon King's Long Sword 🔞,Default Title,,1,82.5,0,0,82.5,16.5,99,0,0
2026-06,Legend Of Zelda - Tears Of The Kingdom Broken Master Sword,Default Title,AM160,1,82.5,0,0,82.5,16.5,99,34.29,82.5
2026-06,Genuine Leather Holster and Cartridge Belt For Single Revolver,Default Title,G703,1,90.83,-9.08,0,81.75,16.35,98.1,54.58,81.75
2026-06,Gremlins - Dancing Gizmo plush,Default Title,30630,2,81.66,0,0,81.66,16.34,98,55.08,81.66
2026-06,Knife Pistol - 18th Century,Default Title,G1204,2,81.66,0,0,81.66,16.34,98,52.8,81.66
2026-06,".45 Cal Revolver Bullet, USA 1880 (Pack of 6)",Default Title,G62,7,93.35,-1.16,-11.67,80.52,16.08,96.6,45.15,80.52
2026-06,Terraria - Meowmere Sword (Metal),Default Title,BS112011,1,79.17,0,0,79.17,15.83,95,29.48,79.17
2026-06,Witcher III - Geralt's Silver Sword Display Scale (83cm),Default Title,VX221723,1,79.17,0,0,79.17,15.83,95,11.98,79.17
2026-06,Witcher III - Geralt's Steel Sword (Mace Pommel) Display Scale (83cm),Default Title,VX221721,1,79.17,0,0,79.17,15.83,95,11.98,79.17
2026-06,Wynonna Earp Peacemaker,Default Title,5303,1,79.17,0,0,79.17,15.83,95,42.49,79.17
2026-06,The Lord Of The Rings - Officially Licensed One Ring Lamp,Default Title,LAMP007,2,83.31,-4.15,0,79.16,15.83,94.99,41.66,79.16
2026-06,Colt 'Cavalry' Single Action Army (Steel),Default Title,G1191G,1,75,0,0,75,15,90,45.91,75
2026-06,"Colt Single Action Army ""Rio Bravo""  7.5"" Barrel (Nickel Finish)",Default Title,G1107/NQ,1,75,0,0,75,15,90,47.33,75
2026-06,"Colt 'Quickdraw' Single Action Army 4.75"" (Nickel) - USA 1873",Default Title,G1186NQ,1,75,0,0,75,15,90,37.64,75
2026-06,Colt 'Widowmaker' Single Action Army,Default Title,B-1281/L,1,150,0,-75,75,15,90,44,75
2026-06,"Colt Single Action Army 4.75"" (Gunmetal Grey) - USA 1873",Default Title,G1186G,1,75,0,0,75,15,90,34.54,75
2026-06,Clair Obscur: Expedition 33 - Verso Verleso Sword,Default Title,VX221234,1,82.5,-8.25,0,74.25,14.85,89.1,0,0
2026-06,"""Shogun"" Traditional Hand Forged Katana in 1020 HCS",Default Title,SW407,1,74.17,0,0,74.17,14.83,89,36,74.17
2026-06,"""Yuhi Senshi"" Traditional Hand Forged Katana in 1020 HCS",Default Title,SW446,1,74.17,0,0,74.17,14.83,89,36,74.17
2026-06,'Murasaki' Display (Straight) Replica Katana Triple Set,Default Title,BS310919,1,74.17,0,0,74.17,14.83,89,19.27,74.17
2026-06,"Child's Play - UK Exclusive Talking ""Scarred"" Chucky 15"" MDS Megascale",Default Title,78003,1,74.17,0,0,74.17,14.83,89,63.54,74.17
2026-06,Blue Dragon Display (Straight) Katana Triple Set,Default Title,29152b-c,1,148.34,0,-74.17,74.17,14.83,89,37.31,74.17
2026-06,"""Hikarimuji"" Hand Forged Katana",Default Title,SW455,1,74.17,0,0,74.17,14.83,89,36,74.17
2026-06,Red Dawn - Hand-forged Tanto,Default Title,BS310913,1,74.17,0,0,74.17,14.83,89,25.3,74.17
2026-06,Napoleon Flintlock Double Cannon - France 1806,Default Title,G1026,1,74.17,0,0,74.17,14.83,89,50.94,74.17
2026-06,Nishiki Hand Forged Katana,Default Title,KS374,1,74.17,0,0,74.17,14.83,89,36,74.17
2026-06,Dummy Rounds For Colt Single Action Army 6 Pack,Default Title,G50,9,83.21,-1.64,-7.5,74.07,14.84,88.91,9,74.07
2026-06,Roman Pugio Dagger,Default Title,VX221826,3,72.51,0,0,72.51,14.49,87,33,72.51
2026-06,Vikings - Ragnar Lothbrok Axe,Default Title,VX221069,1,70.83,0,0,70.83,14.17,85,13.7,70.83
2026-06,"""Corsair"" Double-Barrelled Turnover Flintlock Pistol - England 1750",Default Title,G1264,1,70.83,0,0,70.83,14.17,85,43.46,70.83
2026-06,"Seed Of Chucky - Talking Tiffany 15"" MDS Megascale",Default Title,78042,1,70.83,0,0,70.83,14.17,85,63.54,70.83
2026-06,The Hobbit - Smaug's Horde - Dwarven Treasure Presentation Coin Set,Default Title,NN6087,3,72.5,-2.41,0,70.09,14.01,84.1,49.23,70.09
2026-06,Bleach - Ichigo Zangetsu Katana Collectable (42Cm),Default Title,LT023,4,66.68,0,0,66.68,13.32,80,26,66.68
2026-06,Game Of Thrones - Ned Stark's Ice Collectable (42cm),Default Title,BS016645,4,66.68,0,0,66.68,13.32,80,23.8,66.68
2026-06,Demon Slayer - Tanjiro Kamado Season 2 Nichirin - Cosplay Safe Wood,Default Title,WD051,2,66.66,0,0,66.66,13.34,80,24,66.66
2026-06,Chainsaw Man - Katana with Harness - Cosplay Safe Wood,Default Title,WD122,3,66.66,0,0,66.66,8.34,75,38.37,66.66
2026-06,Star Trek - Klingon Bat'Leth (Cosplay Safe Foam),Default Title,VX221440-PU,2,66.66,0,0,66.66,13.34,80,16.22,66.66
2026-06,4-Barrel Revolving Flintlock - Assassin's Creed,Default Title,G1307,1,65.83,0,0,65.83,13.17,79,39.11,65.83
2026-06,Assassin’s Creed Shadows - PureArts Naoe 1/4 Scale Bust,Default Title,PA043AC,1,65.83,0,0,65.83,13.17,79,48,65.83
2026-06,Baldur's Gate 3 - Orin Bloodthirst Dagger,Default Title,BS112121,1,65.83,-2.56,0,63.27,12.65,75.92,21.13,63.27
2026-06,300 - Leonidas' Sword (Brown),Default Title,BS012876B1,1,62.5,0,0,62.5,12.5,75,10.72,62.5
2026-06,Demon Slayer -  Tengen Uzui Nichirin - Cosplay Safe Wood,Default Title,WD025,3,62.5,0,0,62.5,12.5,75,38.37,62.5
2026-06,"Gremlins - Gremlin Christmas Carols Set 1 (7"")",Default Title,30713N,1,65.83,-4.16,0,61.67,12.33,74,47.94,61.67
2026-06,"Gremlins - Gremlin Christmas Carols Set 2 (7"")",Default Title,30714N,1,65.83,-4.16,0,61.67,12.33,74,47.94,61.67
2026-06,KPop Demon Hunters - Rumi's Saingeom Four-Tiger Sword (Cosplay Safe Foam),Default Title,VX221686-1,3,62.49,-2.08,0,60.41,12.09,72.5,15.63,60.41
2026-06,Halo -Ma5B Assault Rifle (Cosplay Safe Foam),Default Title,BG012023,2,58.34,0,0,58.34,11.66,70,49.54,58.34
2026-06,Metal Gear - Raiden's High Frequency Blade,Default Title,BS310824,1,58.33,0,0,58.33,11.67,70,15,58.33
2026-06,Supernatural - Ruby's Demon Blade,Default Title,,2,66.66,-8.33,0,58.33,11.67,70,27,58.33
2026-06,Harry Potter - Official Hedwig Sculpture,Default Title,NN7876,1,58.33,0,0,58.33,11.67,70,40.32,58.33
2026-06,Demon Slayer - Himejima Gyomei Stone Hashira (Metal),Default Title,V221843,1,58.33,0,0,58.33,11.67,70,11.99,58.33
2026-06,One Piece - Roronoa Zoro's Sandai Kitetsu Display (Straight Blade) Katana,Default Title,HK9413,1,58.33,0,0,58.33,11.67,70,10.96,58.33
2026-06,The Goonies - Limited Edition One-Eyed Willie Treasure Set,Default Title,Z-GOO7,2,58.32,0,0,58.32,11.66,69.98,36.5,58.32
2026-06,Taiichi Samurai Display Katana (Ivory),Default Title,BS112146WC,1,57.5,0,0,57.5,11.5,69,13.48,57.5
2026-06,"Thundercats - Officially Licensed Sword Of Omens 35"" (Cosplay Safe ABS)",Default Title,TTWB150,1,57.5,0,0,57.5,11.5,69,34.74,57.5
2026-06,Lord of the Rings Gollum & Smeagol Bookends,Default Title,B6945A25,1,57.5,0,0,57.5,11.5,69,33.33,57.5
2026-06,Metal Gear Rising - Jetstream Sam's Revengeance Murasama Display (Straight Blade) Katana,Default Title,BS210413,1,57.5,0,0,57.5,11.5,69,17.36,57.5
2026-06,Lord Of The Rings - Officially Licensed United Cutlery Rohan Banner,Default Title,UC-UC3675,1,57.5,0,0,57.5,11.5,69,39,57.5
2026-06,Honshu Boshin Grosse Messer Training Sword,Default Title,UC-UC3502,1,57.5,0,0,57.5,11.5,69,30.11,57.5
2026-06,Marvel Rivals - Psylocke Display (Straight) Katana,Default Title,BS310952,1,57.5,0,0,57.5,11.5,69,16.21,57.5
2026-06,Demon Slayer - Yoriichi Tsugikuni Sun Breathing Gold Nichirin Display (Straight Blade) Katana,Default Title,BS310827,1,57.5,0,0,57.5,11.5,69,21.28,57.5
2026-06,Nightmare On Elm Street - Living Dead Dolls Present Freddy,Default Title,99400,1,54.17,0,0,54.17,10.83,65,37.14,54.17
2026-06,Honshu Practice Broadsword,Default Title,UC-UC3312,1,54.17,0,0,54.17,10.83,65,28.41,54.17
2026-06,"6 Cannon ""Pepperbox"" Revolver - London 1840",Default Title,G1071,1,54.17,0,0,54.17,10.83,65,37.05,54.17
2026-06,Rings Of Power - Galadriel Dagger,Default Title,VX221878,1,54.17,0,0,54.17,10.83,65,15.64,54.17
2026-06,Bug-A-Salt - Real Tree Camo,Gun + Bug-Beam Laser Targetting SAVE £5,,1,58.32,-5.83,0,52.49,10.5,62.99,26.82,52.49
2026-06,Harry Potter - Deluxe Sword Of Gryffindor (87cm),Default Title,VX221683-3,1,57.5,-5.75,0,51.75,10.35,62.1,9.87,51.75
2026-06,Legend Of Zelda Tears Of The Kingdom - Master Sword,Default Title,BS111400,1,57.5,-5.75,0,51.75,10.35,62.1,17,51.75
2026-06,Taiichi Samurai Display Katana (Black),Default Title,BS112146BK,1,57.5,-5.75,0,51.75,10.35,62.1,13.48,51.75
2026-06,Bug-A-Salt - Gold Digger Advanced Combat Fiber Optic 3.0,Gun + Bug-Beam Laser Targetting SAVE £5,,1,57.5,-5.75,0,51.75,10.35,62.1,29.74,51.75
2026-06,Sword Art Online - Kirito Elucidator - Cosplay Safe Wood,Default Title,WD183,3,50.01,0,0,50.01,9.99,60,38.37,50.01
2026-06,Greek Hoplite Sword (Cosplay Safe Wood),Default Title,BS112023,3,50,0,0,50,10,60,11.04,50
2026-06,300 - Leonidas Sword (Black),Default Title,,1,50,0,0,50,10,60,18,50
2026-06,Jurassic Park - Mosquito In Amber Lamp,Default Title,LAMP010,1,49.99,0,0,49.99,10,59.99,25,49.99
2026-06,Bug-A-Salt - Real Tree Camo,Gun Only,,1,49.98,0,0,49.98,10,59.98,26.82,49.98
2026-06,The Last Samurai - Display (Straight) Katana (Red Blade),Default Title,VX221707,1,49.17,0,0,49.17,9.83,59,9.49,49.17
2026-06,The Last Samurai - Display (Straight) Katana (Purple Blade),Default Title,VX221705,1,49.17,0,0,49.17,9.83,59,9.49,49.17
2026-06,The Last Samurai - Display (Straight) Katana (Black Blade),Default Title,VX221706,1,49.17,0,0,49.17,9.83,59,9.49,49.17
2026-06,The Last Samurai - Display (Straight) Katana (Blue Blade),Default Title,VX221704,1,49.17,0,0,49.17,9.83,59,9.49,49.17
2026-06,"Dragons of the Seven Kingdoms - Hizashi Dragon Display Katana (Metal, Straight Blade)",Default Title,BS015135-7,1,49.17,0,0,49.17,9.83,59,14.2,49.17
2026-06,Akame Ga Kill - Katana Of Akame Display (Straight) Katana,Default Title,BS110598,1,49.17,0,0,49.17,9.83,59,19,49.17
2026-06,Kill Bill - Budd's Display (Straight Blade) Katana,Default Title,BS011024BUST,1,49.17,0,0,49.17,9.83,59,21,49.17
2026-06,BLEACH - Ichigo Bankai Zangetsu,Default Title,BS013983B,1,49.17,0,0,49.17,9.83,59,14,49.17
2026-06,Honshu Practice Katana,Default Title,UC-UC3259,1,49.17,0,0,49.17,9.83,59,26.68,49.17
2026-06,Longclaw Wedding Cake Knife (30cm),Default Title,BS110463,3,47.49,0,0,47.49,9.51,57,17.22,47.49
2026-06,Star Trek - Klingon Mek'Leth,Default Title,HK772,1,45.83,0,0,45.83,9.17,55,17,45.83
2026-06,Harry Potter - The Dobby Killer Bellatrix Lestrange Replica Prop (Metal),Default Title,NN7555,1,45.83,0,0,45.83,9.17,55,28,45.83
2026-06,Moon Knight - Crescent Dart - Full Metal (Bronze),Default Title,VX221794,1,45.82,0,0,45.82,9.17,54.99,19.12,45.82
2026-06,Jujutsu Kaisen - Itadori Yuji's Slaughter Demon,Default Title,BS111648,1,45.82,0,0,45.82,9.17,54.99,26.07,45.82
2026-06,The Lord Of The Rings - Officially Licensed 3D Light Of Earendil Lamp,Default Title,LAMP006,2,49.98,-4.98,0,45,9,54,25,45
2026-06,Halo Energy Sword - Cosplay/Larp Safe Foam,Default Title,BS310528,2,45,0,0,45,9,54,22,45
2026-06,Clair Obscur: Expedition 33 - Verso Verleso Parrying Dagger,Default Title,VX221235,1,49.16,-4.91,0,44.25,8.85,53.1,0,0
2026-06,Bleach - Kyouraku Shunsui Scimitar (Cosplay Safe Wood),Default Title,VX221369,2,50,-8.33,0,41.67,8.33,50,10.88,41.67
2026-06,Lord Of The Rings - Gondor Sword Collectable (34cm),Default Title,VX221222,2,41.67,0,0,41.67,8.33,50,5.08,41.67
2026-06,Transformers - Limited Edition Set of 2 Helmet Replicas,Default Title,HAS-TRA31,1,41.66,0,0,41.66,8.33,49.99,27.49,41.66
2026-06,Bug-A-Salt Classic Yellow,Gun Only,855693007061,1,41.66,0,0,41.66,8.33,49.99,26.82,41.66
2026-06,2000 AD Judge Dredd Badge Replica,Default Title,RB-JD06,2,41.64,0,0,41.64,8.34,49.98,22.9,41.64
2026-06,Bleach - Rojuro Otoribashi Bankai Display (Straight Blade) Katana,Default Title,BS310813,1,40.83,0,0,40.83,8.17,49,20.94,40.83
2026-06,"Predator Predator Jungle Hunter Ultimate Action Figure (7"")",Default Title,51548,1,40.83,0,0,40.83,8.17,49,34.74,40.83
2026-06,"Gremlins - Flasher Gremlin Ultimate Action Figure (7"")",Default Title,30625,1,40.83,0,0,40.83,8.17,49,32.34,40.83
2026-06,Legend Of Heroes - Shizuna Rem Misurugi's Crimson Blade Of The Lightning Knight Display (Straight Blade) Katana,Default Title,,1,40.83,0,0,40.83,8.17,49,0,0
2026-06,Gladiator Axe,Default Title,A05,1,40.83,0,0,40.83,8.17,49,0,0
2026-06,Dune - Crysknife,Default Title,VX221155,1,40.83,0,0,40.83,8.17,49,0,0
2026-06,One Piece  - Luffy Nidail Kitetsu Display (Straight) Katana,Default Title,BS310684,1,49.16,-8.33,0,40.83,8.17,49,18,40.83
2026-06,Demon Slayer - Twelve Kizuki Kokushibo Flesh Sword Display (Straight Blade) Katana,Default Title,BS310711,1,40.83,0,0,40.83,8.17,49,11.05,40.83
2026-06,Batman The Caped Crusader Tankard,Default Title,B6409X3,1,40.83,0,0,40.83,8.17,49,29.16,40.83
2026-06,"Scream - Ghostface Clothed Figure (8"")",Default Title,41373,1,40.83,0,0,40.83,8.17,49,35.94,40.83
2026-06,"Predator - Jungle Hunter Ultimate 7"" Scale Action Figure",Default Title,,1,40.83,0,0,40.83,8.17,49,0,0
2026-06,Cap Firing Dummy Rounds For Colt Single Action Army 6 Pack,Default Title,G49,4,43.28,-2.94,0,40.34,8.08,48.42,11.92,40.34
2026-06,"The Hobbit - Sting Collectable (28cm, Brown)",Default Title,HK7701Y,2,62.49,-4.16,-18.75,39.58,7.92,47.5,10,39.58
2026-06,The Witcher - Wild Hunt Silver Serpent Sword Collectable (40cm),Default Title,HK8787SU,2,41.66,-2.08,0,39.58,7.92,47.5,18,39.58
2026-06,Bleach - Zangetsu (Cosplay Safe Wood),Default Title,VX221393,2,41.66,-2.08,0,39.58,7.92,47.5,0,0
2026-06,Star Wars - Han Solo Dl-44 Blaster (Cosplay Safe Foam),Default Title,FM242,2,41.66,-2.08,0,39.58,7.92,47.5,9.32,39.58
2026-06,One Piece - Roronoa Zoro's Sandai Kitetsu (Cosplay Safe Wood),Default Title,HK9413WD,2,41.66,-2.08,0,39.58,7.92,47.5,25.58,39.58
2026-06,Sting - Cosplay/Larp Safe Foam Sword,Default Title,BS210214,2,41.66,-2.08,0,39.58,7.92,47.5,18,39.58
2026-06,Shadow / Golden Child - Phurba Dagger,Default Title,HK550,1,37.5,0,0,37.5,7.5,45,21.82,37.5
2026-06,Seven Deadly Sins - Meliodas Broken Sword,Default Title,VX221655,1,37.5,0,0,37.5,7.5,45,6.63,37.5
2026-06,Bullet Wall Hanger,Default Title,G35,3,37.5,0,0,37.5,7.5,45,17.31,37.5
2026-06,Hellsing - Pistol Pair Cassul & Jackal (Cosplay Safe Foam) Save £5,Default Title,FM247+248,1,37.5,0,0,37.5,7.5,45,14,37.5
2026-06,Devil May Cry - Red Queen Cosplay Safe Foam,Default Title,VX221136,1,37.5,0,0,37.5,7.5,45,0,0
2026-06,John Wick Prop Bundle Save ¶10,Default Title,,1,37.5,0,0,37.5,7.5,45,17,37.5
2026-06,Asuna's Lambent Light - Cosplay/Larp Safe Sword,Default Title,BS310512-1,2,36.66,0,0,36.66,7.34,44,22,36.66
2026-06,Harley Quinn Foam Hammer (Cosplay And Larp Safe),Default Title,FM068,1,37.5,-3.75,0,33.75,6.75,40.5,14.39,33.75
2026-06,One Piece - Roronoa Zoro Sandai Kitetsu Collectable (40cm),Default Title,LT019,2,33.34,0,0,33.34,6.66,40,13,33.34
2026-06,"Roman Gladius Collectable (28cm, Red)",Default Title,VX221823,2,33.34,0,0,33.34,6.66,40,7.04,33.34
2026-06,Buffy The Vampire Slayer - Stake (Resin),Default Title,VX221684,3,53.34,-20,0,33.34,6.66,40,7.62,33.34
2026-06,Katana Box With Floral Cloth Cover,Default Title,B008,2,50.01,0,-16.67,33.34,6.66,40,7.64,33.34
2026-06,Jujutsu Kaisen- Toji Inverted Spear Of Heaven (Cosplay Safe Foam),Default Title,VX221151,2,33.34,0,0,33.34,6.66,40,5.7,33.34
2026-06,Demon Slayer - Inosuke Nichirin Collectable (40cm),Default Title,LT008,2,33.34,0,0,33.34,6.66,40,13,33.34
2026-06,Basic Katana Double Stand,Default Title,BP011362-2,2,33.34,0,0,33.34,6.66,40,10,33.34
2026-06,Femme Fatale Ivory Garter Gun,Default Title,G237/L,1,33.33,0,0,33.33,6.67,40,13.75,33.33
2026-06,Katana/Sword Wall Display Stand,Default Title,BP310043,1,33.33,0,0,33.33,6.67,40,15,33.33
2026-06,"The Witcher III Steel Sword (Mace Pommel) - 15"" Collectable",Default Title,"614-15""",1,33.33,0,0,33.33,6.67,40,14,33.33
2026-06,Balisong Trainer - Comb (Black),Default Title,BF111490B,4,33.32,0,0,33.32,6.68,40,8.4,33.32
2026-06,Gremlins Gizmo - You are Ready,Default Title,B6347X3,1,33.32,0,0,33.32,6.67,39.99,16.66,33.32
2026-06,Demon Slayer - Officially Licensed Deluxe Ramen Bowl,Default Title,BOWRA07,2,33.32,0,0,33.32,6.66,39.98,20.82,33.32
2026-06,Star Wars - Officially Licensed Logo Light,Default Title,PP8024SW,2,36.65,-3.65,0,33,6.6,39.6,20,33
2026-06,"Berserk - Guts Dragon Slayer Greatsword (Cosplay Safe Foam, 144cm)",Default Title,VX221188-2,1,32.5,0,0,32.5,6.5,39,14.3,32.5
2026-06,Dungeons & Dragons Vecna Goblet,Default Title,B7182C25,1,32.5,0,0,32.5,6.5,39,20.83,32.5
2026-06,Dungeons & Dragons Strahd Goblet,Default Title,B7191C25,1,32.5,0,0,32.5,6.5,39,20.83,32.5
2026-06,Naval cannon England 18th Century,Default Title,G407,1,32.5,0,0,32.5,6.5,39,17.3,32.5
2026-06,Lord of the Rings Gondor Goblet,Default Title,B6673B24,1,32.5,0,0,32.5,6.5,39,18.75,32.5
2026-06,The Lord Of The Rings - Officially Licensed Arwen Evenstar Pendant (Costume),Default Title,NN9837,1,65,0,-32.5,32.5,6.5,39,24.9,32.5
2026-06,Demon Slayer - Kanao Tsuyuri Nichirin - Cosplay Safe Wood,Default Title,WD036,2,33.33,-1.66,0,31.67,6.33,38,24,31.67
2026-06,"The Lord Of The Rings - Sting Collectible (28cm, Black)",Default Title,BS016127,2,33.33,-1.66,0,31.67,6.33,38,9.18,31.67
2026-06,Power Rangers - Green Ranger Dagger (Cosplay Safe Foam),Default Title,FM169,2,31.66,0,0,31.66,6.34,38,13.24,31.66
2026-06,Legend Of Zelda - Breath Of The Wild Bow - Cosplay Safe Foam,Default Title,FM119,1,33.33,-3.33,0,30,6,36,14,30
2026-06,God Of War - Sparta Kratos Blades Of Chaos - Cosplay Safe Foam,Default Title,FM125,1,29.17,0,0,29.17,5.83,35,10,29.17
2026-06,Call of Duty - SCAR Assault Rifle (Cosplay Safe Foam),Default Title,FM053,1,29.17,0,0,29.17,5.83,35,9.28,29.17
2026-06,Legend Of Zelda - Deluxe Master Sword (Cosplay Safe Foam),Default Title,FM249,1,58.34,0,-29.17,29.17,5.83,35,8.86,29.17
2026-06,ThunderCats 40th Anniversary Lion-O Coin,Default Title,Z-TC03,3,29.96,-1.91,0,28.05,5.62,33.67,16.47,28.05
2026-06,Demon Slayer - Tanjiro Kamado Season 2 Nichirin Katana With Sheath - Cosplay Safe Foam,Default Title,FM074,2,27.5,0,0,27.5,2.5,30,20,27.5
2026-06,Devil May Cry - Dante's Ebony (Foam),Default Title,FM138,1,50,0,-22.5,27.5,5.5,33,6,27.5
2026-06,Devil May Cry - Dante's Ivory (Foam),Default Title,FM139,1,50,0,-22.5,27.5,5.5,33,6,27.5
2026-06,One Piece - Roronoa Zoro's Enma Katana - Cosplay Safe Foam,Default Title,FM132,2,25,0,0,25,5,30,22,25
2026-06,Skyrim - Daedric Sword (Cosplay Safe Foam),Default Title,,1,25,0,0,25,5,30,8,25
2026-06,"InuYasha - Tenseiga ""Heavenly Rebirth Fang"" Katana (Cosplay Safe Wood)",Default Title,VX221305,1,25,0,0,25,5,30,4.25,25
2026-06,The Witcher - Geralt Of Rivia's Steel Sword - Cosplay Safe Foam,Default Title,FM101,1,25,0,0,25,5,30,9,25
2026-06,Bleach - Ichigo Bankai Zangetsu (Cosplay Safe Wood),Default Title,VX221298,1,25,0,0,25,5,30,4.25,25
2026-06,One Piece - Roronoa Zoro's Shusui Katana - Cosplay Safe Foam With Sheath,Default Title,BS310704,2,25,0,0,25,5,30,20.34,25
2026-06,Attack On Titan - VME Sword Fidget Keyring/Keychain (22cm),Default Title,,2,25,0,0,25,5,30,6,25
2026-06,The Hobbit - Tauriel Letter Opener and Display Case,Default Title,NN1213,1,25,0,0,25,5,30,18.68,25
2026-06,The Lord Of The Rings - Officially Licensed Galadriel Earendil Lamp,Default Title,LAMP006,1,24.99,0,0,24.99,5,29.99,12.5,24.99
2026-06,The Elder Scrolls IV: Oblivion Gates Ingot,Default Title,B-ELD22,1,24.99,0,0,24.99,5,29.99,13.74,24.99
2026-06,Harry Potter - Official Marauders Map,Default Title,NN7888,1,48.34,0,-24.17,24.17,4.83,29,19.35,24.17
2026-06,Bleach - Ichigo Zangetsu (Cosplay Safe Wood),Default Title,VX221287,1,25,-2.5,0,22.5,4.5,27,4.41,22.5
2026-06,Bleach - Ichigo Hollow Zangetsu (Cosplay Safe Wood),Default Title,VX221286,1,25,-2.5,0,22.5,4.5,27,4.41,22.5
2026-06,Lord Of The Rings - Officially Licensed One Ring Keyring,Default Title,KRE09,2,21.98,0,0,21.98,2,23.98,12.5,21.98
2026-06,The Lord of the Rings - Limited Edition The Fellowship Plaque,Default Title,THG-LOTR06A,1,23.32,-2.32,0,21,4.2,25.2,13.74,21
2026-06,Buffy Vampire Stake,Default Title,BG011623,1,20.83,0,0,20.83,4.17,25,7,20.83
2026-06,The Witcher Wild Hunt- Steel Collectible 40cm,Default Title,HK8786SU,1,20.83,0,0,20.83,4.17,25,6.9,20.83
2026-06,Ryoken Shadow Spirit - Display (Blunt) Tanto (Black),Default Title,BS310854BK,1,20.83,0,0,20.83,4.17,25,5.76,20.83
2026-06,Ryoken Display (Blunt) Tanto (Blue),Default Title,BS310854BL,1,20.83,0,0,20.83,4.17,25,5.76,20.83
2026-06,Assassin's Creed - Altair Sword Cosplay/Larp Safe Foam,Default Title,BS111036,1,20.83,0,0,20.83,4.17,25,8,20.83
2026-06,Pompei Collection - Roman Stiletto Collectable (35cm),Default Title,VX221125,1,20.83,0,0,20.83,4.17,25,5.45,20.83
2026-06,Pompei Collection - Roman Pugio Collectable (35cm),Default Title,VX221124,1,20.83,0,0,20.83,4.17,25,6.16,20.83
2026-06,Assassin's Creed - Altair Collectable (34cm),Default Title,VX221223,1,20.83,0,0,20.83,4.17,25,3.44,20.83
2026-06,Pirate Sword (Cosplay Safe Foam),Default Title,FM113,1,20.83,0,0,20.83,4.17,25,8.56,20.83
2026-06,Gandalf Glamdring Collectable (34cm),Default Title,VX221224,1,20.83,0,0,20.83,4.17,25,3.44,20.83
2026-06,One Piece - Roronoa Zoro's Enma (Cosplay Safe Wood),Default Title,WD058,1,20.83,0,0,20.83,4.17,25,12.79,20.83
2026-06,Loki - Cosplay Loki Helmet,Default Title,FM091,1,20.83,0,0,20.83,4.17,25,8,20.83
2026-06,Basic Katana Triple Stand,Default Title,BP011368-3,1,20.83,0,0,20.83,4.17,25,11,20.83
2026-06,Star Wars - Hoth Snow Globe,Default Title,BN005,1,20.82,0,0,20.82,4.17,24.99,10.41,20.82
2026-06,Disney The Nightmare Before Christmas - Officially Licensed Premium Umbrella,Default Title,PARP01,1,20.82,0,0,20.82,4.17,24.99,12.5,20.82
2026-06,Fallout - Vault Security Keycard Replica,Default Title,B-FLT64,1,20.82,0,0,20.82,4.17,24.99,11.45,20.82
2026-06,Dungeons & Dragons 50th Anniversary 1st Edition Book Cover Ingot Set,Default Title,HAS-DUN61,1,20.82,0,0,20.82,4.17,24.99,9.99,20.82
2026-06,LOTR Witch King Mini Replica,Default Title,BS013485,1,20,0,0,20,4,24,6,20
2026-06,The Lord of the Rings - XL Mouse Mat & Coaster Set,Default Title,Z-LOTR18,1,19.99,0,0,19.99,0,19.99,9.16,19.99
2026-06,Jurassic Park - Limited Edition Mosquito in Amber Ingot,Default Title,UV-JP132,1,19.99,0,0,19.99,0,19.99,9.16,19.99
2026-06,Red Dead Redemption - Ball Tipped Sheriff Badge,Default Title,G106,3,19.98,0,0,19.98,3.99,23.97,8.13,19.98
2026-06,Mauser K98 Rifle Dummy (Pack of 6),Default Title,G60,2,20,-0.5,0,19.5,3.9,23.4,11.4,19.5
2026-06,John Wick - Assassin's Guild Coin,Four Coins £25,15106185,1,20.83,-2.08,0,18.75,3.75,22.5,8,18.75
2026-06,Demon Slayer - Inosuke Nichirin - Cosplay Safe Wood With Sheath,Default Title,WD041,1,20.83,-2.08,0,18.75,3.75,22.5,11,18.75
2026-06,Demon Slayer -  Sanemi Shinazugawa Green Nichirin - Cosplay Safe Wood,Default Title,VX221251,1,20.83,-2.08,0,18.75,3.75,22.5,12.79,18.75
2026-06,Helmet Stand,Default Title,AH3813,1,16.67,0,0,16.67,3.33,20,7.59,16.67
2026-06,Fortnite Pickaxe In Foam,Default Title,BS111037,1,16.67,0,0,16.67,3.33,20,7.92,16.67
2026-06,One Piece - Roronoa Zoro's Enma Collectible (40cm),Default Title,LT020,1,16.67,0,0,16.67,3.33,20,6.5,16.67
2026-06,"Roman Gladius Collectable (28cm, Brown)",Default Title,VX221824,1,16.67,0,0,16.67,3.33,20,3.52,16.67
2026-06,Sword Art Online - Kirito's Elucidator Letter Opener (30cm),Default Title,HK8471-1,1,16.67,0,0,16.67,3.33,20,6.5,16.67
2026-06,Demon Slayer -  Iguro Obanai Letter Opener 40cm,Default Title,LT014,1,16.67,0,0,16.67,3.33,20,6.5,16.67
2026-06,Blue Samurai Katana - Cosplay Safe Wood,Default Title,WD167,1,16.67,0,0,16.67,3.33,20,12.79,16.67
2026-06,Disney The Nightmare Before Christmas - Officially Licensed Halloween Town Door Mat,Default Title,FGE0031,1,16.66,0,0,16.66,3.33,19.99,7.5,16.66
2026-06,Fallout Nuka-Cola XL Desk Pad and Coaster Set,Default Title,B-FLT94,1,16.66,0,0,16.66,3.33,19.99,9.16,16.66
2026-06,One Piece - Officially Licensed Netflix Gum Gum Fruit Lamp,Default Title,LAMP031,1,16.66,0,0,16.66,3.33,19.99,10.41,16.66
2026-06,Harry Potter - Gryffindor Letter Opener,Default Title,XT7885,1,15.83,0,0,15.83,3.17,19,12.9,15.83
2026-06,Thorin's Orcrist - Cosplay/Larp Safe Foam Sword,Default Title,BS111033,1,15.83,0,0,15.83,3.17,19,4.28,15.83
2026-06,DC Comics Officially Licensed Batman Logo Doormat,Default Title,FGE0013,1,16.65,-1.53,0,15.12,3.03,18.15,7.5,15.12
2026-06,Pikachu & Deadpool,Tee Medium,TEE100-TE-1-1-1-1-1-1-1-1-1-1,1,15,0,0,15,3,18,8.5,15
2026-06,Demon Slayer - Yoriichi Nichirin Katana - Cosplay Safe Wood,Default Title,WD084,1,16.66,-1.66,0,15,3,18,12.79,15
2026-06,Demon Slayer - Tanjiro Kamado Nichirin Katana Umbrella,Default Title,AM072-1,1,16.66,-1.66,0,15,3,18,11,15
2026-06,DC - Batman In The Shadows,Tee X-Large,T0482-TE-1-1-1-1-1-1-1-1-1-1-1-1,1,15,0,0,15,3,18,8.5,15
2026-06,Legend Of Zelda - Skyward Sword - (Cosplay Safe Foam),Default Title,FM199,1,16.66,-1.66,0,15,3,18,12,15
2026-06,Nightmare Before Christmas - Officially Licensed Jack Mask Light,Default Title,PP11197NBCV2,1,14.99,0,0,14.99,3,17.99,8.75,14.99
2026-06,The Nightmare Before Christmas - Officially Licensed Jack Skellington Snow Globe,Default Title,BN002,1,14.99,0,0,14.99,0,14.99,6.25,14.99
2026-06,Bleach - Ichigo's Katana - Zangetsu Bankai (Cosplay Safe Foam),Default Title,FM158,1,12.5,0,0,12.5,2.5,15,10.7,12.5
2026-06,Demon Slayer - Tanjiro 'slayer',X-Large,1775-XL,1,12.5,0,0,12.5,2.5,15,8.5,12.5
2026-06,Demon Slayer - Kyojuro Rengoku Nichirin Katana With Sheath - Cosplay Safe Foam,Default Title,BS210668-2,1,12.5,0,0,12.5,2.5,15,10,12.5
2026-06,ONE PIECE - Trafalgar Law Cosplay/LARP Safe Foam (Brown handle),Default Title,BS310705,1,12.5,0,0,12.5,2.5,15,10.52,12.5
2026-06,Supernatural - Church of Castiel Pentagram,Default Title,BG011472,1,12.5,0,0,12.5,2.5,15,1.61,12.5
2026-06,Wolverine - Claws - Cosplay Safe Foam,Pair £15,1897-PA,1,12.5,0,0,12.5,2.5,15,6,12.5
2026-06,Buffy The Vampire Slayer - Faith's Knife (Cosplay Safe Foam),Default Title,VX221126,1,12.5,0,0,12.5,2.5,15,0,0
2026-06,The Hobbit - Official Bilbo Button Pin,Default Title,NN1329,1,12.5,0,0,12.5,2.5,15,7.81,12.5
2026-06,One Piece - Roronoa Zoro Kitetsu Sandai (Cosplay Safe Foam),Default Title,HK9413F,1,12.5,0,0,12.5,2.5,15,10.5,12.5
2026-06,Dr. Seuss: The Grinch TUBBZ (Boxed Edition),Default Title,NS4469,1,12.49,0,0,12.49,2.5,14.99,8.74,12.49
2026-06,Star Trek -  Worf TUBBZ (Boxed Edition),Default Title,NS4601,1,12.49,0,0,12.49,2.5,14.99,11.66,12.49
2026-06,DC Batman - Set of 4 Embossed Metal Coasters,Default Title,THG-DC22,1,12.49,0,0,12.49,2.5,14.99,6.87,12.49
2026-06,DC Comics Batman Number Plate Tin Sign,Default Title,THG-DC58,2,11.64,-0.14,0,11.5,2.3,13.8,4.56,11.5
2026-06,Supernatural - Church Of Castiel,2X-Large,12449896,1,12.5,-1.25,0,11.25,2.25,13.5,8.5,11.25
2026-06,Deluxe Balisong/Butterfly Knife Replica Trick Trainer (Blue),Default Title,HK22657C,1,12.5,-1.25,0,11.25,2.25,13.5,3.15,11.25
2026-06,Legend Of Zelda - Master Sword In Stone Letter Opener,Default Title,BS210368,1,12.49,-1.3,0,11.19,2.24,13.43,0,0
2026-06,Game Of Thrones - Arya Stark's Needle Collectible (21cm),Default Title,BS015851-21CM,1,10,0,0,10,2,12,3,10
2026-06,Mystery Tee Twin Pack,2 Tees For £12 - Medium,33944257,1,10,0,0,10,2,12,0,0
2026-06,Mystery Tee Twin Pack,2 Tees For £12 - XLarge,15776037,1,10,0,0,10,2,12,0,0
2026-06,The Elder Scrolls V: Skyrim - Replica Amulet of Talos Limited Edition Unisex Necklace,Default Title,B-SKY15,1,9.99,0,0,9.99,2,11.99,5.49,9.99
2026-06,Lord Of The Rings - Gandalf Glamdring Collectable with Stand (22cm),Default Title,VX221237-3,1,8.99,0,0,8.99,0,8.99,1.64,8.99
2026-06,Balisong Trainer - Bottle Opener (Black),Default Title,BF111489B,1,8.33,0,0,8.33,1.67,10,2.1,8.33
2026-06,Balisong Trainer - Comb (Silver),Default Title,BF111490,1,8.33,0,0,8.33,1.67,10,2.1,8.33
2026-06,John Wick - Assassin's Guild Coin,Single Coin £10,49502636,1,8.33,0,0,8.33,1.67,10,2,8.33
2026-06,The Lord of the Rings Limited Edition Gollum Collectible Coin,Default Title,THG-LOTR02,1,8.32,0,0,8.32,1.67,9.99,2.5,8.32
2026-06,The Lord of the Rings Limited Edition Dwarf Tossing Pin Badge,Default Title,THG-LOTR03,2,8.32,0,0,8.32,1.66,9.98,4.56,8.32
2026-06,DC Comics Limited Edition Batman Ingot,Default Title,THG-DC01,1,8.32,0,0,8.32,1.67,9.99,2.5,8.32
2026-06,Stranger Things - Officially Licensed Cushion 55cm,Default Title,C6372X3,1,8.32,0,0,8.32,1.67,9.99,0,0
2026-06,Game of Thrones - Officially Licensed Targaryen Cushion,Default Title,C6443X3,1,8.32,0,0,8.32,1.67,9.99,0,0
2026-06,The Elder Scrolls V: Skyrim Quest Marker Tin Sign,Default Title,B-ELD08,1,8.32,0,0,8.32,1.67,9.99,4.57,8.32
2026-06,Friday the 13th Limited Edition Medallion,Default Title,THG-HC06,1,7.49,0,0,7.49,1.5,8.99,2.75,7.49
2026-06,Lord Of The Rings - Anduril Collectable with Stand (26cm),Default Title,vx221237-1,1,7.49,0,0,7.49,1.5,8.99,1.64,7.49
2026-06,A Nightmare on Elm Street Limited Edition Medallion,Default Title,THG-HC08,1,7.49,0,0,7.49,1.5,8.99,2.75,7.49
2026-06,Lord Of The Rings - Frodo Sting Collectable with Stand (22cm),Default Title,VX221237-5,1,7.49,-0.74,0,6.75,1.35,8.1,1.64,6.75
2026-06,Red Dead Redemption - Six Point Sherriff Badge,Default Title,G101,1,6.66,0,0,6.66,1.33,7.99,3.14,6.66
2026-06,Lord of the Rings - Gondor Shield Keyring,Default Title,Z-LOTR24,1,5.82,-0.57,0,5.25,1.05,6.3,3.66,5.25
2026-06,Naruto - Yondaime Kunai Necklace (Gold Or Silver),Silver,2087-SI,1,5,0,0,5,0,5,2.18,5
2026-06,Spitfire 3D Enamel Pin Badge,Default Title,TOPSPIT3DPIN,1,3.32,0,0,3.32,0.67,3.99,1.5,3.32
2026-06,Lancaster 3D Enamel Pin Badge,Default Title,TOPLAN3DPIN,1,3.32,0,0,3.32,0.67,3.99,1.5,3.32
2026-06,The Lord Of The Rings - Red Book Of Westmarch Leather Journal,Default Title,CUCU002,0,20.82,0,-20.82,0,0,0,0,0
2026-06,Chinese Dragon Emperor Sword (Full Metal),Default Title,CHS031R,0,79.17,0,-79.17,0,0,0,0,0
2026-06,Ghost of Yotei - Gilded Night Display (Straight) Katana,Default Title,BW310123BK,0,98.34,0,-98.34,0,0,0,0,0
2026-06,Platform 9 3/4 Sign,Default Title,NN7041,0,0,0,0,0,0,0,0,0
2026-06,"The Conjuring - UK Exclusive Annabelle (18"")",Default Title,90500,0,74.17,0,-74.17,0,0,0,0,0
2026-06,Basilisk Bookend,Default Title,NN7148,0,0,0,0,0,0,0,0,0
2026-06,Harry Potter Letter Keyring,Default Title,Z-HP80,0,6.64,0,-6.64,0,0,0,0,0
2026-06,House Of The Dragon  - Daemon Targaryen Dark Sister with Plaque and Scabbard,Default Title,VX221112,0,530,0,-530,0,0,0,0,0
2026-06,Map of Middle Earth Journal,Default Title,NN6485,0,0,0,0,0,0,0,0,0
2026-06,Daily Prophet Wall Plaque,Default Title,NN7052,0,0,0,0,0,0,0,0,0
2026-06,Platform 9 3/4 Keychain,Default Title,NN7115,0,0,0,0,0,0,0,0,0
2026-06,PAYDAY GIFT,Default Title,,63,0,0,0,0,0,0,0,0
2026-06,Lord Of The Rings - United Cutlery Officially Licensed Sting Sword With Plaque from The Hobbit,Default Title,UC2892,0,174.17,0,-174.17,0,0,0,0,0
2026-06,Hogwarts Acceptance Letter Keychain,Default Title,NN7113,0,0,0,0,0,0,0,0,0
2026-06,Assassin's Creed - AC3 Connor's Tomohawk,Default Title,CK0412,0,41.67,0,-41.67,0,0,0,0,0
2026-06,Harry Potter - Golden Snitch Sculpture,Default Title,NN7144,0,0,0,0,0,0,0,0,0
2026-06,Pattern 1861 Enfield .577 Carabine British Empire Artillery Rifle - England 1861,Default Title,G1046,0,165.83,-16.58,-149.25,0,0,0,0,0
2026-06,Bug-A-Salt Black Fly,Gun with Bug-Beam Laser Targetting SAVE £5!,855693007574,0,52.49,0,-52.49,0,0,0,0,0
2026-06,Genuine Leather Shoulder Holster,Default Title,G716,0,58.33,0,-58.33,0,0,0,0,0
2026-06,Miniature Hedwig and Cage,Default Title,NN7098,0,0,0,0,0,0,0,0,0
2026-06,"Lord Of The Rings - NEW AND IMPROVED Morgul Dagger with Tainted Blade, Plaque and Sheath",Default Title,vx221143,0,82.5,0,-82.5,0,0,0,0,0
2026-06,World Of Warcraft - Doomhammer,Default Title,BS310359,0,249.16,-8.33,-240.83,0,0,0,0,0
2026-06,Shogun's Red Rage' Clay Tempered Wakizashi,Default Title,BS310627W,0,332.5,-33.25,-299.25,0,0,0,0,0
2026-06,Triwizard Cup,Default Title,NN7156,0,0,0,0,0,0,0,0,0
2026-06,"Terrifier - Art the Clown Roto Plush (18"")",Default Title,25526,0,74.17,0,-74.17,0,0,0,0,0
2026-06,Hogwarts Bookmarks,Default Title,NN7039,0,0,0,0,0,0,0,0,0
2026-06,Assassin's Creed - Sword Of Ojeda,Default Title,BS110461,0,66.66,-6.66,-60,0,0,0,0,0
2026-06,300 King Leonidas Helmet,Default Title,AH241148,0,100,0,-100,0,0,0,0,0
2026-06,The Flying Hedwig Brooch,Default Title,NN7014,0,0,0,0,0,0,0,0,0
2026-06,Hand Grenade Mk II Pineapple - USA WWII,Default Title,G738V,1,35,-35,0,0,0,0,13.99,0
2026-06,Pirate Cutlass,Default Title,CS-88CSY,0,365.83,0,-365.83,0,0,0,0,0
2026-06,Final Fantasy VIII - Squall Gunblade,Default Title,SW771,0,100,0,-100,0,0,0,0,0
2026-06,Elden Ring Dark Moon Greatsword,Default Title,BS111760,0,415,-20.75,-394.25,0,0,0,0,0
2026-06,"""Shogun's Gift"" Samurai Master Katana",Default Title,bs310167,0,915.83,0,-915.83,0,0,0,0,0
2026-06,Fate Stay Night - Black Excalibur Morgan - Sword Of Saber,Default Title,BS111101,0,116.66,-11.66,-105,0,0,0,0,0
2026-06,Bug-A-Salt Pink Passion 3.0,Gun Only,855693007726,0,41.66,0,-41.66,0,0,0,0,0
2026-06,Doom - Crucible Sword (Cosplay Safe Foam),Default Title,VX221154-F,0,20.83,-2.08,-18.75,0,0,0,0,0
2026-06,Elendil Narsil Letter Opener,Default Title,NN6552,0,0,0,0,0,0,0,0,0
2026-06,One Piece - Roronoa Zoro's Shusui Display (Straight Blade) Katana,Default Title,BS014938-1,0,49.16,-4.91,-44.25,0,0,0,0,0
2026-06,Colt 'Marshall' Single Action Army,Default Title,G1109/N,0,74.99,0,-75,-0.01,0,-0.01,0,-0.01
2026-06,The Lord of the Rings One Ring Necklace,Default Title,Z-LOTR23,-1,0,0,-8.32,-8.32,-1.67,-9.99,-2.75,-8.32
2026-06,The Witcher - Travel Notebook,Default Title,CTBV004,-1,0,0,-9.99,-9.99,-2,-11.99,-5.01,-9.99
2026-06,Lord Of The Rings - Thranduil Sword Collectible (40cm),Default Title,HK8443MUB,-1,0,0,-29.17,-29.17,-5.83,-35,-6.85,-29.17
2026-06,Harry Potter - Official Marauder's Map Case (Map Sold Separately),Default Title,NN7882,-1,32.5,0,-65,-32.5,-6.5,-39,-24.9,-32.5
2026-06,Demon Slayer - Sanemi Shinazugawa Green Nichirin Katana With Sheath - Cosplay Safe Foam,Default Title,BS210668-1,-3,0,0,-33.75,-33.75,-6.75,-40.5,-30,-33.75
2026-06,Red Dead - Colt Single Action Army (Cosplay Safe Foam),Default Title,FM286,-2,0,0,-36.67,-36.67,-3.33,-40,-9,-36.67
2026-06,Harley Quinn - Good Night Baseball Bat,Default Title,BW310070,-1,0,0,-37.5,-37.5,-7.5,-45,-13.98,-37.5
2026-06,Colt 'Wolfsbane' Single Action Army,Default Title,M-1280/L,-1,0,0,-57.5,-57.5,-11.5,-69,-44.45,-57.5
2026-06,Vegvisir Viking Wood Shield,Default Title,BW011034,-1,0,0,-66.67,-66.67,-13.33,-80,-14.61,-66.67
2026-06,Witcher 3 - Standard Ciri Sword,Default Title,BS310598,-1,0,0,-100,-100,-20,-120,0,0
2026-06,Thor's Hammer - Mjolnir (Toughened Resin),Default Title,BS310187+S,-1,0,0,-100,-100,-20,-120,-29.59,-100
2026-06,Solo Levelling - Igris Blood-Red Knight Greatsword,Default Title,BS112133,-1,0,0,-108.33,-108.33,-21.67,-130,-28.89,-108.33
2026-06,Red Dead Redemption - Colt Navy (Gunmetal Grey),Default Title,BG010131-2,-3,262.5,-3.75,-375,-116.25,-23.25,-139.5,-48,-116.25
2026-06,Game of Thrones - Ned Stark's Ice,Default Title,BS015565,-1,0,0,-116.67,-116.67,-23.33,-140,-22.15,-116.67
2026-06,Devil May Cry - Dante's Rebellion (Silver),Default Title,HK0213,-1,0,0,-124.17,-124.17,-24.83,-149,-40.33,-124.17
2026-06,Game of Thrones - Ned Stark's Ice,Default Title,,-1,250,-25,-350,-125,-25,-150,0,0
2026-06,"Colt ""Oakley Quickdraw"" Single Action Army 5.5"" (Nickel)",Default Title,G1106/NQ,-2,0,0,-150,-150,-30,-180,-80.82,-150
2026-06,The Last Samurai - Clay Tempered Nathan Algren's Hand Forged Katana,Default Title,BS015224CT,-1,165.83,-16.58,-315.08,-165.83,-33.17,-199,-62.52,-165.83
2026-06,"Shin Gunto Second World War Officer's Katana - Handforged, Clay Tempered HCS",Default Title,BS310371-1,-1,0,0,-249.17,-249.17,-49.83,-299,-90.93,-249.17
2026-06,Lord Of The Rings - Officially Licensed United Cutlery Strider Ranger Sword,Default Title,UC-UC1299,-1,0,0,-261.75,-261.75,-52.35,-314.1,-165.44,-261.75
2026-06,Lord Of The Rings - United Cutlery Officially Licensed Glamdring,Default Title,UC-UC1265,-1,0,0,-274.17,-274.17,-54.83,-329,-174.06,-274.17
2026-06,Captain America Wakanda Shield,Pair,62142579,-1,0,0,-275,-275,-55,-330,-240,-275
2026-06,"""Flower Of Fiji"" Samurai Master Katana",Default Title,BS310172,-1,0,0,-1249.17,-1249.17,-249.83,-1499,-462.52,-1249.17
2026-07,,,,4,0,0,4303.53,4303.53,1353.8,12519.45,-36,-74.17
2026-07,Lord Of The Rings - Officially Licensed United Cutlery Anduril Sword of Aragorn,Default Title,UC-UC1380,13,3455.79,-45.62,0,3410.17,682.06,4092.23,2166.32,3410.17
2026-07,The Lord Of The Rings - Deluxe Anduril With Display Plaque & Scabbard,Default Title,VX221044-NS,19,3098.26,-33.32,-414.16,2650.78,530.22,3181,693.5,2650.78
2026-07,House Of The Dragon  - Daemon Targaryen Dark Sister with Plaque and Scabbard,Default Title,VX221112,22,2548.26,-39.82,0,2508.44,501.76,3010.2,539,2508.44
2026-07,"Ghost Of Tsushima - Jin Sakai Storm Hand Forged Clay Tempered Daisho Set (Katana, Wakizashi and Tanto)",Default Title,,9,2617.46,-179.15,0,2438.31,487.69,2926,267.21,2438.31
2026-07,"LORD OF THE RINGS - NEW! Superior Anduril, The Sword Reforged with Scabbard and Plaque",Default Title,VX221039,16,2535.85,-38.15,-140.83,2356.87,471.32,2828.19,671.84,2356.87
2026-07,The Bastard Snow - Sword Including Plaque and Scabbard,Default Title,JOT5909M,26,2361.58,-41.01,0,2320.57,464.19,2784.76,793,2320.57
2026-07,Final Fantasy VII - Cloud's Strife Buster Sword,Default Title,VX221043,12,2090.03,-8.6,0,2081.43,416.24,2497.67,798.72,2081.43
2026-07,House of the Dragon – Official Dark Sister Sword Limited Edition,Default Title,FE-408246,3,2037.5,-8.33,0,2029.17,405.83,2435,1359.3,2029.17
2026-07,Legend Of Zelda - Deluxe Master Sword,Default Title,BS310223,18,2042.5,-24.99,-107.5,1910.01,381.99,2292,648,1910.01
2026-07,Assassin's Creed Black Flag Resynced - Official Edward Kenway Hidden Blade Lifesize Replica,Default Title,,19,2003.19,-127.33,0,1875.86,375.14,2251,993.7,1875.86
2026-07,Masters Of The Universe - He-Man Power Sword (2026),Default Title,VX221214,10,2437.5,-24.99,-562.5,1850.01,369.99,2220,459.4,1850.01
2026-07,World of Warcraft - Epic Edition Frostmourne,Default Title,VX221086,8,1833.34,-16.66,0,1816.68,363.32,2180,1276.96,1816.68
2026-07,Supernatural - The Colt,Default Title,VX221106,26,1933.32,-88.34,-200.01,1644.97,328.97,1973.94,663,1644.97
2026-07,Thundercats - Deluxe Sword Of Omens,Default Title,HK8896,18,2016.41,-48.04,-372.41,1595.96,319.25,1915.21,579.6,1595.96
2026-07,Kingdom Come - Sir Radzig Deliverance,Default Title,BS310978,15,1770.84,-47.89,-208.34,1514.61,302.89,1817.5,374.4,1514.61
2026-07,"""Flower Of Fiji"" Samurai Master Katana",Default Title,BS310172,1,1249.17,0,0,1249.17,249.83,1499,462.52,1249.17
2026-07,M16A1 - USA Assault Rifle 1967 with Sling,Default Title,G9133,6,1200,-20,0,1180,236,1416,814.92,1180
2026-07,Lord Of The Rings - United Cutlery Officially Licensed Museum Collection Anduril,Default Title,UC-UC3516,2,1148.34,0,0,1148.34,229.66,1378,763.66,1148.34
2026-07,The Last Kingdom – Officially Licensed Valyrian Steel Serpent Breath Sword of Uhtred,Default Title,VS-LK0001,4,1130,0,0,1130,226,1356,742.52,1130
2026-07,Devil May Cry 5 - Dante's Rebellion (Silver),Default Title,HK0214,10,1158.3,-44.9,0,1113.4,222.7,1336.1,403.3,1113.4
2026-07,CALL OF DUTY - German WWII MP40 Sub-Machine Gun 1940,Default Title,G1111C,5,979.15,-19.58,0,959.57,191.93,1151.5,556.15,959.57
2026-07,The Walking Dead - Michonne Hand Forged Clay Tempered Katana,Default Title,VX221594,6,1137.5,-40.83,-146.25,950.42,190.08,1140.5,375.42,950.42
2026-07,Ghost Of Tsushima - Jin Sakai Display Katana,Default Title,VX221713-1,17,1035,-43.66,-51.75,939.59,187.91,1127.5,201.45,939.59
2026-07,"""Brown Bess"" Short Land Pattern Musket British Napoleonic War Rifle - England 1712",Default Title,G1054,5,1095,-18.25,-182.5,894.25,178.85,1073.1,550.5,894.25
2026-07,House Of The Dragon  - Daemon Targaryen Dark Sister,Default Title,MS044,10,891.67,-8.33,0,883.34,176.66,1060,245,883.34
2026-07,"M1911A1 Colt ""Military"" USA Service Pistol (Black/Black)",Default Title,G1312,9,900,-17.69,0,882.31,176.46,1058.77,650.16,882.31
2026-07,Valyrian Steel Game of Thrones - Longclaw Sword of Jon Snow,Default Title,VS-VS0106,3,872.49,0,0,872.49,174.51,1047,572.34,872.49
2026-07,Red Dead Redemption - Colt Navy (Bronze),Default Title,BG010131,24,1012.5,-34.43,-108.75,869.32,173.86,1043.18,384,869.32
2026-07,Lord Of The Rings - United Cutlery Officially Licensed Lothlorien Bow Of Legolas,Default Title,UC3691,2,898.32,-30.78,0,867.54,173.51,1041.05,538.38,867.54
2026-07,English Back Sword,Default Title,CS-88SEB,3,872.49,-8.33,0,864.16,172.84,1037,579.18,864.16
2026-07,"Browning ""High Power"" Hp35 - British Army Service Pistol 1935-2013",Default Title,G1235,8,866.64,-24.99,0,841.65,168.35,1010,490,841.65
2026-07,"Deluxe ""Righteous Dragon"" Hand Forged Katana In Clay Tempered 1095 HCS",Default Title,BS310133KCT,5,829.15,0,0,829.15,165.85,995,325.7,829.15
2026-07,AK47 Kalashnikov Assault Rifle,Default Title,G1086,4,830,-8.33,0,821.67,164.33,986,624.48,821.67
2026-07,Lord Of The Rings - United Cutlery Officially Licensed Mace Of Sauron Red Eye Edition,Default Title,UC-UC3520,2,815,0,0,815,163,978,538.38,815
2026-07,Legend Of Zelda - Deluxe Hylian Shield (Full Metal),Default Title,VX221048,5,975,0,-162.5,812.5,162.5,975,512.15,812.5
2026-07,Wells Fargo Stagecoach Defender - Double Barrel  Wyatt Earp Shotgun Pistol / Sawn-Off with Brass Action- USA 1868,Default Title,G1113,6,799.98,-8.33,0,791.65,158.35,950,517.74,791.65
2026-07,"Lord Of The Rings - Anduril, The Sword Reforged Display Scale (118cm)",Default Title,VX221044-3,8,793.35,-8.33,0,785.02,156.98,942,135.68,785.02
2026-07,Rick's Colt Python - The Walking Dead,Default Title,G6304,8,793.34,-22.89,0,770.45,154.07,924.52,473.44,770.45
2026-07,James Bond Walther PPK With Silencer,Default Title,G1311,8,900,-34.99,-100,765.01,152.99,918,413.44,765.01
2026-07,Wells Fargo Stagecoach Defender - Double Barrel Wyatt Earp Shotgun Pistol / Sawn-Off - USA 1868,Default Title,G1114,6,933.31,-40.32,-128,764.99,153.01,918,517.74,764.99
2026-07,DEADPOOL - Gold Desert Eagle,Default Title,G1123/L,9,742.5,-8.33,0,734.17,146.83,881,554.22,734.17
2026-07,Elden Ring Dark Moon Greatsword,Default Title,BS111760,4,730,-8.33,0,721.67,144.33,866,507.68,721.67
2026-07,"M1911A1 Colt ""Government"" Us Service Pistol (Nickel Finish)",Default Title,G6312,7,700,0,0,700,140,840,505.68,700
2026-07,Buffy Slayer Scythe,Default Title,HK8761,7,700,-10,0,690,138,828,203,690
2026-07,Loki's Sceptre - 1:1 Metal Version,Default Title,BS110897,3,687.51,0,0,687.51,137.49,825,444.66,687.51
2026-07,Supernatural - Deluxe Angel Blade,Default Title,HK8445,12,699.96,-16.66,0,683.3,136.7,820,310.32,683.3
2026-07,"Call Of Duty - AK47 ""Achievment Unlocked"" Gold Edition",Default Title,G1086L,3,687.5,-8.33,0,679.17,135.83,815,480.06,679.17
2026-07,House of the Dragon – Official Blackfyre Sword Limited Edition,Default Title,FE-408245,1,679.17,0,0,679.17,135.83,815,453.1,679.17
2026-07,Gwenom - Premium Format Figurine,Default Title,,1,665.83,0,0,665.83,133.17,799,540,665.83
2026-07,Blade - Sword Of The Daywalker,Default Title,BS014177,8,660,-16.58,0,643.42,128.68,772.1,261.84,643.42
2026-07,Captain America - Deluxe Shield,Default Title,HK404-GS,4,650,-16.25,0,633.75,126.75,760.5,490.76,633.75
2026-07,God Of War - Ragnarok Leviathan Axe with Glow In The Dark Runes,Default Title,AM224,4,650,-16.25,0,633.75,126.75,760.5,628.6,633.75
2026-07,M1 Garand USA WWII 1932,Default Title,G1105,3,624.99,0,0,624.99,125.01,750,476.52,624.99
2026-07,BERSERK - Guts Dragon Slayer Greatsword (150cm) Full Metal,Default Title,AM223,3,622.5,-20.75,0,601.75,120.35,722.1,272.55,601.75
2026-07,"M1911A1 Colt ""Government"" Us Service Pistol (Black/Wood))",Default Title,G9312,6,600,-10,0,590,118,708,361.2,590
2026-07,Viserys' Blackfyre (TV Show Version),Default Title,VX221092,7,577.5,0,0,577.5,115.5,693,247.38,577.5
2026-07,Witcher IV - Ciri's Sword,Default Title,VX221107,5,579.15,-5.28,0,573.87,114.79,688.66,0,0
2026-07,Lord Of The Rings - United Cutlery Officially Licensed Witch King Sword,Default Title,UC-UC1266,2,583.3,-12.68,0,570.62,114.13,684.75,379.8,570.62
2026-07,"""The Gun That Won The West"" Winchester '73 Repeating Rifle (Black, Engraved Gold) with Ejecting Dummy Rounds - USA 1873",Default Title,G5324,3,562.5,0,0,562.5,112.5,675,326.25,562.5
2026-07,Lord Of The Rings - United Cutlery Officially Licensed Knives Of Legolas,Default Title,UC-UC1372,2,581.66,-29.08,0,552.58,110.52,663.1,382.82,552.58
2026-07,GAME OF THRONES - Arya's Needle With Plaque And Scabbard,Default Title,BS310330,6,544.98,-6.93,0,538.05,107.62,645.67,207.12,538.05
2026-07,The Hobbit - Officially Licensed United Cutlery Orcrist Sword Of Thorin Oakenshield,Default Title,UC-UC2928,2,565,-28.25,0,536.75,107.35,644.1,303.92,536.75
2026-07,Nightmare On Elm Street3: Dream Warriors - Official Life Size (Metal) Freddy Glove Prop Replica,Default Title,39763,4,530,0,0,530,106,636,312,530
2026-07,Lord Of The Rings - Deluxe Anduril With Display Plaque,Default Title,VX221044-S,4,530,-8.33,0,521.67,104.33,626,168,521.67
2026-07,Shamshir,Default Title,CS-88STS,2,498.34,0,0,498.34,99.66,598,337.86,498.34
2026-07,Final Fantasy VIII - NEW Superior Squall Gunblade,Default Title,VX221148,4,499.99,-3.47,0,496.52,99.31,595.83,148,496.52
2026-07,The Witcher III - Geralt's Steel Sword (Mace Pommel),Default Title,BS110614,5,495.84,-6.89,0,488.95,97.78,586.73,177.5,488.95
2026-07,The Witcher III - Geralt's Silver Sword,Default Title,BS110617,5,614.84,-8.33,-119,487.51,97.49,585,137.4,487.51
2026-07,Wyatt Earp Double Barrel Shotgun Display Replica USA 1868,Default Title,G1115,3,487.5,0,0,487.5,97.5,585,258.87,487.5
2026-07,The Walking Dead - Neagan's Lucille,Default Title,BS310616,8,562.5,-16.66,-62.5,483.34,96.66,580,216,483.34
2026-07,Dark Souls - Great Sword Of Artorias (140cm Deluxe Edition),Default Title,VX221075-L,3,487.5,-4.85,0,482.65,96.53,579.18,110.88,482.65
2026-07,"Deluxe ""Warrior's Rage"" (Blue) Hand Forged Katana In Clay Tempered 1060 HCS",Default Title,BS310161BLCT,3,497.49,-16.58,0,480.91,96.19,577.1,135.69,480.91
2026-07,Colt Army Model 1860 USA Civil War 1860 - Clint Eastwood,Default Title,G1007/L,6,475.02,0,0,475.02,94.98,570,321.48,475.02
2026-07,Legacy Arms Excalibur Sword,Default Title,LA-SL0351,1,479.16,-8.33,0,470.83,94.17,565,340.16,470.83
2026-07,Bloodborne - Holy Moonlight Greatsword,Default Title,BS112003,4,583.35,0,-116.67,466.68,93.32,560,507.68,466.68
2026-07,Lord Of The Rings - NEW AND IMPROVED Gimli's Battle Axe,Default Title,VX221072,4,466.67,-8.33,0,458.34,91.66,550,152,458.34
2026-07,"Chucky ""Bride of Chucky"" Life Size Replica",Default Title,42116,1,457.5,0,0,457.5,91.5,549,395,457.5
2026-07,God Of War - Hand Forged Ragnarok Chaos Blades,Default Title,BS310937,2,458.33,-8.33,0,450,90,540,254.44,450
2026-07,"Ghost Of Tsushima - Jin Sakai ""Storm"" Display (Straight Blade) Katana",Default Title,BS310907,8,460,-32.27,0,427.73,85.53,513.26,94.8,427.73
2026-07,Kingston Arms Atrim Design Arming Sword Type XIV,Default Title,KA-SM36050,1,415.83,0,0,415.83,83.17,499,348.34,415.83
2026-07,Legends Of Zelda - NEW Ultimate Edition Master Sword,Default Title,VX221076,2,415,0,0,415,83,498,124.28,415
2026-07,AKS47 - Kalashnikov Skladnoy With Folding Stock,Default Title,G1097,2,415,0,0,415,83,498,322.2,415
2026-07,Power Rangers - Red Ranger Power Sword,Default Title,AM209,4,541.65,-32.49,-97.5,411.66,82.34,494,151.28,411.66
2026-07,Lord Of The Rings - United Cutlery Officially Licensed Horn of Gondor,Default Title,UC-UC3455,2,416.64,-8.33,0,408.31,81.67,489.98,268.6,408.31
2026-07,CALL OF DUTY - German Parabellum Luger P08,Default Title,G1143,4,400,0,0,400,80,480,259,400
2026-07,Assassin's Creed  - Short Sword of Altair,Default Title,HK8215,10,408.3,-12.11,0,396.19,79.26,475.45,175,396.19
2026-07,Lord Of The Rings - United Cutlery Officially Licensed High Elven Helm (Limited Edition),Default Title,UC-UC1382,1,391.66,0,0,391.66,78.33,469.99,249.71,391.66
2026-07,Dungeons & Dragons - Drizzt Do'Urden Icing Death Sword,Default Title,,5,412.5,-24.91,0,387.59,77.51,465.1,0,0
2026-07,One Piece - Roronoa Zoro Display (Straight) Katana Enma,Default Title,BS310702,8,442.52,-8.33,-49.17,385.02,76.98,462,119.76,385.02
2026-07,Vikings - Ragnar's Sword,Default Title,MS065,4,396.66,-16.66,0,380,76,456,172,380
2026-07,Star Trek - Deluxe Klingon Bat'Leth,Default Title,VX221440,3,375,0,0,375,75,450,144,375
2026-07,God Of War: Ragnarok - Deluxe Thor Mjolnir (Full Metal),Default Title,BG011816,2,375,0,0,375,75,450,243.04,375
2026-07,Honshu Historical Forge - Zweihander Great Sword,Default Title,UC-UC3612,1,370.83,0,0,370.83,74.17,445,250.54,370.83
2026-07,Neon Genesis Evangelion - Eva Spear Of Longinus (Full Metal),Default Title,AM200,2,375,-8.33,0,366.67,73.33,440,211.7,366.67
2026-07,The Hobbit - Official Weta Workshop The Desolation of Smaug Bust,Default Title,,1,374.16,-8.33,0,365.83,73.17,439,0,0
2026-07,Colt 'Cavalry' Single Action Army (Steel),Default Title,G1191G,5,375,-11.33,0,363.67,72.73,436.4,229.55,363.67
2026-07,LORD OF THE RINGS - NEW AND IMPROVED Deluxe King Theoden's Herugrim Sword,Default Title,vx221084,4,363.32,0,0,363.32,72.68,436,96,363.32
2026-07,Pirate Cutlass,Default Title,CS-88CSY,1,365.83,-8.33,0,357.5,71.5,429,245,357.5
2026-07,Elden Ring - Black Blade of Maliketh,Default Title,VX221231,2,375,-18.75,0,356.25,71.25,427.5,0,0
2026-07,"The Lord Of The Rings - Deluxe Sting (80cm, W/ Display Plaque & Sheath)",Default Title,VX221042S,5,370.83,-14.82,0,356.01,71.19,427.2,155,356.01
2026-07,Game Of Thrones - Jaime Lannister Sword,Default Title,BS310057,4,454.15,-11.1,-90.83,352.22,70.45,422.67,172,352.22
2026-07,Conan The Barbarian / Stranger Things - Atlantean Sword,Default Title,BS014659,4,363.31,-16.66,0,346.65,69.34,415.99,208,346.65
2026-07,Highlander - Deluxe Clan Macleod Claymore,Default Title,BS012637,3,350,-8.33,0,341.67,68.33,410,71.22,341.67
2026-07,Scimitar,Default Title,CS-88SYS,1,332.5,0,0,332.5,66.5,399,223.27,332.5
2026-07,Demon Souls - Moonlight Greatsword,Default Title,VX221858,2,331.66,0,0,331.66,66.34,398,103.46,331.66
2026-07,"The Lord Of The Rings - Handforged Folded Steel ""Damascus"" Deluxe Anduril",Default Title,JOT033HF,2,331.66,0,0,331.66,66.34,398,145.5,331.66
2026-07,Devil May Cry 5 - Vergil's Yamato Display (Straight Blade) Katana,Default Title,VX221228,6,345,-16.66,0,328.34,65.66,394,63.3,328.34
2026-07,Assassin's Creed - Sword Of Altair,Default Title,BS015335,4,329.99,-4.12,0,325.87,65.18,391.05,124,325.87
2026-07,"The Witcher - Deluxe Handforged Geralt's Steel Sword (Damascus, Mace Pommel)",Default Title,HK9320BHF,2,325,0,0,325,65,390,236,325
2026-07,Luger 'Artillery' Parabellum P08 - Germany WWI & WWII,Default Title,G1145,3,324.99,0,0,324.99,65.01,390,243.69,324.99
2026-07,House Of The Dragon – The Crown Of King Viserys Targaryen Official Life-Size Replica (Metal),Full Purchase £399,408255,1,332.5,-8.33,0,324.17,64.83,389,38.83,324.17
2026-07,"Deluxe ""Warrior's Rage"" (Black) Hand Forged Katana In Clay Tempered 1060 HCS",Default Title,BS310161BKCT,2,331.66,-8.33,0,323.33,64.67,388,188,323.33
2026-07,Goosebumps - Slappy Official Full Size Puppet Prop Replica,Default Title,TTSP115,2,497.49,-8.33,-165.83,323.33,64.67,388,240,323.33
2026-07,James Bond – Golden Gun Official Scaled Prop Replica,Default Title,FE-408020,4,330,-8.33,0,321.67,64.33,386,220.04,321.67
2026-07,Templar Crusader Sword,Default Title,SW758,4,330,-8.33,0,321.67,64.33,386,0,0
2026-07,Game of Thrones/House Of The Dragon - King Viserys' Valeryian Steel Dagger and Arya's Catspaw,Default Title,HK8764GS,5,394.98,-8.33,-65.83,320.82,64.18,385,70,320.82
2026-07,Assassin's Creed Odyssey - Leonidas' Spear,Default Title,BS110866,4,395.85,0,-79.17,316.68,63.32,380,170.12,316.68
2026-07,"Colt Single Action Army ""Quickdraw"" (Black) Gift Set with Dummy Rounds",Default Title,G1-1186N,4,316.68,0,0,316.68,63.32,380,164.44,316.68
2026-07,Polish Sabre,Default Title,CS-88RPS,1,315.83,0,0,315.83,63.17,379,212.4,315.83
2026-07,LORD OF THE RINGS - Deluxe Strider Ranger Sword,Default Title,BS011222,2,308.34,0,0,308.34,61.66,370,157.82,308.34
2026-07,God Of War - Deluxe Ragnarok Chaos Blades,Default Title,MS036,2,308.34,0,0,308.34,61.66,370,103.3,308.34
2026-07,Lord Of The Rings - Arwen Evenstar Sterling Silver and Swarovski Crystal Pendant,Default Title,NN2770,3,324.99,-16.66,0,308.33,61.67,370,225.75,308.33
2026-07,Solo Levelling - Igris Blood-Red Knight Greatsword,Default Title,BS112133,3,324.99,-21.66,0,303.33,60.67,364,86.67,303.33
2026-07,"""Death's Head"" 18th Century Pirate Flintlock (Gunmetal Grey)",Default Title,G1103G,5,312.5,-12.5,0,300,60,360,133.25,300
2026-07,Davy Crockett Kentucky Flintlock Carbine - USA 19th Century,Default Title,G1138,2,315,-15.75,0,299.25,59.85,359.1,158.8,299.25
2026-07,Musketeer Rapier - 18th Century Europe,Default Title,HK5921,4,404.16,-24.99,-82.5,296.67,59.33,356,0,0
2026-07,Harry Potter - Officially Licensed Godric Gryffindor Sword,Default Title,NN7198,2,308.33,-15.41,0,292.92,58.58,351.5,241.86,292.92
2026-07,1860 Heavy Cavalry Sabre,Default Title,CS-88HCS,1,290.83,0,0,290.83,58.17,349,193.06,290.83
2026-07,Hanwei River Witham Sword,Default Title,HW-SH2372,1,290.83,0,0,290.83,58.17,349,243.63,290.83
2026-07,".357 Python Magnum 8"" - Call Of Duty, Resident Evil, Pulp Fiction",Default Title,G1061,3,300,-10,0,290,58,348,168.09,290
2026-07,"""Shogun"" Traditional Hand Forged Katana in 1020 HCS",Default Title,SW407,4,370.84,-8.33,-74.17,288.34,57.66,346,144,288.34
2026-07,The Walking Dead - Michonne Display Katana,Default Title,BS015963SS,5,287.5,0,0,287.5,57.5,345,110,287.5
2026-07,Ghost of Yotei - Lone Wolf Display (Straight) Katana,Default Title,VX221795,7,302.48,-15.25,0,287.23,57.46,344.69,72.66,287.23
2026-07,"""Hikarimuji"" Hand Forged Katana",Default Title,SW455,4,296.67,-11.83,0,284.84,56.96,341.8,144,284.84
2026-07,RoboCop - Auto-9 Life-Size Prop Replica,Default Title,,1,282.5,0,0,282.5,56.5,339,0,0
2026-07,Lord Of The Rings - Officially Licensed United Cutlery Gandalf The White Staff,Default Title,UC-UC1386,1,282.5,0,0,282.5,56.5,339,182.93,282.5
2026-07,"Mauser C96 ""Broomhandle"" Pistol",Default Title,G1024,3,300,-20,0,280,56,336,149.82,280
2026-07,Conan The Barbarian - Father's Sword,Default Title,VX221744,3,297.49,-18.24,0,279.25,55.85,335.1,120,279.25
2026-07,Sword Of Gryffindor,Default Title,BS011033,7,291.66,-12.49,0,279.17,55.83,335,105,279.17
2026-07,Highlander - Kurgan's Sword (Full Metal),Default Title,BS310522,2,275,0,0,275,55,330,66.54,275
2026-07,The Hobbit - Officially Licensed United Cutlery Sword Of Thranduil,Default Title,UC-UC3042,1,274.17,0,0,274.17,54.83,329,156.73,274.17
2026-07,Devil May Cry - Dante's Rebellion,Default Title,HK213R,3,272.49,0,0,272.49,54.51,327,100.5,272.49
2026-07,The Witcher III - Geralt's Steel Sword (Wolf Pommel),Default Title,BS110616,3,272.49,0,0,272.49,54.51,327,82.5,272.49
2026-07,Lord Of The Rings - Deluxe Gandalf's Glamdring Sword,Default Title,JOT096C,3,272.49,0,0,272.49,54.51,327,87.06,272.49
2026-07,Honshu Historic Forge Knights Templar Sword,Default Title,UC-UC3559,1,270.83,0,0,270.83,54.17,325,183.33,270.83
2026-07,Kill Bill - Hattori Hanzo Triple Set Display Katana (Straight Blade),Default Title,VX221700,5,345,-8.33,-67.37,269.3,53.86,323.16,194.49,269.3
2026-07,".357 Snub Nose Magnum - True Romance, Reservoir Dogs",Default Title,G1062,3,275,-9.16,0,265.84,53.16,319,174,265.84
2026-07,Supernatural - Ruby's Demon Blade,Default Title,,8,266.64,-3.33,0,263.31,52.69,316,108,263.31
2026-07,Demon Slayer - Kyojuro Rengoku Red Nichirin Display (Straight Blade) Katana,Default Title,BS111053,6,261.65,-2.04,0,259.61,51.94,311.55,104.16,259.61
2026-07,Klingon D'k Tagh,Default Title,HK808,7,262.5,-3.75,0,258.75,51.75,310.5,117.74,258.75
2026-07,Evil Dead 2 - Official Life Size Kandarian Dagger Prop,Default Title,RLSC103,2,248.34,0,0,248.34,49.66,298,191.88,248.34
2026-07,Sword Art Online - Asuna Lambent Light Rapier,Default Title,,2,248.34,0,0,248.34,49.66,298,100,248.34
2026-07,Superman - Purearts DC Heroes Superman 1:8 Statue,Default Title,PA001SU,3,247.5,0,0,247.5,49.5,297,178.47,247.5
2026-07,Ghost Of Tsushima - Jin Sakai Storm Hand Forged Clay Tempered Tanto,Default Title,VX221715-S-CT,3,247.5,0,0,247.5,49.5,297,105,247.5
2026-07,Lord Of The Rings - Theodred Prince of Rohan Sword,Default Title,BS310992,3,247.5,0,0,247.5,49.5,297,76.29,247.5
2026-07,1869 Smith & Wesson Schofield 6 Shot Revolver In Black & Solid Brass,Default Title,G1008L,3,247.5,0,0,247.5,49.5,297,143.37,247.5
2026-07,Tzss Cosplay Horde Membership,Default Title,,30,249.9,-3.13,0,246.77,49.46,296.23,0,0
2026-07,Amy Jo Johnson Signed Pink Power Ranger Helmet - SWAU Authenticated,"Signed with ""It's Morphin' Time""",AUTO002-SI,1,245.83,0,0,245.83,49.17,295,200,245.83
2026-07,Fallout - Laser Pistol V2 (Cosplay Safe Foam),Default Title,BG012025,13,245.79,-0.69,0,245.1,49.06,294.16,53.17,245.1
2026-07,Chinese Dragon Emperor Sword (Full Metal),Default Title,CHS031R,3,237.51,0,0,237.51,47.49,285,72.09,237.51
2026-07,BLEACH - Ichigo Bankai Zangetsu,Default Title,BS013983B,5,245.84,-8.33,0,237.51,47.49,285,70,237.51
2026-07,Lord Of The Rings - United Cutlery Officially Licensed Narsil Sword,Default Title,UC-UC1267,1,245.83,-8.33,0,237.5,47.5,285,159.07,237.5
2026-07,"The Lord Of The Rings - Deluxe Sting (80cm, W/ Display Plaque)",Default Title,VX221042,4,250,-12.5,0,237.5,47.5,285,124,237.5
2026-07,Lord Of The Rings - Sauron's Helmet (Resin),Default Title,BG011954,2,233.34,0,0,233.34,46.66,280,119.54,233.34
2026-07,Game Of Thrones - Deluxe Brienne Of Tarth's Oathkeeper,Default Title,VX221874,2,233.34,0,0,233.34,46.66,280,80,233.34
2026-07,Medieval Broadsword with Hand Forged Damascus Folded Steel Blade,Default Title,HM013FD,1,232.5,0,0,232.5,46.5,279,0,0
2026-07,Once Upon A Time - Excalibur,Default Title,VX221219,3,247.5,-16.58,0,230.92,46.18,277.1,54.9,230.92
2026-07,The Lord Of The Rings - Deluxe Legolas' Twin Daggers,Default Title,JOT047A,3,247.5,-16.58,0,230.92,46.18,277.1,106.62,230.92
2026-07,Highlander - Connor Macleod Display (Straight Blade) Katana,Default Title,BS111044,4,230,0,0,230,46,276,42.48,230
2026-07,Colt 'Cavalry' Single Action Army (Nickel),Default Title,G1191NQ,3,225,0,0,225,45,270,137.73,225
2026-07,"Colt Single Action Army 4.75"" (Gunmetal Grey) - USA 1873",Default Title,G1186G,3,225,0,0,225,45,270,103.62,225
2026-07,Thundercats - Sword Of Omens Dagger Eye Of Thundera,Default Title,AM140-1,6,299.99,-8.76,-67.5,223.73,44.75,268.48,71.82,223.73
2026-07,"""Yuhi Senshi"" Traditional Hand Forged Katana in 1020 HCS",Default Title,SW446,3,222.51,0,0,222.51,44.49,267,108,222.51
2026-07,Lord Of The Rings - Legolas Dagger Collectable (28cm),Default Title,HK8439,11,229.13,-6.78,0,222.35,44.49,266.84,55,222.35
2026-07,Sword Art Online - Kirito Dark Repulsor,Default Title,BS310095,2,233.33,-11.66,0,221.67,44.33,266,41.68,221.67
2026-07,"Lord Of The Rings - Officially Licensed United Cutlery Angrist, Elven Knife Of Strider",Default Title,UC-UC1371,1,245.83,-24.58,0,221.25,44.25,265.5,138.2,221.25
2026-07,Kingdom Hearts - Kingdom Key,Default Title,BS014612,5,229.15,-8.33,0,220.82,44.18,265,100,220.82
2026-07,Triwizard Cup,Default Title,NN7156,2,225,-8.33,0,216.67,43.33,260,148,216.67
2026-07,"Call Of Duty - Desert Eagle (Black) - Deadpool, Tomb Raider, Supernatural",Default Title,G1123,2,216.66,0,0,216.66,43.34,260,136.84,216.66
2026-07,Beretta 92 / Us Military M9,Default Title,G1254,2,216.66,0,0,216.66,43.34,260,158.26,216.66
2026-07,Lord Of The Rings - Officially Licensed United Cutlery Anduril Scabbard,Default Title,UC-UC1396,1,216.62,0,0,216.62,43.33,259.95,142.81,216.62
2026-07,Final Fantasy XVI - Clive Rosfield Invictus Sword (110cm),Default Title,BS310975,2,208.34,0,0,208.34,41.66,250,55.72,208.34
2026-07,Honshu - Broadsword with Scabbard,Default Title,UC-UC3265,1,208.33,0,0,208.33,41.67,250,139.95,208.33
2026-07,Lee-Enfield Smle Rifle - British 1907,Default Title,G1090,1,208.33,0,0,208.33,41.67,250,175.5,208.33
2026-07,Call Of Duty - Mauser 98K (Kar98k) Carbine Rifle - Germany 1935,Default Title,G1146C,1,208.33,0,0,208.33,41.67,250,124.36,208.33
2026-07,Thor's Mjolnir - Full Metal,Default Title,BS310623,1,207.5,0,0,207.5,41.5,249,135.88,207.5
2026-07,Kill Bill - Hattori Hanzo Trio Display Katana (Straight Blade),Default Title,VX221697-1,3,214.17,-8.33,0,205.84,41.16,247,72.9,205.84
2026-07,Beretta 92 / Us Military M9 (Nickel Finish),Default Title,G1254/NQ,2,216.66,-10.83,0,205.83,41.17,247,158.26,205.83
2026-07,Pair Of Attack On Titan Cosplay/Larp,Default Title,BS310051,7,204.18,0,0,204.18,40.82,245,154,204.18
2026-07,Alice In Darkness - Vorpal Blade,Default Title,HK1043,5,204.15,0,0,204.15,40.85,245,47.75,204.15
2026-07,GLADIATOR - Maximus' Twin Spatha/Gladius,Default Title,HK8737,2,200,0,0,200,40,240,26.62,200
2026-07,Attack On Titan VME Sword (Silver Blade),Default Title,HK8265,2,200,0,0,200,40,240,44.26,200
2026-07,300 - Leonidas Sword (Black),Default Title,,4,200,0,0,200,40,240,72,200
2026-07,Honshu - Single Handed Broadsword,Default Title,UC-UC3451,1,220.83,-22.08,0,198.75,39.75,238.5,147.67,198.75
2026-07,House Of The Dragon - Aegon The Conqueror Blackfyre,Default Title,VX221110-2,2,198.34,0,0,198.34,39.66,238,44.52,198.34
2026-07,House Of The Dragon - Aegon The Conqueror Sword Of The Dragon,Default Title,VX221111,2,198.34,0,0,198.34,39.66,238,44.52,198.34
2026-07,Batarang – The Dark Knight Rises,Default Title,NN4129,4,196.68,0,0,196.68,39.32,236,116.12,196.68
2026-07,Bug-A-Salt Classic Yellow,Gun + Bug-Beam Laser Targetting SAVE £5!,855693007062,4,209.96,-16.66,0,193.3,38.66,231.96,107.28,193.3
2026-07,Thor's Hammer - Mjolnir (Toughened Resin),Default Title,BS310187+S,2,200,-10,0,190,38,228,59.18,190
2026-07,Lord Of The Rings - Isildur Gondor Sword,Default Title,BS310993,2,300,-20,-90,190,38,228,50.86,190
2026-07,Dragonball Z - Trunk's Sword,Default Title,BS110735,3,197.49,-8.33,0,189.16,37.84,227,132,189.16
2026-07,"Jujutsu Kaisen - Deluxe Inverted Spear of Heaven, Cursed Dagger From Fushiguro Toji",Default Title,AM210,3,197.49,-8.33,0,189.16,37.84,227,109.14,189.16
2026-07,Supernatural - Deluxe Ruby's Demon Killing Blade,Default Title,HK8513A,4,400,-16.66,-195,188.34,37.66,226,54,188.34
2026-07,Lord Of The Rings - Deluxe Handforged Damascus Steel Strider Sword,Default Title,JOT034FD,1,187.5,0,0,187.5,37.5,225,83,187.5
2026-07,Winchester Mod. 66 Lever Action Carbine Rifle,Default Title,G1140G,1,187.5,0,0,187.5,37.5,225,124.27,187.5
2026-07,"Shaun Of The Dead - Winchester ""Yellowboy""  Carbine Rifle",Default Title,G1140L,1,375,0,-187.5,187.5,37.5,225,124.27,187.5
2026-07,Black Myth Wukong - Wukong Staff (Metal),Default Title,AM246X,1,187.5,0,0,187.5,37.5,225,37.2,187.5
2026-07,"The Hobbit - Sting (Brown Scabbard, 70cm)",Default Title,HK750L,4,196.66,-12.83,0,183.83,36.76,220.59,56,183.83
2026-07,1869 Smith & Wesson Schofield 6 Shot Revolver In Nickel Finish,Default Title,G1008NQ,2,183.34,0,0,183.34,36.66,220,105.48,183.34
2026-07,The Hobbit - Officially Licensed United Cutlery Morgul Blade of the Nazgul,Default Title,UC2990,1,182.5,0,0,182.5,36.5,219,101.31,182.5
2026-07,"Deluxe ""Suteta Ken"" Clay Tempered Hand Forged Katana",Default Title,BS310365CT,1,182.5,0,0,182.5,36.5,219,67.75,182.5
2026-07,Transformers - Optimus Prime's Sword Of The Primus,Default Title,BS016754,1,190.83,-8.33,0,182.5,36.5,219,80,182.5
2026-07,Rings Of Power- Sword Of Galadriel,Default Title,BS310758,2,181.66,0,0,181.66,36.34,218,104,181.66
2026-07,The Hobbit - Sting With Scabbard And Display Plaque (70cm),Default Title,VX221040,4,196.66,-16.66,0,180,36,216,56,180
2026-07,Demon Slayer - Muichiro Tokito White Nichirin Display (Straight Blade) Katana,Default Title,BS111060,4,179.99,-4.16,0,175.83,35.17,211,69.44,175.83
2026-07,Vikings - Deluxe Sword Of Kings,Default Title,VX221085,2,181.66,-9.08,0,172.58,34.52,207.1,114.16,172.58
2026-07,Halo -Ma5B Assault Rifle (Cosplay Safe Foam),Default Title,BG012023,6,233.35,-5.3,-58.34,169.71,33.92,203.63,148.62,169.71
2026-07,Rings Of Power - Broken Sword Of Sauron,Default Title,BS310759,1,187.5,-18.75,0,168.75,33.75,202.5,73,168.75
2026-07,The Witcher III - Deluxe Ciri Sword,Default Title,,2,166.64,0,0,166.64,33.34,199.98,81.08,166.64
2026-07,Masters Of The Universe - THE OFFICIAL Sword Of Power FULL METAL Prop Replica,Deposit Only £199 (£800 remaining to pay prior to shipping),408890Dep,1,165.83,0,0,165.83,33.17,199,388.37,165.83
2026-07,"Deluxe ""Munraito"" Hand Forged Katana In Clay Tempered 1060 HCS",Default Title,BS310368CT,1,165.83,0,0,165.83,33.17,199,65.38,165.83
2026-07,"Kill Bill - Deluxe ""O-Ren Ishii"" Hand Forged Shirasaya in Clay Tempered HCS",Default Title,bs011024-orenCT,1,165.83,0,0,165.83,33.17,199,48.29,165.83
2026-07,The Witcher - Deluxe Handforged Geralt's Silver Sword (Damascus),Default Title,HK9321HF,1,165.83,0,0,165.83,33.17,199,118,165.83
2026-07,Demon Slayer - Inosuke Hashibara Nichirin Blade Display (Straight Blade) Katana,Default Title,BS111081-SI,4,212.49,-6.12,-40.83,165.54,33.11,198.65,69.44,165.54
2026-07,Lord Of The Rings - Eowyn Shieldmaiden of Rohan Sword,Default Title,BS310991,2,165,0,0,165,33,198,50.86,165
2026-07,BERSERK - Hawk Raider Sword (137cm),Default Title,BS111782,2,165,0,0,165,33,198,181.7,165
2026-07,Elden Ring - Rellana Shadow Of The Erdtree Blazing Sword,Default Title,VX221202,2,165,0,0,165,33,198,0,0
2026-07,Solo Leveling - Demon King's Long Sword 🔞,Default Title,,2,165,0,0,165,33,198,0,0
2026-07,Dark Souls - Greatsword of Artorias – The Blade of the Abysswalker (108cm Display Edition),Default Title,,2,165,0,0,165,33,198,0,0
2026-07,Elden Ring - Rellana Shadow Of The Erdtree Lunar Sword,Default Title,VX221201,2,165,0,0,165,33,198,0,0
2026-07,Star Trek - Klingon Mek'Leth,Default Title,HK772,4,183.31,-19.45,0,163.86,32.78,196.64,68,163.86
2026-07,Genshin Impact - Kazuha Freedom Sworn Sword,Default Title,AM169,3,162.51,0,0,162.51,32.49,195,61.5,162.51
2026-07,Lord Of The Rings - Officially Licensed United Cutlery Uruk Hai Scimitar,Default Title,UC-UC1309,1,162.5,0,0,162.5,32.5,195,103.82,162.5
2026-07,The Bastard Snow's Sword - Hand Forged Folded Steel (Damascus),Default Title,JOT5909FD,1,162.5,0,0,162.5,32.5,195,75.35,162.5
2026-07,Bleach - Kenpachi Nozarashi Display (Straight Blade) Katana,Default Title,BS310816,3,172.5,-11.5,0,161,32.2,193.2,37.68,161
2026-07,Highlander Endgame - Duncan Macleod Display (Straight Blade) Katana,Default Title,BS110729,3,172.5,-14.08,0,158.42,31.68,190.1,30.63,158.42
2026-07,World Of Warcraft - Lich King Arthas Frostmourne Sword,Default Title,VX221734,1,165.83,-8.29,0,157.54,31.51,189.05,65,157.54
2026-07,M1911A1 Colt 'Mission Accomplished' Pistol (Gold Finish),Default Title,G5312,2,165,-8.25,0,156.75,31.35,188.1,138,156.75
2026-07,Dungeons & Dragons - Drizzt Do'Urden Twinkle Sword,Default Title,,2,165,-8.25,0,156.75,31.35,188.1,0,0
2026-07,Lord Of The Rings - Deluxe Witch King Of Angmar Sword,Default Title,vx221047,2,165,-8.33,0,156.67,31.33,188,65,156.67
2026-07,Red Dead Redemption - Colt Navy (Gunmetal Grey),Default Title,BG010131-2,4,150,0,0,150,30,180,64,150
2026-07,Davy Crockett's 'Beautiful Betsy' Kentucky Rifle,Default Title,G1137,1,150,0,0,150,30,180,123,150
2026-07,Battle Ready Scottish Clan Claymore,Default Title,HM002,1,150,0,0,150,30,180,79.99,150
2026-07,"Colt ""Deputy"" Single Action Army 5.5"" (Black)",Default Title,G1106N,2,150,0,0,150,30,180,80.82,150
2026-07,The Lord Of The Rings - Officially Licensed Leaf Of Lothlorien Brooch (Sterling Silver),Default Title,NN9229,1,149.17,0,0,149.17,29.83,179,71,149.17
2026-07,White Dragon Display (Straight) Katana Triple Set,Default Title,29152w-c,2,148.34,0,0,148.34,29.66,178,74.62,148.34
2026-07,"USA WWII M3 ""Grease Gun"" Smg",Default Title,G1313,1,162.5,-16.25,0,146.25,29.25,175.5,101.23,146.25
2026-07,"""Kogarashi"" Clay Tempered Hand Forged Katana",Default Title,BS111136CT,1,145.83,0,0,145.83,29.17,175,53.13,145.83
2026-07,1917 Frontier Bowie,Default Title,CS-88CSAB,1,145.83,0,0,145.83,29.17,175,96.5,145.83
2026-07,Roman Centurion Helmet - Gallic H,Default Title,AH6069,1,145.83,0,0,145.83,29.17,175,77.44,145.83
2026-07,Star Wars - Boba Fett's Ee-3 Blaster (Cosplay Safe Foam),Default Title,FM241,5,145.84,-0.97,0,144.87,28.96,173.83,44.3,144.87
2026-07,Colt 'Wolfsbane' Single Action Army,Default Title,M-1280/L,2,149.99,-6.45,0,143.54,28.71,172.25,88.9,143.54
2026-07,Sekiro - White Lotus Sword - Genichiro Ashina Mortal Blade Display (Straight Blade) Katana,Default Title,,3,147.5,-4.73,0,142.77,28.55,171.32,44.55,142.77
2026-07,Star Wars - Officially Licensed Death Star Wall Panel Light,Default Title,PP13141SW,2,149.98,-7.27,0,142.71,28.54,171.25,120,142.71
2026-07,Colt 'Widowmaker' Single Action Army,Default Title,B-1281/L,2,150,-7.5,0,142.5,28.5,171,88,142.5
2026-07,Supernatural - Bobby's Colt .45,Default Title,G1109/L,2,150,-8.33,0,141.67,28.33,170,88.9,141.67
2026-07,Once Upon A Time - Rumplestiltskin's Dark One Dagger,Default Title,AM030,3,150,-8.33,0,141.67,28.33,170,46.5,141.67
2026-07,Nishiki Hand Forged Katana,Default Title,KS374,2,148.33,-7.49,0,140.84,28.17,169.01,72,140.84
2026-07,"Predator - 1:4 Scale Predator jungle Hunter with LED Lights (19"")",Default Title,51527,1,281.66,0,-140.83,140.83,28.17,169,117.54,140.83
2026-07,"Deluxe ""Righteous Dragon"" Hand Forged Wakizashi In Clay Tempered 1095 HCS",Default Title,BS310133WCT,1,149.16,-8.33,0,140.83,28.17,169,62.48,140.83
2026-07,"Halloween 2 - Michael Myers 15"" Mezco Designer Series Mega Scale with Sound",Default Title,45047,2,148.33,-8.33,0,140,28,168,105.9,140
2026-07,Dummy Rounds For Colt Single Action Army 6 Pack,Default Title,G50,17,141.46,-1.64,0,139.82,28.03,167.85,17,139.82
2026-07,"Lord Of The Rings - NEW AND IMPROVED Morgul Dagger with Tainted Blade, Plaque and Sheath",Default Title,vx221143,2,141.66,-8.33,0,133.33,26.67,160,35.7,133.33
2026-07,Tommy Gun - M1 Submachine Gun,Default Title,G1092,1,215.83,-83.33,0,132.5,26.5,159,153.44,132.5
2026-07,Nightmare On Elm Street - Official Life Size (Metal) Freddy Glove Prop Replica,Default Title,39818,1,132.5,0,0,132.5,26.5,159,78,132.5
2026-07,SKYRIM - Warhammer (Full Metal),Default Title,AM241,1,132.5,0,0,132.5,26.5,159,48.06,132.5
2026-07,Chinese Gongfu (Kung Fu) Taiji Sword (Full Metal) - Sworddance / Sword Yoga,Default Title,CHS015BK,2,197.49,0,-65.83,131.66,26.34,158,45.88,131.66
2026-07,Legend Of Zelda - Master Sword with Triforce Plaque,Default Title,BS310085,2,263.32,-8.33,-123.33,131.66,26.34,158,43,131.66
2026-07,Nightmare On Elm Street - Official Deluxe Freddy Mask With Fedora,Default Title,RLWB106,2,131.66,0,0,131.66,26.34,158,95.9,131.66
2026-07,Dark Souls – Mimic Box,Default Title,B7375A26,2,131.66,-5.58,0,126.08,25.22,151.3,75,126.08
2026-07,Ghost Of Tsushima - Handforged Tanto,Default Title,Tanto-10,2,131.66,-6.58,0,125.08,25.02,150.1,51,125.08
2026-07,Elden Ring - Moonveil 142cm Display (Straight Blade) Katana,Default Title,AM168L-1,2,125,0,0,125,25,150,48,125
2026-07,KPop Demon Hunters - Rumi's Saingeom Four-Tiger Sword (Cosplay Safe Foam),Default Title,VX221686-1,7,151.65,-8.33,-18.75,124.57,24.93,149.5,36.47,124.57
2026-07,Officially Licensed Valyrian Steel King Viserys and Arya's Blade in True Damascus Steel,Deposit Only £149 (£300 to pay prior to dispatch),VS-VS0118D-1,1,124.17,0,0,124.17,24.83,149,256.16,124.17
2026-07,Lord Of The Rings - Weta Workshop Bag End On The Hill Statue (19cm),Default Title,WETA861003829,1,124.17,0,0,124.17,24.83,149,0,0
2026-07,Baldur's Gate 3 - Selune Spear of Night (188cm),Default Title,BS112120,1,124.17,0,0,124.17,24.83,149,52.26,124.17
2026-07,Ghost Of Yotei - Gilded Day Display (Straight) Katana,Default Title,VX221827-2-b,3,130.82,-8.33,0,122.49,24.51,147,39.54,122.49
2026-07,"Hellsing - Arms ""Cassul"" .454 Auto Pistol (Display Resin)",Default Title,VX221691,3,122.49,0,0,122.49,24.51,147,52.86,122.49
2026-07,Demon Slayer - Tanjiro Kamado Fire Breath Black Nichirin Display (Straight Blade) Katana,Default Title,BS310686,3,122.49,0,0,122.49,24.51,147,54.75,122.49
2026-07,Demon Slayer - Tanjiro Kamado Black Nichirin Display (Straight Blade) Katana,Default Title,BS111079,3,130.82,-8.33,0,122.49,24.51,147,52.08,122.49
2026-07,One Piece - Roronoa Zoro Display (Straight) Katana (Black),Default Title,BS111052,3,122.5,-1.75,0,120.75,24.15,144.9,58.83,120.75
2026-07,Lord Of The Rings - Officially Licensed Sting Lamp,Default Title,,4,145.85,0,-29.17,116.68,23.32,140,66.64,116.68
2026-07,Bleach - Ichigo Bankai XL (140cm),Default Title,BS013983L,2,125,-8.33,0,116.67,23.33,140,32.8,116.67
2026-07,House Stuart Royal Scottish Claymore,Default Title,JOT201,1,116.67,0,0,116.67,23.33,140,49.15,116.67
2026-07,One Piece - Roronoa Zoro's Sandai Kitetsu Display (Straight Blade) Katana,Default Title,HK9413,2,116.66,0,0,116.66,23.34,140,21.92,116.66
2026-07,Assassin's Creed Shadows - Official Naoe Hidden Blade Lifesize Replica,Default Title,PA032AC,1,115.83,0,0,115.83,23.17,139,52.3,115.83
2026-07,The Batman - One:12 Collective The Batman Posable Figure,Default Title,76593,1,115.83,0,0,115.83,23.17,139,113.94,115.83
2026-07,Pirate Flintlock Blunderbuss - 18th Century English,Default Title,G1094/G,1,115.83,0,0,115.83,23.17,139,78.63,115.83
2026-07,Percussion Pistol - Italy 1825,Default Title,G1013G,3,122.49,-8.33,0,114.16,22.84,137,86.88,114.16
2026-07,Bloodborne - Ludwig's Holy Blade,Default Title,BS310908,1,116.66,-3.48,0,113.18,22.64,135.82,126.92,113.18
2026-07,DC Batman – The Dark Knight Trilogy Grapnel Gun Replica,Default Title,NN4003,1,112.5,0,0,112.5,22.5,135,84.87,112.5
2026-07,Game Of Thrones - Targaryen Pendant Sterling Silver,Default Title,NN0064,2,115,-4.14,0,110.86,22.17,133.03,86,110.86
2026-07,Stranger Things - Demogorgon Lamp,Default Title,LAMP020,4,116.62,-7.59,0,109.03,21.81,130.84,75,109.03
2026-07,Game Of Thrones - Official Drogon Egg,Default Title,NN0030,3,112.5,-3.75,0,108.75,21.75,130.5,77.4,108.75
2026-07,Game Of Thrones - Official Rhaegal Egg,Default Title,NN0029,3,112.5,-3.75,0,108.75,21.75,130.5,77.4,108.75
2026-07,Game Of Thrones - Official Viserion Egg,Default Title,NN0031,3,112.5,-3.75,0,108.75,21.75,130.5,77.4,108.75
2026-07,English Flintlock Duelling Pistol - 18th century (Gold),Default Title,G1196L,2,108.34,0,0,108.34,21.66,130,50.52,108.34
2026-07,Pirate Flintlock Boarding Pistol - 18th Century,Default Title,G1012,2,108.34,0,0,108.34,21.66,130,75.5,108.34
2026-07,Rings Of Power - Galadriel Dagger,Default Title,VX221878,2,108.34,0,0,108.34,21.66,130,31.28,108.34
2026-07,GLADIATOR - Roman Spatha Gladius,Default Title,HK819R,1,108.33,0,0,108.33,21.67,130,31.99,108.33
2026-07,Braveheart - William Wallace's Claymore,Default Title,VX221230,1,107.5,0,0,107.5,21.5,129,72.36,107.5
2026-07,Lord Of The Rings - Weta Workshop Legolas Mini Statue,Default Title,WETA860104761,1,115.83,-8.33,0,107.5,21.5,129,0,0
2026-07,The Hobbit - Officially Licensed Galadriel's Brooch Pendant - Sterling Silver,Default Title,NN1283,1,107.5,0,0,107.5,21.5,129,69.34,107.5
2026-07,Hanwei Francisca - Antiqued,Default Title,HW-XH2120N,1,107.5,0,0,107.5,21.5,129,87.26,107.5
2026-07,Frieren: Beyond Journey's End - Stark's Axe (158cm),Default Title,BS112012,1,107.5,0,0,107.5,21.5,129,35.43,107.5
2026-07,Bug-A-Salt - Gold Digger Advanced Combat Fiber Optic 3.0,Gun + Bug-Beam Laser Targetting SAVE £5,,2,115,-8.33,0,106.67,21.33,128,59.48,106.67
2026-07,Cap Firing Dummy Rounds For Colt Single Action Army 6 Pack,Default Title,G49,10,108.21,-2.92,0,105.29,21.09,126.38,29.8,105.29
2026-07,Assassin's Creed Valhalla - Eivor's Axes (Full Metal),Default Title,AM052MT,1,104.17,0,0,104.17,20.83,125,60.14,104.17
2026-07,Celtic Sword Collectable (40cm),Default Title,VX221114,5,104.16,0,0,104.16,20.84,125,20.4,104.16
2026-07,Assassin's Creed - Altair Collectable (34cm),Default Title,VX221223,5,104.16,-2.08,0,102.08,20.42,122.5,17.2,102.08
2026-07,Star Trek Ceremonial Bat'Leth,Default Title,SW604,1,100,0,0,100,20,120,39,100
2026-07,RED DEAD REDEMPTION - LeMat Confederate Civil War Revolver 1855,Default Title,G1070,1,200,0,-100,100,20,120,53.61,100
2026-07,Final Fantasy VIII - Squall Gunblade,Default Title,SW771,1,100,0,0,100,20,120,37,100
2026-07,"M1911A1 Colt ""Military"" USA Service Pistol ""Battleworn Edition""",Default Title,G2312,1,100,0,0,100,20,120,72.24,100
2026-07,Star Trek - Klingon Bat'Leth (Cosplay Safe Foam),Default Title,VX221440-PU,3,99.99,0,0,99.99,20.01,120,24.33,99.99
2026-07,Katana Box With Floral Cloth Cover,Default Title,B008,6,99.99,-0.78,0,99.21,19.85,119.06,22.92,99.21
2026-07,Assassin's Creed Black Flag Resynced - Official Animus Edward Kenway 1:8 Scale Statue,Default Title,,2,218.17,-119,0,99.17,19.83,119,104.6,99.17
2026-07,The Lord Of The Rings - Deluxe Boromir Sword,Default Title,JOT075C,1,99.17,0,0,99.17,19.83,119,48.96,99.17
2026-07,The Last Samurai - Display (Straight) Katana (Purple Blade),Default Title,VX221705,2,98.34,0,0,98.34,19.66,118,18.98,98.34
2026-07,Vikings - Ragnar Lothbrok's Axe,Default Title,A,2,98.34,0,0,98.34,19.66,118,76,98.34
2026-07,Akame Ga Kill - Katana Of Akame Display (Straight) Katana,Default Title,BS110598,2,98.34,0,0,98.34,19.66,118,38,98.34
2026-07,Ebony Dragon Handforged Tanto,Default Title,Tanto-8,2,147.49,-13.24,-40.83,93.42,18.68,112.1,50.6,93.42
2026-07,The Last Samurai - Display (Straight) Katana (Blue Blade),Default Title,VX221704,2,98.33,-4.91,0,93.42,18.68,112.1,18.98,93.42
2026-07,James Bond Walther PPK,Default Title,G1277,1,91.67,0,0,91.67,18.33,110,56.53,91.67
2026-07,".357 Colt Python ""Combat Magnum"" 4"" USA 1955",Default Title,G1051,1,91.67,0,0,91.67,18.33,110,45.38,91.67
2026-07,Parabellum Luger P08 Pistol (Battleworn Edition) - Germany WWII,Default Title,G2143,1,91.67,0,0,91.67,18.33,110,64.76,91.67
2026-07,Naruto - Sasuke Grass Cutter Kusanagi Sword,Default Title,BS110589,2,100,-8.33,0,91.67,18.33,110,34,91.67
2026-07,"Resident Evil - Python .357 6""",Default Title,G1050,1,91.67,0,0,91.67,18.33,110,46.69,91.67
2026-07,Moon Knight - Crescent Dart - Full Metal (Silver),Default Title,AM127CMT-1,2,91.66,0,0,91.66,18.34,110,38.24,91.66
2026-07,Kill Bill - The Bride's Display (Straight Blade) Katana,Default Title,BS011024BRST,2,98.32,-7.21,0,91.11,18.22,109.33,42,91.11
2026-07,Lord Of The Rings - Gandalf The White Glamdring,Default Title,BS110880,1,90.83,0,0,90.83,18.17,109,17.42,90.83
2026-07,Genuine Leather Sheriff's Holster and Cartridge Belt,Default Title,G721,1,90.83,0,0,90.83,18.17,109,49.98,90.83
2026-07,Ghost of Yotei - Hawks Talon Display (Straight) Katana (Game Brown Version),Default Title,VX221796,2,98.33,-8.33,0,90,18,108,20.76,90
2026-07,Ghost of Yotei - Gilded Night Display (Straight) Katana,Default Title,BW310123BK,2,90,0,0,90,18,108,26.36,90
2026-07,Ghost of Yotei - Aranami's Claw Display (Straight) Katana,Default Title,VX221793,2,91.66,-3.17,0,88.49,17.7,106.19,21.6,88.49
2026-07,The Lord of the Rings Diorama - Sauron,Default Title,NN2820,3,87.51,0,0,87.51,17.49,105,52.98,87.51
2026-07,The Last Samurai - Display (Straight) Katana (Black Blade),Default Title,VX221706,2,90,-6.92,0,83.08,16.61,99.69,18.98,83.08
2026-07,Batman - Purearts DC Heroes Batman 1:8 Scale Statue,Default Title,PA005BA,1,165,0,-82.5,82.5,16.5,99,59.49,82.5
2026-07,Makarov PM Pistol - Russia & East Germany 1951,Default Title,G1112,1,82.5,0,0,82.5,16.5,99,46.96,82.5
2026-07,"""Tsubasa"" Triple Set Display Katana (Straight Blade)",Default Title,BS111046,1,82.5,0,0,82.5,16.5,99,39.51,82.5
2026-07,House Of The Dragon – The Crown Of King Viserys Targaryen Official Life-Size Replica (Metal),Deposit Only £99 (£300 to pay before dispatch),408254,1,165,0,-82.5,82.5,16.5,99,38.83,82.5
2026-07,Legend Of Zelda - Tears Of The Kingdom Broken Master Sword,Default Title,AM160,1,82.5,0,0,82.5,16.5,99,34.29,82.5
2026-07,Harry Potter - Official Hogwarts Express Bookends,Default Title,NN7362,1,82.5,0,0,82.5,16.5,99,58.85,82.5
2026-07,Sword Art Online  - Kirito Elucidator,Default Title,HK9495E,1,82.5,0,0,82.5,16.5,99,25.87,82.5
2026-07,GAME OF THRONES - Arya's Needle With Plaque,Default Title,,1,82.5,0,0,82.5,16.5,99,34.52,82.5
2026-07,Xenoblade Chronicles - Xenoblade (Resin),Default Title,VX221735,1,82.5,0,0,82.5,16.5,99,26.5,82.5
2026-07,Double Barrel Pirate Percussion Pistol,Default Title,G5319,1,82.5,0,0,82.5,16.5,99,63,82.5
2026-07,"""Tatsu Shiro"" Triple Set Display (Straight Blade) Katana",Default Title,BS013780W,1,82.5,0,0,82.5,16.5,99,39.51,82.5
2026-07,House Of The Dragon - Jacaerys Targaryen Replica Sword,Default Title,VX221664,1,82.5,0,0,82.5,16.5,99,22.18,82.5
2026-07,The Bat Pod Die Cast Sculpture,Default Title,NN4001,1,82.5,0,0,82.5,16.5,99,56.58,82.5
2026-07,Clair Obscur: Expedition 33 - Verso Verleso Sword,Default Title,VX221234,1,82.5,0,0,82.5,16.5,99,0,0
2026-07,"The Last Kingdom - Uhtred ""Serpents Breath"" Sword",Default Title,VX221682-2,1,297.5,-8.33,-207.5,81.67,16.33,98,39,81.67
2026-07,Gremlins - Dancing Gizmo plush,Default Title,30630,2,81.67,0,0,81.67,16.33,98,55.08,81.67
2026-07,Ghost of Yotei - Smiling Kabuto-Mushi Display (Straight) Katana,Default Title,BW310122,2,81.66,0,0,81.66,16.34,98,26.36,81.66
2026-07,Heroes - Hiro Display (Straight Blade) Katana,Default Title,BS310005,2,81.66,0,0,81.66,16.34,98,21.02,81.66
2026-07,"Hellsing - Arms ""Jackal Anti-Freak Combat Pistol (Display Resin)",Default Title,VX221690,2,81.66,0,0,81.66,16.34,98,35.24,81.66
2026-07,Demon Slayer - Zenitsu Agatsuma Yellow Nichirin Display (Straight Blade) Katana,Default Title,BS111061,2,81.66,0,0,81.66,16.34,98,34.72,81.66
2026-07,One Piece - Roronoa Zoro Display (Straight) Katana (White),Default Title,BS111051,2,81.66,-0.87,0,80.79,16.16,96.95,39.22,80.79
2026-07,Masters Of The Universe - THE OFFICIAL Power Sword LARP/Cosplay Safe Prop Replica,Default Title,FACE408946,1,164.99,-3.21,-82.5,79.28,15.86,95.14,53.7,79.28
2026-07,"Assassin's Creed Black Flag - ""Ivory Flare"" 4 Barrel Revolving Flintlock",Default Title,G1310,1,79.17,0,0,79.17,15.83,95,32.84,79.17
2026-07,Colt Navy 1851,Default Title,G1040/L,1,79.17,0,0,79.17,15.83,95,55.94,79.17
2026-07,Terraria - Meowmere Sword (Metal),Default Title,BS112011,1,79.17,0,0,79.17,15.83,95,29.48,79.17
2026-07,Witcher III - Geralt's Silver Sword Display Scale (83cm),Default Title,VX221723,1,79.17,0,0,79.17,15.83,95,11.98,79.17
2026-07,Fallout - Pipe Pistol (Cosplay Safe Foam),Default Title,BG012027,5,79.15,0,0,79.15,15.85,95,23.15,79.15
2026-07,Legend Of Heroes - Shizuna Rem Misurugi's Crimson Blade Of The Lightning Knight Display (Straight Blade) Katana,Default Title,,2,81.66,-4.16,0,77.5,15.5,93,0,0
2026-07,THE WITCHER - Witcher TV Series Silver Sword Cosplay/LARP Safe Foam,Default Title,FM308,4,81.66,-4.55,0,77.11,15.43,92.54,20.88,77.11
2026-07,Aliens - Official Life Size Facehugger Prop Replica,Default Title,51355,1,165,-6.15,-82.5,76.35,15.27,91.62,65.94,76.35
2026-07,Lord Of The Rings - Aragorn's Anduril Deluxe Display Scale Replica (49cm),Default Title,BS112162,2,81.66,-5.52,0,76.14,15.23,91.37,11.3,76.14
2026-07,"Colt 'Lone Ranger' Single Action Army 5.5"" (Gunmetal) - USA 1873",Default Title,G1150G,1,75,0,0,75,15,90,31.97,75
2026-07,"Colt Single Action Army ""Rancher"" 4.75"" - USA 1873",Default Title,G8186,1,150,0,-75,75,15,90,35.78,75
2026-07,"Colt 'Lone Ranger' Single Action Army 5.5"" (Bright Nickel) - USA 1873",Default Title,G1150NQ,1,75,0,0,75,15,90,44.45,75
2026-07,Real Wood Revolver Display Stand,Default Title,G808,3,75,0,0,75,15,90,43.08,75
2026-07,Civil War Army Revolver (Gunmetal Grey) - USA 1860,Default Title,G1007G,1,75,0,0,75,15,90,42.92,75
2026-07,"Colt Single Action Army ""Rio Bravo""  7.5"" Barrel (Nickel Finish)",Default Title,G1107/NQ,1,75,0,0,75,15,90,47.33,75
2026-07,"Colt 'Quickdraw' Single Action Army 4.75"" (Nickel) - USA 1873",Default Title,G1186NQ,1,75,0,0,75,15,90,37.64,75
2026-07,George Washington's Commander Flintlock - Made In England 18th Century,Default Title,G1228,1,150,0,-75,75,15,90,45.06,75
2026-07,Aragorn's Angrist Elven Blade (Black),Default Title,BS011221,3,75,0,0,75,15,90,27,75
2026-07,Walther P38 - Germany 1938,Default Title,G1081,1,82.5,-8.25,0,74.25,14.85,89.1,43.75,74.25
2026-07,Transformers - Limited Edition Set of 2 Helmet Replicas,Default Title,HAS-TRA31,2,83.31,-9.06,0,74.25,14.85,89.1,54.98,74.25
2026-07,Colt Navy Civil War Revolver 1851 (Pearl),Default Title,G6040,1,82.5,-8.25,0,74.25,14.85,89.1,49.39,74.25
2026-07,Game of Thrones – Official Rhaegal Large Dragon Figurine,Default Title,B7029M25,1,74.17,0,0,74.17,14.83,89,37.5,74.17
2026-07,"Scream - Ghostface MDS Roto Plush (18"")",Default Title,47008,1,74.17,0,0,74.17,14.83,89,63.54,74.17
2026-07,Assassin’s Creed Valhalla – Eivor Longship Bookends,Default Title,B6363X3,1,74.17,0,0,74.17,14.83,89,30,74.17
2026-07,Black Dragon Display (Straight) Katana Triple Set,Default Title,29152bl-c,1,74.17,0,0,74.17,14.83,89,37.31,74.17
2026-07,The Hobbit - Lothlorien Candle Holder,Default Title,NN9641,1,74.17,0,0,74.17,14.83,89,50.93,74.17
2026-07,"Child's Play - UK Exclusive Talking ""Scarred"" Chucky 15"" MDS Megascale",Default Title,78003,1,74.17,0,0,74.17,14.83,89,63.54,74.17
2026-07,Loki - Laevateinn Dagger,Default Title,AM090,3,96.68,0,-24.17,72.51,14.49,87,36,72.51
2026-07,Shadow / Golden Child - Phurba Dagger,Default Title,HK550,2,75,-3,0,72,14.4,86.4,43.64,72
2026-07,Masters Of The Universe - THE OFFICIAL Teela Sword LARP/Cosplay Safe Prop Replica,Default Title,,1,74.16,-2.88,0,71.28,14.26,85.54,53.7,71.28
2026-07,"""Corsair"" Double-Barrelled Turnover Flintlock Pistol - England 1750",Default Title,G1264,1,70.83,0,0,70.83,14.17,85,43.46,70.83
2026-07,Hellraiser - Life Size Lament Box Prop Replica,Default Title,MBWB100,1,141.66,-8.33,-62.5,70.83,14.17,85,0,0
2026-07,Witcher III - Geralt's Steel Sword (Mace Pommel) Display Scale (83cm),Default Title,VX221721,1,79.16,-8.33,0,70.83,14.17,85,11.98,70.83
2026-07,Sword Art Online - Kirito Elucidator - Cosplay Safe Wood,Default Title,WD183,4,70.01,0,0,70.01,9.99,80,51.16,70.01
2026-07,Colt 'Quickdraw' Single Action Army,Default Title,G1106/G,1,74.99,-7.27,0,67.72,13.55,81.27,44.33,67.72
2026-07,Colt Navy 1851 (Ivory),Default Title,G1040/B,1,75,-7.5,0,67.5,13.5,81,47,67.5
2026-07,Legend Of Zelda Hylian Shield (Resin),Default Title,BW010834,1,70.83,-3.54,0,67.29,13.46,80.75,27.33,67.29
2026-07,Game Of Thrones - Ned Stark's Ice Collectable (42cm),Default Title,BS016645,4,66.68,0,0,66.68,13.32,80,23.8,66.68
2026-07,Lord of the Rings - Treebeard Giant TUBBZ (Giant XL Edition),Default Title,NS4179,1,66.66,0,0,66.66,13.33,79.99,46.66,66.66
2026-07,"Final Fantasy - Multiblade Buster (Cosplay Safe Foam, 101cm)",Default Title,VX221190,3,66.66,0,0,66.66,13.34,80,20.94,66.66
2026-07,Red Dragon Display (Straight) Katana Triple Set,Default Title,29152r-c,1,74.16,-8.33,0,65.83,13.17,79,37.31,65.83
2026-07,"Gremlins - Gremlin Christmas Carols Set 1 (7"")",Default Title,30713N,1,65.83,0,0,65.83,13.17,79,47.94,65.83
2026-07,Baldur's Gate 3 - Orin Bloodthirst Dagger,Default Title,BS112121,1,65.83,0,0,65.83,13.17,79,21.13,65.83
2026-07,'Silver Dragon' Display (Straight) Replica Katana Triple Set,Default Title,BS310918,1,74.16,-8.33,0,65.83,13.17,79,19.27,65.83
2026-07,3-Barrel Revolving Flintlock - Assassin's Creed,Default Title,G5306,1,65.83,0,0,65.83,13.17,79,38.78,65.83
2026-07,4-Barrel Revolving Flintlock - Assassin's Creed,Default Title,G1307,1,65.83,0,0,65.83,13.17,79,39.11,65.83
2026-07,Demon Slayer - Shinobu Kocho Lavender Blue Nichirin Display (Straight Blade) Katana,Default Title,BS310687,2,64.99,-1.62,0,63.37,12.68,76.05,36.5,63.37
2026-07,Universal Monsters – The Ring of Dracula Collector Edition Prop Replica,Default Title,FE-408018,2,63.24,0,0,63.24,12.66,75.9,41.4,63.24
2026-07,Akaji Triple Set Display Katana (Straight Blade),Default Title,HKS052R-1,1,62.5,0,0,62.5,12.5,75,39.51,62.5
2026-07,"""Ryouma"" Triple Set Display Katana (Straight Blade)",Default Title,BS111047,1,62.5,0,0,62.5,12.5,75,39.51,62.5
2026-07,Katana/Sword Floor Stand,Default Title,BP310044,2,66.66,-4.16,0,62.5,12.5,75,34,62.5
2026-07,Game Of Thrones - Official Hand Of The King Pin,Default Title,NN0036,3,62.5,0,0,62.5,12.5,75,40.74,62.5
2026-07,Nightmare On Elm St - Freddy Kreuger Deluxe Accessory Set,Default Title,39887,1,62.5,0,0,62.5,12.5,75,55.14,62.5
2026-07,Lord of the Rings Sauron Goblet,Default Title,B5895V2,2,65,-2.75,0,62.25,12.45,74.7,37.5,62.25
2026-07,The Hobbit - Thorin's Orcrist Collectable (28cm),Default Title,HK8768,3,62.49,-1.91,0,60.58,12.12,72.7,24.93,60.58
2026-07,Power Rangers - Red Ranger Sword (Cosplay Safe Foam),Default Title,FM168,3,62.49,-3.46,0,59.03,11.81,70.84,19.14,59.03
2026-07,Harry Potter - The Goblet of Fire,Default Title,NN7645,1,58.33,0,0,58.33,11.67,70,35.48,58.33
2026-07,Naruto - Sasuke Grass Cutter Kusanagi Display (Straight Blade) Sword,Default Title,BS310690,1,58.33,0,0,58.33,11.67,70,18.25,58.33
2026-07,Drakkar Viking Wood Shield (Red),Default Title,BW011033,1,66.66,-8.33,0,58.33,11.67,70,14.61,58.33
2026-07,LOKI - Chitauri Sceptre (Cosplay Safe Foam),Default Title,FM186,3,62.49,-4.16,0,58.33,11.67,70,47.22,58.33
2026-07,Demon Slayer - Tanjiro Kamado Season 2 Collectable (40 cm),Default Title,LT010,6,58.32,0,0,58.32,11.68,70,39,58.32
2026-07,The Last Samurai Handforged Tanto,Default Title,T033,1,65.83,-8.33,0,57.5,11.5,69,22.5,57.5
2026-07,Metal Gear Rising - Jetstream Sam's Revengeance Murasama Display (Straight Blade) Katana,Default Title,BS210413,1,57.5,0,0,57.5,11.5,69,17.36,57.5
2026-07,Dungeons & Dragons - Gelatinous Cube Dice Box,Default Title,B6266A24,1,65.83,-8.33,0,57.5,11.5,69,33.33,57.5
2026-07,Legend Of Zelda Tears Of The Kingdom - Master Sword,Default Title,BS111400,1,57.5,0,0,57.5,11.5,69,17,57.5
2026-07,Pirate Flintlock Pistol - 18th Century,Default Title,G1031/G,1,57.5,0,0,57.5,11.5,69,36.53,57.5
2026-07,Ryoken Shadow Spirit - Display (Blunt) Tanto (Black),Default Title,BS310854BK,3,57.5,0,0,57.5,11.5,69,17.28,57.5
2026-07,Tactical Shotgun (Cosplay Safe Foam),Default Title,fm054,2,58.33,-0.97,0,57.36,11.47,68.83,32.7,57.36
2026-07,Call Of Duty Vector Smg - Cosplay/Larp Safe Foam Gun,Default Title,BS111009,2,58.33,-0.97,0,57.36,11.47,68.83,42,57.36
2026-07,The Lord Of The Rings - Officially Licensed Nazgul Everlasting Calendar,Default Title,CP3D11,2,58.31,-1.37,0,56.94,11.39,68.33,29.16,56.94
2026-07,Legend Of Zelda - Deluxe Master Sword (Cosplay Safe Foam),Default Title,FM249,2,58.33,-1.45,0,56.88,11.37,68.25,17.72,56.88
2026-07,Masters Of The Universe - THE OFFICIAL Man At Arms LARP/Cosplay Safe Prop Replica,Default Title,FACE408927,1,57.5,-2.23,0,55.27,11.05,66.32,40.28,55.27
2026-07,"6 Cannon ""Pepperbox"" Revolver - London 1840 (Brass)",Default Title,G5071,1,54.17,0,0,54.17,10.83,65,37.05,54.17
2026-07,Sekiro - Shadows Die Twice Mortal Blade (Brown) Display (Straight Blade) Katana,Default Title,BS310812,1,108.34,0,-54.17,54.17,10.83,65,24,54.17
2026-07,Harry Potter – Hagrid’s Hut Light-Up Collectible Figurine,Default Title,B7238C25,1,54.17,0,0,54.17,10.83,65,29.16,54.17
2026-07,Nightmare On Elm Street - Living Dead Dolls Present Freddy,Default Title,99400,1,54.17,0,0,54.17,10.83,65,37.14,54.17
2026-07,House Of The Dragon – The Crown Of King Viserys Targaryen Offical Scaled Prop Replica,Default Title,FE-408248,1,58.33,-4.19,0,54.14,10.83,64.97,38.83,54.14
2026-07,Bleach - Katana Of Urahara Kisuke - Benihime Display (Straight Blade) Katana,Default Title,BS014097,1,57.5,-5.75,0,51.75,10.35,62.1,21.37,51.75
2026-07,High Fantasy Dragon Axe,Default Title,HK109007,1,50,0,0,50,10,60,24,50
2026-07,Kingdom Hearts - Halloween,Default Title,BS210515,1,100,0,-50,50,10,60,22,50
2026-07,Bleach - Ichigo Zangetsu Katana Collectable (42Cm),Default Title,LT023,3,50,0,0,50,10,60,19.5,50
2026-07,Davy Crockett Kentucky Pistol - USA 19th Century,Default Title,G1136L,1,58.33,-8.33,0,50,10,60,34.49,50
2026-07,Fortnite Pickaxe In Foam,Default Title,BS111037,3,50,0,0,50,10,60,23.76,50
2026-07,The Lord Of The Rings - Officially Licensed One Ring Lamp,Default Title,LAMP007,1,49.99,0,0,49.99,0,49.99,20.83,49.99
2026-07,Jurassic Park - Mosquito In Amber Lamp,Default Title,LAMP010,1,99.98,0,-49.99,49.99,10,59.99,25,49.99
2026-07,The Lord Of The Rings - Officially Licensed Galadriel Earendil Lamp,Default Title,LAMP006,2,49.98,0,0,49.98,10,59.98,25,49.98
2026-07,Lord Of The Rings - Officially Licensed United Cutlery Rohan Banner,Default Title,UC-UC3675,1,57.5,-8.33,0,49.17,9.83,59,39,49.17
2026-07,Harry Potter – Gryffindor Hogwarts House Collectible Tankard,Default Title,B5606T1,1,49.17,0,0,49.17,9.83,59,25,49.17
2026-07,Ghostbusters: Collector's Plaque Ecto-1,Default Title,NS5614,1,49.17,0,0,49.17,9.83,59,37.49,49.17
2026-07,Dark Souls – Fog Gate Backflow Incense Burner,Default Title,B7314C25,1,49.17,0,0,49.17,9.83,59,25,49.17
2026-07,Chainsaw Man - Aki Hayakawa Display (Straight) Katana,Default Title,VX221607,1,49.17,0,0,49.17,9.83,59,9.02,49.17
2026-07,Harry Potter - Sword Of Gryffindor (85cm),Default Title,VX221683-2,1,49.17,0,0,49.17,9.83,59,8.88,49.17
2026-07,One Piece - Trafalgar Law Display (Straight) Katana,Default Title,BS015076,1,49.17,0,0,49.17,9.83,59,11.58,49.17
2026-07,The Lord Of The Rings - United Cutlery Officially Licensed Sauron War Banner,Default Title,,1,49.17,0,0,49.17,9.83,59,0,0
2026-07,"Demon Slayer - Mitsuri Kanroji Love Pink Nichirin Display (Medtal, Straight Blade) Katana with Light Up Blade",Default Title,BS310862,1,49.17,0,0,49.17,9.83,59,21,49.17
2026-07,World of Warcraft - Alliance Tankard,Default Title,B7323A26,1,49.17,0,0,49.17,9.83,59,29.16,49.17
2026-07,Kill Bill - O-Ren Ishii Shirasaya Display (Straight Blade) Katana,Default Title,BS011024OST,1,49.17,0,0,49.17,9.83,59,14.82,49.17
2026-07,Bug-A-Salt - Gold Digger Advanced Combat Fiber Optic 3.0,Gun Only,,1,49.17,0,0,49.17,9.83,59,29.74,49.17
2026-07,Back To The Future – Mr. Fusion Official Scaled Prop Replica,Default Title,FE-408039,1,49.17,0,0,49.17,9.83,59,32.35,49.17
2026-07,The Lord of the Rings – Gandalf the White Collectible Tankard,Default Title,B6540A24,1,49.17,0,0,49.17,9.83,59,29.16,49.17
2026-07,The Dark Knight - Harvey Dent & Two Face Official Coins Display,Default Title,NN4538,2,48.34,0,0,48.34,9.66,58,28.3,48.34
2026-07,Demon Slayer - Muichiro Tokito Nichirin Collectable (40cm),Default Title,VX221050,5,49.98,-1.66,0,48.32,9.68,58,15,48.32
2026-07,Katana Stand (Single),Default Title,BP011368,4,50,-1.78,0,48.22,9.64,57.86,24,48.22
2026-07,Thorin's Orcrist - Cosplay/Larp Safe Foam Sword,Default Title,BS111033,3,47.49,0,0,47.49,9.51,57,12.84,47.49
2026-07,Star Wars - Han Solo Dl-44 Blaster (Cosplay Safe Foam),Default Title,FM242,3,47.49,0,0,47.49,9.51,57,13.98,47.49
2026-07,Power Rangers - Green Ranger Dagger (Cosplay Safe Foam),Default Title,FM169,3,47.49,-0.53,0,46.96,9.4,56.36,19.86,46.96
2026-07,Harry Potter - Hermione Time Turner Special Edition,Default Title,NN8666,1,45.83,0,0,45.83,9.17,55,30.1,45.83
2026-07,"6 Cannon ""Pepperbox"" Revolver - London 1840",Default Title,G1071,1,54.16,-8.33,0,45.83,9.17,55,37.05,45.83
2026-07,Shoulder Holster - Black Leather,Default Title,716,1,45.83,0,0,45.83,9.17,55,38.34,45.83
2026-07,Honshu Practice Broadsword,Default Title,UC-UC3312,1,108.32,-16.66,-45.83,45.83,9.17,55,28.41,45.83
2026-07,Justice League - Official Batarang Replica,Default Title,NN3200,1,45.83,0,0,45.83,9.17,55,30.56,45.83
2026-07,Jeepers Creepers - Official Life Size Creeper Axe Prop Replica From Trick Or Treat Studios,Default Title,MPMGM100,1,45.83,0,0,45.83,9.17,55,0,0
2026-07,Bug-A-Salt Orange Crush,Gun + Bug-Beam Laser Targetting SAVE £5,855693007581,1,52.49,-8.33,0,44.16,8.83,52.99,26.82,44.16
2026-07,Assassin's Creed - AC3 Connor's Tomohawk,Default Title,CK0412,1,41.67,0,0,41.67,8.33,50,16.74,41.67
2026-07,Demon Slayer - Inosuke Nichirin Collectable (40cm),Default Title,LT008,4,41.66,0,0,41.66,8.34,50,26,41.66
2026-07,Basic Katana Triple Stand,Default Title,BP011368-3,2,41.66,0,0,41.66,8.34,50,22,41.66
2026-07,Jujutsu Kaisen - Kento Nanami Cleaver (Metal),Default Title,BS112005,2,41.66,0,0,41.66,8.34,50,12.46,41.66
2026-07,The Witcher Wild Hunt- Steel Collectible 40cm,Default Title,HK8786SU,2,41.66,0,0,41.66,8.34,50,13.8,41.66
2026-07,Stranger Things - Demogorgon Tankard,Default Title,B7349C25,1,49.99,-8.33,0,41.66,8.33,49.99,0,0
2026-07,Foo Emblem Double Stand,Default Title,BP310115,2,41.66,0,0,41.66,8.34,50,12.7,41.66
2026-07,Pompei Collection - Roman Pugio Collectable (35cm),Default Title,VX221124,2,41.66,0,0,41.66,8.34,50,12.32,41.66
2026-07,The Witcher III Steel Sword (Wolf Pommel) - 40cm Collectable,Default Title,BS310616-15,2,41.66,0,0,41.66,8.34,50,28,41.66
2026-07,Bug-A-Salt Orange Crush,Gun Only,855693007580,1,41.66,0,0,41.66,8.33,49.99,26.82,41.66
2026-07,One Piece - Roronoa Zoro's Sandai Kitetsu (Cosplay Safe Wood),Default Title,HK9413WD,2,41.66,0,0,41.66,8.34,50,25.58,41.66
2026-07,Masonic Sword Collectable (35cm),Default Title,VX221121,2,41.66,0,0,41.66,8.34,50,5.16,41.66
2026-07,2000 AD Judge Dredd Badge Replica,Default Title,RB-JD06,2,62.46,0,-20.82,41.64,8.34,49.98,22.9,41.64
2026-07,Bride of Chucky - Tiffany Body Knocker,Default Title,42978N,1,40.83,0,0,40.83,8.17,49,24.95,40.83
2026-07,The Lord Of The Rings - The Staff Of Gandalf The Grey Candle Holder,Default Title,NN2267,1,40.83,0,0,40.83,8.17,49,31.45,40.83
2026-07,Knife Pistol - 18th Century,Default Title,G1204,1,40.83,0,0,40.83,8.17,49,26.4,40.83
2026-07,"Demon Slayer - Kyojuro Rengoku Nichirin Display (Metal, Straight Blade) Katana with Light Up Blade",Default Title,BS310860,1,49.16,-8.33,0,40.83,8.17,49,21,40.83
2026-07,The Last Samurai - Display (Straight) Katana (Red Blade),Default Title,VX221707,1,49.16,-8.33,0,40.83,8.17,49,9.49,40.83
2026-07,"Dragons of the Seven Kingdoms - Hizashi Dragon Display Katana (Metal, Straight Blade)",Default Title,BS015135-7,1,40.83,0,0,40.83,8.17,49,14.2,40.83
2026-07,Bleach - Rojuro Otoribashi Bankai Display (Straight Blade) Katana,Default Title,BS310813,1,40.83,0,0,40.83,8.17,49,20.94,40.83
2026-07,One Piece  - Luffy Nidail Kitetsu Display (Straight) Katana,Default Title,BS310684,1,81.66,0,-40.83,40.83,8.17,49,18,40.83
2026-07,Demon Slayer - Sanemi Shinazugawa Green Nichirin Display (Straight Blade) Katana,Default Title,BS111054,1,49.16,-8.33,0,40.83,8.17,49,17.36,40.83
2026-07,Devil May Cry - Dante's Ebony (Foam),Default Title,FM138,2,40.83,0,0,40.83,8.17,49,12,40.83
2026-07,Taiichi Samurai Display Katana (Brown),Default Title,BS112146BN,1,40.83,0,0,40.83,8.17,49,13.48,40.83
2026-07,The Lord Of The Rings - The One Ring,Default Title,NN1588,1,40.83,0,0,40.83,8.17,49,24.73,40.83
2026-07,Scream - Living Dead Dolls Presents Ghostface,Default Title,99614,1,40.83,0,0,40.83,8.17,49,25.95,40.83
2026-07,Bleach - Abarai Renji Zabimaru (Red) Display (Straight Blade) Katana,Default Title,BS310814,1,40.83,0,0,40.83,8.17,49,22.3,40.83
2026-07,"Kabuki Display Katana (Metal, Straight Blade)",Default Title,BS015135-6,1,90,0,-49.17,40.83,8.17,49,14.2,40.83
2026-07,"Predator Predator Jungle Hunter Ultimate Action Figure (7"")",Default Title,51548,1,40.83,0,0,40.83,8.17,49,34.74,40.83
2026-07,Demon Slayer - Twelve Kizuki Kokushibo Flesh Sword Display (Straight Blade) Katana with Light Up Blade,Default Title,BS310864,1,49.16,-8.33,0,40.83,8.17,49,21.3,40.83
2026-07,TERMINATOR - T-800 POLICE STATION ASSAULT ULTIMATE (LEATHER JACKET),Default Title,51912,1,40.83,0,0,40.83,8.17,49,25.95,40.83
2026-07,Doom - Crucible Sword (Cosplay Safe Foam),Default Title,VX221154-F,2,41.66,-2.08,0,39.58,7.92,47.5,13,39.58
2026-07,Destiny 2 Graviton Lance - Cosplay/Larp Safe Foam Gun,Default Title,BS111013,1,40.83,-1.36,0,39.47,7.89,47.36,26,39.47
2026-07,MP40 SMG Dummy Bullet (Pack of 6),Default Title,G52,4,40,-1,0,39,7.8,46.8,22.8,39
2026-07,Devil May Cry Red Queen - Cosplay/Larp Safe Foam Sword,Default Title,BS110822,1,37.5,0,0,37.5,7.5,45,18,37.5
2026-07,Cold Steel Hand And A Half Training Sword (Polypropylene),Default Title,CS-92BKHNH,1,75,0,-37.5,37.5,7.5,45,0,0
2026-07,Viking Axe - Cosplay Safe Foam,Default Title,,3,37.5,0,0,37.5,7.5,45,27,37.5
2026-07,".45 Cal Revolver Bullet, USA 1880 (Pack of 6)",Default Title,G62,3,46.68,0,-11.67,35.01,6.99,42,19.35,35.01
2026-07,Devil May Cry - Red Queen Cosplay Safe Foam,Default Title,VX221136,1,37.5,-3.75,0,33.75,6.75,40.5,0,0
2026-07,John Wick - Blood Oath Marker,Default Title,,2,33.34,0,0,33.34,6.66,40,12,33.34
2026-07,"Roman Gladius Collectable (28cm, Red)",Default Title,VX221823,2,33.34,0,0,33.34,6.66,40,7.04,33.34
2026-07,"Roman Gladius Collectable (28cm, Brown)",Default Title,VX221824,2,33.34,0,0,33.34,6.66,40,7.04,33.34
2026-07,"The Witcher III Steel Sword (Mace Pommel) - 15"" Collectable",Default Title,"614-15""",1,33.33,0,0,33.33,6.67,40,14,33.33
2026-07,Coiled Snake Display Tanto,Default Title,,1,33.33,0,0,33.33,6.67,40,18,33.33
2026-07,Derringer Garter Gun,Default Title,G1262/L,1,33.33,0,0,33.33,6.67,40,19,33.33
2026-07,Femme Fatale Flintlock Garter Gun,Default Title,G237/G,1,33.33,0,0,33.33,6.67,40,13.5,33.33
2026-07,Devil May Cry - Vergil Yamato Katana (Cosplay Safe Wood),Default Title,VX221344,1,33.33,0,0,33.33,6.67,40,12.79,33.33
2026-07,Demon Slayer - Tanjiro Kamado Season 2 Nichirin - Cosplay Safe Wood,Default Title,WD051,1,33.33,0,0,33.33,6.67,40,12,33.33
2026-07,Batman - Officially Licensed Mask Light,Default Title,PP14324BM,2,33.32,0,0,33.32,6.66,39.98,17.5,33.32
2026-07,Batman The Dark Knight- Limited Edition Joker Calling Card Ingot,Default Title,THG-DC63,2,33.32,0,0,33.32,6.66,39.98,18.32,33.32
2026-07,Gremlins Gizmo - You are Ready,Default Title,B6347X3,1,33.32,0,0,33.32,6.67,39.99,16.66,33.32
2026-07,JAWS - Officially License Movie Poster Cushion 40cm,Default Title,C6367X3,4,33.3,0,0,33.3,6.66,39.96,0,0
2026-07,Call of Duty - SCAR Assault Rifle (Cosplay Safe Foam),Default Title,FM053,2,33.33,-0.56,0,32.77,6.55,39.32,18.56,32.77
2026-07,Dungeons & Dragons Strahd Goblet,Default Title,B7191C25,1,32.5,0,0,32.5,6.5,39,20.83,32.5
2026-07,Kingdom Key - Cosplay/Larp Safe Foam Keyblade,Default Title,BS014612F,1,32.5,0,0,32.5,6.5,39,11.9,32.5
2026-07,The Lord Of The Rings - Officially Licensed Arwen Evenstar Pendant (Costume),Default Title,NN9837,1,32.5,0,0,32.5,6.5,39,24.9,32.5
2026-07,Harry Potter – Four Hogwarts Houses Collectible Goblet,Default Title,B6917C24,1,32.5,0,0,32.5,6.5,39,18.75,32.5
2026-07,Naruto Shippuden – Sasuke Uchiha Collectible Goblet,Default Title,B7338A26,1,32.5,0,0,32.5,6.5,39,18.75,32.5
2026-07,Demon Slayer - Mitsuri Kanroji Love Pink Nichirin Display (Straight Blade) Katana,Default Title,BS111056,1,71.5,0,-39,32.5,6.5,39,17.36,32.5
2026-07,Lord Of The Rings - Officially Licensed Gondor Tankard,Default Title,B6674B24,1,32.5,0,0,32.5,6.5,39,16.87,32.5
2026-07,Beetlejuice Goblet,Default Title,B7188C25,1,32.5,0,0,32.5,6.5,39,18.75,32.5
2026-07,Lord of the Rings - The One Ring Trinket Dish,Default Title,B7361A26,2,31.66,0,0,31.66,6.34,38,16.66,31.66
2026-07,Sting - Cosplay/Larp Safe Foam Sword,Default Title,BS210214,2,31.66,0,0,31.66,6.34,38,18,31.66
2026-07,Skyrim Daedric Dagger - Cosplay/Larp Safe Foam,Default Title,BS111062,2,33.33,-2.78,0,30.55,6.11,36.66,18,30.55
2026-07,Halo Energy Sword - Cosplay/Larp Safe Foam,Default Title,BS310528,2,33.33,-3.02,0,30.31,6.06,36.37,22,30.31
2026-07,Star Wars - Han Solo Vector,Tee X-Large,T0370-TE-1-1-1-1-1-1-1-1-1-1-1-1,2,30,0,0,30,6,36,17,30
2026-07,Thor - Mjolnir (Cosplay Safe Foam),Default Title,HK6588F,1,33.33,-3.33,0,30,6,36,7.23,30
2026-07,Transformers Challenge Coin,Gold,9521974,3,30,0,0,30,6,36,6,30
2026-07,"Viking 5 Lobe Sword (Cosplay Safe Wood, Painted)",Default Title,BS112017,2,33.33,-3.33,0,30,6,36,8.1,30
2026-07,"One Piece - Dracule Mihawk (Cosplay Safe Wood, 120cm)",Default Title,VX221375,1,32.5,-3.25,0,29.25,5.85,35.1,0,0
2026-07,Katana/Sword Wall Display Stand,Default Title,BP310043,1,33.33,-4.16,0,29.17,5.83,35,15,29.17
2026-07,Hand Grenade Mk II Pineapple - USA WWII,Default Title,G738V,1,29.17,0,0,29.17,5.83,35,13.99,29.17
2026-07,Deadpool - Display (Straight) Katana,Default Title,BS310323,1,29.17,0,0,29.17,5.83,35,9.85,29.17
2026-07,Thor - Mighty Thor Mjolnir (Foam),Default Title,BS015340F,1,29.17,0,0,29.17,5.83,35,9.21,29.17
2026-07,Aragorn Anduril Letter Opener,Default Title,NN4468,1,29.17,0,0,29.17,5.83,35,19.96,29.17
2026-07,Jurassic Park - Tyrannosaurus Rex Diorama,Default Title,NN2500,1,29.17,0,0,29.17,5.83,35,17.66,29.17
2026-07,The Goonies - Limited Edition One-Eyed Willie Treasure Set,Default Title,Z-GOO7,1,87.48,0,-58.32,29.16,5.83,34.99,18.25,29.16
2026-07,Hand Grenade Mk2 Pineapple - USA 1918,Default Title,G738,1,29.16,-0.97,0,28.19,5.64,33.83,15.74,28.19
2026-07,Demon Slayer - Tanjiro Kamado Nichirin - Cosplay Safe Wood,Default Title,WD034,1,33.32,-5.54,0,27.78,5.56,33.34,11,27.78
2026-07,Basic Katana Stand (Matt Black),Default Title,BP011362-1,3,29.15,-1.4,0,27.75,5.56,33.31,0,0
2026-07,The Hobbit Diorama - Smaug,Default Title,NN6029,1,29.16,-2.18,0,26.98,5.4,32.38,17.66,26.98
2026-07,Devil May Cry - Dante's Ivory (Foam),Default Title,FM139,1,25,0,0,25,5,30,6,25
2026-07,Naruto - Kunai (Metal),Default Title,AM035,1,25,0,0,25,5,30,4.85,25
2026-07,Supernatural - Church of Castiel Pentagram,Default Title,BG011472,2,25,0,0,25,5,30,3.22,25
2026-07,Skyrim - Daedric Sword (Cosplay Safe Foam),Default Title,,1,25,0,0,25,5,30,8,25
2026-07,Demon Slayer -  Iguro Obanai Letter Opener 40cm,Default Title,LT014,2,25,0,0,25,5,30,13,25
2026-07,Cleaning Kit,Default Title,BG012037,2,25,0,0,25,5,30,6.88,25
2026-07,Hellsing - Pistol Pair Cassul & Jackal (Cosplay Safe Foam) Save £5,Default Title,FM247+248,1,25,0,0,25,5,30,14,25
2026-07,Stitch - Officially Licensed Ohana LED Neon Light,Default Title,PP12800LSVN,1,24.99,0,0,24.99,5,29.99,15,24.99
2026-07,The Nightmare Before Christmas - Officially Licensed Jack Skellington Snow Globe,Default Title,BN002,2,24.98,0,0,24.98,5,29.98,12.5,24.98
2026-07,Hazbin Hotel: Lucifer Morningstar TUBBZ (Boxed Edition),Default Title,NS5724,2,24.98,0,0,24.98,5,29.98,17.48,24.98
2026-07,The Elder Scrolls IV: Oblivion Mehrunes' Razor Bottle Opener,Default Title,B-ELD18,3,24.96,0,0,24.96,5.01,29.97,16.47,24.96
2026-07,Arkham Horror Limited Edition Replica Police Badge,Default Title,ASE-AH06,3,24.96,0,0,24.96,5.01,29.97,7.5,24.96
2026-07,Final Fantasy - XL Cloud Buster Sword (144cm) Cosplay Safe Foam,Default Title,,1,29.16,-4.86,0,24.3,4.86,29.16,0,0
2026-07,God Of War - Ragnarok Leviathan Axe (Cosplay Safe Foam),Default Title,FM290,1,24.17,0,0,24.17,4.83,29,9,24.17
2026-07,Roman Pugio Dagger,Default Title,VX221826,1,24.17,0,0,24.17,4.83,29,11,24.17
2026-07,Harry Potter - The Official Gringotts Coin Collection,Default Title,NN7234,1,24.17,0,0,24.17,4.83,29,16.93,24.17
2026-07,Star Wars - Three Wise Tusken Raiders,Default Title,B7387A26,1,48.34,0,-24.17,24.17,4.83,29,14.58,24.17
2026-07,Gremlins – Three Wise Gizmo Collectible Figurine Set,Default Title,B7098B25,1,24.17,0,0,24.17,4.83,29,12.5,24.17
2026-07,One Piece - Roronoa Zoro's Enma Collectible (40cm),Default Title,LT020,3,24.99,-0.84,0,24.15,4.84,28.99,19.5,24.15
2026-07,Disney Mary Poppins - Officially Licensed Premium Umbrella,Default Title,PARP02,1,24.99,-1.17,0,23.82,4.76,28.58,12.5,23.82
2026-07,Double Lion Stand (Velvet Lined),Default Title,BP310111D,4,51.34,-28.55,0,22.79,4.55,27.34,11.2,22.79
2026-07,Buffy The Vampire Slayer - Faith's Knife (Cosplay Safe Foam),Default Title,VX221126,3,22.5,0,0,22.5,4.5,27,0,0
2026-07,Deluxe Metal Iron Man Infinity Gauntlet,Default Title,AW010GS,0,220.83,0,-198.75,22.08,4.42,26.5,0,22.08
2026-07,Gremlins - Three Wise Gizmo,Default Title,B7098B25,1,24.16,-2.4,0,21.76,4.35,26.11,12.5,21.76
2026-07,Bleach - Zangetsu (Cosplay Safe Wood),Default Title,VX221393,1,20.83,0,0,20.83,4.17,25,0,0
2026-07,"Katana Collectable Box Set (20cm, White)",Default Title,BS310945W,1,20.83,0,0,20.83,4.17,25,5.77,20.83
2026-07,Devil May Cry - Blue Rose Gun Of Nero (Cosplay Safe Foam),Default Title,FM140,1,20.83,0,0,20.83,4.17,25,7,20.83
2026-07,The Witcher - Wild Hunt Silver Serpent Sword Collectable (40cm),Default Title,HK8787SU,1,20.83,0,0,20.83,4.17,25,9,20.83
2026-07,Highlander - Connor MacLeod Collectable 40cm,Default Title,VX221205,1,20.83,0,0,20.83,4.17,25,0,0
2026-07,Norseman Tankard,Default Title,D6764A24,1,20.83,0,0,20.83,4.17,25,6,20.83
2026-07,Chainsaw Man - Katana with Harness - Cosplay Safe Wood,Default Title,WD122,1,20.83,0,0,20.83,4.17,25,12.79,20.83
2026-07,One Piece - Roronoa Zoro's Enma (Cosplay Safe Wood),Default Title,WD058,1,20.83,0,0,20.83,4.17,25,12.79,20.83
2026-07,Zelda Master Sword - Cospay/Larp Safe Foam Sword,Default Title,,1,20.83,0,0,20.83,4.17,25,11,20.83
2026-07,Pirate Sword (Cosplay Safe Foam),Default Title,FM113,1,20.83,0,0,20.83,4.17,25,8.56,20.83
2026-07,Pompei Collection - Roman Stiletto Collectable (35cm),Default Title,VX221125,1,20.83,0,0,20.83,4.17,25,5.45,20.83
2026-07,Disney The Nightmare Before Christmas - Officially Licensed Premium Umbrella,Default Title,PARP01,1,20.82,0,0,20.82,4.17,24.99,12.5,20.82
2026-07,Assassin’s Creed Shadows - PureArts Qlectors Naoe & Yasuke PVC Figure,Default Title,PA037AC,1,20.82,0,0,20.82,4.17,24.99,30,20.82
2026-07,Harry Potter - Limited Edition Replica Hogwarts Express Train Ticket,Default Title,THG-HP64,1,20.82,0,0,20.82,4.17,24.99,11.45,20.82
2026-07,MARVEL DEADPOOL PREMIUM UMBRELLA,Default Title,PARP04,1,20.82,0,0,20.82,4.17,24.99,10.41,20.82
2026-07,Garfield - Officially Licensed 3D Perpetual Calendar,Default Title,CP3D21,1,20.82,0,0,20.82,4.17,24.99,12.5,20.82
2026-07,Fallout - Pip-Boy Limited Edition Lenticular Ingot,Default Title,B-FLT88,1,20.82,0,0,20.82,4.17,24.99,13.74,20.82
2026-07,The Lord of the Rings – Fellowship Door Mat,Default Title,FGE0048,1,19.99,0,0,19.99,0,19.99,7.5,19.99
2026-07,Demon Slayer - Tanjiro Kamado Season 2 Nichirin Katana With Sheath - Cosplay Safe Foam,Default Title,FM074,2,20.82,-1.4,0,19.42,3.89,23.31,20,19.42
2026-07,Gandalf Glamdring Collectable (34cm),Default Title,VX221224,1,20.83,-1.44,0,19.39,3.88,23.27,3.44,19.39
2026-07,Mauser K98 Rifle Dummy (Pack of 6),Default Title,G60,2,20,-1,0,19,3.8,22.8,11.4,19
2026-07,Asuna's Lambent Light - Cosplay/Larp Safe Sword,Default Title,BS310512-1,1,18.33,0,0,18.33,3.67,22,11,18.33
2026-07,Stranger Things 5 - Officially Licensed Demogorgon Cassette Alarm Clock,Default Title,PP12909ST,1,20.82,-2.98,0,17.84,3.57,21.41,12.5,17.84
2026-07,GAME OF THRONES - Jon Snow Longclaw  Cosplay/LARP Safe Foam,Default Title,BS210371,1,20.83,-3.78,0,17.05,3.41,20.46,5.4,17.05
2026-07,Buffy The Vampire Slayer - Stake (Resin),Default Title,VX221684,1,16.67,0,0,16.67,3.33,20,2.54,16.67
2026-07,Helmet Stand,Default Title,AH3813,1,33.34,0,-16.67,16.67,3.33,20,7.59,16.67
2026-07,Demon Slayer - Nezuko Nichirin Katana (Cosplay Safe Wood),Default Title,WD062,1,16.67,0,0,16.67,3.33,20,12.79,16.67
2026-07,Demon Slayer - Kyojuro Rengoku Nichirin Katana Umbrella,Default Title,AM072-2,1,16.67,0,0,16.67,3.33,20,11,16.67
2026-07,Halo - M6G Magnum Hang Gun (Cosplay Safe Foam),Default Title,FM223,1,16.67,0,0,16.67,3.33,20,6.1,16.67
2026-07,Basic Katana Double Stand,Default Title,BP011362-2,1,33.34,0,-16.67,16.67,3.33,20,5,16.67
2026-07,Demon Slayer - Giyu Tomioka Nichirin Katana Umbrella,Default Title,AM072-4,1,16.67,0,0,16.67,3.33,20,11,16.67
2026-07,Batman The Dark Knight Replica Gotham City SWAT Badge,Default Title,SWT_BTM,1,16.66,0,0,16.66,3.33,19.99,4.58,16.66
2026-07,Jujutsu Kaisen - Officially Licensed Deluxe XL Mouse Mat,Default Title,MGGE046,1,16.66,0,0,16.66,3.33,19.99,8.33,16.66
2026-07,Jaws - 50th Anniversary Poster Limited Edition Ingot,Default Title,UV-JW140,1,16.66,0,0,16.66,3.33,19.99,9.16,16.66
2026-07,Jaws - 50th Anniversary Shark Tooth Medallion,Default Title,UV-JW137,1,16.66,0,0,16.66,3.33,19.99,9.16,16.66
2026-07,Demon Slayer - Officially Licensed Deluxe Ramen Bowl,Default Title,BOWRA07,1,16.66,0,0,16.66,3.33,19.99,10.41,16.66
2026-07,ASSASSIN'S CREED - PureArts Qlectors Ezio Leap Of Faith,Default Title,PA035AC,1,16.66,0,0,16.66,3.33,19.99,27.99,16.66
2026-07,Naruto Shippuden - Officially Licensed Deluxe XL Mouse Mat,Default Title,MGGE037,1,16.66,0,0,16.66,3.33,19.99,8.33,16.66
2026-07,2000 AD Judge Dredd XL Desk Pad and Coaster Set,Default Title,RB-JD02,1,16.66,0,0,16.66,3.33,19.99,9.16,16.66
2026-07,Game of Thrones - Officially Licensed Targaryen Cushion,Default Title,C6443X3,2,16.64,0,0,16.64,3.34,19.98,0,0
2026-07,The Great Wave Of Kanagawa Hokusai - Officially Licensed Deluxe XL Mouse Mat,Default Title,MGGE024,1,16.66,-0.79,0,15.87,3.17,19.04,8.33,15.87
2026-07,Naruto Shippuden Akatsuki - Officially Licensed Deluxe Door Mat,Default Title,FGE0063,1,16.65,-0.78,0,15.87,3.18,19.05,7.5,15.87
2026-07,Legend Of Zelda - Breath Of The Wild Bow - Cosplay Safe Foam,Default Title,FM119,1,16.66,-0.83,0,15.83,3.17,19,14,15.83
2026-07,Wicked - Glinda Wand Pen Set,Default Title,NN3535,1,15.83,0,0,15.83,3.17,19,8.5,15.83
2026-07,Longclaw Wedding Cake Knife (30cm),Default Title,BS110463,1,15.83,0,0,15.83,3.17,19,5.74,15.83
2026-07,Wednesday Thing - Officially Licensed Writing Set With Pencil Holder,Default Title,LAPSDE06,1,15.83,0,0,15.83,3.17,19,12.5,15.83
2026-07,Demon Slayer -  Muichiro Tokito White Nichirin - Cosplay Safe Wood,Default Title,VX221258,1,15.83,0,0,15.83,3.17,19,12.79,15.83
2026-07,"Katana Collectable Box Set (20cm, Red)",Default Title,BS310945R,1,15.83,0,0,15.83,3.17,19,5.77,15.83
2026-07,Lord Of The Rings - Middle Earth Map and Elven Script Bookmark Set,Default Title,NN2091,1,15.83,0,0,15.83,3.17,19,10,15.83
2026-07,Winchester 1973 Dummy Rounds (Set of 3),Default Title,G63,4,16.66,-0.83,0,15.83,3.17,19,7.44,15.83
2026-07,Jujutsu Kaisen- Toji Inverted Spear Of Heaven (Cosplay Safe Foam),Default Title,VX221151,1,15.83,0,0,15.83,3.17,19,2.85,15.83
2026-07,Double Wall Display (Velvet Lined),Default Title,BP310109,1,16.66,-1.15,0,15.51,3.1,18.61,4.14,15.51
2026-07,Darth Vader - Wearing Black,Tee Large,TEE374-TE-1-1-1-1-1-1-1-1-1-1-1,1,15,0,0,15,3,18,8.5,15
2026-07,Star Wars - Rough One Last Night,Tee Large,T0364-TE-1-1-1-1-1-1-1-1-1-1-1,1,15,0,0,15,3,18,8.5,15
2026-07,Bug-A-Salt Bug-Beam Laser Targetting Kit (Universal Fit),Default Title,,1,14.99,0,0,14.99,3,17.99,8.08,14.99
2026-07,Jurassic Park Wall Banner,Default Title,UV-JP139,2,16.64,-1.66,0,14.98,3,17.98,5,14.98
2026-07,A Nightmare on Elm Street Limited Edition Medallion,Default Title,THG-HC08,2,14.97,-0.74,0,14.23,2.85,17.08,5.5,14.23
2026-07,The Witcher - Geralt Of Rivia's Steel Sword - Cosplay Safe Foam,Default Title,FM101,1,15.83,-2.33,0,13.5,2.7,16.2,9,13.5
2026-07,Red Dead Redemption - Six Point Sherriff Badge,Default Title,G101,2,13.32,0,0,13.32,2.66,15.98,6.28,13.32
2026-07,Demon Slayer - Shinobu Kocho Nichirin Katana With Sheath - Cosplay Safe Foam,Default Title,BS310729,1,12.5,0,0,12.5,2.5,15,10,12.5
2026-07,The Walking Dead - Team Negan,Large / Black,48767987,1,12.5,0,0,12.5,2.5,15,8.5,12.5
2026-07,Jujutsu Kaisen- Kento Nanami Cleaver (Cosplay Safe Wood),Default Title,VX221384,1,12.5,0,0,12.5,2.5,15,0,0
2026-07,One Piece - Roronoa Zoro's Shusui Katana - Cosplay Safe Foam With Sheath,Default Title,BS310704,1,12.5,0,0,12.5,2.5,15,10.17,12.5
2026-07,The Walking Dead - Property Of Negan,Large / Black,46276024,1,12.5,0,0,12.5,2.5,15,8.5,12.5
2026-07,Nunchaku (Nunchuk) - Classic Dragon (Wood),Default Title,BW110163,1,12.5,0,0,12.5,2.5,15,3.26,12.5
2026-07,Legend Of Zelda - Master Sword In Stone Letter Opener,Default Title,BS210368,1,12.5,0,0,12.5,2.5,15,0,0
2026-07,"Nunchaku (Nunchuk) - Classic Dragon, Ribbed Grips (Wood)",Default Title,BW010691,1,12.5,0,0,12.5,2.5,15,3.26,12.5
2026-07,Genshin Impact - Skyward Blade - Cosplay Safe Foam,Default Title,FM094,1,12.5,0,0,12.5,2.5,15,10,12.5
2026-07,Harry Potter - Limited Edition .999 Silver Plated Replica Quidditch World Cup Ticket,Default Title,THG-HP29,1,12.49,0,0,12.49,2.5,14.99,3.5,12.49
2026-07,Disney The Nightmare Before Christmas - Officially Licensed 3D Snow Globe,Default Title,BN002,1,12.49,0,0,12.49,2.5,14.99,6.25,12.49
2026-07,DISNEY STITCH SNOW GLOBE,Default Title,BN003,1,12.49,0,0,12.49,2.5,14.99,6.25,12.49
2026-07,Legend Of Zelda - Master Sword Keyring (22cm),Default Title,KW1080,2,11.66,0,0,11.66,2.34,14,5.7,11.66
2026-07,The Sword Stall – Double Display Stand (Velvet Lined),Default Title,BP310111DN,3,18.66,-7,0,11.66,2.34,14,8.4,11.66
2026-07,Icons - Ghostface,Fitted XL / Red Ink,47013319,1,12.5,-1.25,0,11.25,2.25,13.5,8.5,11.25
2026-07,Icons - Jason,Small,97799242,1,12.5,-1.25,0,11.25,2.25,13.5,8.5,11.25
2026-07,Universal Monsters Dracula Limited Edition Art Print,Default Title,UV-UMD01,1,12.49,-1.24,0,11.25,2.25,13.5,4.99,11.25
2026-07,Scooby Doo - Zoinks,2X-Large,5604109,1,12.5,-1.25,0,11.25,2.25,13.5,8.5,11.25
2026-07,Jurassic Park - Velociraptor Claw Bottle Opener,Default Title,UV-JP101,1,10.82,0,0,10.82,2.17,12.99,5.49,10.82
2026-07,Jurassic Park - Replica License Plate Tin Sign,Default Title,UV-JP131,1,10.82,0,0,10.82,2.17,12.99,4.57,10.82
2026-07,Loki Fylgjur Fox Necklace,Default Title,BG011470,1,10,0,0,10,2,12,1.61,10
2026-07,The Sword Stall Cleaning Kit,Default Title,BG012037N,8,94,-84,0,10,2,12,27.52,10
2026-07,ThunderCats 40th Anniversary Lion-O Coin,Default Title,Z-TC03,1,9.99,0,0,9.99,2,11.99,5.49,9.99
2026-07,Harry Potter Letter Keyring,Default Title,Z-HP80,3,13.29,0,-3.32,9.97,2,11.97,5.49,9.97
2026-07,Star Wars – Luke Skywalker & Darth Vader Lightsaber Pen Set (2-Pack),Default Title,SETB01,1,10.82,-1.05,0,9.77,1.95,11.72,6.25,9.77
2026-07,Fallout - Desk Tidy,Default Title,B-FLT85,1,9.16,0,0,9.16,1.83,10.99,5.49,9.16
2026-07,Pistol Stand (Small),Default Title,G800,1,10,-1,0,9,1.8,10.8,5.5,9
2026-07,AK-47 Dummy Rounds (Pack of 6),Default Title,G55,1,10,-1,0,9,1.8,10.8,5.7,9
2026-07,Balisong Trainer - Bottle Opener (Black),Default Title,BF111489B,1,8.33,0,0,8.33,1.67,10,2.1,8.33
2026-07,Devil May Cry - Vergil Yamato Collectable (40cm),Default Title,VX221066,1,8.33,0,0,8.33,1.67,10,3,8.33
2026-07,One Piece - Roronoa Zoro Kitetsu Sandai (Cosplay Safe Foam),Default Title,HK9413F,1,8.33,0,0,8.33,1.67,10,10.5,8.33
2026-07,Balisong Trainer - Comb (Silver),Default Title,BF111490,1,8.33,0,0,8.33,1.67,10,2.1,8.33
2026-07,Demon Slayer - Shinobu Kocho Nichirin Collectable (40cm),Default Title,VX221054,1,8.33,0,0,8.33,1.67,10,3,8.33
2026-07,Demon Slayer - Kyojuro Rengoku Nichirin Collectable (40cm),Default Title,LT006,1,8.33,0,0,8.33,1.67,10,3,8.33
2026-07,Demon Slayer - Tanjiro Kamado Nichirin Katana - Cosplay Safe Foam,Default Title,BS210668-3,1,8.33,0,0,8.33,1.67,10,10,8.33
2026-07,Demon Slayer - Yoriichi Tsugikuni Nichirin Collectable (40cm),Default Title,VX221059,1,8.33,0,0,8.33,1.67,10,3,8.33
2026-07,One Piece - Roronoa Zoro Sandai Kitetsu Collectable (40cm),Default Title,LT019,1,8.33,0,0,8.33,1.67,10,6.5,8.33
2026-07,Disney Stitch and Angel - Officially Licensed Water Bottle 500ml,Default Title,C6379X3,1,8.32,0,0,8.32,1.67,9.99,0,0
2026-07,DOOM: The Dark Ages – Official Limited Edition Collectible Coin,Default Title,B-DM29,1,8.32,0,0,8.32,1.67,9.99,5.49,8.32
2026-07,Wicked - Officially Licensed Hot & Cold 550ml Metal Bottle,Default Title,BMHC066,1,8.32,0,0,8.32,1.67,9.99,8.33,8.32
2026-07,The Elder Scrolls V: Skyrim Septim Coin – Misty Gold Edition,Default Title,B-ELD23,1,8.32,0,0,8.32,1.67,9.99,5.49,8.32
2026-07,Wicked - Officially Licensed Deluxe XL Mouse & Keyboard Pad,Default Title,MGGE097,1,8.32,-0.39,0,7.93,1.59,9.52,8.33,7.93
2026-07,FRIDAY THE 13TH - Jason Voorhees Machete Cosplay/LARP Safe Foam,Default Title,FM145,1,8.33,-0.83,0,7.5,1.5,9,2.85,7.5
2026-07,Attack On Titan - VME Sword Fidget Keyring/Keychain (22cm),Default Title,,1,7.5,0,0,7.5,1.5,9,3,7.5
2026-07,The Elder Scrolls V: Skyrim Quest Marker Tin Sign,Default Title,B-ELD08,1,8.32,-0.83,0,7.49,1.5,8.99,4.57,7.49
2026-07,Lord Of The Rings - Arwen Hadhafang Collectable with Stand (22cm),Default Title,VX221237-4,1,7.49,0,0,7.49,1.5,8.99,1.64,7.49
2026-07,Lord Of The Rings - Frodo Sting Collectable with Stand (22cm),Default Title,VX221237-5,1,7.49,0,0,7.49,1.5,8.99,1.64,7.49
2026-07,Star Wars - Limited Edition My Only Hope Collectible Ingot,Default Title,K-018,1,8.32,-0.83,0,7.49,1.5,8.99,2.5,7.49
2026-07,Star Wars Limited Edition Jabba the Hut Ingot,Default Title,K-017,1,8.32,-0.83,0,7.49,1.5,8.99,2.5,7.49
2026-07,Stranger Things - Officially Licensed Cushion 55cm,Default Title,C6372X3,1,8.32,-1.18,0,7.14,1.43,8.57,0,0
2026-07,Fallout – Official Metal Dog Tags,Default Title,B-FLT002,1,7.48,-0.34,0,7.14,1.43,8.57,4.57,7.14
2026-07,The Goonies - 40th Anniversary Copper Bones Keyring,Default Title,Z-GOO10,1,6.66,0,0,6.66,1.33,7.99,3.66,6.66
2026-07,A Nightmare on Elm Street Limited Edition Collectible Coin,Default Title,THG-HC12,1,6.66,0,0,6.66,1.33,7.99,2.5,6.66
2026-07,SPITFIRE KEY-RING,Default Title,SPITKR,2,6.64,-0.32,0,6.32,1.27,7.59,2.7,6.32
2026-07,IT Limited Edition Collectible Coin,Default Title,THG-HC11,1,6.25,0,0,6.25,1.25,7.5,2.5,6.25
2026-07,Lord of the Rings - Gondor Shield Keyring,Default Title,Z-LOTR24,1,5.82,-0.57,0,5.25,1.05,6.3,3.66,5.25
2026-07,Naval cannon England 18th Century,Default Title,G407,-3,270.01,-37.5,-227.5,5.01,0.99,6,35.04,5.01
2026-07,Naruto - Yondaime Kunai Necklace (Gold Or Silver),Silver,2087-SI,1,5,0,0,5,0,5,2.18,5
2026-07,The Sword Stall Single Display Stand (Velvet Lined),Default Title,BP310111SN,1,4.17,0,0,4.17,0.83,5,2.63,4.17
2026-07,DOOM Eternal Limited Edition Pin Badge,Default Title,B-DM27,1,4.16,0,0,4.16,0.83,4.99,2.28,4.16
2026-07,Back to the Future Outatime Bottle Opener,Default Title,UV-BF100,1,4.16,0,0,4.16,0.83,4.99,2.5,4.16
2026-07,Lara Croft Tomb Raider Ice Axe Keychain,Default Title,,1,2.5,0,0,2.5,0.5,3,8.5,2.5
2026-07,"Kill Bill - Deluxe ""The Bride"" (Uma Thurman) Hatori Hanzo Hand Forged Katana In Clay Tempered HCS",Default Title,bs011024-brideCT,0,381.66,-8.33,-373.33,0,0,0,0,0
2026-07,Warrior's Demise' Damascus Steel 1095 Clay Tempered Katana,Default Title,,0,332.5,0,-332.5,0,0,0,0,0
2026-07,Cold Steel KARVE Viking Folding Knife,Default Title,CS-FL-38VK,0,0,0,0,0,0,0,0,0
2026-07,"Halloween - Michael Myers Ultimate Action Figure (7"")",Default Title,60687,0,40.83,0,-40.83,0,0,0,0,0
2026-07,PAYDAY GIFT,Default Title,,6,0,0,0,0,0,0,0,0
2026-07,"Demon Slayer - Zenitsu Agatsuma Nichirin Display (Metal, Straight Blade) Katana with Light Up Blade",Default Title,BS310857,0,65.83,0,-65.83,0,0,0,0,0
2026-07,The Sword Stall Gift Card,£50.00,,1,0,0,0,0,0,0,0,0
2026-07,Masters Of The Universe - THE OFFICIAL Sword Of Power FULL METAL Prop Replica,Full Purchase £999,408890Full,1,999,-999,0,0,0,0,388.37,0
2026-07,Lancaster 3D Enamel Pin Badge,Default Title,TOPLAN3DPIN,0,3.32,0,-3.32,0,0,0,0,0
2026-07,NEW Full Metal Witch King Helm,Default Title,AH-241183,0,145.83,0,-145.83,0,0,0,0,0
2026-07,E.T. Limited Edition 40th Anniversary Replica Scaled Spaceship,Default Title,UV-ET106,0,20.82,0,-20.82,0,0,0,0,0
2026-07,Masters Of The Universe - THE OFFICIAL Man-At-Arms FULL METAL Prop Replica,Deposit Only £150 (£300 remaining to pay prior to shipping),408503Dep,0,331.66,-5.38,-326.28,0,0,0,0,0
2026-07,LAST ONE!!!! - CHRISTOPHER LAMBERT AUTOGRAPHED & QUOTED Highlander - Deluxe Clan Macleod Claymore,Default Title,,0,332.5,0,-332.5,0,0,0,0,0
2026-07,Aliens - Corporal Dwayne Hicks 1/4 Scale (58cm) Statue,£100 Deposit (£689 remaining to pay prior to dispatch),HCG9460,0,83.33,0,-83.33,0,0,0,0,0
2026-07,"Berserk - Guts Dragon Slayer Greatsword (Cosplay Safe Foam, 144cm)",Default Title,VX221188-2,0,32.5,0,-32.5,0,0,0,0,0
2026-07,Demon Slayer - Sanemi Shinazugawa Nichirin Collectable (40cm),Default Title,LT007,0,8.33,0,-8.33,0,0,0,0,0
2026-07,Lord Of The Rings - United Cutlery Officially Licensed Sting Sword With Plaque from The Hobbit,Default Title,UC2892,0,174.17,0,-174.17,0,0,0,0,0
2026-07,House Of The Dragon - Aemond Targaryen Replica Sword,Default Title,VX221663,0,82.5,0,-82.5,0,0,0,0,0
2026-07,300 - Spartan Helm,Default Title,AH6078P,0,124.17,0,-124.17,0,0,0,0,0
2026-07,Lord Of The Rings - Mini Arwen Evenstar Sterling Silver Pendant,Default Title,NN2843,0,75,0,-75,0,0,0,0,0
2026-07,Bug-A-Salt - Real Tree Camo,Gun Only,,0,49.99,0,-49.99,0,0,0,0,0
2026-07,Red Dawn - Hand-forged Tanto,Default Title,BS310913,0,148.34,0,-148.34,0,0,0,0,0
2026-07,Thor Stormbreaker Deluxe - Full Size Resin Thor Axe,Default Title,BS110628,0,125,-8.33,-116.67,0,0,0,0,0
2026-07,The Sword Stall Triple Display Stand (Velvet Lined),Default Title,BP310111TN,7,56,-56,0,0,0,0,20.72,0
2026-07,Desert Eagle - Joker Style Chrome Finish,Default Title,G1123NQ,0,100,0,-100,0,0,0,0,0
2026-07,Kreigsmessers Sword,Default Title,CS-SW-KGM,0,470.79,0,-470.79,0,0,0,0,0
2026-07,Cold Steel Verdict Clip Point Folding Knife – Flat Dark Earth,Default Title,CS-FL-C3CPSSFDEZ,0,0,0,0,0,0,0,0,0
2026-07,Thorin Key Keychain,Default Title,NN1251,0,9.99,0,-9.99,0,0,0,0,0
2026-07,"Terrifier - Art the Clown Roto Plush (18"")",Default Title,25526,0,74.17,0,-74.17,0,0,0,0,0
2026-07,Robin Hood Prince Of Thieves Replica Sword,Default Title,BS310914,0,100,0,-100,0,0,0,0,0
2026-07,Teenage Mutant Ninja Turtles - Quarter Size Arcade Cabinet (Exclusive Signed Collector's Edition),Default Title,TMNT-LTD-BUN,0,207.5,-20.74,-186.76,0,0,0,0,0
2026-07,House Of The Dragon  - Rhaenyra Targaryen Valyrian Steel Sword with Display Plaque,Default Title,VX221081,0,99,0,-99,0,0,0,0,0
2026-07,'Eternal Dragon' Samurai Master Katana,Default Title,vx221595,0,1499.17,0,-1499.17,0,0,0,0,0
2026-07,Game of Thrones - Joffrey's Widow's Wail Sword,Default Title,,0,233.33,-11.66,-221.67,0,0,0,0,0
2026-07,"Thundercats - Officially Licensed Sword Of Omens 35"" (Cosplay Safe ABS)",Default Title,TTWB150,0,57.5,-5.75,-51.75,0,0,0,0,0
2026-07,Highlander Endgame - Duncan Macleod Triple Set Display Katana (Straight Blade),Default Title,VX221693-1,0,74.17,0,-74.17,0,0,0,0,0
2026-07,Lord Of The Rings - Arwen Evenstar Sterling Silver Earrings,Default Title,NN2987,0,95.83,-9.58,-86.25,0,0,0,0,0
2026-07,Cavalier Rapier,Default Title,CS-88FCR,0,365.83,-8.33,-357.5,0,0,0,0,0
2026-07,Legend Of Zelda - Handforged Deluxe Master Sword (Damascus Blade),Default Title,HK8838,0,165.83,0,-165.83,0,0,0,0,0
2026-07,Lord Of The Rings - One Ring Elven Script Keychain,Default Title,NN3721,1,0,0,0,0,0,0,5.66,0
2026-07,Gremlins 2: The New Batch - Official Life Size Mohawk Prop Replica from Trick Or Treat Studios,Default Title,RLWB113,0,115.83,0,-115.83,0,0,0,0,0
2026-07,The Hobbit - The Pendant of Tauriel in Sterling Silver,Default Title,NN1221,0,74.17,0,-74.17,0,0,0,0,0
2026-07,Demon Slayer - Kyojuro Rengoku Nichirin Katana With Sheath - Cosplay Safe Foam,Default Title,BS210668-2,0,8.32,-1.04,-12.5,-5.22,-1.04,-6.26,0,-5.22
2026-07,Bleach - Ichigo's Katana - Zangetsu Bankai (Cosplay Safe Foam),Default Title,FM158,-1,0,0,-12.5,-12.5,-2.5,-15,-10.7,-12.5
2026-07,Star Wars - Han Solo Vector,Tee Large,T0370-TE-1-1-1-1-1-1-1-1-1-1-1,-1,0,0,-15,-15,-3,-18,-8.5,-15
2026-07,Loki - Cosplay Loki Helmet,Default Title,FM091,-1,20.83,-4.16,-37.5,-20.83,-4.17,-25,-8,-20.83
2026-07,Resident Evil - Umbrella Corporation Lamp,Default Title,NUM-RE-L,-1,0,0,-24.99,-24.99,-5,-29.99,-17.86,-24.99
2026-07,Bleach - Ichigo Bankai Zangetsu (Cosplay Safe Wood),Default Title,VX221298,-1,0,0,-25,-25,-5,-30,-4.25,-25
2026-07,"Gremlins - Flasher Gremlin Ultimate Action Figure (7"")",Default Title,30625,-1,0,0,-40.83,-40.83,-8.17,-49,-32.34,-40.83
2026-07,Lost Boys - Living Dead Doll Presents David,Default Title,91036,-1,0,0,-49.17,-49.17,-9.83,-59,-40.74,-49.17
2026-07,Ghost of Yotei - Hawks Talon Display (Straight) Katana (Black Version),Default Title,VX221869,-1,40.83,0,-97.45,-56.62,-11.32,-67.94,-10.38,-56.62
2026-07,Assassin’s Creed Shadows - PureArts Naoe 1/4 Scale Bust,Default Title,PA043AC,-1,0,0,-65.83,-65.83,-13.17,-79,-48,-65.83
2026-07,Scottish Balliol Claymore,Default Title,VX221074,-1,75,0,-142.49,-67.49,-13.5,-80.99,-16.53,-67.49
2026-07,Vikings - Ragnar Lothbrok Axe,Default Title,VX221069,-1,0,0,-70.83,-70.83,-14.17,-85,-13.7,-70.83
2026-07,Game Of Thrones - Heartsbane of House Tarly,Default Title,BS310739,-1,0,0,-82.5,-82.5,-16.5,-99,-31,-82.5
2026-07,Diablo III - El'Druin Sword Of Archangel Tyrael,Default Title,,-1,0,0,-154.17,-154.17,-30.83,-185,-41.56,-154.17
2026-07,"Aquaman Trident - Full Metal, Full Size Replica",Default Title,BS110902,-1,0,0,-249.17,-249.17,-49.83,-299,-215.89,-249.17
2026-07,Star Wars - Hot Toys Darth Maul With Sith Speeder,Default Title,HT9133632,-1,0,0,-405.05,-405.05,-81.01,-486.06,0,0
2026-07,Ghost Of Tsushima - Jin Sakai Storm Hand Forged Clay Tempered Katana,Default Title,VX221717-L-CT,-6,487.5,-8.33,-1300,-820.83,-164.17,-985,-178.14,-820.83
2026-08,,,,18,1360.85,0,2062.97,3423.82,1657.82,12145.44,761.52,1227.52
2026-08,The Bastard Snow - Sword Including Plaque and Scabbard,Default Title,JOT5909M,25,2361.58,-50.6,-90.83,2220.15,444.1,2664.25,762.5,2220.15
2026-08,The Lord Of The Rings - Deluxe Anduril With Display Plaque & Scabbard,Default Title,VX221044-NS,14,2112.45,-24.99,-140.83,1946.63,389.37,2336,511,1946.63
2026-08,Lee-Enfield Smle Rifle - British 1907,Default Title,G1090,9,1874.97,-8.33,0,1866.64,373.36,2240,1579.5,1866.64
2026-08,Shamshir,Default Title,CS-88STS,6,1495,0,0,1495,299,1794,1013.58,1495
2026-08,House Of The Dragon  - Daemon Targaryen Dark Sister with Plaque and Scabbard,Default Title,VX221112,13,1621.62,-26.2,-115.83,1479.59,295.95,1775.54,318.5,1479.59
2026-08,"LORD OF THE RINGS - NEW! Superior Anduril, The Sword Reforged with Scabbard and Plaque",Default Title,VX221039,10,1491.64,-43.31,0,1448.33,289.67,1738,419.9,1448.33
2026-08,Highlander - Connor MacLeod Clay Tempered Hand Forged Katana,Default Title,VX221205-CT,10,1657.49,-227.04,0,1430.45,286.09,1716.54,590.8,1430.45
2026-08,James Bond Walther PPK With Silencer,Default Title,G1311,14,1500,-34.08,-90,1375.92,275.17,1651.09,723.52,1375.92
2026-08,"Call Of Duty - AK47 ""Achievment Unlocked"" Gold Edition",Default Title,G1086L,6,1604.18,0,-229.17,1375.01,274.99,1650,960.12,1375.01
2026-08,Supernatural - The Colt,Default Title,VX221106,21,1746.68,-135.71,-325.01,1285.96,257.15,1543.11,535.5,1285.96
2026-08,"Thor’s Stormbreaker - Full Size, Metal Stormbreaker",Default Title,BS110890,3,1247.49,0,0,1247.49,249.51,1497,1019.88,1247.49
2026-08,Supernatural - Deluxe Angel Blade,Default Title,HK8445,21,1283.26,-24.99,-58.33,1199.94,240.06,1440,543.06,1199.94
2026-08,The Witcher III - Geralt's Silver Sword,Default Title,BS110617,12,1190.03,-8.33,0,1181.7,236.3,1418,329.76,1181.7
2026-08,Assassin's Creed Black Flag Resynced - Official Edward Kenway Hidden Blade Lifesize Replica,Default Title,,12,1190.01,-28.15,0,1161.86,232.34,1394.2,627.6,1161.86
2026-08,"Ghost Of Tsushima - Jin Sakai Storm Hand Forged Clay Tempered Daisho Set (Katana, Wakizashi and Tanto)",Default Title,,4,1163.31,-6.19,0,1157.12,231.44,1388.56,118.76,1157.12
2026-08,Lord Of The Rings - United Cutlery Officially Licensed Museum Collection Anduril,Default Title,UC-UC3516,2,1148.33,-8.33,0,1140,228,1368,763.66,1140
2026-08,The Hobbit - Officially Licensed United Cutlery Orcrist Sword Of Thorin Oakenshield,Default Title,UC-UC2928,4,1130,-8.33,0,1121.67,224.33,1346,607.84,1121.67
2026-08,Thundercats - Deluxe Sword Of Omens,Default Title,HK8896,13,1271.6,-39.04,-115.83,1116.73,223.38,1340.11,418.6,1116.73
2026-08,Masters Of The Universe - He-Man Power Sword (2026),Default Title,VX221214,6,1312.5,-16.66,-187.5,1108.34,221.66,1330,275.64,1108.34
2026-08,The Hobbit - United Cutlery Officially Licensed Glamdring Sword,Default Title,UC-UC2942,4,1096.67,-27.41,0,1069.26,213.84,1283.1,639.48,1069.26
2026-08,Lord Of The Rings - Officially Licensed United Cutlery Anduril Sword of Aragorn,Default Title,UC-UC1380,4,1329.15,-12.92,-265.83,1050.4,210.09,1260.49,666.56,1050.4
2026-08,"""Emperor's Protector"" Samurai Master Katana",Default Title,BS310168,1,1998.34,0,-999.17,999.17,199.83,1199,305,999.17
2026-08,House Of The Dragon  - Daemon Targaryen Dark Sister,Default Title,MS044,10,991.68,-11.23,0,980.45,196.06,1176.51,245,980.45
2026-08,House Of The Dragon - Aegon The Conqueror Blackfyre,Default Title,VX221110-2,10,991.66,-27.84,0,963.82,192.75,1156.57,222.6,963.82
2026-08,LAYAWAY LEGEND INSTALMENT PAYMENT,Default Title,IP,1150,958.33,0,0,958.33,191.67,1150,0,0
2026-08,Lord Of The Rings - Officaly Licensed Noble Collection Gandalf Glamdring Sword,Default Title,NN1245,6,945,0,0,945,189,1134,567.6,945
2026-08,World of Warcraft - Epic Edition Frostmourne,Default Title,VX221086,4,916.67,-13.38,0,903.29,180.65,1083.94,638.48,903.29
2026-08,Lord Of The Rings - United Cutlery Officially Licensed King Theoden Herugrim Sword Battle Forged Edition,Default Title,UC-UC3624,3,912.49,-16.66,0,895.83,179.17,1075,614.19,895.83
2026-08,Thompson M1928A1 Submachine Gun USA 1918,Default Title,G1093,4,833.32,0,0,833.32,166.68,1000,571.6,833.32
2026-08,Legend Of Zelda - Deluxe Master Sword,Default Title,BS310223,8,1182.5,-33.32,-322.5,826.68,165.32,992,288,826.68
2026-08,Ghost Of Tsushima - Jin Sakai Display Katana,Default Title,VX221713-1,15,862.49,-38.19,0,824.3,164.85,989.15,177.75,824.3
2026-08,Masters Of The Universe - THE OFFICIAL Sword Of Power FULL METAL Prop Replica,Deposit Only £199 (£800 remaining to pay prior to shipping),408890Dep,5,829.15,-8.33,0,820.82,164.18,985,1941.85,820.82
2026-08,AK47 Kalashnikov Assault Rifle,Default Title,G1086,4,1452.5,-29.08,-622.5,800.92,160.18,961.1,624.48,800.92
2026-08,"M1911A1 Colt ""Government"" Us Service Pistol (Black/Wood))",Default Title,G9312,8,1000,0,-200,800,160,960,481.6,800
2026-08,"M1911A1 Colt ""Government"" Us Service Pistol (Nickel Finish)",Default Title,G6312,8,800,-8.33,0,791.67,158.33,950,577.92,791.67
2026-08,"Shaun Of The Dead - Winchester ""Yellowboy""  Carbine Rifle",Default Title,G1140L,4,750,0,0,750,150,900,497.08,750
2026-08,Elden Ring Dark Moon Greatsword,Default Title,BS111760,4,730,0,0,730,146,876,507.68,730
2026-08,Honshu Historic Forge - Scottish Claymore,Default Title,UC-UC3512,2,725,0,0,725,145,870,489.64,725
2026-08,Lord Of The Rings - NEW AND IMPROVED Gimli's Battle Axe,Default Title,VX221072,6,700.01,0,0,700.01,139.98,839.99,228,700.01
2026-08,Devil May Cry 5 - Dante's Rebellion (Silver),Default Title,HK0214,6,694.98,0,0,694.98,139.02,834,241.98,694.98
2026-08,House of the Dragon – Official Blackfyre Sword Limited Edition,Default Title,FE-408245,1,679.17,0,0,679.17,135.83,815,453.1,679.17
2026-08,"Deluxe ""Righteous Dragon"" Hand Forged Katana In Clay Tempered 1095 HCS",Default Title,BS310133KCT,4,663.32,0,0,663.32,132.68,796,260.56,663.32
2026-08,DEADPOOL - Gold Desert Eagle,Default Title,G1123/L,8,660,-8.33,0,651.67,130.33,782,492.64,651.67
2026-08,Lord Of The Rings - Officially Licensed United Cutlery Anduril Scabbard,Default Title,UC-UC1396,3,649.86,-3.74,0,646.12,129.24,775.36,428.43,646.12
2026-08,God Of War - Ragnarok Leviathan Axe with Glow In The Dark Runes,Default Title,AM224,4,649.99,-12.49,0,637.5,127.5,765,628.6,637.5
2026-08,Valyrian Steel Game of Thrones - House Tarly Heartsbane Sword,Default Title,VS-VS0124,2,641.66,-8.33,0,633.33,126.67,760,484.68,633.33
2026-08,Red Dead Redemption - Colt Navy (Bronze),Default Title,BG010131,18,719.98,-55.56,-37.5,626.92,125.39,752.31,288,626.92
2026-08,Lord Of The Rings - Deluxe Gandalf's Glamdring Sword,Default Title,JOT096C,7,635.8,-14.86,0,620.94,124.21,745.15,203.14,620.94
2026-08,Star Trek - Deluxe Klingon Bat'Leth,Default Title,VX221440,5,625,-8.33,0,616.67,123.33,740,240,616.67
2026-08,Lord Of The Rings - United Cutlery Officially Licensed Horn of Gondor,Default Title,UC-UC3455,3,624.96,-20.82,0,604.14,120.84,724.98,402.9,604.14
2026-08,"Jujutsu Kaisen - Deluxe Inverted Spear of Heaven, Cursed Dagger From Fushiguro Toji",Default Title,AM210,9,592.47,0,0,592.47,118.53,711,327.42,592.47
2026-08,"M1911A1 Colt ""Military"" USA Service Pistol (Black/Black)",Default Title,G1312,6,700,-8.33,-100,591.67,118.33,710,433.44,591.67
2026-08,House Of The Dragon - Officially Licensed Valyrian Steel Dark Sister Sword Of Daemon Targaryen,Default Title,VS-VS0128,2,598.33,-8.33,0,590,118,708,412.5,590
2026-08,CALL OF DUTY - German WWII MP40 Sub-Machine Gun 1940,Default Title,G1111C,3,587.49,-8.33,0,579.16,115.84,695,333.69,579.16
2026-08,Kill Bill - Hattori Hanzo Triple Set Display Katana (Straight Blade),Default Title,VX221700,10,747.5,-8.33,-164.17,575,115,690,390,575
2026-08,Lord Of The Rings - United Cutlery Officially Licensed Knives Of Legolas,Default Title,UC-UC1372,2,581.66,-8.33,0,573.33,114.67,688,382.82,573.33
2026-08,"""Yuhi Senshi"" Traditional Hand Forged Katana in 1020 HCS",Default Title,SW446,8,593.33,-24.99,0,568.34,113.66,682,288,568.34
2026-08,Lord Of The Rings - Deluxe Handforged Damascus Steel Strider Sword,Default Title,JOT034FD,3,562.5,-8.33,0,554.17,110.83,665,249,554.17
2026-08,Lord Of The Rings - United Cutlery Officially Licensed Glamdring,Default Title,UC-UC1265,2,548.33,-8.33,0,540,108,648,348.12,540
2026-08,Wells Fargo Stagecoach Defender - Double Barrel  Wyatt Earp Shotgun Pistol / Sawn-Off with Brass Action- USA 1868,Default Title,G1113,4,533.32,0,0,533.32,106.68,640,345.16,533.32
2026-08,"Browning ""High Power"" Hp35 - British Army Service Pistol 1935-2013",Default Title,G1235,5,541.65,-8.33,0,533.32,106.68,640,306.25,533.32
2026-08,Final Fantasy VII - Cloud's Strife Buster Sword,Default Title,VX221043,3,696.68,0,-174.17,522.51,104.49,627,199.68,522.51
2026-08,Deadpool Vs Wolverine Display (Straight) Katana Pair and Harness,Default Title,BS112166,9,517.49,-7.91,0,509.58,101.92,611.5,279,509.58
2026-08,The Lord Of The Rings - Deluxe Legolas' Twin Daggers,Default Title,JOT047A,6,495,0,0,495,99,594,213.24,495
2026-08,The Walking Dead - Neagan's Lucille,Default Title,BS310616,8,562.5,-14.58,-56.25,491.67,98.33,590,216,491.67
2026-08,Lord Of The Rings - United Cutlery Officially Licensed Sting Sword,Default Title,UC1264,2,498.33,-8.33,0,490,98,588,215.02,490
2026-08,"The Last Kingdom - Uhtred ""Serpents Breath"" Sword",Default Title,VX221682-2,5,495.84,-8.33,0,487.51,97.49,585,195,487.51
2026-08,"Deluxe ""Warrior's Rage"" (Red) Hand Forged Katana In Clay Tempered 1060 HCS",Default Title,BS310161RCT,3,497.49,-16.58,0,480.91,96.19,577.1,282,480.91
2026-08,Kreigsmessers Sword,Default Title,CS-SW-KGM,1,470.79,0,0,470.79,94.16,564.95,313.76,470.79
2026-08,Ghost Of Tsushima - Jin Sakai Storm Hand Forged Clay Tempered Katana,Default Title,VX221717-L-CT,3,812.5,-24.58,-325,462.92,92.58,555.5,89.07,462.92
2026-08,James Bond Walther PPK,Default Title,G1277,5,458.35,0,0,458.35,91.65,550,282.65,458.35
2026-08,Witcher IV - Ciri's Sword,Default Title,VX221107,4,463.32,-8.33,0,454.99,91.01,546,0,0
2026-08,Valyrian Steel King Arthur: Legend of the Sword - Excalibur Damascus,Default Title,VS-RT0001D,1,454.17,0,0,454.17,90.83,545,309.38,454.17
2026-08,Loki's Sceptre - 1:1 Metal Version,Default Title,BS110897,2,458.33,-8.33,0,450,90,540,296.44,450
2026-08,Factory Entertainment ThunderCats Sword of Omens & Claw Shield Scaled Prop Replica Set,Default Title,FE-408855,8,466.64,-16.66,0,449.98,90.02,540,310.64,449.98
2026-08,God Of War - Deluxe Ragnarok Chaos Blades,Default Title,MS036,3,462.5,-15.41,0,447.09,89.41,536.5,154.95,447.09
2026-08,Conan The Barbarian / Stranger Things - Atlantean Sword,Default Title,BS014659,5,454.15,-12.87,0,441.28,88.27,529.55,260,441.28
2026-08,Vikings - Deluxe Sword Of Kings,Default Title,VX221085,5,454.15,-14.9,0,439.25,87.86,527.11,285.4,439.25
2026-08,"""Kogarashi"" Clay Tempered Hand Forged Katana",Default Title,BS111136CT,3,437.49,0,0,437.49,87.51,525,159.39,437.49
2026-08,Tommy Gun - M1 Submachine Gun,Default Title,G1092,2,431.66,0,0,431.66,86.34,518,306.88,431.66
2026-08,"The Lord Of The Rings - Deluxe Sting (80cm, W/ Display Plaque & Sheath)",Default Title,VX221042S,6,444.99,-18.29,0,426.7,85.34,512.04,186,426.7
2026-08,CALL OF DUTY - USSR WWII PPSH-41 Submachine Gun 1941,Default Title,G9301,2,425,0,0,425,85,510,297.94,425
2026-08,Thor's Mjolnir - Full Metal,Default Title,BS310623,2,415,0,0,415,83,498,271.76,415
2026-08,AKS47 - Kalashnikov Skladnoy With Folding Stock,Default Title,G1097,2,415,0,0,415,83,498,322.2,415
2026-08,Lord Of The Rings - Deluxe Witch King Of Angmar Sword,Default Title,vx221047,5,412.5,0,0,412.5,82.5,495,162.5,412.5
2026-08,Highlander - Kurgan's Sword (Full Metal),Default Title,BS310522,3,412.5,-4.5,0,408,81.6,489.6,99.81,408
2026-08,Lord Of The Rings - United Cutlery Officially Licensed Mace Of Sauron Red Eye Edition,Default Title,UC-UC3520,1,407.5,0,0,407.5,81.5,489,269.19,407.5
2026-08,"M1 Garand USA WWII 1932 ""Battleworn Edition""",Default Title,G2105,2,415,-8.33,0,406.67,81.33,488,317.68,406.67
2026-08,Lord Of The Rings - Eowyn Shieldmaiden of Rohan Sword,Default Title,BS310991,5,412.5,-8.33,0,404.17,80.83,485,127.15,404.17
2026-08,Wells Fargo Stagecoach Defender - Double Barrel Wyatt Earp Shotgun Pistol / Sawn-Off - USA 1868,Default Title,G1114,3,399.99,0,0,399.99,80.01,480,258.87,399.99
2026-08,Nightmare On Elm Street3: Dream Warriors - Official Life Size (Metal) Freddy Glove Prop Replica,Default Title,39763,3,397.5,0,0,397.5,79.5,477,234,397.5
2026-08,Colt Army Model 1860 USA Civil War 1860 - Clint Eastwood,Default Title,G1007/L,5,475.02,0,-79.17,395.85,79.15,475,267.9,395.85
2026-08,CALL OF DUTY - German WWII MG34 Machine Gun 1934 with Gunsight and Sling,Default Title,G9317,1,395.83,0,0,395.83,79.17,475,265.39,395.83
2026-08,Game of Thrones/House Of The Dragon - King Viserys' Valeryian Steel Dagger and Arya's Catspaw,Default Title,HK8764GS,6,394.98,0,0,394.98,79.02,474,84,394.98
2026-08,Lord Of The Rings - Deluxe Anduril With Display Plaque,Default Title,VX221044-S,3,397.5,-4.95,0,392.55,78.51,471.06,126,392.55
2026-08,"Lord Of The Rings - Anduril, The Sword Reforged Display Scale (118cm)",Default Title,VX221044-3,4,396.67,-8.33,0,388.34,77.66,466,67.84,388.34
2026-08,The Witcher III - Geralt's Steel Sword (Mace Pommel),Default Title,BS110614,4,396.67,-8.33,0,388.34,77.66,466,142,388.34
2026-08,Once Upon A Time - Rumplestiltskin's Dark One Dagger,Default Title,AM030,9,460,-71.93,0,388.07,77.61,465.68,139.5,388.07
2026-08,Thundercats - Sword of Omens (New Version),Default Title,VX221852,4,396.66,-13.87,0,382.79,76.56,459.35,99.96,382.79
2026-08,Rick's Colt Python - The Walking Dead,Default Title,G6304,4,495.84,-15.73,-99.17,380.94,76.18,457.12,236.72,380.94
2026-08,Final Fantasy VIII - NEW Superior Squall Gunblade,Default Title,VX221148,3,375,0,0,375,75,450,111,375
2026-08,Officially Licensed Valyrian Steel King Viserys and Arya's Blade in True Damascus Steel,Full Purchase (£449,VS-VS0118D-2,1,374.16,0,0,374.16,74.83,448.99,256.16,374.16
2026-08,"""Hikarimuji"" Hand Forged Katana",Default Title,SW455,5,370.85,0,0,370.85,74.15,445,180,370.85
2026-08,"Ghost Of Tsushima - Jin Sakai ""Storm"" Display (Straight Blade) Katana",Default Title,BS310907,7,517.49,-40.87,-107.44,369.18,73.82,443,82.95,369.18
2026-08,"""The Gun That Won The West"" Winchester '73 Repeating Rifle (Black, Engraved Gold) with Ejecting Dummy Rounds - USA 1873",Default Title,G5324,2,374.99,-7.81,0,367.18,73.44,440.62,217.5,367.18
2026-08,Neon Genesis Evangelion - Eva Spear Of Longinus (Full Metal),Default Title,AM200,2,375,-8.33,0,366.67,73.33,440,211.7,366.67
2026-08,Ghost of Yotei - Lone Wolf Display (Straight) Katana,Default Title,VX221795,9,367.46,-4.16,0,363.3,72.69,435.99,93.42,363.3
2026-08,Italian Long Sword,Default Title,CS-88ITS,1,357.5,0,0,357.5,71.5,429,236.53,357.5
2026-08,"Webley Mk IV - Indiana Jones, Torchwood, Peaky Blinders",Default Title,G1119,5,354.15,0,0,354.15,70.85,425,209.45,354.15
2026-08,"The Lord Of The Rings - Deluxe Sting (80cm, W/ Display Plaque)",Default Title,VX221042,6,437.5,-24.99,-62.5,350.01,69.99,420,186,350.01
2026-08,Highlander - Connor Macleod Display (Straight Blade) Katana,Default Title,BS111044,6,345,0,0,345,69,414,63.72,345
2026-08,Bloodborne - Holy Moonlight Greatsword,Default Title,BS112003,3,350,-8.33,0,341.67,68.33,410,380.76,341.67
2026-08,"""Warrior's Demise"" 1095 Clay Tempered Katana",Default Title,BS310158CT,1,332.5,0,0,332.5,66.5,399,61.07,332.5
2026-08,Hanwei Claymore,Default Title,HW-SH2060,1,332.5,0,0,332.5,66.5,399,278.53,332.5
2026-08,Scimitar,Default Title,CS-88SYS,1,332.5,0,0,332.5,66.5,399,223.27,332.5
2026-08,"Kill Bill - Deluxe ""O-Ren Ishii"" Hand Forged Shirasaya in Clay Tempered HCS",Default Title,bs011024-orenCT,2,331.66,0,0,331.66,66.34,398,96.58,331.66
2026-08,Wyatt Earp Double Barrel Shotgun Display Replica USA 1868,Default Title,G1115,2,325,0,0,325,65,390,172.58,325
2026-08,Elden Ring - Claymore Greatsword,Default Title,VX221635,2,325,0,0,325,65,390,92.44,325
2026-08,Lord Of The Rings - Theodred Prince of Rohan Sword,Default Title,BS310992,4,330,-8.33,0,321.67,64.33,386,101.72,321.67
2026-08,Game of Thrones - Valyrian Steel Ned Starks Ice (Book Version),Default Title,VS-VS0003,1,319.12,0,0,319.12,63.83,382.95,227.7,319.12
2026-08,Highlander Endgame - Duncan MacLeod Clay Tempered Hand Forged Katana,Default Title,VX221179-CT,2,325,-8.33,0,316.67,63.33,380,118.16,316.67
2026-08,Dark Souls - Great Sword Of Artorias (140cm Deluxe Edition),Default Title,VX221075-L,2,325,-8.33,0,316.67,63.33,380,73.92,316.67
2026-08,Assassin's Creed Valhalla - Eivor's Axes (Full Metal),Default Title,AM052MT,3,312.51,0,0,312.51,62.49,375,180.42,312.51
2026-08,Viserys' Blackfyre (TV Show Version),Default Title,VX221092,4,412.5,-20.44,-82.5,309.56,61.9,371.46,141.36,309.56
2026-08,Lord Of The Rings - United Cutlery Officially Licensed Spear of Eomer,Default Title,UC-UC3508,1,307.5,0,0,307.5,61.5,369,204.91,307.5
2026-08,Sten MkII British SMG - 1940,Default Title,G1148,2,300,0,0,300,60,360,185.72,300
2026-08,Supernatural - Deluxe Ruby's Demon Killing Blade,Default Title,HK8513A,6,300,0,0,300,60,360,81,300
2026-08,Hanwei Celtic Sword,Default Title,HW-SH2370,1,307.5,-8.33,0,299.17,59.83,359,254.8,299.17
2026-08,"Colt ""Deputy"" Single Action Army 5.5"" (Black)",Default Title,G1106N,4,300,-8.33,0,291.67,58.33,350,161.64,291.67
2026-08,Talwar - Improved Handle,Default Title,CS-88EITB,1,290.83,0,0,290.83,58.17,349,193.06,290.83
2026-08,Lord Of The Rings - Officially Licensed United Cutlery Hadhafang Sword,Default Title,UC-UC1298,1,290.83,0,0,290.83,58.17,349,178.28,290.83
2026-08,Valyrian Steel Game of Thrones - Longclaw Sword of Jon Snow,Default Title,VS-VS0106,1,290.83,0,0,290.83,58.17,349,190.78,290.83
2026-08,The Lord Of The Rings - Deluxe Boromir Sword,Default Title,JOT075C,3,297.5,-8.33,0,289.17,57.83,347,146.88,289.17
2026-08,Demon Slayer - Kyojuro Rengoku Red Nichirin Display (Straight Blade) Katana,Default Title,BS111053,7,285.81,-3.21,0,282.6,56.54,339.14,121.52,282.6
2026-08,Dragon King - Chinese Kongu jian,Default Title,,1,282.5,0,0,282.5,56.5,339,515.31,282.5
2026-08,Ghost of Yotei - Gilded Night Display (Straight) Katana,Default Title,BW310123BK,7,285.8,-3.45,0,282.35,56.5,338.85,92.26,282.35
2026-08,"Predator - 1:4 Scale Predator jungle Hunter with LED Lights (19"")",Default Title,51527,2,281.66,0,0,281.66,56.34,338,235.08,281.66
2026-08,JAMES BOND - Walther PPK in Nickel,Default Title,G1277NQ,3,275.01,0,0,275.01,54.99,330,171.96,275.01
2026-08,The Last Kingdom – Officially Licensed Valyrian Steel Serpent Breath Sword of Uhtred,Default Title,VS-LK0001,1,565,-8.33,-282.5,274.17,54.83,329,185.63,274.17
2026-08,The Hobbit - Officially Licensed United Cutlery Sword Of Thranduil,Default Title,UC-UC3042,1,274.17,0,0,274.17,54.83,329,156.73,274.17
2026-08,Genuine Leather Holster and Cartridge Belt For Single Revolver,Default Title,G703,3,272.49,0,0,272.49,54.51,327,163.74,272.49
2026-08,LORD OF THE RINGS - NEW AND IMPROVED Deluxe King Theoden's Herugrim Sword,Default Title,vx221084,3,272.49,0,0,272.49,54.51,327,72,272.49
2026-08,GAME OF THRONES - Arya's Needle With Plaque And Scabbard,Default Title,BS310330,3,272.49,0,0,272.49,54.51,327,103.56,272.49
2026-08,The Witcher III - Geralt's Steel Sword (Wolf Pommel),Default Title,BS110616,3,363.31,-3.65,-90.83,268.83,53.78,322.61,82.5,268.83
2026-08,1796 Light Cavalry Sabre (Wood/Leather Scabbard),Default Title,CS-88S,1,265.83,0,0,265.83,53.17,319,178.6,265.83
2026-08,The Hobbit - United Cutlery Officially Licensed Staff of Gandalf Gray with Pipe and Display,Default Title,UC3108,1,265.83,0,0,265.83,53.17,319,0,0
2026-08,Valyrian Steel Game of Thrones - Lannister Shield,Default Title,VS-VS0115,1,265.83,0,0,265.83,53.17,319,180.37,265.83
2026-08,"Deluxe ""Karoshi"" Clay Tempered Hand Forged Tanto In 1095 HCS",Default Title,BS111137TCT,2,265,0,0,265,53,318,114.84,265
2026-08,Game of Thrones - Official Drogon Statuette,Default Title,B7028M25,4,263.32,0,0,263.32,52.68,316,150,263.32
2026-08,Lord Of The Rings - United Cutlery Officially Licensed King Theoden Herugrim Sword,Default Title,UC-UC1370ABNB,1,287.5,-28.75,0,258.75,51.75,310.5,174.08,258.75
2026-08,Sekiro: Shadows Die Twice - Black Mortal Blade Hand Forged Clay Tempered Katana,Default Title,VX221640-CT,2,266.66,-7.98,0,258.68,51.74,310.42,67.58,258.68
2026-08,"""Naoshima"" - Hand Forged Katana in 1060 HCS",Default Title,BS111122,2,250,0,0,250,50,300,142.22,250
2026-08,Star Wars - Empire Strikes Back Hot Toys 1/6 Han Solo,Default Title,,1,249.17,0,0,249.17,49.83,299,378,249.17
2026-08,Evil Dead 2 - Official Life Size Kandarian Dagger Prop,Default Title,RLSC103,2,248.34,0,0,248.34,49.66,298,191.88,248.34
2026-08,Thundercats - Sword Of Omens Dagger Eye Of Thundera,Default Title,AM140-1,7,262.48,-14.91,0,247.57,49.52,297.09,83.79,247.57
2026-08,M1911A1 Colt 'Mission Accomplished' Pistol (Gold Finish),Default Title,G5312,3,247.49,0,0,247.49,49.5,296.99,207,247.49
2026-08,Valyrian Steel King Arthur: Legend of the Sword - Excalibur,Default Title,VS-RT0001,1,245.83,0,0,245.83,49.17,295,170.16,245.83
2026-08,Ghost Of Yotei - Gilded Day Display (Straight) Katana,Default Title,VX221827-2-b,6,285.81,-5.52,-40.83,239.46,47.91,287.37,79.08,239.46
2026-08,Assassin's Creed - Sword Of Altair,Default Title,BS015335,3,247.5,-8.33,0,239.17,47.83,287,93,239.17
2026-08,Demon Slayer - Muichiro Tokito White Nichirin Display (Straight Blade) Katana,Default Title,BS111060,6,244.97,-7.36,0,237.61,47.54,285.15,104.16,237.61
2026-08,Honshu Historic Forge - Midnight Single Hand Sword,Default Title,UC-UC3475,1,237.5,0,0,237.5,47.5,285,159.97,237.5
2026-08,Baldur's Gate 3 - Selune Spear of Night (188cm),Default Title,BS112120,2,248.32,-13.14,0,235.18,47.04,282.22,104.52,235.18
2026-08,CALL OF DUTY - German WWII Sturmgewehr STG44 Assault Rifle 1943,Default Title,G1125/C,1,233.33,0,0,233.33,46.67,280,148.47,233.33
2026-08,Kingston Arms Tourney Hand-and-a-Half Sword (Blunt),Default Title,KA-SM36040,1,240.83,-8.33,0,232.5,46.5,279,198.95,232.5
2026-08,Highlander - Deluxe Clan Macleod Claymore,Default Title,BS012637,2,233.33,-3.83,0,229.5,45.9,275.4,47.48,229.5
2026-08,Lord Of The Rings - Sauron's Helmet (Resin),Default Title,BG011954,2,233.34,-4.5,0,228.84,45.76,274.6,119.54,228.84
2026-08,Colt Calibre .45 'Cavalry' Single Action Army (Grey Finish),Default Title,G1191G,3,225,0,0,225,45,270,107.58,225
2026-08,Tzss Cosplay Horde Membership,Default Title,,35,304.91,-80,0,224.91,45.09,270,0,0
2026-08,Napoleon Flintlock Double Cannon - France 1806,Default Title,G1026,3,222.51,0,0,222.51,44.49,267,152.82,222.51
2026-08,Deluxe Metal Iron Man Infinity Gauntlet,Default Title,AW010GS,1,220.83,0,0,220.83,44.17,265,96,220.83
2026-08,GLADIATOR - Roman Spatha Gladius,Default Title,HK819R,2,216.66,0,0,216.66,43.34,260,63.98,216.66
2026-08,Beretta 92 / Us Military M9,Default Title,G1254,2,324.99,0,-108.33,216.66,43.34,260,158.26,216.66
2026-08,Hanwei Hero's Double Bladed Axe,Default Title,HW-XH1074,1,215.83,0,0,215.83,43.17,259,173.82,215.83
2026-08,Loki - Laevateinn Dagger,Default Title,AM090,9,217.49,-5.54,0,211.95,42.38,254.33,108,211.95
2026-08,Iron Man - Deluxe Nanogauntlet (Full Metal),Default Title,AW010GS,1,208.33,0,0,208.33,41.67,250,0,0
2026-08,Iron Man - Mk1 Helmet Display (Full Metal),Default Title,BG011610,1,208.33,0,0,208.33,41.67,250,93,208.33
2026-08,Lord Of The Rings - Arwen Evenstar Sterling Silver and Swarovski Crystal Pendant,Default Title,NN2770,2,216.66,-8.33,0,208.33,41.67,250,150.5,208.33
2026-08,The Last Samurai - Display (Straight) Katana (Black Blade),Default Title,VX221706,5,204.15,0,0,204.15,40.85,245,47.45,204.15
2026-08,Knife Pistol - 18th Century,Default Title,G1204,5,204.15,0,0,204.15,40.85,245,132,204.15
2026-08,"Dragons of the Seven Kingdoms - Hizashi Dragon Display Katana (Metal, Straight Blade)",Default Title,BS015135-7,5,204.15,0,0,204.15,40.85,245,71,204.15
2026-08,"Mauser C96 ""Broomhandle"" Pistol",Default Title,G1024,2,200,0,0,200,40,240,99.88,200
2026-08,Final Fantasy VIII - Squall Gunblade,Default Title,SW771,2,200,0,0,200,40,240,74,200
2026-08,Attack On Titan VME Sword (Silver Blade),Default Title,HK8265,2,200,0,0,200,40,240,44.26,200
2026-08,".357 Python Magnum 8"" - Call Of Duty, Resident Evil, Pulp Fiction",Default Title,G1061,2,200,0,0,200,40,240,112.06,200
2026-08,Kingdom Come - Sir Radzig Deliverance,Default Title,BS310978,2,208.33,-8.33,0,200,40,240,49.92,200
2026-08,Star Trek - Klingon Bat'Leth (Cosplay Safe Foam),Default Title,VX221440-PU,6,199.98,0,0,199.98,40.02,240,48.66,199.98
2026-08,Final Fantasy VII (Remake) - Upgraded Cloud's Strife Buster Sword,Default Title,AM256,1,207.5,-8.33,0,199.17,39.83,239,68.74,199.17
2026-08,Legends Of Zelda - NEW Ultimate Edition Master Sword,Default Title,VX221076,1,207.5,-8.33,0,199.17,39.83,239,62.14,199.17
2026-08,Lord Of The Rings - NEW AND IMPROVED Gimli's Walking Axe,Default Title,VX221071,2,198.34,0,0,198.34,39.66,238,76,198.34
2026-08,Vikings - Ragnar's Sword,Default Title,MS065,2,198.34,0,0,198.34,39.66,238,86,198.34
2026-08,KPop Demon Hunters - Rumi's Saingeom Four-Tiger Sword (105cm),Default Title,VX221689,2,198.34,0,0,198.34,39.66,238,44.52,198.34
2026-08,Alice In Darkness - Vorpal Blade,Default Title,HK1043,5,204.14,-6,0,198.14,39.65,237.79,47.75,198.14
2026-08,Highlander - Connor Macleod Triple Set Display Katana (Straight Blade),Default Title,VX221694-1,3,197.49,0,0,197.49,39.51,237,118.53,197.49
2026-08,Demon Slayer - Tanjiro Kamado Fire Breath Black Nichirin Display (Straight Blade) Katana,Default Title,BS310686,5,244.97,-7.29,-40.83,196.85,39.39,236.24,91.25,196.85
2026-08,M1 Carbine USA 1941,Default Title,G1120C,1,195.83,0,0,195.83,39.17,235,117.23,195.83
2026-08,The Lord Of The Rings - Officially Licensed One Ring Lamp,Default Title,LAMP007,5,208.27,-13.12,0,195.15,39.04,234.19,104.15,195.15
2026-08,Cold Steel AK-47 Field Knife Fixed Blade Knife,Default Title,CS-14AKA,1,191.67,0,0,191.67,38.33,230,124.37,191.67
2026-08,"Kill Bill - Deluxe ""The Bride"" (Uma Thurman) Hatori Hanzo Hand Forged Katana In Clay Tempered HCS",Default Title,bs011024-brideCT,1,190.83,0,0,190.83,38.17,229,46.7,190.83
2026-08,Lord Of The Rings - United Cutlery Officially Licensed Glamdring Scabbard Blue,Default Title,UC-UC1417BL,1,190.83,0,0,190.83,38.17,229,129.13,190.83
2026-08,Assassin's Creed Black Flag Resynced - Official Animus Edward Kenway 1:8 Scale Statue,Default Title,,2,198.33,-8.33,0,190,38,228,104.6,190
2026-08,Baldur's Gate 3 - Orin Bloodthirst Dagger,Default Title,BS112121,3,197.49,-8.33,0,189.16,37.84,227,63.39,189.16
2026-08,Black Myth Wukong - Wukong Staff (Metal),Default Title,AM246X,1,187.5,0,0,187.5,37.5,225,37.2,187.5
2026-08,Ghost of Tsushima - Tagenashima Matchlock Rifle 1800,Default Title,G1274,1,183.33,0,0,183.33,36.67,220,99,183.33
2026-08,Justice League - Official Batarang Replica,Default Title,NN3200,4,183.32,0,0,183.32,36.68,220,122.24,183.32
2026-08,"Deluxe ""Suteta Ken"" Clay Tempered Hand Forged Katana",Default Title,BS310365CT,1,182.5,0,0,182.5,36.5,219,67.75,182.5
2026-08,Transformers - Optimus Prime's Sword Of The Primus,Default Title,BS016754,1,190.83,-8.33,0,182.5,36.5,219,80,182.5
2026-08,Devil May Cry - Dante's Rebellion,Default Title,HK213R,2,181.66,0,0,181.66,36.34,218,67,181.66
2026-08,Kingdom Hearts - Kingdom Key,Default Title,BS014612,4,183.32,-8.33,0,174.99,35.01,210,80,174.99
2026-08,Lord Of The Rings - United Cutlery Officially Licensed Sting Sword With Plaque from The Hobbit,Default Title,UC2892,1,348.34,0,-174.17,174.17,34.83,209,111.58,174.17
2026-08,"""Brown Bess"" Short Land Pattern Musket British Napoleonic War Rifle - England 1712",Default Title,G1054,1,182.5,-8.33,0,174.17,34.83,209,110.1,174.17
2026-08,"""Shibui"" 1095 Golden Damascus Steel Clay Tempered Katana",Default Title,BS111133,1,165.83,0,0,165.83,33.17,199,91.74,165.83
2026-08,Layaway Deposit Only – Official Dark Sister Sword Limited Edition,Default Title,DEP-FE-408246,1,165.83,0,0,165.83,33.17,199,453.1,165.83
2026-08,"Deluxe ""Warrior's Rage"" (Black) Hand Forged Katana In Clay Tempered 1060 HCS",Default Title,BS310161BKCT,1,331.66,0,-165.83,165.83,33.17,199,94,165.83
2026-08,Troy - Trojan Myrmidon Helmet,Default Title,AH6120,2,165,0,0,165,33,198,105.26,165
2026-08,Superman - Purearts DC Heroes Superman 1:8 Statue,Default Title,PA001SU,2,165,0,0,165,33,198,118.98,165
2026-08,Blade - Sword Of The Daywalker,Default Title,BS014177,2,165,0,0,165,33,198,65.46,165
2026-08,Solo Leveling - Demon King's Long Sword 🔞,Default Title,,2,165,0,0,165,33,198,0,0
2026-08,Devil May Cry 5 - Vergil's Yamato Display (Straight Blade) Katana,Default Title,VX221228,3,172.5,-8.33,0,164.17,32.83,197,31.65,164.17
2026-08,Marvel Rivals - Psylocke Display (Straight) Katana,Default Title,BS310952,4,163.33,0,0,163.33,32.67,196,64.84,163.33
2026-08,Percussion Pistol - Italy 1825,Default Title,G1013G,4,163.32,0,0,163.32,32.68,196,115.84,163.32
2026-08,Pirate Flintlock Boarding Pistol - 18th Century,Default Title,G1012,3,162.51,0,0,162.51,32.49,195,113.25,162.51
2026-08,Dark Souls - Greatsword of Artorias V2,Default Title,VX221075-O,1,162.5,0,0,162.5,32.5,195,44.05,162.5
2026-08,KPop Demon Hunters - Mira's Gok-Do Curved Moon Sword (162cm),Default Title,VX221688,1,162.5,0,0,162.5,32.5,195,50.44,162.5
2026-08,Legend Of Zelda - Deluxe Hylian Shield (Full Metal),Default Title,VX221048,1,162.5,0,0,162.5,32.5,195,102.43,162.5
2026-08,The Walking Dead - Michonne Hand Forged Clay Tempered Katana,Default Title,VX221594,1,162.5,0,0,162.5,32.5,195,62.57,162.5
2026-08,The Bastard Snow's Sword - Hand Forged Folded Steel (Damascus),Default Title,JOT5909FD,1,162.5,0,0,162.5,32.5,195,75.35,162.5
2026-08,World of Warcraft - Royal King's Guard Sword,Default Title,bs310342,1,162.5,0,0,162.5,32.5,195,111.47,162.5
2026-08,World of Warcraft - Sword of King Llane Wrynn,Default Title,,1,162.5,0,0,162.5,32.5,195,111.47,162.5
2026-08,"The Witcher - Deluxe Handforged Geralt's Steel Sword (Damascus Steel, Wolf Pommel)",Default Title,HK9320HF,1,162.5,0,0,162.5,32.5,195,118,162.5
2026-08,Game Of Thrones - Heartsbane of House Tarly,Default Title,BS310739,2,164.99,-3.45,0,161.54,32.31,193.85,62,161.54
2026-08,Dungeons & Dragons - Drizzt Do'Urden Twinkle Sword,Default Title,,2,247.49,-4.16,-82.5,160.83,32.17,193,0,0
2026-08,Assassin's Creed Odyssey - Leonidas' Spear,Default Title,BS110866,2,158.34,0,0,158.34,31.66,190,85.06,158.34
2026-08,"Colt Single Action Army ""Quickdraw"" (Black) Gift Set with Dummy Rounds",Default Title,G1-1186N,2,158.34,0,0,158.34,31.66,190,82.22,158.34
2026-08,God Of War - Chaos Blades of Athena,Default Title,BS112016,1,162.49,-4.16,0,158.33,31.67,190,36.92,158.33
2026-08,Once Upon A Time - Excalibur,Default Title,VX221219,2,165,-7.23,0,157.77,31.55,189.32,36.6,157.77
2026-08,Goosebumps - Slappy Official Full Size Puppet Prop Replica,Default Title,TTSP115,1,331.66,-16.66,-157.5,157.5,31.5,189,120,157.5
2026-08,Rondel Dagger,Default Title,CS-88HRDL,1,157.5,0,0,157.5,31.5,189,103.77,157.5
2026-08,"The Witcher - Deluxe Handforged Geralt's Steel Sword (Damascus, Mace Pommel)",Default Title,HK9320BHF,1,162.5,-8.33,0,154.17,30.83,185,118,154.17
2026-08,LORD OF THE RINGS - Deluxe Strider Ranger Sword,Default Title,BS011222,1,154.16,-3.4,0,150.76,30.15,180.91,78.91,150.76
2026-08,"Colt Single Action Army 5.5"" (Gunmetal, Black) - USA 1873",Default Title,G1108G,2,150,0,0,150,30,180,65.36,150
2026-08,300 - Leonidas Sword (Black),Default Title,,3,150,0,0,150,30,180,54,150
2026-08,Game Of Thrones - Official Drogon Egg,Default Title,NN0030,4,150,0,0,150,30,180,103.2,150
2026-08,"Colt Single Action Army 4.75"" (Black) - USA 1873",Default Title,G1186N,2,150,0,0,150,30,180,72.52,150
2026-08,Red Dead Redemption - Colt Navy (Gunmetal Grey),Default Title,BG010131-2,4,262.49,-6.81,-105.68,150,30,180,64,150
2026-08,Cold Steel Mini Wasp Fixed Blade Knife,Default Title,CS-FX-40WSP,1,150,0,0,150,30,180,97,150
2026-08,Hanwei Early Dirk - Reintroduced,Default Title,HW-SH2363,1,149.17,0,0,149.17,29.83,179,124.96,149.17
2026-08,One Piece - Roronoa Zoro's Sandai Kitetsu Display (Straight Blade) Katana,Default Title,HK9413,3,165.82,-16.66,0,149.16,29.84,179,32.88,149.16
2026-08,Legend Of Zelda - Tears Of The Kingdom Broken Master Sword,Default Title,AM160,2,165,-16.5,0,148.5,29.7,178.2,68.58,148.5
2026-08,Red Dawn - Hand-forged Tanto,Default Title,BS310913,2,148.34,0,0,148.34,29.66,178,50.6,148.34
2026-08,Sekiro - White Lotus Sword - Genichiro Ashina Mortal Blade Display (Straight Blade) Katana,Default Title,,3,147.51,0,0,147.51,29.49,177,44.55,147.51
2026-08,"Mauser C96 ""Broomhandle"" Pistol with Removable Stock Holster",Default Title,G1025,1,291.65,-24.99,-120.83,145.83,29.17,175,185.32,145.83
2026-08,Harry Potter - Officially Licensed Godric Gryffindor Sword,Default Title,NN7198,1,154.16,-8.33,0,145.83,29.17,175,120.93,145.83
2026-08,Supernatural - Bobby's Colt .45,Default Title,G1109/L,2,150,-7.5,0,142.5,28.5,171,88.9,142.5
2026-08,The Hobbit - Sting With Scabbard And Display Plaque (70cm),Default Title,VX221040,3,147.5,-5.23,0,142.27,28.45,170.72,42,142.27
2026-08,Cold Steel Rajah II Kukri Folding Knife,Default Title,CS-62JL,1,141.67,0,0,141.67,28.33,170,92.03,141.67
2026-08,Cold Steel Perfect Balance Throwing Axe Set,Default Title,CS-TH-175AX3PK,2,141.66,0,0,141.66,28.34,170,92.08,141.66
2026-08,"Alien – Official Ultimate 40th Anniversary Big Chap 1:4 Scale 18"" Action Figure",Default Title,51598,1,140.83,0,0,140.83,28.17,169,98.35,140.83
2026-08,Dummy Rounds For Colt Single Action Army 6 Pack,Default Title,G50,17,141.47,-0.82,0,140.65,28.19,168.84,17,140.65
2026-08,'Silver Dragon' Display (Straight) Replica Katana Triple Set,Default Title,BS310918,2,148.32,-8.33,0,139.99,28,167.99,38.54,139.99
2026-08,One Piece - Roronoa Zoro Display (Straight) Katana Enma,Default Title,BS310702,3,147.5,-8.33,0,139.17,27.83,167,44.91,139.17
2026-08,"Demon Slayer - Kyojuro Rengoku Nichirin Display (Metal, Straight Blade) Katana with Light Up Blade",Default Title,BS310860,3,147.5,-8.33,0,139.17,27.83,167,63,139.17
2026-08,Sword Art Online - Kirito Elucidator - Cosplay Safe Wood,Default Title,WD183,8,133.36,0,0,133.36,26.64,160,102.32,133.36
2026-08,"Lord Of The Rings - NEW AND IMPROVED Morgul Dagger with Tainted Blade, Plaque and Sheath",Default Title,vx221143,2,141.66,-8.33,0,133.33,26.67,160,35.7,133.33
2026-08,Moon Knight - Crescent Dart - Full Metal (Silver),Default Title,AM127CMT-1,3,137.49,-4.58,0,132.91,26.59,159.5,57.36,132.91
2026-08,"""Koyo"" Clay Tempered Hand Forged Katana",Default Title,BS111055CT,1,140.83,-8.33,0,132.5,26.5,159,43.58,132.5
2026-08,Dune - Officially Licensed United Cutlery DUNCAN IDAHO ATREIDES SWORD,Default Title,UC-UC3606,1,132.5,0,0,132.5,26.5,159,81.72,132.5
2026-08,SKYRIM - Warhammer (Full Metal),Default Title,AM241,1,132.5,0,0,132.5,26.5,159,48.06,132.5
2026-08,Lord Of The Rings - officially Licensed Gandalf Illuminating Staff,Default Title,NN1247,1,132.5,0,0,132.5,26.5,159,90.53,132.5
2026-08,Kill Bill - The Bride's Display (Straight Blade) Katana,Default Title,BS011024BRST,3,147.49,-16.66,0,130.83,26.17,157,63,130.83
2026-08,3-Barrel Revolving Flintlock - Assassin's Creed,Default Title,G5306,2,131.65,-3.29,0,128.36,25.68,154.04,77.56,128.36
2026-08,The Elder Scrolls V: Skyrim – Official Dragonborn Helmet Replica,Default Title,B-ELD12,2,131.66,-4.73,0,126.93,25.39,152.32,82,126.93
2026-08,Legend Of Zelda - Master Sword with Triforce Plaque,Default Title,BS310085,2,263.32,-6.58,-131.66,125.08,25.02,150.1,43,125.08
2026-08,Cold Steel Wild West Bowie Fixed Blade Knife,Default Title,CS-81B,1,125,0,0,125,25,150,80.87,125
2026-08,Thanos' Heli-Blade Sword (Resin),Default Title,BS111116,1,125,0,0,125,25,150,67,125
2026-08,Elden Ring - Moonveil 142cm Display (Straight Blade) Katana,Default Title,AM168L-1,3,200,-75,0,125,25,150,72,125
2026-08,Lord Of The Rings - Officially Licensed Gondor Tankard,Default Title,B6674B24,4,129.99,-6.01,0,123.98,24.8,148.78,67.48,123.98
2026-08,Taiichi Samurai Display Katana (Ivory),Default Title,BS112146WC,3,122.49,0,0,122.49,24.51,147,40.44,122.49
2026-08,Demon Slayer - Sanemi Shinazugawa Green Nichirin Display (Straight Blade) Katana,Default Title,BS111054,3,122.49,0,0,122.49,24.51,147,52.08,122.49
2026-08,Demon Slayer - Zenitsu Agatsuma Yellow Nichirin Display (Straight Blade) Katana,Default Title,BS111061,3,122.49,0,0,122.49,24.51,147,52.08,122.49
2026-08,Bleach - Abarai Renji Zabimaru (Red) Display (Straight Blade) Katana,Default Title,BS310814,3,122.49,0,0,122.49,24.51,147,66.9,122.49
2026-08,Vikings - Ragnar Lothbrok Axe,Default Title,VX221069,2,141.66,-21.66,0,120,24,144,27.4,120
2026-08,Star Wars - Boba Fett's Ee-3 Blaster (Cosplay Safe Foam),Default Title,FM241,4,145.85,0,-29.17,116.68,23.32,140,35.44,116.68
2026-08,Final Fantasy - XL Cloud Buster Sword (144cm) Cosplay Safe Foam,Default Title,,4,145.85,0,-29.17,116.68,23.32,140,0,0
2026-08,Bloodborne - Ludwig's Holy Blade,Default Title,BS310908,1,116.67,0,0,116.67,23.33,140,126.92,116.67
2026-08,Lord Of The Rings -  Aragorn King Of Gondor Helmet,Default Title,AH24144,1,116.67,0,0,116.67,23.33,140,75,116.67
2026-08,Flintlock Blunderbuss - 18th Century English,Default Title,G1094/L,1,125,-8.33,0,116.67,23.33,140,78.63,116.67
2026-08,Naruto - Sasuke Grass Cutter Kusanagi Display (Straight Blade) Sword,Default Title,BS310690,2,116.66,0,0,116.66,23.34,140,36.5,116.66
2026-08,Genuine Leather Shoulder Holster,Default Title,G716,2,116.66,0,0,116.66,23.34,140,68.16,116.66
2026-08,Lord Of The Rings - Weta Workshop Legolas Mini Statue,Default Title,WETA860104761,1,115.83,0,0,115.83,23.17,139,0,0
2026-08,Genuine Leather Double Holster and Cartridge Belt For Two Revolvers,Default Title,G704,1,124.16,-8.33,0,115.83,23.17,139,71.34,115.83
2026-08,The Walking Dead - Michonne Display Katana,Default Title,BS015963SS,2,115,0,0,115,23,138,44,115
2026-08,JAWS - Mechanical Bruce the Shark Scaled Prop Replica,Default Title,FE-408425,2,115,0,0,115,23,138,71.18,115
2026-08,Pirate Flintlock Pistol - 18th Century,Default Title,G1031/G,2,115,0,0,115,23,138,73.06,115
2026-08,Metal Gear Rising - Jetstream Sam's Revengeance Murasama Display (Straight Blade) Katana,Default Title,BS210413,2,115,0,0,115,23,138,34.72,115
2026-08,Jujutsu Kaisen - Kento Nanami Cleaver (Metal),Default Title,BS112005,6,124.98,-10.81,0,114.17,22.85,137.02,37.38,114.17
2026-08,Medieval Knight's Close Helm,Default Title,AH-XH015,1,120.82,-6.94,0,113.88,22.78,136.66,63.88,113.88
2026-08,Harry Potter - The Marauders Wand Collection,Default Title,NN7905,1,112.5,0,0,112.5,22.5,135,80.35,112.5
2026-08,Cold Steel True Flight Thrower,Default Title,CS-80TFTC,3,112.5,0,0,112.5,22.5,135,70.77,112.5
2026-08,Highlander Endgame - Duncan Macleod Display (Straight Blade) Katana,Default Title,BS110729,2,172.5,0,-60,112.5,22.5,135,20.42,112.5
2026-08,Game Of Thrones - Official Viserion Egg,Default Title,NN0031,3,112.5,0,0,112.5,22.5,135,77.4,112.5
2026-08,Game Of Thrones - Official Rhaegal Egg,Default Title,NN0029,3,187.5,0,-75,112.5,22.5,135,77.4,112.5
2026-08,Lord Of The Rings - Officially Licensed Sting Lamp,Default Title,,4,145.85,-3.1,-33.33,109.42,21.86,131.28,83.3,142.75
2026-08,Cold Steel Military Trench Hawk,Default Title,CS-90PTHG,2,108.34,0,0,108.34,21.66,130,69.08,108.34
2026-08,"Call Of Duty - Desert Eagle (Black) - Deadpool, Tomb Raider, Supernatural",Default Title,G1123,1,108.33,0,0,108.33,21.67,130,68.42,108.33
2026-08,Luger 'Artillery' Parabellum P08 - Germany WWI & WWII,Default Title,G1145,1,108.33,0,0,108.33,21.67,130,81.23,108.33
2026-08,Solo Levelling - Igris Blood-Red Knight Greatsword,Default Title,BS112133,1,108.33,0,0,108.33,21.67,130,28.89,108.33
2026-08,Luger Parabellum P08 (Wood Grips) - Germany WWI & WWII,Default Title,G1144M,1,216.66,0,-108.33,108.33,21.67,130,81.23,108.33
2026-08,Pigface Bascinet,Default Title,AH-XH016,1,108.33,0,0,108.33,21.67,130,59.46,108.33
2026-08,Lord Of The Rings - Weta Workshop Gandalf the Grey Mini Statue (19cm),Default Title,WETA860103825,1,107.5,0,0,107.5,21.5,129,0,0
2026-08,THE WITCHER - Deluxe Geralt's Silver Sword TV Show Version,Default Title,MS019,1,214.99,-4.81,-102.68,107.5,21.5,129,44,107.5
2026-08,Frieren: Beyond Journey's End - Stark's Axe (158cm),Default Title,BS112012,1,107.5,0,0,107.5,21.5,129,35.43,107.5
2026-08,Braveheart - William Wallace's Claymore,Default Title,VX221230,1,107.5,0,0,107.5,21.5,129,72.36,107.5
2026-08,Cap Firing Dummy Rounds For Colt Single Action Army 6 Pack,Default Title,G49,10,129.85,-1.07,-21.65,107.13,21.47,128.6,29.8,107.13
2026-08,Legend Of Zelda Tears Of The Kingdom - Master Sword,Default Title,BS111400,2,115,-8.33,0,106.67,21.33,128,34,106.67
2026-08,Lord Of The Rings - Legolas Dagger Collectable (28cm),Default Title,HK8439,5,104.15,0,0,104.15,20.85,125,25,104.15
2026-08,THE WITCHER - Geralt's Silver Sword TV Show Version in Hand Forged Damascus Steel,Default Title,MS019FD,1,165.82,-63.14,0,102.68,20.54,123.22,130.56,102.68
2026-08,CALL OF DUTY - German Parabellum Luger P08,Default Title,G1143,1,100,0,0,100,20,120,64.75,100
2026-08,Robin Hood Prince Of Thieves Replica Sword,Default Title,BS310914,1,100,0,0,100,20,120,22.81,100
2026-08,Power Rangers - Red Ranger Power Sword,Default Title,AM209,1,108.33,-8.33,0,100,20,120,37.82,100
2026-08,Game Of Thrones - Robb Stark's Sword,Default Title,BS310053,1,100,0,0,100,20,120,19.33,100
2026-08,Aragorn's Angrist Elven Blade (Black),Default Title,BS011221,4,100,0,0,100,20,120,36,100
2026-08,Supernatural - Ruby's Demon Blade,Default Title,,3,99.99,0,0,99.99,20.01,120,40.5,99.99
2026-08,The Witcher - Wild Hunt Sword with Plaque and Sheath,Default Title,BS310996,1,99.17,0,0,99.17,19.83,119,32.93,99.17
2026-08,House Of The Dragon - Aegon The Conqueror Sword Of The Dragon,Default Title,VX221111,1,99.17,0,0,99.17,19.83,119,22.26,99.17
2026-08,Lord Of The Rings - NEW AND IMPROVED Gimli's Bearded Axe,Default Title,VX221070,1,99.17,0,0,99.17,19.83,119,38,99.17
2026-08,Game of Thrones - Official House Stark Tankard,Default Title,B3702J7,2,98.34,0,0,98.34,19.66,118,50,98.34
2026-08,BLEACH - Ichigo Bankai Zangetsu,Default Title,BS013983B,2,98.34,0,0,98.34,19.66,118,28,98.34
2026-08,"Demon Slayer - Tanjiro Kamado  Black Nichirin Display (Metal, Straight Blade) Katana with Light Up Blade",Default Title,BS310856,2,98.34,0,0,98.34,19.66,118,42,98.34
2026-08,Baldur’s Gate 3 - Astarion Goblet,Default Title,B7510B26,3,97.5,0,0,97.5,19.5,117,56.25,97.5
2026-08,Valorant - Onimaru Kinitsuna Display (Straight) Katana (Black),Default Title,VX221441-2,3,97.5,0,0,97.5,19.5,117,38.88,97.5
2026-08,Demon Slayer - Shinobu Kocho Lavender Blue Nichirin Display (Straight Blade) Katana,Default Title,BS310687,3,97.5,0,0,97.5,19.5,117,54.75,97.5
2026-08,The Lord Of The Rings - Officially Licensed Arwen Evenstar Pendant (Costume),Default Title,NN9837,3,97.5,0,0,97.5,19.5,117,74.7,97.5
2026-08,Batarang – The Dark Knight Rises,Default Title,NN4129,2,147.5,-5.71,-49.17,92.62,18.52,111.14,58.06,92.62
2026-08,".357 Colt Python ""Combat Magnum"" 4"" USA 1955",Default Title,G1051,1,91.67,0,0,91.67,18.33,110,45.38,91.67
2026-08,Robert The Bruce Claymore,Default Title,SW-252,1,91.67,0,0,91.67,18.33,110,31.5,91.67
2026-08,1869 Smith & Wesson Schofield 6 Shot Revolver In Nickel Finish,Default Title,G1008NQ,1,91.67,0,0,91.67,18.33,110,52.74,91.67
2026-08,Star Trek Ceremonial Bat'Leth,Default Title,SW604,1,100,-8.33,0,91.67,18.33,110,39,91.67
2026-08,Cold Steel Survivalist Fixed Blade Knife,Default Title,CS-36MH,1,95.83,-4.16,0,91.67,18.33,110,62.19,91.67
2026-08,Harry Potter - Official Hogwarts Express Collector's Model,Default Title,NN7982,1,91.67,0,0,91.67,18.33,110,62.24,91.67
2026-08,Honshu Practice Broadsword,Default Title,UC-UC3312,2,108.33,-16.66,0,91.67,18.33,110,56.82,91.67
2026-08,Star Trek - Klingon Mek'Leth,Default Title,HK772,2,91.66,0,0,91.66,18.34,110,34,91.66
2026-08,Terrifier - Living Dead Dolls Presents Art The Clown (Blood Spattered),Default Title,91026,2,108.32,-16.66,0,91.66,18.34,110,91.08,91.66
2026-08,Stranger Things - Demogorgon Lamp,Default Title,LAMP020,3,120.8,0,-29.16,91.64,18.33,109.97,56.25,91.64
2026-08,"Colt ""Quickdraw"" Single Action Army Gift Box with 6 Dummy Bullets",Default Title,G1-1106/G,1,90.83,0,0,90.83,18.17,109,42.14,90.83
2026-08,Game Of Thrones - Jaime Lannister Sword,Default Title,BS310057,1,90.83,0,0,90.83,18.17,109,43,90.83
2026-08,The Hobbit - United Cutlery Officially Licensed Sting Scabbard,Default Title,UC-UC2893,1,90.83,0,0,90.83,18.17,109,56.33,90.83
2026-08,Genuine Leather Sheriff's Holster and Cartridge Belt,Default Title,G721,1,90.83,0,0,90.83,18.17,109,49.98,90.83
2026-08,The Terminator – Official T-800 Endoskeleton Head Statue,Default Title,NOW0948,2,90.82,0,0,90.82,18.17,108.99,50,90.82
2026-08,Clair Obscur: Expedition 33 - Verso Verleso Parrying Dagger,Default Title,VX221235,2,98.33,-8.33,0,90,18,108,0,0
2026-08,"M1911A1 Colt ""Military"" USA Service Pistol ""Battleworn Edition""",Default Title,G2312,1,100,-10,0,90,18,108,72.24,90
2026-08,Terminator 2 Bookends,Default Title,B4693N9,2,98.33,-8.33,0,90,18,108,58.32,90
2026-08,Ebony Dragon Handforged Tanto,Default Title,Tanto-8,2,98.33,-8.33,0,90,18,108,50.6,90
2026-08,"The Hobbit - Trolls' Cave Letter Opener Display Case - Sting, Glamdring and Orcrist",Default Title,NN1210,2,98.33,-8.33,0,90,18,108,65.64,90
2026-08,Desert Eagle - Joker Style Chrome Finish,Default Title,G1123NQ,1,100,-10,0,90,18,108,60.55,90
2026-08,Aragorn Anduril Letter Opener,Default Title,NN4468,3,87.51,0,0,87.51,17.49,105,59.88,87.51
2026-08,Halo -Ma5B Assault Rifle (Cosplay Safe Foam),Default Title,BG012023,3,87.51,0,0,87.51,17.49,105,74.31,87.51
2026-08,Hand Grenade Mk2 Pineapple - USA 1918,Default Title,G738,3,87.51,0,0,87.51,17.49,105,47.22,87.51
2026-08,Moon Knight - Crescent Dart - Full Metal (Bronze),Default Title,VX221794,2,91.66,-4.16,0,87.5,17.5,105,38.24,87.5
2026-08,Sword Of Gryffindor,Default Title,BS011033,2,83.34,0,0,83.34,16.66,100,30,83.34
2026-08,The Witcher III - Deluxe Ciri Sword,Default Title,,1,83.32,0,0,83.32,16.67,99.99,40.54,83.32
2026-08,The Witcher - Wild Hunt Silver Serpent Sword Collectable (40cm),Default Title,HK8787SU,4,83.32,0,0,83.32,16.68,100,36,83.32
2026-08,Fallout - Laser Pistol V2 (Cosplay Safe Foam),Default Title,BG012025,4,83.32,0,0,83.32,16.68,100,16.36,83.32
2026-08,Batman - Purearts DC Heroes Batman 1:8 Scale Statue,Default Title,PA005BA,1,165,0,-82.5,82.5,16.5,99,59.49,82.5
2026-08,Lord Of The Rings - Deluxe Nazghul Ringwraith Sword,Default Title,VX221045,1,82.5,0,0,82.5,16.5,99,0,0
2026-08,Masters Of The Universe - THE OFFICIAL Power Sword LARP/Cosplay Safe Prop Replica,Default Title,FACE408946,1,82.5,0,0,82.5,16.5,99,53.7,82.5
2026-08,BERSERK - Hawk Raider Sword (137cm),Default Title,BS111782,1,82.5,0,0,82.5,16.5,99,90.85,82.5
2026-08,Templar Crusader Sword,Default Title,SW758,1,165,0,-82.5,82.5,16.5,99,0,0
2026-08,Walther P38 - Germany 1938,Default Title,G1081,1,82.5,0,0,82.5,16.5,99,43.75,82.5
2026-08,Games Of Thrones - Stark Direwolf Infantry Shield (Cosplay Safe Fibreglass),Default Title,BW310015,1,82.5,0,0,82.5,16.5,99,0,0
2026-08,1869 Smith & Wesson Schofield 6 Shot Revolver In Black & Solid Brass,Default Title,G1008L,1,82.5,0,0,82.5,16.5,99,47.79,82.5
2026-08,House Of The Dragon - Jacaerys Targaryen Replica Sword,Default Title,VX221664,1,82.5,0,0,82.5,16.5,99,22.18,82.5
2026-08,"""Suterusu"" Triple Set Display (Straight blade) Katana",Default Title,BS111045,1,82.5,0,0,82.5,16.5,99,39.51,82.5
2026-08,Hanwei Sword Case (Large),Default Title,HW-OH2158,1,82.5,0,0,82.5,16.5,99,70.49,82.5
2026-08,Colt Navy Civil War Revolver 1851 (Pearl),Default Title,G6040,1,82.5,0,0,82.5,16.5,99,49.39,82.5
2026-08,Demon Slayer - Kanao Tsuyuri Nichirin Blade,Default Title,AM042,2,81.66,0,0,81.66,16.34,98,24,81.66
2026-08,TERMINATOR - T-800 POLICE STATION ASSAULT ULTIMATE (LEATHER JACKET),Default Title,51912,2,81.66,0,0,81.66,16.34,98,51.9,81.66
2026-08,"Elden Ring - Moonveil Display (Straight Blade, 102cm) Katana",Default Title,BS310828,2,81.66,0,0,81.66,16.34,98,22.3,81.66
2026-08,Dune - Crysknife,Default Title,VX221155,2,81.66,0,0,81.66,16.34,98,0,0
2026-08,Heroes - Hiro Display (Straight Blade) Katana,Default Title,BS310005,2,81.66,0,0,81.66,16.34,98,21.02,81.66
2026-08,Zelda Tears Of The Kingdom Broken Sword with Light and Voice Activation (Metal),Default Title,BS310839,2,81.66,-1.36,0,80.3,16.06,96.36,141.44,80.3
2026-08,Vikings Lagertha's Sword,Default Title,VX221764,1,79.17,0,0,79.17,15.83,95,22.32,79.17
2026-08,Colt Navy 1851,Default Title,G1040/L,1,158.34,0,-79.17,79.17,15.83,95,55.94,79.17
2026-08,Ghost of Yotei - Hawks Talon Display (Straight) Katana (Black Version),Default Title,VX221869,2,81.66,-4.08,0,77.58,15.52,93.1,20.76,77.58
2026-08,Demon Slayer - Yoriichi Tsugikuni Sun Breathing Gold Nichirin Display (Straight Blade) Katana,Default Title,BS310827,2,81.66,-4.16,0,77.5,15.5,93,42.56,77.5
2026-08,Ghost of Yotei - Hawks Talon Display (Straight) Katana (Game Brown Version),Default Title,VX221796,2,81.66,-4.16,0,77.5,15.5,93,20.76,77.5
2026-08,Terminator T-1000 Tankard,Default Title,B6942A25,2,81.66,-4.74,0,76.92,15.39,92.31,45.82,76.92
2026-08,KPop Demon Hunters - Rumi's Saingeom Four-Tiger Sword (Cosplay Safe Foam),Default Title,VX221686-1,5,79.15,-2.77,0,76.38,15.29,91.67,26.05,76.38
2026-08,Colt 'Marshall' Single Action Army,Default Title,G1109/N,1,75,0,0,75,15,90,44.45,75
2026-08,Colt 'Quickdraw' Single Action Army,Default Title,G1106/G,1,75,0,0,75,15,90,44.33,75
2026-08,Colt 'Cavalry' Single Action Army (Steel),Default Title,G1191G,1,75,0,0,75,15,90,45.91,75
2026-08,Klingon D'k Tagh,Default Title,HK808,2,75,0,0,75,15,90,33.64,75
2026-08,Cleaning Kit,Default Title,BG012037,6,75,0,0,75,15,90,20.64,75
2026-08,Civil War Army Revolver (Gunmetal Grey) - USA 1860,Default Title,G1007G,1,75,0,0,75,15,90,42.92,75
2026-08,"Colt ""Oakley Quickdraw"" Single Action Army 5.5"" (Nickel)",Default Title,G1106/NQ,1,75,0,0,75,15,90,40.41,75
2026-08,Colt 'Cavalry' Single Action Army (Nickel),Default Title,G1191NQ,1,75,0,0,75,15,90,45.91,75
2026-08,"Colt Single Action Army 4.75"" (Gunmetal Grey) - USA 1873",Default Title,G1186G,1,75,0,0,75,15,90,34.54,75
2026-08,"Colt 'Lone Ranger' Single Action Army 5.5"" (Gunmetal) - USA 1873",Default Title,G1150G,1,75,0,0,75,15,90,31.97,75
2026-08,Hellsing - Pistol Pair Cassul & Jackal (Cosplay Safe Foam) Save £5,Default Title,FM247+248,3,75,0,0,75,15,90,42,75
2026-08,Colt 'Widowmaker' Single Action Army,Default Title,B-1281/L,1,75,0,0,75,15,90,44,75
2026-08,Colt Navy 1851 (Ivory),Default Title,G1040/B,1,75,0,0,75,15,90,47,75
2026-08,"Colt 'Quickdraw' Single Action Army 4.75"" (Nickel) - USA 1873",Default Title,G1186NQ,1,75,0,0,75,15,90,37.64,75
2026-08,Colt 'Wolfsbane' Single Action Army,Default Title,M-1280/L,1,75,0,0,75,15,90,44.45,75
2026-08,Star Wars - Officially Licensed Death Star Wall Panel Light,Default Title,PP13141SW,1,74.99,0,0,74.99,15,89.99,60,74.99
2026-08,Game of Thrones – Official Viserion Large Dragon Figurine,Default Title,B7030M25,1,74.17,0,0,74.17,14.83,89,37.5,74.17
2026-08,"The Conjuring - UK Exclusive Annabelle (18"")",Default Title,90500,1,74.17,0,0,74.17,14.83,89,63.54,74.17
2026-08,Game of Thrones – Official Rhaegal Large Dragon Figurine,Default Title,B7029M25,1,74.17,0,0,74.17,14.83,89,37.5,74.17
2026-08,GAME OF THRONES - Arya's Needle With Plaque,Default Title,,1,82.5,-8.33,0,74.17,14.83,89,34.52,74.17
2026-08,Ghost Of Tsushima - Jin Sakai Storm Hand Forged Clay Tempered Tanto,Default Title,VX221715-S-CT,1,82.5,-8.33,0,74.17,14.83,89,35,74.17
2026-08,Clair Obscur: Expedition 33 - Verso Verleso Sword,Default Title,VX221234,1,82.5,-8.33,0,74.17,14.83,89,0,0
2026-08,Cold Steel Recon Tanto SK-5 Fixed Blade Knife,Default Title,CS-49LRT,1,70.83,0,0,70.83,14.17,85,44.75,70.83
2026-08,JAWS - Light-Up 3D Movie Poster Diorama,Default Title,26400,1,70.83,0,0,70.83,14.17,85,51.54,70.83
2026-08,"""Corsair"" Double-Barrelled Turnover Flintlock Pistol - England 1750",Default Title,G1264,1,70.83,0,0,70.83,14.17,85,43.46,70.83
2026-08,Kendo Master - Hand-forged Tanto,Default Title,BS310912,1,70.83,0,0,70.83,14.17,85,25.3,70.83
2026-08,"Colt 'Lone Ranger' Single Action Army 5.5"" (Bright Nickel) - USA 1873",Default Title,G1150NQ,1,74.99,-7.5,0,67.49,13.5,80.99,44.45,67.49
2026-08,Halo Energy Sword - Cosplay/Larp Safe Foam,Default Title,BS310528,4,66.68,0,0,66.68,13.32,80,44,66.68
2026-08,Ouroboros Viking Wood Shield,Default Title,BW011035,1,66.67,0,0,66.67,13.33,80,14.61,66.67
2026-08,Corinthian Hoplite Helmet (Iron),Default Title,AH60581,1,66.67,0,0,66.67,13.33,80,31.89,66.67
2026-08,Vegvisir Viking Wood Shield,Default Title,BW011034,1,66.67,0,0,66.67,13.33,80,14.61,66.67
2026-08,Drakkar Viking Wood Shield (Red),Default Title,BW011033,1,66.67,0,0,66.67,13.33,80,14.61,66.67
2026-08,Thor - Mjolnir (Cosplay Safe Foam),Default Title,HK6588F,2,66.66,0,0,66.66,13.34,80,14.46,66.66
2026-08,Chinese Gongfu (Kung Fu) Taiji Sword (Full Metal) - Sworddance / Sword Yoga,Default Title,CHS015BK,1,65.83,0,0,65.83,13.17,79,22.94,65.83
2026-08,Ghost Of Tsushima - Handforged Tanto,Default Title,Tanto-10,1,197.49,0,-131.66,65.83,13.17,79,25.5,65.83
2026-08,🍻 The Lord of the Rings – Hobbit Shot Glass Set,Default Title,B5892V2,1,65.83,0,0,65.83,13.17,79,33.33,65.83
2026-08,'Murasaki' Display (Straight) Replica Katana Triple Set,Default Title,BS310919,1,65.83,0,0,65.83,13.17,79,19.27,65.83
2026-08,"Goonies - Sloth 15"" MDS Mega Scale Figure With Sound",Default Title,23808,1,74.16,-8.33,0,65.83,13.17,79,52.95,65.83
2026-08,The Lord Of The Rings - NEW AND IMPROVED Aragorn's Angrist Elven Knife,Default Title,VX221073,1,74.16,-8.33,0,65.83,13.17,79,14,65.83
2026-08,Corpse Bride - Your Cup Will Never Empty Vow Goblet,Default Title,B7255C25,2,65,0,0,65,13,78,37.5,65
2026-08,Terminator 2 - T-800 Endoskeleton Cyberdyne Systems Tankard,Default Title,B4656N9,2,65,0,0,65,13,78,41.66,65
2026-08,Devil May Cry - Dante's Ebony (Foam),Default Title,FM138,4,63.32,0,0,63.32,12.68,76,24,63.32
2026-08,Halo - M6G Magnum Hang Gun (Cosplay Safe Foam),Default Title,FM223,4,63.32,0,0,63.32,12.68,76,24.4,63.32
2026-08,THE HOBBIT - Deathless Thorin's Dwarven Sword,Default Title,BS310226,1,62.5,0,0,62.5,12.5,75,16.12,62.5
2026-08,The Lord Of The Rings - The Fury Of The Witch King Incense Burner,Default Title,NN9471,1,62.5,0,0,62.5,12.5,75,50.93,62.5
2026-08,"""Sakura"" Hand Forged Tanto",Default Title,SW149,1,125,0,-62.5,62.5,12.5,75,35,62.5
2026-08,Viking Axe - Cosplay Safe Foam,Default Title,,5,62.5,0,0,62.5,12.5,75,45,62.5
2026-08,Bleach - Ichigo Bankai XL (140cm),Default Title,BS013983L,1,62.5,0,0,62.5,12.5,75,16.4,62.5
2026-08,The Witcher III Steel Sword (Wolf Pommel) - 40cm Collectable,Default Title,BS310616-15,3,62.49,0,0,62.49,12.51,75,42,62.49
2026-08,"Buckland Burlwood 4"" Lockback Folding Knife",Default Title,BF310550,3,62.49,0,0,62.49,12.51,75,16.62,62.49
2026-08,Katana/Sword Floor Stand,Default Title,BP310044,2,66.65,-5.54,0,61.11,12.23,73.34,34,61.11
2026-08,Pistol Stand (Small),Default Title,G800,6,59.99,0,0,59.99,12,71.99,33,59.99
2026-08,The Shining - Life Size Jack Torrance Axe Replica (Cosplay Safe Foam),Default Title,DRSK101,2,58.34,0,0,58.34,11.66,70,40.68,58.34
2026-08,".45 Cal Revolver Bullet, USA 1880 (Pack of 6)",Default Title,G62,5,93.35,0,-35.01,58.34,11.66,70,32.25,58.34
2026-08,The Lord of the Rings Diorama - Sauron,Default Title,NN2820,2,58.34,0,0,58.34,11.66,70,35.32,58.34
2026-08,Hand Grenade Mk II Pineapple - USA WWII,Default Title,G738V,2,58.33,0,0,58.33,11.67,70,27.98,58.33
2026-08,Davy Crockett Kentucky Pistol - USA 19th Century,Default Title,G1136L,1,58.33,0,0,58.33,11.67,70,34.49,58.33
2026-08,Taiichi Samurai Display Katana,Default Title,HK1136-1,1,57.5,0,0,57.5,11.5,69,17.98,57.5
2026-08,Lord Of The Rings - Officially Licensed United Cutlery Rohan Banner,Default Title,UC-UC3675,1,57.5,0,0,57.5,11.5,69,39,57.5
2026-08,Bleach - Kenpachi Nozarashi Display (Straight Blade) Katana,Default Title,BS310816,1,57.5,0,0,57.5,11.5,69,12.56,57.5
2026-08,Kill Bill - Hattori Hanzo Trio Display Katana (Straight Blade),Default Title,VX221697-1,1,57.5,0,0,57.5,11.5,69,24.3,57.5
2026-08,World of Warcraft - The Lich King Tankard,Default Title,B6804C24,1,57.5,0,0,57.5,11.5,69,29.16,57.5
2026-08,The Hobbit - Officially Licensed Gandalf's Pipe (functional),Default Title,NN1233,1,57.5,0,0,57.5,11.5,69,37.35,57.5
2026-08,"World of Warcraft – ""City of Dalaran"" Collectible Keepsake Box",Default Title,B7511B26,1,57.5,0,0,57.5,11.5,69,33.33,57.5
2026-08,RoboCop – Official Ultimate Battle-Damaged RoboCop with Chair Figure,Default Title,42142,1,65.83,-8.33,0,57.5,11.5,69,29.35,57.5
2026-08,Bleach - Katana Of Urahara Kisuke - Benihime Display (Straight Blade) Katana,Default Title,BS014097,1,57.5,0,0,57.5,11.5,69,21.37,57.5
2026-08,HONSHU - KARITO TRAINING BATTLE AXE,Default Title,UC-UC3656,1,57.5,0,0,57.5,11.5,69,29.2,57.5
2026-08,Lost Boys - Living Dead Doll Presents David,Default Title,91036,1,57.5,0,0,57.5,11.5,69,40.74,57.5
2026-08,Demon Slayer - Tanjiro Kamado Season 2 Collectable (40 cm),Default Title,LT010,7,58.32,-1.51,0,56.81,11.37,68.18,45.5,56.81
2026-08,Harry Potter - Deluxe Sword Of Gryffindor (87cm),Default Title,VX221683-3,1,115,-2.58,-57.5,54.92,10.98,65.9,9.87,54.92
2026-08,Dark Souls – Gwyn Tankard,Default Title,B7183C25,1,54.17,0,0,54.17,10.83,65,29.16,54.17
2026-08,Genshin Impact - Keqing Lion's Roar Sword,Default Title,BS310820,1,54.17,0,0,54.17,10.83,65,31,54.17
2026-08,"6 Cannon ""Pepperbox"" Revolver - London 1840 (Brass)",Default Title,G5071,1,54.17,0,0,54.17,10.83,65,37.05,54.17
2026-08,Original Stormtrooper – Official Too Hot To Handle Figurine,Default Title,B6296X3,1,54.16,0,0,54.16,10.83,64.99,27.08,54.16
2026-08,Demon Slayer - Mitsuri Kanroji Love Pink Nichirin Display (Straight Blade) Katana,Default Title,BS111056,2,64.98,-11.19,0,53.79,10.77,64.56,34.72,53.79
2026-08,Lord Of The Rings - Weta Workshop Replica 1:1 Bilbo's key To Bag End,Default Title,WETA863904142,1,50,0,0,50,10,60,0,0
2026-08,"The Lord Of The Rings - Sting Collectible (28cm, Black)",Default Title,BS016127,3,50,0,0,50,9.99,59.99,13.77,50
2026-08,Naruto - Sasuke Grass Cutter Kusanagi Sword,Default Title,BS110589,1,50,0,0,50,10,60,17,50
2026-08,Lord of the Rings – Official Ringwraiths of Middle-Earth Figurine,Default Title,B7515B26,1,58.32,-8.33,0,49.99,10,59.99,29.16,49.99
2026-08,The Goonies - Limited Edition One-Eyed Willie Treasure Set,Default Title,Z-GOO7,2,58.31,-8.33,0,49.98,10,59.98,36.5,49.98
2026-08,Jaws – Official Metal Film Strip Collectible,Default Title,UV-JW142,2,49.49,0,0,49.49,9.9,59.39,28.28,49.49
2026-08,"Demon Slayer - Zenitsu Agatsuma Nichirin Display (Metal, Straight Blade) Katana with Light Up Blade",Default Title,BS310857,1,49.17,0,0,49.17,9.83,59,21,49.17
2026-08,Bug-A-Salt - Gold Digger Advanced Combat Fiber Optic 3.0,Gun + Bug-Beam Laser Targetting SAVE £5,,1,57.5,-8.33,0,49.17,9.83,59,29.74,49.17
2026-08,The Hobbit - Deluxe Sting With Scabbard (Black 52cm),Default Title,BS010914,1,49.17,0,0,49.17,9.83,59,13.71,49.17
2026-08,The Lord Of The Rings - United Cutlery Officially Licensed Sauron War Banner,Default Title,,1,49.17,0,0,49.17,9.83,59,0,0
2026-08,"Dragons of the Seven Kingdoms - Hinoiri Dragon Display Katana (Metal, Straight Blade)",Default Title,BS0151135-5,1,49.17,0,0,49.17,9.83,59,14.2,49.17
2026-08,The Lord of the Rings – Rohan Collectible Tankard,Default Title,B6457X3,1,49.17,0,0,49.17,9.83,59,29.16,49.17
2026-08,"Final Fantasy - XL ""Battleworn"" Cloud Buster Sword (144cm) Cosplay Safe Foam",Default Title,,1,49.17,0,0,49.17,9.83,59,0,0
2026-08,"Dragons of the Seven Kingdoms - Midnight Dragon Display Katana (Metal, Straight Blade)",Default Title,BS0151135-2,1,49.17,0,0,49.17,9.83,59,14.2,49.17
2026-08,Diablo IV -  Lilith Wall Plaque,Default Title,B6830C24,1,49.17,0,0,49.17,9.83,59,25,49.17
2026-08,Devil May Cry 3 - Vergil's Yamato Display (Straight Blade) Katana,Default Title,HK9429-1,1,49.17,0,0,49.17,9.83,59,10.55,49.17
2026-08,ThunderCats – Official Limited Edition Logo Medallion,Default Title,Z-TC01,3,49.98,-0.85,0,49.13,9.82,58.95,27.48,49.13
2026-08,Legend Of Zelda - Deluxe Master Sword (Cosplay Safe Foam),Default Title,FM249,2,48.34,0,0,48.34,9.66,58,17.72,48.34
2026-08,God Of War - Ragnarok Leviathan Axe (Cosplay Safe Foam),Default Title,FM290,2,48.34,0,0,48.34,9.66,58,18,48.34
2026-08,The Witcher - Geralt Of Rivia's Silver Sword - Cosplay Safe Foam,Default Title,FM102,3,50,-1.66,0,48.34,9.66,58,27,48.34
2026-08,DC – Official The Dark Knight Limited Edition Replica Batarang,Default Title,THG-DC53,2,48.34,0,0,48.34,9.66,58,31.8,48.34
2026-08,The Lord Of The Rings - Officially Licensed Leaf Of Lothlorien Brooch (Costume),Default Title,NN9831,2,48.33,0,0,48.33,9.67,58,37.34,48.33
2026-08,Elendil Narsil Letter Opener,Default Title,NN6552,2,51.66,-3.97,0,47.69,9.54,57.23,39.92,47.69
2026-08,Sting - Cosplay/Larp Safe Foam Sword,Default Title,BS210214,3,47.49,0,0,47.49,9.51,57,27,47.49
2026-08,Devil May Cry - Dante's Ivory (Foam),Default Title,FM139,3,47.49,0,0,47.49,9.51,57,18,47.49
2026-08,Star Wars - Han Solo Dl-44 Blaster (Cosplay Safe Foam),Default Title,FM242,4,66.49,-19,0,47.49,9.51,57,18.64,47.49
2026-08,"Lord Of The Rings - Anduril 80cm, (Cosplay Safe Foam)",Default Title,BG012022,3,47.49,0,0,47.49,9.51,57,10.32,47.49
2026-08,Buffy The Vampire Slayer - Stake (Resin),Default Title,VX221684,3,50,-2.78,0,47.22,9.44,56.66,7.62,47.22
2026-08,The Witcher - Geralt Of Rivia's Steel Sword - Cosplay Safe Foam,Default Title,FM101,3,47.49,-1.58,0,45.91,9.19,55.1,27,45.91
2026-08,The Lord Of The Rings - Officially Licensed 3D Light Of Earendil Lamp,Default Title,LAMP006,2,49.97,-4.09,0,45.88,9.18,55.06,25,45.88
2026-08,The Dark Knight- The Joker's Pocket Knife,Default Title,BF016416,5,62.52,-16.68,0,45.84,9.16,55,10.25,45.84
2026-08,Harry Potter - Hermione Time Turner Special Edition,Default Title,NN8666,1,45.83,0,0,45.83,9.17,55,30.1,45.83
2026-08,Demon Slayer - Inosuke Nichirin Collectable (40cm),Default Title,LT008,6,58.31,-4.84,-8.33,45.14,9.04,54.18,39,45.14
2026-08,Harry Potter - Golden Snitch Sculpture,Default Title,NN7144,1,45,0,0,45,9,54,36.28,45
2026-08,Bug-A-Salt Classic Yellow,Gun + Bug-Beam Laser Targetting SAVE £5!,855693007062,1,104.98,-16.66,-44.16,44.16,8.83,52.99,26.82,44.16
2026-08,Akame Ga Kill - Katana Of Akame Display (Straight) Katana,Default Title,BS110598,1,49.17,-5.85,0,43.32,8.66,51.98,19,43.32
2026-08,Lord of the Rings - The One Ring Trinket Dish,Default Title,B7361A26,3,47.48,-5.02,0,42.46,8.5,50.96,24.99,42.46
2026-08,Buffy The Vampire Slayer - Faith's Knife (Cosplay Safe Foam),Default Title,VX221126,6,52.48,-2.71,-7.5,42.27,8.46,50.73,0,0
2026-08,Deluxe Triple Wall Display (Velvet Lined),Default Title,BP310113,2,41.66,0,0,41.66,8.34,50,7.54,41.66
2026-08,Pompei Collection - Roman Pugio Collectable (35cm),Default Title,VX221124,2,41.66,0,0,41.66,8.34,50,12.32,41.66
2026-08,LOKI - Chitauri Sceptre (Cosplay Safe Foam),Default Title,FM186,2,41.66,0,0,41.66,8.34,50,31.48,41.66
2026-08,Bug-A-Salt - Real Tree Camo,Gun Only,,1,49.99,-8.33,0,41.66,8.33,49.99,26.82,41.66
2026-08,"The Witcher III Silver Sword - 15"" Collectable",Default Title,VX221819,2,41.66,0,0,41.66,8.34,50,9.42,41.66
2026-08,Basic Katana Stand (Matt Black),Default Title,BP011362-1,5,41.65,0,0,41.65,8.35,50,0,0
2026-08,ROBOCOP  - NECA POSTER SERIES ULTIMATE,Default Title,42146,1,40.83,0,0,40.83,8.17,49,25.95,40.83
2026-08,"Hellsing - Arms ""Jackal Anti-Freak Combat Pistol (Display Resin)",Default Title,VX221690,1,40.83,0,0,40.83,8.17,49,17.62,40.83
2026-08,Gremlins - Dancing Gizmo plush,Default Title,30630,1,40.83,0,0,40.83,8.17,49,27.54,40.83
2026-08,Gremlins - Ultimate Gremlin,Default Title,30753,1,40.83,0,0,40.83,8.17,49,25.95,40.83
2026-08,"Kabuki Display Katana (Metal, Straight Blade)",Default Title,BS015135-6,1,40.83,0,0,40.83,8.17,49,14.2,40.83
2026-08,One Piece  - Luffy Nidail Kitetsu Display (Straight) Katana,Default Title,BS310684,1,40.83,0,0,40.83,8.17,49,18,40.83
2026-08,Demon Slayer - Inosuke Hashibara Nichirin Blade Display (Straight Blade) Katana,Default Title,BS111081-SI,1,40.83,0,0,40.83,8.17,49,17.36,40.83
2026-08,Stranger Things - Official Vecna Snow Globe,Default Title,B7532B26,1,49.16,-8.33,0,40.83,8.17,49,16.87,40.83
2026-08,Assassin's Creed  - Short Sword of Altair,Default Title,HK8215,1,40.83,0,0,40.83,8.17,49,17.5,40.83
2026-08,Taiichi Samurai Display Katana (Red),Default Title,BS112146RD,1,40.83,0,0,40.83,8.17,49,13.48,40.83
2026-08,Demon Slayer - Tanjiro Kamado Black Nichirin Display (Straight Blade) Katana,Default Title,BS111079,1,40.83,0,0,40.83,8.17,49,17.36,40.83
2026-08,Chainsaw Man - Aki Hayakawa Display (Straight) Katana,Default Title,VX221607,1,40.83,0,0,40.83,8.17,49,9.02,40.83
2026-08,"Hellsing - Arms ""Cassul"" .454 Auto Pistol (Display Resin)",Default Title,VX221691,1,40.83,0,0,40.83,8.17,49,17.62,40.83
2026-08,World of Warcraft - Alliance Tankard,Default Title,B7323A26,1,49.16,-8.33,0,40.83,8.17,49,29.16,40.83
2026-08,Ghost of Yotei - Smiling Kabuto-Mushi Display (Straight) Katana,Default Title,BW310122,1,40.83,0,0,40.83,8.17,49,13.18,40.83
2026-08,The Last Samurai - Display (Straight) Katana (Red Blade),Default Title,VX221707,1,40.83,0,0,40.83,8.17,49,9.49,40.83
2026-08,Legend Of Heroes - Shizuna Rem Misurugi's Crimson Blade Of The Lightning Knight Display (Straight Blade) Katana,Default Title,,1,40.83,0,0,40.83,8.17,49,0,0
2026-08,"Dragons of the Seven Kingdoms - Riyujin Dragon Display Katana (Metal, Straight Blade)",Default Title,BS015135-8,1,40.83,0,0,40.83,8.17,49,14.2,40.83
2026-08,One Piece - Roronoa Zoro Display (Straight) Katana (Black),Default Title,BS111052,1,40.83,0,0,40.83,8.17,49,19.61,40.83
2026-08,Scream - Living Dead Dolls Presents Ghostface,Default Title,99614,1,40.83,0,0,40.83,8.17,49,25.95,40.83
2026-08,Ragnar Lodbrok Viking Axe - Sweden 9th Century,Default Title,G605,1,49.16,-8.33,0,40.83,8.17,49,29,40.83
2026-08,Resident Evil â€“ Tomahawk Replica,Default Title,VX221899-M,1,39.17,0,0,39.17,7.83,47,11.78,39.17
2026-08,Demon Slayer - Mitsuri Konroji Nichirin - Cosplay Safe Wood,Default Title,WD032,2,41.65,-3.25,0,38.4,7.69,46.09,24,38.4
2026-08,Demon Slayer - Inosuke Nichirin - Cosplay Safe Wood With Sheath,Default Title,WD041,2,41.66,-3.79,0,37.87,7.58,45.45,22,37.87
2026-08,KPop Demon Hunters - Zoe's Shinkal Spirit Blades,Default Title,VX221687,1,37.5,0,0,37.5,7.5,45,6.46,37.5
2026-08,Masonic Sword Collectable (35cm),Default Title,VX221121,2,41.66,-4.16,0,37.5,7.5,45,5.16,37.5
2026-08,Katana Stand (Single),Default Title,BP011368,3,50,0,-12.5,37.5,7.5,45,18,37.5
2026-08,Assassin's Creed - Official Tankard of the Brotherhood,Default Title,B5347S0,1,37.5,0,0,37.5,7.5,45,20.83,37.5
2026-08,O Bokken - Cosplay/Training Katana,Default Title,CS-92BKKD,1,41.65,-4.15,0,37.5,7.5,45,19.89,37.5
2026-08,Wicked - Glinda Shiz University Training Wand in Collector's Box,Default Title,NN3201,1,45.83,-8.33,0,37.5,7.5,45,28.79,37.5
2026-08,Pompei Collection - Roman Stiletto Collectable (35cm),Default Title,VX221125,2,41.66,-4.16,0,37.5,7.5,45,10.9,37.5
2026-08,The Last Samurai - Display (Straight) Katana (Blue Blade),Default Title,VX221704,1,40.82,-3.45,0,37.37,7.48,44.85,9.49,37.37
2026-08,The Nightmare Before Christmas - Officially Licensed Jack Skellington Snow Globe,Default Title,BN002,3,37.46,-1.45,0,36.01,7.21,43.22,18.75,36.01
2026-08,Transformers - Limited Edition Set of 2 Helmet Replicas,Default Title,HAS-TRA31,1,41.66,-6.94,0,34.72,6.94,41.66,27.49,34.72
2026-08,Bleach - Ichigo Zangetsu Katana Collectable (42Cm),Default Title,LT023,2,33.34,0,0,33.34,6.66,40,13,33.34
2026-08,Cold Steel Competition Throwing Hatchet,Default Title,CS-90AXF,1,33.33,0,0,33.33,6.67,40,21.85,33.33
2026-08,"The Witcher TV Show Silver Sword - 15"" Collectable (Black)",Default Title,BS310715,1,33.33,0,0,33.33,6.67,40,12,33.33
2026-08,Kingdom Hearts - Oathkeeper Keyblade Cosplay/Larp Safe Foam,Default Title,BS210644,1,33.33,0,0,33.33,6.67,40,18,33.33
2026-08,Jaws - 50th Anniversary Poster Limited Edition Ingot,Default Title,UV-JW140,2,33.32,0,0,33.32,6.66,39.98,18.32,33.32
2026-08,Original Stormtrooper – Official The Greatest Figurine,Default Title,B5939V2,1,33.32,0,0,33.32,6.67,39.99,16.66,33.32
2026-08,Batman The Dark Knight- Limited Edition Joker Calling Card Ingot,Default Title,THG-DC63,2,33.32,0,0,33.32,6.66,39.98,18.32,33.32
2026-08,Demon Slayer - Officially Licensed Deluxe Ramen Bowl,Default Title,BOWRA07,2,33.32,0,0,33.32,6.66,39.98,20.82,33.32
2026-08,House Of The Dragon - Officially Licensed Daemon Targaryen Goblet,Default Title,B6627B24,1,32.5,0,0,32.5,6.5,39,18.75,32.5
2026-08,Kingdom Key - Cosplay/Larp Safe Foam Keyblade,Default Title,BS014612F,1,65,0,-32.5,32.5,6.5,39,11.9,32.5
2026-08,"One Piece - Dracule Mihawk (Cosplay Safe Wood, 120cm)",Default Title,VX221375,1,32.5,0,0,32.5,6.5,39,0,0
2026-08,Valorant - Onimaru Kinitsuna Display (Straight) Katana (White),Default Title,VX221441-1,1,32.5,0,0,32.5,6.5,39,12.96,32.5
2026-08,Harry Potter - Hermione Yule Ball Earrings (costume),Default Title,NN8900,1,32.5,0,0,32.5,6.5,39,24.9,32.5
2026-08,Lord of the Rings Sauron Goblet,Default Title,B5895V2,1,32.5,0,0,32.5,6.5,39,18.75,32.5
2026-08,Thor's Stormbreaker - Cosplay/Larp Safe Foam Axe,Default Title,BS110713-1,1,32.5,0,0,32.5,6.5,39,28.46,32.5
2026-08,Dungeons &amp; Dragons – Official Beholder Collectible Goblet,Default Title,B7509B26,1,32.5,0,0,32.5,6.5,39,18.75,32.5
2026-08,Dungeons & Dragons Mimic Dice Box,Default Title,B5525T1,1,32.5,0,0,32.5,6.5,39,16.66,32.5
2026-08,Harry Potter - Hermione's Deathly Hallows Red Crystal Necklace (Costume),Default Title,NN1236,1,32.5,0,0,32.5,6.5,39,24.9,32.5
2026-08,Game Of Thrones - Ned Stark's Ice Collectable (42cm),Default Title,BS016645,2,50,-1.29,-16.67,32.04,6.41,38.45,11.9,32.04
2026-08,Double Lion Stand (Velvet Lined),Default Title,BP310111D,3,34.99,-3.11,0,31.88,6.37,38.25,8.4,31.88
2026-08,"Attack On Titan - VME Sword, Silver Blade (Cosplay Safe Foam)",Default Title,JOT1848C,2,63.34,0,-31.67,31.67,6.33,38,9.9,31.67
2026-08,AK-47 Dummy Rounds (Pack of 6),Default Title,G55,4,40.02,-8.35,0,31.67,6.33,38,22.8,31.67
2026-08,God Of War - Thor's Mjolnir (Foam),Default Title,FM170,2,31.66,0,0,31.66,6.34,38,22,31.66
2026-08,GAME OF THRONES - Ned Stark Ice  Cosplay/LARP Safe Foam,Default Title,BS210374,2,31.66,0,0,31.66,6.34,38,10.8,31.66
2026-08,Batman – Official Limited Edition 85th Anniversary Collectible Coin,Default Title,Z-DC60,2,33.31,-1.93,0,31.38,6.28,37.66,18.32,31.38
2026-08,GAME OF THRONES - Jon Snow Longclaw  Cosplay/LARP Safe Foam,Default Title,BS210371,2,31.66,-1.58,0,30.08,6.02,36.1,10.8,30.08
2026-08,THE WITCHER - Witcher TV Series Silver Sword Cosplay/LARP Safe Foam,Default Title,FM308,2,31.66,-1.58,0,30.08,6.02,36.1,10.44,30.08
2026-08,Jurassic Park – Official Velociraptor Diorama,Default Title,NN2502,1,29.17,0,0,29.17,5.83,35,17.66,29.17
2026-08,Harry Potter - Official Hogsmeade Village Collectible Snow Globe,Default Title,B7518B26,1,37.5,-8.33,0,29.17,5.83,35,16.87,29.17
2026-08,Deadpool - Display (Straight) Katana,Default Title,BS310323,1,29.17,0,0,29.17,5.83,35,9.85,29.17
2026-08,"Original Stormtrooper – Official ""The Last Samurai"" Collectible Figurine",Default Title,B7468A26,1,29.16,0,0,29.16,5.83,34.99,16.66,29.16
2026-08,One Piece - Officially Licensed Straw Hat Posable Light,Default Title,PP14468OPNF,1,29.16,0,0,29.16,5.83,34.99,15,29.16
2026-08,Assassin's Creed - Altair Sword Cosplay/Larp Safe Foam,Default Title,BS111036,2,31.66,-2.77,0,28.89,5.78,34.67,16,28.89
2026-08,Triple Lion Stand (Velvet Lined),Default Title,BP310111T,2,26.66,0,0,26.66,5.34,32,5.92,26.66
2026-08,"One Piece – Official 10,000 World Berry Metal Banknote",Default Title,NFX-OP14,1,25.32,0,0,25.32,5.07,30.39,14.14,25.32
2026-08,3D Laser Engraved Crystal Ball – Colour-Changing LED Display,Default Title,BG011653 (B),1,25,0,0,25,5,30,5.05,25
2026-08,Punisher - Folding Knife,Default Title,VX221815-G,2,25,0,0,25,5,30,7.42,25
2026-08,Naruto - Kunai (Metal),Default Title,AM035,1,25,0,0,25,5,30,4.85,25
2026-08,Skyrim Daedric Dagger - Cosplay/Larp Safe Foam,Default Title,BS111062,2,25,0,0,25,5,30,18,25
2026-08,Real Wood Revolver Display Stand,Default Title,G808,1,25,0,0,25,5,30,14.36,25
2026-08,Jurassic Park - Raptor Recon Diorama,Default Title,NN9750,1,25,0,0,25,5,30,15.28,25
2026-08,Demon Slayer - Sanemi Shinazugawa Nichirin Collectable (40cm),Default Title,LT007,3,24.99,0,0,24.99,5.01,30,9,24.99
2026-08,The Lord Of The Rings - Officially Licensed Galadriel Earendil Lamp,Default Title,LAMP006,1,24.99,0,0,24.99,5,29.99,12.5,24.99
2026-08,Harry Potter - Officially Licensed Golden Snitch Posable Desk Lamp,Default Title,PP12796HP,1,24.99,0,0,24.99,5,29.99,17.5,24.99
2026-08,GAME OF THRONES HOUSE OF THE DRAGON - DRAGON EGG COOKIE JAR,Default Title,GA006,1,24.99,0,0,24.99,5,29.99,13.86,24.99
2026-08,Take a Stand – Official Gothic Figurine,Default Title,D6963A25,1,24.99,0,0,24.99,5,29.99,12.5,24.99
2026-08,Roman Pugio Dagger,Default Title,VX221826,1,24.17,0,0,24.17,4.83,29,11,24.17
2026-08,Devil May Cry - Red Queen Cosplay Safe Foam,Default Title,VX221136,1,24.17,0,0,24.17,4.83,29,0,0
2026-08,Harry Potter - The Official Gringotts Coin Collection,Default Title,NN7234,1,24.17,0,0,24.17,4.83,29,16.93,24.17
2026-08,Devil May Cry - Vergil Yamato Collectable (40cm),Default Title,VX221066,3,24.99,-0.83,0,24.16,4.84,29,9,24.16
2026-08,Trailfinder Spider Knife Folding Knife,Default Title,BF111521,2,25,-0.93,0,24.07,4.81,28.88,6.98,24.07
2026-08,One Piece - Roronoa Zoro Kitetsu Sandai (Cosplay Safe Foam),Default Title,HK9413F,3,24.99,-1.46,0,23.53,4.71,28.24,31.5,23.53
2026-08,The Elder Scrolls IV: Oblivion Mehrunes' Razor Bottle Opener,Default Title,B-ELD18,3,24.96,-1.5,0,23.46,4.7,28.16,16.47,23.46
2026-08,Demon Slayer - Muichiro Tokito Nichirin Collectable (40cm),Default Title,VX221050,3,33.32,-1.66,-8.33,23.33,4.67,28,9,23.33
2026-08,Legend Of Zelda - Master Sword In Stone Letter Opener,Default Title,BS210368,2,25,-2.09,0,22.91,4.58,27.49,0,0
2026-08,Devil May Cry Rebellion - Cosplay/Larp Safe Foamsword,Default Title,HK0213F,1,22.5,0,0,22.5,4.5,27,11,22.5
2026-08,The Lord Of The Rings - Arwen Hadhafang Letter Opener and Display Case,Default Title,NN9281,1,24.99,-2.8,0,22.19,4.44,26.63,19.96,22.19
2026-08,Star Wars - Darth vader Premium Lightsaber Umbrella,Default Title,,1,24.16,-2.41,0,21.75,4.35,26.1,0,0
2026-08,Pompei Collection - Roman Cinquedea Collectable (35cm),Default Title,VX221123,1,20.83,0,0,20.83,4.17,25,6.3,20.83
2026-08,"Fallout – ""T-60 Helmet"" Miniature Replica",Default Title,B7495B26,1,20.83,0,0,20.83,4.17,25,12.5,20.83
2026-08,Pirate Sword (Cosplay Safe Foam),Default Title,FM113,1,20.83,0,0,20.83,4.17,25,8.56,20.83
2026-08,Celtic Sword Collectable (40cm),Default Title,VX221114,1,20.83,0,0,20.83,4.17,25,4.08,20.83
2026-08,Devil May Cry 5 - Vergil Yamato Katana (Cosplay Safe Wood),Default Title,VX221344,1,20.83,0,0,20.83,4.17,25,4.88,20.83
2026-08,"Final Fantasy - Multiblade Buster (Cosplay Safe Foam, 101cm)",Default Title,VX221190,1,20.83,0,0,20.83,4.17,25,6.98,20.83
2026-08,"The Witcher III Steel Sword (Mace Pommel) - 15"" Collectable",Default Title,"614-15""",1,20.83,0,0,20.83,4.17,25,4.71,20.83
2026-08,Harley Quinn Foam Hammer (Cosplay And Larp Safe),Default Title,FM068,1,20.83,0,0,20.83,4.17,25,14.39,20.83
2026-08,Bleach - Zangetsu (Cosplay Safe Foam),Default Title,FM1856W,1,20.83,0,0,20.83,4.17,25,4.71,20.83
2026-08,Devil May Cry Rebellion - Cosplay Safe Foam,Default Title,HK0213F,1,20.83,0,0,20.83,4.17,25,8,20.83
2026-08,Highlander Endgame - Duncan MacLeod Collectable 40cm,Default Title,VX221206,1,20.83,0,0,20.83,4.17,25,0,0
2026-08,Basic Katana Triple Stand,Default Title,BP011368-3,1,20.83,0,0,20.83,4.17,25,11,20.83
2026-08,Fallout - Pip-Boy Limited Edition Lenticular Ingot,Default Title,B-FLT88,1,20.82,0,0,20.82,4.17,24.99,13.74,20.82
2026-08,HARRY POTTER SNOW GLOBE,Default Title,BN004,1,20.82,0,0,20.82,4.17,24.99,0,0
2026-08,Assassin's Creed - Altair Collectable (34cm),Default Title,VX221223,1,20.82,0,0,20.82,4.17,24.99,3.44,20.82
2026-08,Disney The Nightmare Before Christmas - Officially Licensed Premium Umbrella,Default Title,PARP01,1,20.82,0,0,20.82,4.17,24.99,12.5,20.82
2026-08,Superman/Supergirl - The Official Krypto Plush,Default Title,NN4523,1,20.82,0,0,20.82,4.17,24.99,12.5,20.82
2026-08,"Original Stormtrooper – Official ""The Overthinker"" Collectible Figurine",Default Title,B7530B26,1,20.82,0,0,20.82,4.17,24.99,10.41,20.82
2026-08,Assassin’s Creed Shadows - PureArts Qlectors Naoe & Yasuke PVC Figure,Default Title,PA037AC,2,45.81,-24.99,0,20.82,4.17,24.99,60,20.82
2026-08,Bleach - Ichigo Hollow Zangetsu (Cosplay Safe Wood),Default Title,VX221286,1,25,-5,0,20,4,24,4.41,20
2026-08,Garand Dummy Round (Pack of 6),Default Title,G56,2,20,0,0,20,4,24,11.4,20
2026-08,The Witcher Wild Hunt- Steel Collectible 40cm,Default Title,HK8786SU,1,20.83,-0.93,0,19.9,3.98,23.88,6.9,19.9
2026-08,ThunderCats 40th Anniversary Lion-O Coin,Default Title,Z-TC03,2,19.97,-0.51,0,19.46,3.9,23.36,10.98,19.46
2026-08,Foo Emblem Double Stand,Default Title,BP310115,1,20.82,-2.8,0,18.02,3.61,21.63,6.35,18.02
2026-08,Pac-Monster,3X-Large (Large Image),11913062,1,18.74,-0.86,0,17.88,3.58,21.46,8.5,17.88
2026-08,Buckland - Mini Bowie,Default Title,VX221812,1,17.5,0,0,17.5,3.5,21,5.29,17.5
2026-08,The Sword Stall – Double Display Stand (Velvet Lined),Default Title,BP310111DN,3,23.31,-1.11,-5.06,17.14,3.44,20.58,8.4,17.14
2026-08,Final Fantasy VII - Black Chocobo,3X-Large,79211574,1,16.67,0,0,16.67,3.33,20,8.5,16.67
2026-08,AR-15 Assault Rifle (Cosplay Safe Foam),Default Title,FM052,1,16.67,0,0,16.67,3.33,20,9.32,16.67
2026-08,Thanos Heli-Sword - Cosplay/Larp Safe Foam Sword,Default Title,BS111031,1,16.67,0,0,16.67,3.33,20,12,16.67
2026-08,That Time I Got Reincarnated As A Slime - Rimuru Tempest Katana (Cosplay Safe Wood),Default Title,VX221354,1,16.67,0,0,16.67,3.33,20,4.57,16.67
2026-08,Legend Of Zelda - Breath Of The Wild Bow - Cosplay Safe Foam,Default Title,FM119,1,16.67,0,0,16.67,3.33,20,14,16.67
2026-08,"Roman Gladius Collectable (28cm, Red)",Default Title,VX221823,1,16.67,0,0,16.67,3.33,20,3.52,16.67
2026-08,Call of Duty - SCAR Assault Rifle (Cosplay Safe Foam),Default Title,FM053,1,16.67,0,0,16.67,3.33,20,9.28,16.67
2026-08,Night Out Of The Living Dead - Getting Barbara,Tee 3X-Large,TEE204-TE-1-1-1-1-1-1-1-1-1-1-1-1-1-1,1,16.67,0,0,16.67,3.33,20,8.5,16.67
2026-08,Sword Art Online - Kirito's Elucidator Letter Opener (30cm),Default Title,HK8471-1,1,16.67,0,0,16.67,3.33,20,6.5,16.67
2026-08,Cold Steel Kudu Ring Lock Folding Knife,Default Title,CS-20KK,1,16.67,0,0,16.67,3.33,20,10.03,16.67
2026-08,Demon Slayer - Zenitsu Agatsama Nichirin Katana Umbrella,Default Title,AM072-3,1,16.67,0,0,16.67,3.33,20,11,16.67
2026-08,Double Wall Display (Velvet Lined),Default Title,BP310109,1,16.67,0,0,16.67,3.33,20,4.14,16.67
2026-08,Helmet Stand,Default Title,AH3813,1,16.67,0,0,16.67,3.33,20,7.59,16.67
2026-08,Demon Slayer - Yoriichi Nichirin Katana - Cosplay Safe Wood,Default Title,WD084,1,16.67,0,0,16.67,3.33,20,12.79,16.67
2026-08,Demon Slayer - Kyojuro Rengoku Nichirin Katana Umbrella,Default Title,AM072-2,1,16.67,0,0,16.67,3.33,20,11,16.67
2026-08,Ninja Gaiden - Blade Of The Archfiend Genshin Katana (Cosplay Safe Wood),Default Title,VX221366,1,16.67,0,0,16.67,3.33,20,5.04,16.67
2026-08,Ninja Turtles - Officially Licensed Deluxe Door Mat,Default Title,FGE0070,1,16.66,0,0,16.66,3.33,19.99,7.5,16.66
2026-08,Marvel Thor - Officially Licensed Hammer Pen And Stand,Default Title,BOSO02,1,16.66,0,0,16.66,3.33,19.99,10.41,16.66
2026-08,Fallout – Vault Dweller’s Scented Candle Set,Default Title,B-FLT104,1,16.66,0,0,16.66,3.33,19.99,9.16,16.66
2026-08,Rick & Morty Limited Edition Medallion,Default Title,THG-RM04,2,16.64,0,0,16.64,3.34,19.98,5.5,16.64
2026-08,Metal Gear Solid Delta – Official Limited Edition Naked Snake Collectible Coin,Default Title,KON-MGS303,2,16.64,0,0,16.64,3.34,19.98,10.98,16.64
2026-08,The Odyssey – Official Trojan Horse Limited Edition Keyring,Default Title,NN2464,2,16.64,0,0,16.64,3.34,19.98,9.86,16.64
2026-08,Nightmare Before Christmas - Officially Licensed Flow Lamp 33cm,Default Title,PP12433NBC,1,18.32,-2.13,0,16.19,3.24,19.43,10,16.19
2026-08,Longclaw Wedding Cake Knife (30cm),Default Title,BS110463,1,15.83,0,0,15.83,3.17,19,5.74,15.83
2026-08,Power Rangers - Green Ranger Dagger (Cosplay Safe Foam),Default Title,FM169,1,31.66,0,-15.83,15.83,3.17,19,6.62,15.83
2026-08,The Lord Of The Rings - The One Ring (Costume),Default Title,NN0903,1,15.83,0,0,15.83,3.17,19,10.19,15.83
2026-08,Demon Slayer -  Muichiro Tokito White Nichirin - Cosplay Safe Wood,Default Title,VX221258,1,15.83,0,0,15.83,3.17,19,12.79,15.83
2026-08,Ryoken Crimson Spirit - Display (Blunt) Tanto (Red),Default Title,BS310854RD,1,15.83,0,0,15.83,3.17,19,5.76,15.83
2026-08,Fallout - Pipe Pistol (Cosplay Safe Foam),Default Title,BG012027,1,15.83,0,0,15.83,3.17,19,4.63,15.83
2026-08,FALLOUT - Laser Pistol Cosplay/LARP Safe Foam,Default Title,FM329,1,15.83,0,0,15.83,3.17,19,9.47,15.83
2026-08,"Buckland ""Ghost"" Locking Folding Knife",Default Title,VX221416,1,15.83,0,0,15.83,3.17,19,4.95,15.83
2026-08,Demon Slayer -  Sanemi Shinazugawa Green Nichirin - Cosplay Safe Wood,Default Title,VX221251,1,15.83,0,0,15.83,3.17,19,12.79,15.83
2026-08,Arkham Horror Limited Edition Replica Police Badge,Default Title,ASE-AH06,2,16.64,-0.92,0,15.72,3.15,18.87,5,15.72
2026-08,Game of Thrones - Officially Licensed Targaryen Cushion,Default Title,C6443X3,2,16.64,-1.57,0,15.07,3.02,18.09,0,0
2026-08,Nightmares On Elm Street - Elm Street Nightmares,Tee Ladies Fitted XL,T0227-TE-1-1-1-1-1-1-1-1,1,15,0,0,15,3,18,8.5,15
2026-08,Demon Slayer - Zenitsu Agatsuma Nichirin Collectable (40cm),Default Title,VX221057,2,16.66,-1.66,0,15,3,18,6,15
2026-08,Star Wars - Imperial Park,Tee X-Large,TEE335-TE-1-1-1-1-1-1-1-1-1-1-1-1,1,15,0,0,15,3,18,8.5,15
2026-08,Lord of the Rings – Official Helm of Sauron Hanging Ornament,Default Title,B6626B24,1,14.99,0,0,14.99,3,17.99,7.5,14.99
2026-08,A Nightmare on Elm Street Limited Edition Medallion,Default Title,THG-HC08,2,14.98,0,0,14.98,3,17.98,5.5,14.98
2026-08,Demon Slayer - Nezuko Nichirin Katana (Cosplay Safe Wood),Default Title,WD062,1,16.66,-3.02,0,13.64,2.73,16.37,12.79,13.64
2026-08,Asuna's Lambent Light - Cosplay/Larp Safe Sword,Default Title,BS310512-1,1,15.83,-2.32,0,13.51,2.7,16.21,11,13.51
2026-08,Bug-A-Salt Bug-Beam Laser Targetting Kit (Universal Fit),Default Title,,1,14.99,-1.49,0,13.5,2.7,16.2,8.08,13.5
2026-08,Bleach - Ichigo Zangetsu (Cosplay Safe Wood),Default Title,VX221287,1,16.66,-3.33,0,13.33,2.67,16,4.41,13.33
2026-08,A Nightmare on Elm Street Limited Edition Collectible Coin,Default Title,THG-HC12,2,13.32,0,0,13.32,2.66,15.98,5,13.32
2026-08,Aliens - Colonial Marines,White / Tee Large,T1524-WH-TE-1-1-1-1-1-1-1-1-1-1-1,1,14.99,-2.2,0,12.79,2.56,15.35,8.5,12.79
2026-08,Bleach - Ichigo's Katana - Zangetsu Bankai (Cosplay Safe Foam),Default Title,FM158,1,12.5,0,0,12.5,2.5,15,10.7,12.5
2026-08,.30-06 Springfield Bullet Wall Hanger,Default Title,G34,1,12.5,0,0,12.5,2.5,15,6.8,12.5
2026-08,Single Katana Based Stand (Matt Black),Default Title,BP310114,1,12.5,0,0,12.5,2.5,15,2.05,12.5
2026-08,Legend Of Zelda - Skyward Sword Collectable (30cm),Default Title,,1,12.5,0,0,12.5,2.5,15,7,12.5
2026-08,"Trailfinder ""The Rainbow Claw"" 5"" Liner Lock Folding Knife",Default Title,VX221443,1,12.5,0,0,12.5,2.5,15,3.48,12.5
2026-08,Bruce Lee Nunchucks (Gold),Default Title,BW010356,1,12.5,0,0,12.5,2.5,15,6,12.5
2026-08,Devil May Cry - Blue Rose Gun Of Nero (Cosplay Safe Foam),Default Title,FM140,1,12.5,0,0,12.5,2.5,15,7,12.5
2026-08,Genshin Impact - Yoimiya Bow Hamayumi Cosplay Safe Foam,Default Title,FM099,1,12.5,0,0,12.5,2.5,15,0,0
2026-08,Deluxe Balisong/Butterfly Knife Replica Trick Trainer (Blue),Default Title,HK22657C,1,12.5,0,0,12.5,2.5,15,3.15,12.5
2026-08,Jujutsu Kaisen- Kento Nanami Cleaver (Cosplay Safe Wood),Default Title,VX221384,1,12.5,0,0,12.5,2.5,15,0,0
2026-08,Deluxe Balisong/Butterfly Knife Trick Trainer (Prismatic),Default Title,,1,12.5,0,0,12.5,2.5,15,2.95,12.5
2026-08,Legend Of Zelda - Skyward Sword - (Cosplay Safe Foam),Default Title,FM199,1,12.5,0,0,12.5,2.5,15,12,12.5
2026-08,I'll Pop the Cauldron On - Officially Licensed Doormat 45 x 75cm,Default Title,B6406X3,1,12.49,0,0,12.49,2.5,14.99,0,0
2026-08,DC Comics: The Dark Knight Joker TUBBZ (Boxed Edition),Default Title,NS5453,1,12.49,0,0,12.49,2.5,14.99,8.74,12.49
2026-08,Harry Potter - Oversize Gaming Mat & Mobile Charger,Default Title,NS5226,1,12.49,0,0,12.49,2.5,14.99,5.83,12.49
2026-08,The Shining: Jack Torrance TUBBZ (Boxed Edition),Default Title,NS5356,1,12.49,0,0,12.49,2.5,14.99,8.74,12.49
2026-08,Leatherneck Ka-Bar Style - Cosplay/Training Knife,Default Title,CS-92R39LSF,1,12.49,0,0,12.49,2.5,14.99,7,12.49
2026-08,DC Comics -  The Joker TUBBZ (Boxed Edition),Default Title,NS4456,1,12.49,0,0,12.49,2.5,14.99,11.66,12.49
2026-08,DOOM: Slayer TUBBZ (Boxed Edition),Default Title,NS4737,1,12.49,0,0,12.49,2.5,14.99,8.74,12.49
2026-08,The Nun: The Nun TUBBZ (Boxed Edition),Default Title,NS4919,1,12.49,0,0,12.49,2.5,14.99,8.74,12.49
2026-08,Back to the Future - Set of 4 Embossed Metal Coasters,Default Title,UV-COASTBF,1,12.49,0,0,12.49,2.5,14.99,6.87,12.49
2026-08,Harry Potter: Gryffindor TUBBZ (Boxed Edition),Default Title,NS5909,1,12.49,0,0,12.49,2.5,14.99,8.74,12.49
2026-08,The Sword Stall Triple Display Stand (Velvet Lined),Default Title,BP310111TN,5,37.33,-25.26,0,12.07,2.41,14.48,14.8,12.07
2026-08,Bullet Wall Hanger,Default Title,G35,1,12.49,-0.51,0,11.98,2.4,14.38,5.77,11.98
2026-08,Supernatural - Church of Castiel Pentagram,Default Title,BG011472,2,27.5,-16.25,0,11.25,2.25,13.5,3.22,11.25
2026-08,Harry Potter - Set of 3 Magnets (Group 2),Default Title,,1,10.82,0,0,10.82,2.17,12.99,7.08,10.82
2026-08,The Lord of the Rings - Set of 4 Embossed Metal Coasters,Default Title,THG-COASTLOTR,1,12.49,-1.92,0,10.57,2.11,12.68,6.87,10.57
2026-08,Resident Evil: Chris Redfield TUBBZ (Boxed Edition),Default Title,NS4730,1,12.49,-2.08,0,10.41,2.08,12.49,8.74,10.41
2026-08,Resident Evil: Claire Redfield TUBBZ (Boxed Edition),Default Title,NS4729,1,12.49,-2.08,0,10.41,2.08,12.49,8.74,10.41
2026-08,Resident Evil: Leon S Kennedy TUBBZ (Boxed Edition),Default Title,NS4731,1,12.49,-2.08,0,10.41,2.08,12.49,8.74,10.41
2026-08,Resident Evil: Jill Valentine TUBBZ (Boxed Edition),Default Title,NS4728,1,12.49,-2.08,0,10.41,2.08,12.49,8.74,10.41
2026-08,Lord of the Rings: Frodo Baggins TUBBZ (Boxed Edition),Default Title,NS4448,1,12.48,-2.31,0,10.17,2.04,12.21,8.74,10.17
2026-08,Single Lion Stand (Velvet Lined),Default Title,BP310111S,1,10,0,0,10,2,12,2.63,10
2026-08,Inferno Flame,Default Title,BF310701,1,10,0,0,10,2,12,2.91,10
2026-08,Trailfinder - Folding Rescue Knife V2,Default Title,VX221805,1,10,0,0,10,2,12,2.89,10
2026-08,The Elder Scrolls V: Skyrim - Replica Amulet of Talos Limited Edition Unisex Necklace,Default Title,B-SKY15,1,9.99,0,0,9.99,2,11.99,5.49,9.99
2026-08,Star Wars Limited Edition Millennium Falcon Ingot,Default Title,K-020,1,9.99,0,0,9.99,2,11.99,2.5,9.99
2026-08,DC Comics Batman Number Plate Tin Sign,Default Title,THG-DC58,2,11.64,-1.71,0,9.93,1.99,11.92,4.56,9.93
2026-08,Trailfinder - Kit Knife,Default Title,BS111139,1,9.17,0,0,9.17,1.83,11,2.68,9.17
2026-08,Lord Of The Rings - Officially Licensed One Ring Keyring,Default Title,KRE09,1,9.99,-1.63,0,8.36,1.67,10.03,6.25,8.36
2026-08,One Piece - Roronoa Zoro Sandai Kitetsu Collectable (40cm),Default Title,LT019,1,8.33,0,0,8.33,1.67,10,6.5,8.33
2026-08,Demon Slayer - Shinobu Kocho Nichirin Collectable (40cm),Default Title,VX221054,1,8.33,0,0,8.33,1.67,10,3,8.33
2026-08,Single Wall Display Bracket (Velvet Lined),Default Title,BP310110,1,16.66,0,-8.33,8.33,1.67,10,1.88,8.33
2026-08,One Piece - Shusui Collectible (40cm),Default Title,LT018,1,8.33,0,0,8.33,1.67,10,6.5,8.33
2026-08,Demon Slayer - Kokushibo Twelve Kizuki Nichirin Collectable (40cm),Default Title,VX221055,1,8.33,0,0,8.33,1.67,10,3,8.33
2026-08,One Piece - Roronoa Zoro's Shusui Katana - Cosplay Safe Foam With Sheath,Default Title,BS310704,1,8.33,0,0,8.33,1.67,10,10.17,8.33
2026-08,One Piece - Roronoa Zoro's Enma Katana - Cosplay Safe Foam,Default Title,FM132,1,8.33,0,0,8.33,1.67,10,11,8.33
2026-08,Back to the Future Hoverboard Coin,Default Title,UV-BF220,1,8.32,0,0,8.32,1.67,9.99,5.49,8.32
2026-08,Teenage Mutant Ninja Turtles – Krang Collectible Coin,Default Title,V-TURT25,1,8.32,0,0,8.32,1.67,9.99,5.49,8.32
2026-08,Masters of the Universe™ - Limited Edition Collectible He-Man™ Coin,Default Title,M-MOTU01,1,8.32,0,0,8.32,1.67,9.99,5.49,8.32
2026-08,Star Wars Limited Edition Obi-Wan Kenobi Ingot,Default Title,K-029,1,8.32,0,0,8.32,1.67,9.99,2.5,8.32
2026-08,Superman - Officially Licensed Fortress of Solitude Shaped Mug,Default Title,PP14683SMT,1,8.32,0,0,8.32,1.67,9.99,4.38,8.32
2026-08,The Lord of the Rings Limited Edition Gollum Collectible Coin,Default Title,THG-LOTR02,1,8.32,0,0,8.32,1.67,9.99,2.5,8.32
2026-08,Transformers G1 – Official Autobots vs Decepticons Limited Edition Coin,Default Title,HAS-TRA35,1,8.32,0,0,8.32,1.67,9.99,5.49,8.32
2026-08,Jurassic Park – Sliding Barbasol Can Keyring,Default Title,UV-JP167,1,8.32,0,0,8.32,1.67,9.99,4.57,8.32
2026-08,Transformers – Official Limited Edition Collectible Coin,Default Title,THG-TRA01,1,8.32,0,0,8.32,1.67,9.99,5.49,8.32
2026-08,2000 AD Judge Dredd Mega-City One Coin,Default Title,RB-JD01,1,8.32,0,0,8.32,1.67,9.99,5.49,8.32
2026-08,One Piece - Roronoa Zoro's Enma Collectible (40cm),Default Title,LT020,1,8.32,-0.69,0,7.63,1.53,9.16,6.5,7.63
2026-08,Demon Slayer - Tanjiro Kamado Nichirin Katana - Cosplay Safe Foam,Default Title,BS210668-3,1,8.33,-0.83,0,7.5,1.5,9,10,7.5
2026-08,Friday the 13th Limited Edition Medallion,Default Title,THG-HC06,1,7.49,0,0,7.49,1.5,8.99,2.75,7.49
2026-08,ThunderCats - Mumm-Ra Pin Badge,Default Title,Z-TC02,1,7.49,-0.39,0,7.1,1.42,8.52,4.57,7.1
2026-08,Transformers – Official Autobots Heavy Metal Bottle Opener,Default Title,THG-TRA08,1,8.32,-1.39,0,6.93,1.39,8.32,5.49,6.93
2026-08,Minecraft - Officially Licensed Creeper Cushion 40cm,Default Title,C6231W2,1,8.32,-1.56,0,6.76,1.35,8.11,0,0
2026-08,Stranger Things - Officially Licensed Cushion 55cm,Default Title,C6372X3,1,8.32,-1.56,0,6.76,1.35,8.11,0,0
2026-08,Demon Slayer - Kyojuro Rengoku Nichirin Collectable (40cm),Default Title,LT006,1,8.33,-1.66,0,6.67,1.33,8,3,6.67
2026-08,Red Dead Redemption - Six Point Sherriff Badge,Default Title,G101,1,6.66,0,0,6.66,1.33,7.99,3.14,6.66
2026-08,Lord Of The Rings - Arwen Hadhafang Collectable with Stand (22cm),Default Title,VX221237-4,1,7.48,-0.84,0,6.64,1.33,7.97,1.64,6.64
2026-08,Friday the 13th Limited Edition Collectible Coin,Default Title,THG-HC10,1,6.25,0,0,6.25,1.25,7.5,2.5,6.25
2026-08,Demon Slayer - Tanjiro Kamado Nichirin Keyring/Keychain (22cm),Default Title,KW1001,1,6.25,0,0,6.25,1.25,7.5,3,6.25
2026-08,The Exorcist Limited Edition Collectible Coin,Default Title,THG-HC13,1,6.25,0,0,6.25,1.25,7.5,2.5,6.25
2026-08,Lord of the Rings - Gondor Shield Keyring,Default Title,Z-LOTR24,1,5.82,0,0,5.82,1.17,6.99,3.66,5.82
2026-08,The Sword Stall Single Display Stand (Velvet Lined),Default Title,BP310111SN,1,8.34,0,-4.17,4.17,0.83,5,2.63,4.17
2026-08,Winchester 1973 Dummy Rounds (Set of 3),Default Title,G63,1,4.17,0,0,4.17,0.83,5,1.86,4.17
2026-08,Back to the Future Limited Edition Key Ring,Default Title,UV-BF105,1,4.16,0,0,4.16,0.83,4.99,1.83,4.16
2026-08,Back to the Future Outatime Bottle Opener,Default Title,UV-BF100,1,4.16,0,0,4.16,0.83,4.99,2.5,4.16
2026-08,Back to the Future Limited Edition Pin Badge,Default Title,UV-BF107,1,4.16,0,0,4.16,0.83,4.99,2.28,4.16
2026-08,Stranger Things - Stranger Things 5 Playing Cards in a Tin,Default Title,PP14225ST,1,4.98,-0.94,0,4.04,0.81,4.85,2.5,4.04
2026-08,Harry Potter Letter Keyring,Default Title,Z-HP80,1,3.32,0,0,3.32,0.66,3.98,1.83,3.32
2026-08,The Hobbit - United Cutlery Officially Licensed Regal Sword Thorin Oakenshield And Display (Resin),Default Title,UC3106,0,290.83,-29.08,-261.75,0,0,0,0,0
2026-08,Kingston Arms Atrim Design Arming Sword Type XIV,Default Title,KA-SM36050,0,415.83,0,-415.83,0,0,0,0,0
2026-08,Friends - Officially Licensed Central Perk Cushion 40cm,Default Title,C6226W2,0,16.64,-0.45,-16.19,0,0,0,0,0
2026-08,Cold Steel Hand And A Half Training Sword (Polypropylene),Default Title,CS-92BKHNH,0,150,0,-150,0,0,0,0,0
2026-08,Harry Potter - Fluffy Collector's Plush,Default Title,NN7975,0,32.5,0,-32.5,0,0,0,0,0
2026-08,"Aquaman Trident - Full Metal, Full Size Replica",Default Title,BS110902,0,249.17,0,-249.17,0,0,0,0,0
2026-08,Cold Steel Sure Balance Thrower,Default Title,CS-80TSB,0,0,0,0,0,0,0,0,0
2026-08,Chinese Dragon Emperor Sword (Full Metal),Default Title,CHS031R,0,79.17,0,-79.17,0,0,0,0,0
2026-08,Cold Steel Counter TAC II Fixed Blade Knife,Default Title,CS-10BCTM,0,54.17,0,-54.17,0,0,0,0,0
2026-08,Cold Steel Leatherneck-SF (Semper Fi) Fixed Blade Knife,Default Title,CS-39LSFC,0,91.67,0,-91.67,0,0,0,0,0
2026-08,Kill Bill - Deluxe Budd's (Michael Madsen) Hattori Hanzo Hand Forged Katana in Clay Tempered HCS,Default Title,bs011024-buddCT,0,249.17,0,-249.17,0,0,0,0,0
2026-08,"Lord Of The Rings - Officially Licensed ""Speak Friend"" Luminescent Doormat",Default Title,FLGE001,0,33.32,0,-33.32,0,0,0,0,0
2026-08,The Exorcist: Regan TUBBZ (Boxed Edition),Default Title,NS4453,0,12.49,0,-12.49,0,0,0,0,0
2026-08,Red Dead Redemption - Ball Tipped Sheriff Badge,Default Title,G106,0,6.66,0,-6.66,0,0,0,0,0
2026-08,Cold Steel Counter TAC I Fixed Blade Knife,Default Title,CS-10BCTL,0,150,-8.33,-141.67,0,0,0,0,0
2026-08,Predator - Badlands Ultimate Dek (Training Armor),Default Title,51752,0,45.83,0,-45.83,0,0,0,0,0
2026-08,Cold Steel Counter Point XL Serrated (Gunsite) Folding Knife,Default Title,CS-10AAS,0,133.32,-12.49,-120.83,0,0,0,0,0
2026-08,PAYDAY GIFT,Default Title,,3,0,0,0,0,0,0,0,0
2026-08,Demon Slayer - Sanemi Shinazugawa Green Nichirin Katana With Sheath - Cosplay Safe Foam,Default Title,BS210668-1,0,8.33,-0.83,-7.5,0,0,0,0,0
2026-08,Jurassic Park - Dilophosaurus Diorama,Default Title,NN2501,0,29.17,0,-29.17,0,0,0,0,0
2026-08,Kill Bill - O-Ren Ishii Shirasaya Display (Straight Blade) Katana,Default Title,BS011024OST,0,49.17,0,-49.17,0,0,0,0,0
2026-08,The Sword Stall Cleaning Kit,Default Title,BG012037N,1,12,-12,0,0,0,0,3.44,0
2026-08,One Piece - Roronoa Zoro Display (Straight) Katana (White),Default Title,BS111051,0,40.83,0,-40.83,0,0,0,0,0
2026-08,The Lord of the Rings – Gandalf the White Collectible Tankard,Default Title,B6540A24,1,59,-59,0,0,0,0,29.16,0
2026-08,Kingdom Hearts - Lionheart,Default Title,sw-753,0,54.17,0,-54.17,0,0,0,0,0
2026-08,Bug-A-Salt Orange Crush,Gun + Bug-Beam Laser Targetting SAVE £5,855693007581,0,104.98,0,-104.98,0,0,0,0,0
2026-08,Game Of Thrones - Deluxe Brienne Of Tarth's Oathkeeper,Default Title,VX221874,0,116.67,0,-116.67,0,0,0,0,0
2026-08,The Sword Stall Gift Card,£50.00,,1,0,0,0,0,0,0,0,0
2026-08,Star Wars:The Mandalorian - Officially Licensed Grogu Water Bottle 500ml,Default Title,C6380X3,1,9.99,-9.99,0,0,0,0,0,0
2026-08,Kill Bill - Deluxe Bill's (David Carradine) Hattori Hanzo Hand Forged Katana In Clay Tempered HCS,Default Title,BS011024-BILLCT,0,190.83,-8.33,-182.5,0,0,0,0,0
2026-08,Chainsaw Man - Katana with Harness - Cosplay Safe Wood,Default Title,WD122,0,20.83,0,-20.83,0,0,0,0,0
2026-08,Dungeons & Dragons - Drizzt Do'Urden Icing Death Sword,Default Title,,0,164.99,-4.16,-160.83,0,0,0,0,0
2026-08,Colt 'Outlaw' Single Action Army,Default Title,G1108/L,0,75,0,-75,0,0,0,0,0
2026-08,Lara Croft Tomb Raider Ice Axe Keychain,Default Title,,-1,2.5,0,-5,-2.5,-0.5,-3,-8.5,-2.5
2026-08,Ryoken Shadow Spirit - Display (Blunt) Tanto (Black),Default Title,BS310854BK,-1,0,0,-15.83,-15.83,-3.17,-19,-5.76,-15.83
2026-08,Demon Slayer - Kanao Tsuyuri Nichirin - Cosplay Safe Wood,Default Title,WD036,-1,0,0,-16.67,-16.67,-3.33,-20,-12,-16.67
2026-08,Doom - Crucible Sword (Cosplay Safe Foam),Default Title,VX221154-F,-1,0,0,-20.83,-20.83,-4.17,-25,-6.5,-20.83
2026-08,Destiny 2 Graviton Lance - Cosplay/Larp Safe Foam Gun,Default Title,BS111013,-1,40.83,0,-80.3,-39.47,-7.89,-47.36,-26,-39.47
2026-08,Bug-A-Salt Orange Crush,Gun Only,855693007580,-1,0,0,-41.66,-41.66,-8.33,-49.99,-26.82,-41.66
2026-08,Vikings - Ragnar Lothbrok's Axe,Default Title,A,-1,0,0,-49.17,-49.17,-9.83,-59,-38,-49.17
2026-08,Musketeer Rapier - 18th Century Europe,Default Title,HK5921,-1,90.83,-8.33,-156.67,-74.17,-14.83,-89,0,0
2026-08,Scottish Balliol Claymore,Default Title,VX221074,-1,0,0,-75,-75,-15,-90,-16.53,-75
2026-08,Elden Ring - Rellana Shadow Of The Erdtree Lunar Sword,Default Title,VX221201,-1,0,0,-82.5,-82.5,-16.5,-99,0,0
2026-08,The Bat Pod Die Cast Sculpture,Default Title,NN4001,-1,0,0,-82.5,-82.5,-16.5,-99,-56.58,-82.5
2026-08,Elden Ring - Rellana Shadow Of The Erdtree Blazing Sword,Default Title,VX221202,-1,0,0,-82.5,-82.5,-16.5,-99,0,0
2026-08,"""Tsubasa"" Triple Set Display Katana (Straight Blade)",Default Title,BS111046,-1,0,0,-91.67,-91.67,-18.33,-110,-39.51,-91.67
2026-08,GLADIATOR - Maximus' Twin Spatha/Gladius,Default Title,HK8737,-1,0,0,-100,-100,-20,-120,-13.31,-100
2026-08,EVIL DEAD: ARMY OF DARKNESS - Officially Licensed 1:1 Ash's Chainsaw Replica,Default Title,,-1,120.83,0,-241.66,-120.83,-24.17,-145,-62,-120.83
2026-08,Nightmare On Elm Street - Official Life Size (Metal) Freddy Glove Prop Replica,Default Title,39818,-1,0,0,-132.5,-132.5,-26.5,-159,-78,-132.5
2026-08,1917 Frontier Bowie,Default Title,CS-88CSAB,-1,0,0,-145.83,-145.83,-29.17,-175,-96.5,-145.83
2026-08,Demon Souls - Moonlight Greatsword,Default Title,VX221858,-1,0,0,-165.83,-165.83,-33.17,-199,-51.73,-165.83
2026-08,Masters Of The Universe - THE OFFICIAL Man-At-Arms FULL METAL Prop Replica,Non-Refundable Deposit Only £199 (£800 Remaining To Pay Before Dispatch),,-1,0,0,-165.83,-165.83,-33.17,-199,-675.3,-165.83
2026-08,M16A1 - USA Assault Rifle 1967 with Sling,Default Title,G9133,-1,0,0,-200,-200,-40,-240,-135.82,-200
2026-08,Triwizard Cup,Default Title,NN7156,-2,0,0,-216.67,-216.67,-43.33,-260,-148,-216.67
2026-08,Masters Of The Universe - THE OFFICIAL Man-At-Arms FULL METAL Prop Replica,Deposit Only £150 (£300 remaining to pay prior to shipping),408503Dep,-2,0,0,-331.66,-331.66,-66.34,-398,-1350.6,-331.66
