"Reporting starts","Reporting ends","Campaign name","Campaign delivery",Results,"Result indicator","Cost per results","Ad set budget","Ad set budget type","Amount spent (DKK)",Impressions,Reach,Frequency,"CPM (cost per 1,000 impressions) (DKK)",Ends,"Attribution setting","Purchase ROAS (return on ad spend)",Purchases,"Results value","Result value indicator","Link clicks","CTR (link click-through rate)","CPC (all) (DKK)","Post engagements","Landing page views","Adds to cart","Checkouts initiated",ThruPlays
2026-09-06,2026-09-06,"VD | Sales | Seasonal Best Sellers | DPA",active,2,actions:offsite_conversion.fb_pixel_purchase,105.41,506,Daily,210.82,4232,3088,1.370466,49.81569,Ongoing,"7-day click or 1-day view",2.918461,2,615.27,action_values:offsite_conversion.fb_pixel_purchase,78,1.8431,2.173402,79,74,4,1,
2026-09-06,2026-09-06,"VD | Sales | Trousers | DPA",active,1,actions:offsite_conversion.fb_pixel_purchase,204.9,174,Daily,204.9,4131,2631,1.570125,49.600581,Ongoing,"7-day click or 1-day view",2.713714,1,556.04,action_values:offsite_conversion.fb_pixel_purchase,57,1.379811,2.410588,58,48,3,2,
2026-09-06,2026-09-06,"VD | Broad | Awareness",active,29107,reach,8.09599066,196,Daily,235.65,35373,29107,1.215275,6.661861,Ongoing,"7-day click or 1-day view",,,,,8,0.022616,18.126923,475,7,,,44
2026-09-06,2026-09-06,"VD | Retargeting | DPA Broad Remarket",inactive,,,,44,Daily,0,0,0,0,0,Ongoing,"7-day click",,,,,,,0,,,,,
2026-09-06,2026-09-06,"VD | Retargeting | DPA",active,3,actions:offsite_conversion.fb_pixel_purchase,123.84,370,Daily,371.52,7435,3714,2.001885,49.969065,Ongoing,"7-day click",3.255087,3,1209.33,action_values:offsite_conversion.fb_pixel_purchase,181,2.434432,2.008216,190,166,7,3,2
2026-09-06,2026-09-06,"VD | Retargeting | DPA Campaign | Sales",inactive,,,,145,Daily,0,0,0,0,0,Ongoing,"7-day click",,,,,,,0,,,,,
2026-09-06,2026-09-06,"VD | Broad | Prospecting | Sales",active,2,actions:offsite_conversion.fb_pixel_purchase,198.55,370,Daily,397.1,6749,4368,1.545101,58.838346,Ongoing,"7-day click",2.800302,2,1112,action_values:offsite_conversion.fb_pixel_purchase,194,2.8745,1.697009,213,178,26,7,6
2026-09-06,2026-09-06,"WinterSale | Prospecting | Sales | Advantage+",inactive,,,,"Using ad set budget",0,0,0,0,0,0,Ongoing,"7-day click",,,,,,,0,,,,,
2026-09-06,2026-09-06,"Ongoing | Sales | ProTex1 | Advantage+ | SH",active,6,actions:offsite_conversion.fb_pixel_purchase,56.25,327,Daily,337.5,7054,5052,1.396279,47.845194,Ongoing,"7-day click or 1-day view",6.818104,6,2301.11,action_values:offsite_conversion.fb_pixel_purchase,119,1.686986,2.518657,120,113,8,3,
2026-09-06,2026-09-06,"Ongoing | Sales | Hi-Vis Only | Advantage+ | SH",active,1,actions:offsite_conversion.fb_pixel_purchase,335.82,300,Daily,335.82,7481,4809,1.555625,44.889721,Ongoing,"7-day click or 1-day view",0.618992,1,207.87,action_values:offsite_conversion.fb_pixel_purchase,171,2.285791,1.815243,173,148,7,3,
2026-09-06,2026-09-06,"Customised Workwear | Awareness | Advantage+ | SH Campaign – Copy",inactive,,,,100,Daily,0,0,0,0,0,Ongoing,"7-day click or 1-day view",,,,,,,0,,,,,
2026-09-06,2026-09-06,"Key Categories | Sales | Advantage+ | SH Campaign",inactive,,,,"Using ad set budget",0,0,0,0,0,0,Ongoing,"7-day click, 1-day view, or 1-day engaged-view",,,,,,,0,,,,,
2026-09-06,2026-09-06,"Customised Workwear | Sales | Advantage+ | SH Campaign",inactive,,,,"Using ad set budget",0,0,0,0,0,0,Ongoing,"7-day click, 1-day view, or 1-day engaged-view",,,,,,,0,,,,,
2026-09-06,2026-09-06,"Ongoing | Retargeting | Sales | Dynamic Abandoned Cart - 30 Days | SH",inactive,,,,6.5,Daily,0,0,0,0,0,Ongoing,"7-day click",,,,,,,0,,,,,
2026-09-06,2026-09-06,"AS 7/1 25 - Purchase - Flexible ad Campaign",inactive,,,,"Using ad set budget",0,0,0,0,0,0,Ongoing,"7-day click, 1-day view, or 1-day engaged-view",,,,,,,0,,,,,
2026-09-06,2026-09-06,"5/6 Michelle Job add - KAM Jylland",inactive,,,,"Using ad set budget",0,0,0,0,0,0,Ongoing,"7-day click or 1-day view",,,,,,,0,,,,,
2026-09-06,2026-09-06,"4/1 2024 - RM - UK Campaign",inactive,,,,100,Daily,0,0,0,0,0,Ongoing,"7-day click",,,,,,,0,,,,,
2026-09-06,2026-09-06,"Ongoing | Prospecting | Sales | Broad | Advantage+ | SH Campaign",inactive,,,,"Using ad set budget",0,0,0,0,0,0,Ongoing,"7-day click or 1-day view",,,,,,,0,,,,,
2026-09-06,2026-09-06,"4/12 2023 - Safety Shoe Sale  Campaign",inactive,,,,"Using ad set budget",0,0,0,0,0,0,Ongoing,"7-day click or 1-day view",,,,,,,0,,,,,
2026-09-06,2026-09-06,"11/10 2023 - Advantage+ shopping campaign Campaign",inactive,,,,"Using ad set budget",0,0,0,0,0,0,Ongoing,"7-day click or 1-day view",,,,,,,0,,,,,
2026-09-06,2026-09-06,"19/7 2023 - MPA RM campaign",inactive,,,,"Using ad set budget",0,0,0,0,0,0,Ongoing,"7-day click or 1-day view",,,,,,,0,,,,,
2026-09-06,2026-09-06,"11/7 2023 - Sales campaign Women - UK MPA",inactive,,,,"Using ad set budget",0,0,0,0,0,0,Ongoing,"7-day click or 1-day view",,,,,,,0,,,,,
2026-09-06,2026-09-06,"23/6 2023 - Sales campaign - UK MPA",inactive,,,,"Using ad set budget",0,0,0,0,0,0,Ongoing,"7-day click or 1-day view",,,,,,,0,,,,,
2026-09-06,2026-09-06,"19/6 2023 - Sales collection video",inactive,,,,"Using ad set budget",0,0,0,0,0,0,Ongoing,"7-day click or 1-day view",,,,,,,0,,,,,
2026-09-06,2026-09-06,"12/5 2023 - Sales campaign - UK MPA",inactive,,,,"Using ad set budget",0,0,0,0,0,0,Ongoing,"7-day click or 1-day view",,,,,,,0,,,,,
2026-09-06,2026-09-06,"8/5 Veltuff - Broad - custom - UK sales",inactive,,,,"Using ad set budget",0,0,0,0,0,0,Ongoing,"7-day click or 1-day view",,,,,,,0,,,,,
2026-09-06,2026-09-06,"3/5 Veltuff - Prospecting Campaign - Sales",inactive,,,,"Using ad set budget",0,0,0,0,0,0,Ongoing,"7-day click or 1-day view",,,,,,,0,,,,,
2026-09-06,2026-09-06,"11/4 Veltuff - Broad - custom - UK sales",inactive,,,,"Using ad set budget",0,0,0,0,0,0,Ongoing,"7-day click or 1-day view",,,,,,,0,,,,,
2026-09-06,2026-09-06,"28/3 Veltuff - Broad - custom - UK RM",inactive,,,,"Using ad set budget",0,0,0,0,0,0,Ongoing,"7-day click or 1-day view",,,,,,,0,,,,,
2026-09-06,2026-09-06,"23/3 Veltuff - Broad - custom - UK sales",inactive,,,,"Using ad set budget",0,0,0,0,0,0,Ongoing,"7-day click or 1-day view",,,,,,,0,,,,,
2026-09-06,2026-09-06,"17/3 Veltuff - Broad - custom - UK sales",inactive,,,,"Using ad set budget",0,0,0,0,0,0,Ongoing,"7-day click or 1-day view",,,,,,,0,,,,,
2026-09-06,2026-09-06,"AS - Prospecting Campaign JAN2023 - SALE - Copy",inactive,,,,"Using ad set budget",0,0,0,0,0,0,Ongoing,"7-day click or 1-day view",,,,,,,0,,,,,
2026-09-06,2026-09-06,"AS - Prospecting Campaign Dec2022",inactive,,,,"Using ad set budget",0,0,0,0,0,0,Ongoing,"7-day click or 1-day view",,,,,,,0,,,,,
2026-09-06,2026-09-06,"AS - RMKT - DEC 2022",inactive,,,,50,Daily,0,0,0,0,0,Ongoing,"7-day click or 1-day view",,,,,,,0,,,,,
2026-09-06,2026-09-06,"Website Retargeting - 2022",inactive,,,,"Using ad set budget",0,0,0,0,0,0,Ongoing,"1-day click",,,,,,,0,,,,,
2026-09-05,2026-09-05,"VD | Sales | Seasonal Best Sellers | DPA",active,7,actions:offsite_conversion.fb_pixel_purchase,21.74,506,Daily,152.18,3373,2595,1.299807,45.117106,Ongoing,"7-day click or 1-day view",34.319753,7,5222.78,action_values:offsite_conversion.fb_pixel_purchase,40,1.185888,3.237872,42,40,10,5,
2026-09-05,2026-09-05,"VD | Sales | Trousers | DPA",active,,,,174,Daily,159.35,3165,2132,1.484522,50.347551,Ongoing,"7-day click or 1-day view",,,,,35,1.105845,3.319792,35,27,4,,
2026-09-05,2026-09-05,"VD | Broad | Awareness",active,22904,reach,8.11517639,196,Daily,185.87,27282,22904,1.191146,6.812917,Ongoing,"7-day click or 1-day view",,,,,20,0.073308,6.884074,22,8,,,
2026-09-05,2026-09-05,"VD | Retargeting | DPA Broad Remarket",inactive,,,,44,Daily,0,0,0,0,0,Ongoing,"7-day click",,,,,,,0,,,,,
2026-09-05,2026-09-05,"VD | Retargeting | DPA",active,2,actions:offsite_conversion.fb_pixel_purchase,147.95,370,Daily,295.9,5808,2920,1.989041,50.94697,Ongoing,"7-day click",3.718351,2,1100.26,action_values:offsite_conversion.fb_pixel_purchase,119,2.048898,2.191852,123,106,8,3,
2026-09-05,2026-09-05,"VD | Retargeting | DPA Campaign | Sales",inactive,,,,145,Daily,0,0,0,0,0,Ongoing,"7-day click",,,,,,,0,,,,,
2026-09-05,2026-09-05,"VD | Broad | Prospecting | Sales",active,3,actions:offsite_conversion.fb_pixel_purchase,97.98,370,Daily,293.94,4950,3354,1.47585,59.381818,Ongoing,"7-day click",3.309927,3,972.92,action_values:offsite_conversion.fb_pixel_purchase,151,3.050505,1.413173,176,141,6,2,6
2026-09-05,2026-09-05,"WinterSale | Prospecting | Sales | Advantage+",inactive,,,,"Using ad set budget",0,0,0,0,0,0,Ongoing,"7-day click",,,,,,,0,,,,,
2026-09-05,2026-09-05,"Ongoing | Sales | ProTex1 | Advantage+ | SH",active,8,actions:offsite_conversion.fb_pixel_purchase,36.0925,327,Daily,288.74,6082,4164,1.460615,47.474515,Ongoing,"7-day click or 1-day view",17.709704,8,5113.5,action_values:offsite_conversion.fb_pixel_purchase,109,1.792174,2.30992,110,102,11,4,
2026-09-05,2026-09-05,"Ongoing | Sales | Hi-Vis Only | Advantage+ | SH",active,5,actions:offsite_conversion.fb_pixel_purchase,49.198,300,Daily,245.99,5161,3685,1.400543,47.663244,Ongoing,"7-day click or 1-day view",9.027399,5,2220.65,action_values:offsite_conversion.fb_pixel_purchase,114,2.208874,1.906899,117,104,13,5,
2026-09-05,2026-09-05,"Customised Workwear | Awareness | Advantage+ | SH Campaign – Copy",inactive,,,,100,Daily,0,0,0,0,0,Ongoing,"7-day click or 1-day view",,,,,,,0,,,,,
2026-09-05,2026-09-05,"Key Categories | Sales | Advantage+ | SH Campaign",inactive,,,,"Using ad set budget",0,0,0,0,0,0,Ongoing,"7-day click, 1-day view, or 1-day engaged-view",,,,,,,0,,,,,
2026-09-05,2026-09-05,"Customised Workwear | Sales | Advantage+ | SH Campaign",inactive,,,,"Using ad set budget",0,0,0,0,0,0,Ongoing,"7-day click, 1-day view, or 1-day engaged-view",,,,,,,0,,,,,
2026-09-05,2026-09-05,"Ongoing | Retargeting | Sales | Dynamic Abandoned Cart - 30 Days | SH",inactive,,,,6.5,Daily,0,0,0,0,0,Ongoing,"7-day click",,,,,,,0,,,,,
2026-09-05,2026-09-05,"AS 7/1 25 - Purchase - Flexible ad Campaign",inactive,,,,"Using ad set budget",0,0,0,0,0,0,Ongoing,"7-day click, 1-day view, or 1-day engaged-view",,,,,,,0,,,,,
2026-09-05,2026-09-05,"5/6 Michelle Job add - KAM Jylland",inactive,,,,"Using ad set budget",0,0,0,0,0,0,Ongoing,"7-day click or 1-day view",,,,,,,0,,,,,
2026-09-05,2026-09-05,"4/1 2024 - RM - UK Campaign",inactive,,,,100,Daily,0,0,0,0,0,Ongoing,"7-day click",,,,,,,0,,,,,
2026-09-05,2026-09-05,"Ongoing | Prospecting | Sales | Broad | Advantage+ | SH Campaign",inactive,,,,"Using ad set budget",0,0,0,0,0,0,Ongoing,"7-day click or 1-day view",,,,,,,0,,,,,
2026-09-05,2026-09-05,"4/12 2023 - Safety Shoe Sale  Campaign",inactive,,,,"Using ad set budget",0,0,0,0,0,0,Ongoing,"7-day click or 1-day view",,,,,,,0,,,,,
2026-09-05,2026-09-05,"11/10 2023 - Advantage+ shopping campaign Campaign",inactive,,,,"Using ad set budget",0,0,0,0,0,0,Ongoing,"7-day click or 1-day view",,,,,,,0,,,,,
2026-09-05,2026-09-05,"19/7 2023 - MPA RM campaign",inactive,,,,"Using ad set budget",0,0,0,0,0,0,Ongoing,"7-day click or 1-day view",,,,,,,0,,,,,
2026-09-05,2026-09-05,"11/7 2023 - Sales campaign Women - UK MPA",inactive,,,,"Using ad set budget",0,0,0,0,0,0,Ongoing,"7-day click or 1-day view",,,,,,,0,,,,,
2026-09-05,2026-09-05,"23/6 2023 - Sales campaign - UK MPA",inactive,,,,"Using ad set budget",0,0,0,0,0,0,Ongoing,"7-day click or 1-day view",,,,,,,0,,,,,
2026-09-05,2026-09-05,"19/6 2023 - Sales collection video",inactive,,,,"Using ad set budget",0,0,0,0,0,0,Ongoing,"7-day click or 1-day view",,,,,,,0,,,,,
2026-09-05,2026-09-05,"12/5 2023 - Sales campaign - UK MPA",inactive,,,,"Using ad set budget",0,0,0,0,0,0,Ongoing,"7-day click or 1-day view",,,,,,,0,,,,,
2026-09-05,2026-09-05,"8/5 Veltuff - Broad - custom - UK sales",inactive,,,,"Using ad set budget",0,0,0,0,0,0,Ongoing,"7-day click or 1-day view",,,,,,,0,,,,,
2026-09-05,2026-09-05,"3/5 Veltuff - Prospecting Campaign - Sales",inactive,,,,"Using ad set budget",0,0,0,0,0,0,Ongoing,"7-day click or 1-day view",,,,,,,0,,,,,
2026-09-05,2026-09-05,"11/4 Veltuff - Broad - custom - UK sales",inactive,,,,"Using ad set budget",0,0,0,0,0,0,Ongoing,"7-day click or 1-day view",,,,,,,0,,,,,
2026-09-05,2026-09-05,"28/3 Veltuff - Broad - custom - UK RM",inactive,,,,"Using ad set budget",0,0,0,0,0,0,Ongoing,"7-day click or 1-day view",,,,,,,0,,,,,
2026-09-05,2026-09-05,"23/3 Veltuff - Broad - custom - UK sales",inactive,,,,"Using ad set budget",0,0,0,0,0,0,Ongoing,"7-day click or 1-day view",,,,,,,0,,,,,
2026-09-05,2026-09-05,"17/3 Veltuff - Broad - custom - UK sales",inactive,,,,"Using ad set budget",0,0,0,0,0,0,Ongoing,"7-day click or 1-day view",,,,,,,0,,,,,
2026-09-05,2026-09-05,"AS - Prospecting Campaign JAN2023 - SALE - Copy",inactive,,,,"Using ad set budget",0,0,0,0,0,0,Ongoing,"7-day click or 1-day view",,,,,,,0,,,,,
2026-09-05,2026-09-05,"AS - Prospecting Campaign Dec2022",inactive,,,,"Using ad set budget",0,0,0,0,0,0,Ongoing,"7-day click or 1-day view",,,,,,,0,,,,,
2026-09-05,2026-09-05,"AS - RMKT - DEC 2022",inactive,,,,50,Daily,0,0,0,0,0,Ongoing,"7-day click or 1-day view",,,,,,,0,,,,,
2026-09-05,2026-09-05,"Website Retargeting - 2022",inactive,,,,"Using ad set budget",0,0,0,0,0,0,Ongoing,"1-day click",,,,,,,0,,,,,
2026-09-04,2026-09-04,"VD | Sales | Seasonal Best Sellers | DPA",active,7,actions:offsite_conversion.fb_pixel_purchase,28.76857143,506,Daily,201.38,4301,3184,1.350817,46.821669,Ongoing,"7-day click or 1-day view",10.738256,7,2162.47,action_values:offsite_conversion.fb_pixel_purchase,88,2.046036,1.974314,91,79,19,4,2
2026-09-04,2026-09-04,"VD | Sales | Trousers | DPA",active,,,,174,Daily,189.37,4028,2541,1.585203,47.013406,Ongoing,"7-day click or 1-day view",,,,,38,0.943396,4.116739,38,27,,,
2026-09-04,2026-09-04,"VD | Broad | Awareness",active,22228,reach,7.78207666,196,Daily,172.98,25985,22228,1.169021,6.656917,Ongoing,"7-day click or 1-day view",,,,,14,0.053877,8.237143,43,6,,,2
2026-09-04,2026-09-04,"VD | Retargeting | DPA Broad Remarket",inactive,,,,44,Daily,0,0,0,0,0,Ongoing,"7-day click",,,,,,,0,,,,,
2026-09-04,2026-09-04,"VD | Retargeting | DPA",active,2,actions:offsite_conversion.fb_pixel_purchase,179.22,370,Daily,358.44,7459,3774,1.976418,48.054699,Ongoing,"7-day click",0.847338,2,303.72,action_values:offsite_conversion.fb_pixel_purchase,204,2.734951,1.518814,210,192,15,5,
2026-09-04,2026-09-04,"VD | Retargeting | DPA Campaign | Sales",inactive,,,,145,Daily,0,0,0,0,0,Ongoing,"7-day click",,,,,,,0,,,,,
2026-09-04,2026-09-04,"VD | Broad | Prospecting | Sales",active,2,actions:offsite_conversion.fb_pixel_purchase,165.31,370,Daily,330.62,6392,4418,1.446809,51.72403,Ongoing,"7-day click",2.281471,2,754.3,action_values:offsite_conversion.fb_pixel_purchase,166,2.596996,1.475982,204,150,10,2,14
2026-09-04,2026-09-04,"WinterSale | Prospecting | Sales | Advantage+",inactive,,,,"Using ad set budget",0,0,0,0,0,0,Ongoing,"7-day click",,,,,,,0,,,,,
2026-09-04,2026-09-04,"Ongoing | Sales | ProTex1 | Advantage+ | SH",active,2,actions:offsite_conversion.fb_pixel_purchase,164.26,327,Daily,328.52,8056,5772,1.395703,40.779543,Ongoing,"7-day click or 1-day view",5.207476,2,1710.76,action_values:offsite_conversion.fb_pixel_purchase,130,1.613704,2.119484,133,110,14,4,
2026-09-04,2026-09-04,"Ongoing | Sales | Hi-Vis Only | Advantage+ | SH",active,1,actions:offsite_conversion.fb_pixel_purchase,265.1,300,Daily,265.1,6084,4309,1.411929,43.573307,Ongoing,"7-day click or 1-day view",,1,,,123,2.021696,1.853846,128,104,5,1,
2026-09-04,2026-09-04,"Customised Workwear | Awareness | Advantage+ | SH Campaign – Copy",inactive,,,,100,Daily,0,0,0,0,0,Ongoing,"7-day click or 1-day view",,,,,,,0,,,,,
2026-09-04,2026-09-04,"Key Categories | Sales | Advantage+ | SH Campaign",inactive,,,,"Using ad set budget",0,0,0,0,0,0,Ongoing,"7-day click, 1-day view, or 1-day engaged-view",,,,,,,0,,,,,
2026-09-04,2026-09-04,"Customised Workwear | Sales | Advantage+ | SH Campaign",inactive,,,,"Using ad set budget",0,0,0,0,0,0,Ongoing,"7-day click, 1-day view, or 1-day engaged-view",,,,,,,0,,,,,
2026-09-04,2026-09-04,"Ongoing | Retargeting | Sales | Dynamic Abandoned Cart - 30 Days | SH",inactive,,,,6.5,Daily,0,0,0,0,0,Ongoing,"7-day click",,,,,,,0,,,,,
2026-09-04,2026-09-04,"AS 7/1 25 - Purchase - Flexible ad Campaign",inactive,,,,"Using ad set budget",0,0,0,0,0,0,Ongoing,"7-day click, 1-day view, or 1-day engaged-view",,,,,,,0,,,,,
2026-09-04,2026-09-04,"5/6 Michelle Job add - KAM Jylland",inactive,,,,"Using ad set budget",0,0,0,0,0,0,Ongoing,"7-day click or 1-day view",,,,,,,0,,,,,
2026-09-04,2026-09-04,"4/1 2024 - RM - UK Campaign",inactive,,,,100,Daily,0,0,0,0,0,Ongoing,"7-day click",,,,,,,0,,,,,
2026-09-04,2026-09-04,"Ongoing | Prospecting | Sales | Broad | Advantage+ | SH Campaign",inactive,,,,"Using ad set budget",0,0,0,0,0,0,Ongoing,"7-day click or 1-day view",,,,,,,0,,,,,
2026-09-04,2026-09-04,"4/12 2023 - Safety Shoe Sale  Campaign",inactive,,,,"Using ad set budget",0,0,0,0,0,0,Ongoing,"7-day click or 1-day view",,,,,,,0,,,,,
2026-09-04,2026-09-04,"11/10 2023 - Advantage+ shopping campaign Campaign",inactive,,,,"Using ad set budget",0,0,0,0,0,0,Ongoing,"7-day click or 1-day view",,,,,,,0,,,,,
2026-09-04,2026-09-04,"19/7 2023 - MPA RM campaign",inactive,,,,"Using ad set budget",0,0,0,0,0,0,Ongoing,"7-day click or 1-day view",,,,,,,0,,,,,
2026-09-04,2026-09-04,"11/7 2023 - Sales campaign Women - UK MPA",inactive,,,,"Using ad set budget",0,0,0,0,0,0,Ongoing,"7-day click or 1-day view",,,,,,,0,,,,,
2026-09-04,2026-09-04,"23/6 2023 - Sales campaign - UK MPA",inactive,,,,"Using ad set budget",0,0,0,0,0,0,Ongoing,"7-day click or 1-day view",,,,,,,0,,,,,
2026-09-04,2026-09-04,"19/6 2023 - Sales collection video",inactive,,,,"Using ad set budget",0,0,0,0,0,0,Ongoing,"7-day click or 1-day view",,,,,,,0,,,,,
2026-09-04,2026-09-04,"12/5 2023 - Sales campaign - UK MPA",inactive,,,,"Using ad set budget",0,0,0,0,0,0,Ongoing,"7-day click or 1-day view",,,,,,,0,,,,,
2026-09-04,2026-09-04,"8/5 Veltuff - Broad - custom - UK sales",inactive,,,,"Using ad set budget",0,0,0,0,0,0,Ongoing,"7-day click or 1-day view",,,,,,,0,,,,,
2026-09-04,2026-09-04,"3/5 Veltuff - Prospecting Campaign - Sales",inactive,,,,"Using ad set budget",0,0,0,0,0,0,Ongoing,"7-day click or 1-day view",,,,,,,0,,,,,
2026-09-04,2026-09-04,"11/4 Veltuff - Broad - custom - UK sales",inactive,,,,"Using ad set budget",0,0,0,0,0,0,Ongoing,"7-day click or 1-day view",,,,,,,0,,,,,
2026-09-04,2026-09-04,"28/3 Veltuff - Broad - custom - UK RM",inactive,,,,"Using ad set budget",0,0,0,0,0,0,Ongoing,"7-day click or 1-day view",,,,,,,0,,,,,
2026-09-04,2026-09-04,"23/3 Veltuff - Broad - custom - UK sales",inactive,,,,"Using ad set budget",0,0,0,0,0,0,Ongoing,"7-day click or 1-day view",,,,,,,0,,,,,
2026-09-04,2026-09-04,"17/3 Veltuff - Broad - custom - UK sales",inactive,,,,"Using ad set budget",0,0,0,0,0,0,Ongoing,"7-day click or 1-day view",,,,,,,0,,,,,
2026-09-04,2026-09-04,"AS - Prospecting Campaign JAN2023 - SALE - Copy",inactive,,,,"Using ad set budget",0,0,0,0,0,0,Ongoing,"7-day click or 1-day view",,,,,,,0,,,,,
2026-09-04,2026-09-04,"AS - Prospecting Campaign Dec2022",inactive,,,,"Using ad set budget",0,0,0,0,0,0,Ongoing,"7-day click or 1-day view",,,,,,,0,,,,,
2026-09-04,2026-09-04,"AS - RMKT - DEC 2022",inactive,,,,50,Daily,0,0,0,0,0,Ongoing,"7-day click or 1-day view",,,,,,,0,,,,,
2026-09-04,2026-09-04,"Website Retargeting - 2022",inactive,,,,"Using ad set budget",0,0,0,0,0,0,Ongoing,"1-day click",,,,,,,0,,,,,
2026-09-03,2026-09-03,"VD | Sales | Seasonal Best Sellers | DPA",active,4,actions:offsite_conversion.fb_pixel_purchase,51.125,506,Daily,204.5,5004,3632,1.377753,40.867306,Ongoing,"7-day click or 1-day view",23.471736,4,4799.97,action_values:offsite_conversion.fb_pixel_purchase,73,1.458833,2.524691,82,62,13,1,3
2026-09-03,2026-09-03,"VD | Sales | Trousers | DPA",active,1,actions:offsite_conversion.fb_pixel_purchase,161.34,174,Daily,161.34,3830,2598,1.474211,42.125326,Ongoing,"7-day click or 1-day view",3.730755,1,601.92,action_values:offsite_conversion.fb_pixel_purchase,47,1.227154,2.444545,47,43,6,,
2026-09-03,2026-09-03,"VD | Broad | Awareness",active,25271,reach,6.61034387,196,Daily,167.05,28216,25271,1.116537,5.9204,Ongoing,"7-day click or 1-day view",,,,,25,0.088602,5.760345,36,14,,,1
2026-09-03,2026-09-03,"VD | Retargeting | DPA Broad Remarket",inactive,,,,44,Daily,0,0,0,0,0,Ongoing,"7-day click",,,,,,,0,,,,,
2026-09-03,2026-09-03,"VD | Retargeting | DPA",active,2,actions:offsite_conversion.fb_pixel_purchase,176.425,370,Daily,352.85,7844,3939,1.991368,44.983427,Ongoing,"7-day click",2.214454,2,781.37,action_values:offsite_conversion.fb_pixel_purchase,148,1.886792,1.949448,159,134,6,3,
2026-09-03,2026-09-03,"VD | Retargeting | DPA Campaign | Sales",inactive,,,,145,Daily,0,0,0,0,0,Ongoing,"7-day click",,,,,,,0,,,,,
2026-09-03,2026-09-03,"VD | Broad | Prospecting | Sales",active,4,actions:offsite_conversion.fb_pixel_purchase,89.095,370,Daily,356.38,6561,4351,1.507929,54.317939,Ongoing,"7-day click",5.45993,4,1945.81,action_values:offsite_conversion.fb_pixel_purchase,165,2.514861,1.746961,306,153,13,5,48
2026-09-03,2026-09-03,"WinterSale | Prospecting | Sales | Advantage+",inactive,,,,"Using ad set budget",0,0,0,0,0,0,Ongoing,"7-day click",,,,,,,0,,,,,
2026-09-03,2026-09-03,"Ongoing | Sales | ProTex1 | Advantage+ | SH",active,,,,327,Daily,337.92,8438,5887,1.433328,40.047405,Ongoing,"7-day click or 1-day view",,,,,111,1.315478,2.283243,116,91,7,1,
2026-09-03,2026-09-03,"Ongoing | Sales | Hi-Vis Only | Advantage+ | SH",active,9,actions:offsite_conversion.fb_pixel_purchase,32.11888889,300,Daily,289.07,6354,4422,1.436906,45.494177,Ongoing,"7-day click or 1-day view",19.181997,9,5544.94,action_values:offsite_conversion.fb_pixel_purchase,131,2.061693,2.035704,136,115,18,8,1
2026-09-03,2026-09-03,"Customised Workwear | Awareness | Advantage+ | SH Campaign – Copy",inactive,,,,100,Daily,0,0,0,0,0,Ongoing,"7-day click or 1-day view",,,,,,,0,,,,,
2026-09-03,2026-09-03,"Key Categories | Sales | Advantage+ | SH Campaign",inactive,,,,"Using ad set budget",0,0,0,0,0,0,Ongoing,"7-day click, 1-day view, or 1-day engaged-view",,,,,,,0,,,,,
2026-09-03,2026-09-03,"Customised Workwear | Sales | Advantage+ | SH Campaign",inactive,,,,"Using ad set budget",0,0,0,0,0,0,Ongoing,"7-day click, 1-day view, or 1-day engaged-view",,,,,,,0,,,,,
2026-09-03,2026-09-03,"Ongoing | Retargeting | Sales | Dynamic Abandoned Cart - 30 Days | SH",inactive,,,,6.5,Daily,0,0,0,0,0,Ongoing,"7-day click",,,,,,,0,,,,,
2026-09-03,2026-09-03,"AS 7/1 25 - Purchase - Flexible ad Campaign",inactive,,,,"Using ad set budget",0,0,0,0,0,0,Ongoing,"7-day click, 1-day view, or 1-day engaged-view",,,,,,,0,,,,,
2026-09-03,2026-09-03,"5/6 Michelle Job add - KAM Jylland",inactive,,,,"Using ad set budget",0,0,0,0,0,0,Ongoing,"7-day click or 1-day view",,,,,,,0,,,,,
2026-09-03,2026-09-03,"4/1 2024 - RM - UK Campaign",inactive,,,,100,Daily,0,0,0,0,0,Ongoing,"7-day click",,,,,,,0,,,,,
2026-09-03,2026-09-03,"Ongoing | Prospecting | Sales | Broad | Advantage+ | SH Campaign",inactive,,,,"Using ad set budget",0,0,0,0,0,0,Ongoing,"7-day click or 1-day view",,,,,,,0,,,,,
2026-09-03,2026-09-03,"4/12 2023 - Safety Shoe Sale  Campaign",inactive,,,,"Using ad set budget",0,0,0,0,0,0,Ongoing,"7-day click or 1-day view",,,,,,,0,,,,,
2026-09-03,2026-09-03,"11/10 2023 - Advantage+ shopping campaign Campaign",inactive,,,,"Using ad set budget",0,0,0,0,0,0,Ongoing,"7-day click or 1-day view",,,,,,,0,,,,,
2026-09-03,2026-09-03,"19/7 2023 - MPA RM campaign",inactive,,,,"Using ad set budget",0,0,0,0,0,0,Ongoing,"7-day click or 1-day view",,,,,,,0,,,,,
2026-09-03,2026-09-03,"11/7 2023 - Sales campaign Women - UK MPA",inactive,,,,"Using ad set budget",0,0,0,0,0,0,Ongoing,"7-day click or 1-day view",,,,,,,0,,,,,
2026-09-03,2026-09-03,"23/6 2023 - Sales campaign - UK MPA",inactive,,,,"Using ad set budget",0,0,0,0,0,0,Ongoing,"7-day click or 1-day view",,,,,,,0,,,,,
2026-09-03,2026-09-03,"19/6 2023 - Sales collection video",inactive,,,,"Using ad set budget",0,0,0,0,0,0,Ongoing,"7-day click or 1-day view",,,,,,,0,,,,,
2026-09-03,2026-09-03,"12/5 2023 - Sales campaign - UK MPA",inactive,,,,"Using ad set budget",0,0,0,0,0,0,Ongoing,"7-day click or 1-day view",,,,,,,0,,,,,
2026-09-03,2026-09-03,"8/5 Veltuff - Broad - custom - UK sales",inactive,,,,"Using ad set budget",0,0,0,0,0,0,Ongoing,"7-day click or 1-day view",,,,,,,0,,,,,
2026-09-03,2026-09-03,"3/5 Veltuff - Prospecting Campaign - Sales",inactive,,,,"Using ad set budget",0,0,0,0,0,0,Ongoing,"7-day click or 1-day view",,,,,,,0,,,,,
2026-09-03,2026-09-03,"11/4 Veltuff - Broad - custom - UK sales",inactive,,,,"Using ad set budget",0,0,0,0,0,0,Ongoing,"7-day click or 1-day view",,,,,,,0,,,,,
2026-09-03,2026-09-03,"28/3 Veltuff - Broad - custom - UK RM",inactive,,,,"Using ad set budget",0,0,0,0,0,0,Ongoing,"7-day click or 1-day view",,,,,,,0,,,,,
2026-09-03,2026-09-03,"23/3 Veltuff - Broad - custom - UK sales",inactive,,,,"Using ad set budget",0,0,0,0,0,0,Ongoing,"7-day click or 1-day view",,,,,,,0,,,,,
2026-09-03,2026-09-03,"17/3 Veltuff - Broad - custom - UK sales",inactive,,,,"Using ad set budget",0,0,0,0,0,0,Ongoing,"7-day click or 1-day view",,,,,,,0,,,,,
2026-09-03,2026-09-03,"AS - Prospecting Campaign JAN2023 - SALE - Copy",inactive,,,,"Using ad set budget",0,0,0,0,0,0,Ongoing,"7-day click or 1-day view",,,,,,,0,,,,,
2026-09-03,2026-09-03,"AS - Prospecting Campaign Dec2022",inactive,,,,"Using ad set budget",0,0,0,0,0,0,Ongoing,"7-day click or 1-day view",,,,,,,0,,,,,
2026-09-03,2026-09-03,"AS - RMKT - DEC 2022",inactive,,,,50,Daily,0,0,0,0,0,Ongoing,"7-day click or 1-day view",,,,,,,0,,,,,
2026-09-03,2026-09-03,"Website Retargeting - 2022",inactive,,,,"Using ad set budget",0,0,0,0,0,0,Ongoing,"1-day click",,,,,,,0,,,,,
2026-09-02,2026-09-02,"VD | Sales | Seasonal Best Sellers | DPA",active,3,actions:offsite_conversion.fb_pixel_purchase,71.07,506,Daily,213.21,5710,4117,1.386932,37.339755,Ongoing,"7-day click or 1-day view",17.814033,3,3798.13,action_values:offsite_conversion.fb_pixel_purchase,106,1.856392,1.678819,120,97,6,1,5
2026-09-02,2026-09-02,"VD | Sales | Trousers | DPA",active,2,actions:offsite_conversion.fb_pixel_purchase,72.83,174,Daily,145.66,4190,3263,1.284094,34.763723,Ongoing,"7-day click or 1-day view",7.532542,2,1097.19,action_values:offsite_conversion.fb_pixel_purchase,52,1.24105,2.142059,54,31,4,2,
2026-09-02,2026-09-02,"VD | Broad | Awareness",active,23951,reach,7.15084965,196,Daily,171.27,28098,23951,1.173145,6.095452,Ongoing,"7-day click or 1-day view",,,,,11,0.039149,8.5635,17,3,,,1
2026-09-02,2026-09-02,"VD | Retargeting | DPA Broad Remarket",inactive,,,,44,Daily,0,0,0,0,0,Ongoing,"7-day click",,,,,,,0,,,,,
2026-09-02,2026-09-02,"VD | Retargeting | DPA",active,2,actions:offsite_conversion.fb_pixel_purchase,187.75,370,Daily,375.5,8366,4221,1.981995,44.884055,Ongoing,"7-day click",2.478455,2,930.66,action_values:offsite_conversion.fb_pixel_purchase,227,2.713364,1.564583,238,204,15,2,2
2026-09-02,2026-09-02,"VD | Retargeting | DPA Campaign | Sales",inactive,,,,145,Daily,0,0,0,0,0,Ongoing,"7-day click",,,,,,,0,,,,,
2026-09-02,2026-09-02,"VD | Broad | Prospecting | Sales",active,4,actions:offsite_conversion.fb_pixel_purchase,101.3975,370,Daily,405.59,7517,5280,1.423674,53.956366,Ongoing,"7-day click",7.634458,4,3096.46,action_values:offsite_conversion.fb_pixel_purchase,195,2.59412,1.682946,226,172,14,3,13
2026-09-02,2026-09-02,"WinterSale | Prospecting | Sales | Advantage+",inactive,,,,"Using ad set budget",0,0,0,0,0,0,Ongoing,"7-day click",,,,,,,0,,,,,
2026-09-02,2026-09-02,"Ongoing | Sales | ProTex1 | Advantage+ | SH",active,2,actions:offsite_conversion.fb_pixel_purchase,177.275,327,Daily,354.55,8964,6094,1.470955,39.552655,Ongoing,"7-day click or 1-day view",2.648258,2,938.94,action_values:offsite_conversion.fb_pixel_purchase,171,1.907631,1.555044,174,176,18,5,
2026-09-02,2026-09-02,"Ongoing | Sales | Hi-Vis Only | Advantage+ | SH",active,,,,300,Daily,310.24,7829,5390,1.452505,39.627028,Ongoing,"7-day click or 1-day view",,,,,160,2.043684,1.782989,163,143,6,4,1
2026-09-02,2026-09-02,"Customised Workwear | Awareness | Advantage+ | SH Campaign – Copy",inactive,,,,100,Daily,0,0,0,0,0,Ongoing,"7-day click or 1-day view",,,,,,,0,,,,,
2026-09-02,2026-09-02,"Key Categories | Sales | Advantage+ | SH Campaign",inactive,,,,"Using ad set budget",0,0,0,0,0,0,Ongoing,"7-day click, 1-day view, or 1-day engaged-view",,,,,,,0,,,,,
2026-09-02,2026-09-02,"Customised Workwear | Sales | Advantage+ | SH Campaign",inactive,,,,"Using ad set budget",0,0,0,0,0,0,Ongoing,"7-day click, 1-day view, or 1-day engaged-view",,,,,,,0,,,,,
2026-09-02,2026-09-02,"Ongoing | Retargeting | Sales | Dynamic Abandoned Cart - 30 Days | SH",inactive,,,,6.5,Daily,0,0,0,0,0,Ongoing,"7-day click",,,,,,,0,,,,,
2026-09-02,2026-09-02,"AS 7/1 25 - Purchase - Flexible ad Campaign",inactive,,,,"Using ad set budget",0,0,0,0,0,0,Ongoing,"7-day click, 1-day view, or 1-day engaged-view",,,,,,,0,,,,,
2026-09-02,2026-09-02,"5/6 Michelle Job add - KAM Jylland",inactive,,,,"Using ad set budget",0,0,0,0,0,0,Ongoing,"7-day click or 1-day view",,,,,,,0,,,,,
2026-09-02,2026-09-02,"4/1 2024 - RM - UK Campaign",inactive,,,,100,Daily,0,0,0,0,0,Ongoing,"7-day click",,,,,,,0,,,,,
2026-09-02,2026-09-02,"Ongoing | Prospecting | Sales | Broad | Advantage+ | SH Campaign",inactive,,,,"Using ad set budget",0,0,0,0,0,0,Ongoing,"7-day click or 1-day view",,,,,,,0,,,,,
2026-09-02,2026-09-02,"4/12 2023 - Safety Shoe Sale  Campaign",inactive,,,,"Using ad set budget",0,0,0,0,0,0,Ongoing,"7-day click or 1-day view",,,,,,,0,,,,,
2026-09-02,2026-09-02,"11/10 2023 - Advantage+ shopping campaign Campaign",inactive,,,,"Using ad set budget",0,0,0,0,0,0,Ongoing,"7-day click or 1-day view",,,,,,,0,,,,,
2026-09-02,2026-09-02,"19/7 2023 - MPA RM campaign",inactive,,,,"Using ad set budget",0,0,0,0,0,0,Ongoing,"7-day click or 1-day view",,,,,,,0,,,,,
2026-09-02,2026-09-02,"11/7 2023 - Sales campaign Women - UK MPA",inactive,,,,"Using ad set budget",0,0,0,0,0,0,Ongoing,"7-day click or 1-day view",,,,,,,0,,,,,
2026-09-02,2026-09-02,"23/6 2023 - Sales campaign - UK MPA",inactive,,,,"Using ad set budget",0,0,0,0,0,0,Ongoing,"7-day click or 1-day view",,,,,,,0,,,,,
2026-09-02,2026-09-02,"19/6 2023 - Sales collection video",inactive,,,,"Using ad set budget",0,0,0,0,0,0,Ongoing,"7-day click or 1-day view",,,,,,,0,,,,,
2026-09-02,2026-09-02,"12/5 2023 - Sales campaign - UK MPA",inactive,,,,"Using ad set budget",0,0,0,0,0,0,Ongoing,"7-day click or 1-day view",,,,,,,0,,,,,
2026-09-02,2026-09-02,"8/5 Veltuff - Broad - custom - UK sales",inactive,,,,"Using ad set budget",0,0,0,0,0,0,Ongoing,"7-day click or 1-day view",,,,,,,0,,,,,
2026-09-02,2026-09-02,"3/5 Veltuff - Prospecting Campaign - Sales",inactive,,,,"Using ad set budget",0,0,0,0,0,0,Ongoing,"7-day click or 1-day view",,,,,,,0,,,,,
2026-09-02,2026-09-02,"11/4 Veltuff - Broad - custom - UK sales",inactive,,,,"Using ad set budget",0,0,0,0,0,0,Ongoing,"7-day click or 1-day view",,,,,,,0,,,,,
2026-09-02,2026-09-02,"28/3 Veltuff - Broad - custom - UK RM",inactive,,,,"Using ad set budget",0,0,0,0,0,0,Ongoing,"7-day click or 1-day view",,,,,,,0,,,,,
2026-09-02,2026-09-02,"23/3 Veltuff - Broad - custom - UK sales",inactive,,,,"Using ad set budget",0,0,0,0,0,0,Ongoing,"7-day click or 1-day view",,,,,,,0,,,,,
2026-09-02,2026-09-02,"17/3 Veltuff - Broad - custom - UK sales",inactive,,,,"Using ad set budget",0,0,0,0,0,0,Ongoing,"7-day click or 1-day view",,,,,,,0,,,,,
2026-09-02,2026-09-02,"AS - Prospecting Campaign JAN2023 - SALE - Copy",inactive,,,,"Using ad set budget",0,0,0,0,0,0,Ongoing,"7-day click or 1-day view",,,,,,,0,,,,,
2026-09-02,2026-09-02,"AS - Prospecting Campaign Dec2022",inactive,,,,"Using ad set budget",0,0,0,0,0,0,Ongoing,"7-day click or 1-day view",,,,,,,0,,,,,
2026-09-02,2026-09-02,"AS - RMKT - DEC 2022",inactive,,,,50,Daily,0,0,0,0,0,Ongoing,"7-day click or 1-day view",,,,,,,0,,,,,
2026-09-02,2026-09-02,"Website Retargeting - 2022",inactive,,,,"Using ad set budget",0,0,0,0,0,0,Ongoing,"1-day click",,,,,,,0,,,,,
2026-09-01,2026-09-01,"VD | Sales | Seasonal Best Sellers | DPA",active,3,actions:offsite_conversion.fb_pixel_purchase,69.28666667,506,Daily,207.86,4817,3409,1.413024,43.151339,Ongoing,"7-day click or 1-day view",52.41119,3,10894.19,action_values:offsite_conversion.fb_pixel_purchase,64,1.328628,2.211277,74,53,11,3,4
2026-09-01,2026-09-01,"VD | Sales | Trousers | DPA",active,,,,174,Daily,160.49,3925,2871,1.367119,40.889172,Ongoing,"7-day click or 1-day view",,,,,52,1.324841,1.866163,54,49,3,2,
2026-09-01,2026-09-01,"VD | Broad | Awareness",active,23189,reach,7.32416232,196,Daily,169.84,27327,23189,1.178447,6.215099,Ongoing,"7-day click or 1-day view",,,,,15,0.054891,8.087619,245,13,1,,16
2026-09-01,2026-09-01,"VD | Retargeting | DPA Broad Remarket",inactive,,,,44,Daily,0,0,0,0,0,Ongoing,"7-day click",,,,,,,0,,,,,
2026-09-01,2026-09-01,"VD | Retargeting | DPA",active,1,actions:offsite_conversion.fb_pixel_purchase,369.1,370,Daily,369.1,8673,4324,2.005782,42.557362,Ongoing,"7-day click",1.578732,1,582.71,action_values:offsite_conversion.fb_pixel_purchase,151,1.741035,2.197024,162,127,8,,2
2026-09-01,2026-09-01,"VD | Retargeting | DPA Campaign | Sales",inactive,,,,145,Daily,0,0,0,0,0,Ongoing,"7-day click",,,,,,,0,,,,,
2026-09-01,2026-09-01,"VD | Broad | Prospecting | Sales",active,2,actions:offsite_conversion.fb_pixel_purchase,205.29,370,Daily,410.58,8058,5442,1.480706,50.95309,Ongoing,"7-day click",1.250451,2,513.41,action_values:offsite_conversion.fb_pixel_purchase,166,2.060065,1.927606,255,150,6,5,22
2026-09-01,2026-09-01,"WinterSale | Prospecting | Sales | Advantage+",inactive,,,,"Using ad set budget",0,0,0,0,0,0,Ongoing,"7-day click",,,,,,,0,,,,,
2026-09-01,2026-09-01,"Ongoing | Sales | ProTex1 | Advantage+ | SH",active,1,actions:offsite_conversion.fb_pixel_purchase,386.57,327,Daily,386.57,11841,8642,1.370169,32.646736,Ongoing,"7-day click or 1-day view",2.36648,1,914.81,action_values:offsite_conversion.fb_pixel_purchase,153,1.292121,1.962284,160,132,3,3,
2026-09-01,2026-09-01,"Ongoing | Sales | Hi-Vis Only | Advantage+ | SH",active,2,actions:offsite_conversion.fb_pixel_purchase,180.175,300,Daily,360.35,8380,5531,1.515097,43.001193,Ongoing,"7-day click or 1-day view",2.149216,2,774.47,action_values:offsite_conversion.fb_pixel_purchase,125,1.491647,2.611232,131,113,16,3,1
2026-09-01,2026-09-01,"Customised Workwear | Awareness | Advantage+ | SH Campaign – Copy",inactive,,,,100,Daily,0,0,0,0,0,Ongoing,"7-day click or 1-day view",,,,,,,0,,,,,
2026-09-01,2026-09-01,"Key Categories | Sales | Advantage+ | SH Campaign",inactive,,,,"Using ad set budget",0,0,0,0,0,0,Ongoing,"7-day click, 1-day view, or 1-day engaged-view",,,,,,,0,,,,,
2026-09-01,2026-09-01,"Customised Workwear | Sales | Advantage+ | SH Campaign",inactive,,,,"Using ad set budget",0,0,0,0,0,0,Ongoing,"7-day click, 1-day view, or 1-day engaged-view",,,,,,,0,,,,,
2026-09-01,2026-09-01,"Ongoing | Retargeting | Sales | Dynamic Abandoned Cart - 30 Days | SH",inactive,,,,6.5,Daily,0,0,0,0,0,Ongoing,"7-day click",,,,,,,0,,,,,
2026-09-01,2026-09-01,"AS 7/1 25 - Purchase - Flexible ad Campaign",inactive,,,,"Using ad set budget",0,0,0,0,0,0,Ongoing,"7-day click, 1-day view, or 1-day engaged-view",,,,,,,0,,,,,
2026-09-01,2026-09-01,"5/6 Michelle Job add - KAM Jylland",inactive,,,,"Using ad set budget",0,0,0,0,0,0,Ongoing,"7-day click or 1-day view",,,,,,,0,,,,,
2026-09-01,2026-09-01,"4/1 2024 - RM - UK Campaign",inactive,,,,100,Daily,0,0,0,0,0,Ongoing,"7-day click",,,,,,,0,,,,,
2026-09-01,2026-09-01,"Ongoing | Prospecting | Sales | Broad | Advantage+ | SH Campaign",inactive,,,,"Using ad set budget",0,0,0,0,0,0,Ongoing,"7-day click or 1-day view",,,,,,,0,,,,,
2026-09-01,2026-09-01,"4/12 2023 - Safety Shoe Sale  Campaign",inactive,,,,"Using ad set budget",0,0,0,0,0,0,Ongoing,"7-day click or 1-day view",,,,,,,0,,,,,
2026-09-01,2026-09-01,"11/10 2023 - Advantage+ shopping campaign Campaign",inactive,,,,"Using ad set budget",0,0,0,0,0,0,Ongoing,"7-day click or 1-day view",,,,,,,0,,,,,
2026-09-01,2026-09-01,"19/7 2023 - MPA RM campaign",inactive,,,,"Using ad set budget",0,0,0,0,0,0,Ongoing,"7-day click or 1-day view",,,,,,,0,,,,,
2026-09-01,2026-09-01,"11/7 2023 - Sales campaign Women - UK MPA",inactive,,,,"Using ad set budget",0,0,0,0,0,0,Ongoing,"7-day click or 1-day view",,,,,,,0,,,,,
2026-09-01,2026-09-01,"23/6 2023 - Sales campaign - UK MPA",inactive,,,,"Using ad set budget",0,0,0,0,0,0,Ongoing,"7-day click or 1-day view",,,,,,,0,,,,,
2026-09-01,2026-09-01,"19/6 2023 - Sales collection video",inactive,,,,"Using ad set budget",0,0,0,0,0,0,Ongoing,"7-day click or 1-day view",,,,,,,0,,,,,
2026-09-01,2026-09-01,"12/5 2023 - Sales campaign - UK MPA",inactive,,,,"Using ad set budget",0,0,0,0,0,0,Ongoing,"7-day click or 1-day view",,,,,,,0,,,,,
2026-09-01,2026-09-01,"8/5 Veltuff - Broad - custom - UK sales",inactive,,,,"Using ad set budget",0,0,0,0,0,0,Ongoing,"7-day click or 1-day view",,,,,,,0,,,,,
2026-09-01,2026-09-01,"3/5 Veltuff - Prospecting Campaign - Sales",inactive,,,,"Using ad set budget",0,0,0,0,0,0,Ongoing,"7-day click or 1-day view",,,,,,,0,,,,,
2026-09-01,2026-09-01,"11/4 Veltuff - Broad - custom - UK sales",inactive,,,,"Using ad set budget",0,0,0,0,0,0,Ongoing,"7-day click or 1-day view",,,,,,,0,,,,,
2026-09-01,2026-09-01,"28/3 Veltuff - Broad - custom - UK RM",inactive,,,,"Using ad set budget",0,0,0,0,0,0,Ongoing,"7-day click or 1-day view",,,,,,,0,,,,,
2026-09-01,2026-09-01,"23/3 Veltuff - Broad - custom - UK sales",inactive,,,,"Using ad set budget",0,0,0,0,0,0,Ongoing,"7-day click or 1-day view",,,,,,,0,,,,,
2026-09-01,2026-09-01,"17/3 Veltuff - Broad - custom - UK sales",inactive,,,,"Using ad set budget",0,0,0,0,0,0,Ongoing,"7-day click or 1-day view",,,,,,,0,,,,,
2026-09-01,2026-09-01,"AS - Prospecting Campaign JAN2023 - SALE - Copy",inactive,,,,"Using ad set budget",0,0,0,0,0,0,Ongoing,"7-day click or 1-day view",,,,,,,0,,,,,
2026-09-01,2026-09-01,"AS - Prospecting Campaign Dec2022",inactive,,,,"Using ad set budget",0,0,0,0,0,0,Ongoing,"7-day click or 1-day view",,,,,,,0,,,,,
2026-09-01,2026-09-01,"AS - RMKT - DEC 2022",inactive,,,,50,Daily,0,0,0,0,0,Ongoing,"7-day click or 1-day view",,,,,,,0,,,,,
2026-09-01,2026-09-01,"Website Retargeting - 2022",inactive,,,,"Using ad set budget",0,0,0,0,0,0,Ongoing,"1-day click",,,,,,,0,,,,,
2026-08-31,2026-08-31,"VD | Sales | Seasonal Best Sellers | DPA",active,1,actions:offsite_conversion.fb_pixel_purchase,210.86,506,Daily,210.86,5323,3685,1.444505,39.613,Ongoing,"7-day click or 1-day view",3.62468,1,764.3,action_values:offsite_conversion.fb_pixel_purchase,83,1.559271,1.952407,86,63,5,3,
2026-08-31,2026-08-31,"VD | Sales | Trousers | DPA",active,4,actions:offsite_conversion.fb_pixel_purchase,48.565,174,Daily,194.26,4086,2711,1.507193,47.542829,Ongoing,"7-day click or 1-day view",11.803253,4,2292.9,action_values:offsite_conversion.fb_pixel_purchase,68,1.664219,1.815514,69,59,4,5,
2026-08-31,2026-08-31,"VD | Broad | Awareness",active,42212,reach,5.57519189,196,Daily,235.34,45059,42212,1.067445,5.22293,Ongoing,"7-day click or 1-day view",,,,,45,0.099869,4.61451,46,27,,,
2026-08-31,2026-08-31,"VD | Retargeting | DPA Broad Remarket",inactive,,,,44,Daily,0,0,0,0,0,Ongoing,"7-day click",,,,,,,0,,,,,
2026-08-31,2026-08-31,"VD | Retargeting | DPA",active,5,actions:offsite_conversion.fb_pixel_purchase,42.352,370,Daily,211.76,4522,2409,1.877127,46.828837,Ongoing,"7-day click",9.008972,5,1907.74,action_values:offsite_conversion.fb_pixel_purchase,104,2.299867,2.016762,112,98,25,6,2
2026-08-31,2026-08-31,"VD | Retargeting | DPA Campaign | Sales",inactive,,,,145,Daily,0,0,0,0,0,Ongoing,"7-day click",,,,,,,0,,,,,
2026-08-31,2026-08-31,"VD | Broad | Prospecting | Sales",active,,,,370,Daily,509.04,8080,5186,1.558041,63,Ongoing,"7-day click",,,,,203,2.512376,2.060891,272,175,6,,15
2026-08-31,2026-08-31,"WinterSale | Prospecting | Sales | Advantage+",inactive,,,,"Using ad set budget",0,0,0,0,0,0,Ongoing,"7-day click",,,,,,,0,,,,,
2026-08-31,2026-08-31,"Ongoing | Sales | ProTex1 | Advantage+ | SH",active,1,actions:offsite_conversion.fb_pixel_purchase,287,327,Daily,287,6654,4730,1.406765,43.131951,Ongoing,"7-day click or 1-day view",1.397735,1,401.15,action_values:offsite_conversion.fb_pixel_purchase,108,1.623084,2.174242,113,98,3,4,
2026-08-31,2026-08-31,"Ongoing | Sales | Hi-Vis Only | Advantage+ | SH",active,2,actions:offsite_conversion.fb_pixel_purchase,233.68,300,Daily,467.36,10661,6969,1.529775,43.838289,Ongoing,"7-day click or 1-day view",1.567892,2,732.77,action_values:offsite_conversion.fb_pixel_purchase,214,2.007316,2.049825,216,205,12,14,
2026-08-31,2026-08-31,"Customised Workwear | Awareness | Advantage+ | SH Campaign – Copy",inactive,,,,100,Daily,0,0,0,0,0,Ongoing,"7-day click or 1-day view",,,,,,,0,,,,,
2026-08-31,2026-08-31,"Key Categories | Sales | Advantage+ | SH Campaign",inactive,,,,"Using ad set budget",0,0,0,0,0,0,Ongoing,"7-day click, 1-day view, or 1-day engaged-view",,,,,,,0,,,,,
2026-08-31,2026-08-31,"Customised Workwear | Sales | Advantage+ | SH Campaign",inactive,,,,"Using ad set budget",0,0,0,0,0,0,Ongoing,"7-day click, 1-day view, or 1-day engaged-view",,,,,,,0,,,,,
2026-08-31,2026-08-31,"Ongoing | Retargeting | Sales | Dynamic Abandoned Cart - 30 Days | SH",inactive,,,,6.5,Daily,0,0,0,0,0,Ongoing,"7-day click",,,,,,,0,,,,,
2026-08-31,2026-08-31,"AS 7/1 25 - Purchase - Flexible ad Campaign",inactive,,,,"Using ad set budget",0,0,0,0,0,0,Ongoing,"7-day click, 1-day view, or 1-day engaged-view",,,,,,,0,,,,,
2026-08-31,2026-08-31,"5/6 Michelle Job add - KAM Jylland",inactive,,,,"Using ad set budget",0,0,0,0,0,0,Ongoing,"7-day click or 1-day view",,,,,,,0,,,,,
2026-08-31,2026-08-31,"4/1 2024 - RM - UK Campaign",inactive,,,,100,Daily,0,0,0,0,0,Ongoing,"7-day click",,,,,,,0,,,,,
2026-08-31,2026-08-31,"Ongoing | Prospecting | Sales | Broad | Advantage+ | SH Campaign",inactive,,,,"Using ad set budget",0,0,0,0,0,0,Ongoing,"7-day click or 1-day view",,,,,,,0,,,,,
2026-08-31,2026-08-31,"4/12 2023 - Safety Shoe Sale  Campaign",inactive,,,,"Using ad set budget",0,0,0,0,0,0,Ongoing,"7-day click or 1-day view",,,,,,,0,,,,,
2026-08-31,2026-08-31,"11/10 2023 - Advantage+ shopping campaign Campaign",inactive,,,,"Using ad set budget",0,0,0,0,0,0,Ongoing,"7-day click or 1-day view",,,,,,,0,,,,,
2026-08-31,2026-08-31,"19/7 2023 - MPA RM campaign",inactive,,,,"Using ad set budget",0,0,0,0,0,0,Ongoing,"7-day click or 1-day view",,,,,,,0,,,,,
2026-08-31,2026-08-31,"11/7 2023 - Sales campaign Women - UK MPA",inactive,,,,"Using ad set budget",0,0,0,0,0,0,Ongoing,"7-day click or 1-day view",,,,,,,0,,,,,
2026-08-31,2026-08-31,"23/6 2023 - Sales campaign - UK MPA",inactive,,,,"Using ad set budget",0,0,0,0,0,0,Ongoing,"7-day click or 1-day view",,,,,,,0,,,,,
2026-08-31,2026-08-31,"19/6 2023 - Sales collection video",inactive,,,,"Using ad set budget",0,0,0,0,0,0,Ongoing,"7-day click or 1-day view",,,,,,,0,,,,,
2026-08-31,2026-08-31,"12/5 2023 - Sales campaign - UK MPA",inactive,,,,"Using ad set budget",0,0,0,0,0,0,Ongoing,"7-day click or 1-day view",,,,,,,0,,,,,
2026-08-31,2026-08-31,"8/5 Veltuff - Broad - custom - UK sales",inactive,,,,"Using ad set budget",0,0,0,0,0,0,Ongoing,"7-day click or 1-day view",,,,,,,0,,,,,
2026-08-31,2026-08-31,"3/5 Veltuff - Prospecting Campaign - Sales",inactive,,,,"Using ad set budget",0,0,0,0,0,0,Ongoing,"7-day click or 1-day view",,,,,,,0,,,,,
2026-08-31,2026-08-31,"11/4 Veltuff - Broad - custom - UK sales",inactive,,,,"Using ad set budget",0,0,0,0,0,0,Ongoing,"7-day click or 1-day view",,,,,,,0,,,,,
2026-08-31,2026-08-31,"28/3 Veltuff - Broad - custom - UK RM",inactive,,,,"Using ad set budget",0,0,0,0,0,0,Ongoing,"7-day click or 1-day view",,,,,,,0,,,,,
2026-08-31,2026-08-31,"23/3 Veltuff - Broad - custom - UK sales",inactive,,,,"Using ad set budget",0,0,0,0,0,0,Ongoing,"7-day click or 1-day view",,,,,,,0,,,,,
2026-08-31,2026-08-31,"17/3 Veltuff - Broad - custom - UK sales",inactive,,,,"Using ad set budget",0,0,0,0,0,0,Ongoing,"7-day click or 1-day view",,,,,,,0,,,,,
2026-08-31,2026-08-31,"AS - Prospecting Campaign JAN2023 - SALE - Copy",inactive,,,,"Using ad set budget",0,0,0,0,0,0,Ongoing,"7-day click or 1-day view",,,,,,,0,,,,,
2026-08-31,2026-08-31,"AS - Prospecting Campaign Dec2022",inactive,,,,"Using ad set budget",0,0,0,0,0,0,Ongoing,"7-day click or 1-day view",,,,,,,0,,,,,
2026-08-31,2026-08-31,"AS - RMKT - DEC 2022",inactive,,,,50,Daily,0,0,0,0,0,Ongoing,"7-day click or 1-day view",,,,,,,0,,,,,
2026-08-31,2026-08-31,"Website Retargeting - 2022",inactive,,,,"Using ad set budget",0,0,0,0,0,0,Ongoing,"1-day click",,,,,,,0,,,,,
2026-08-30,2026-08-30,"VD | Sales | Seasonal Best Sellers | DPA",active,2,actions:offsite_conversion.fb_pixel_purchase,104.995,506,Daily,209.99,4327,2781,1.555915,48.530159,Ongoing,"7-day click or 1-day view",4.897424,2,1028.41,action_values:offsite_conversion.fb_pixel_purchase,79,1.825745,2.019135,94,58,33,6,9
2026-08-30,2026-08-30,"VD | Sales | Trousers | DPA",active,1,actions:offsite_conversion.fb_pixel_purchase,202.43,174,Daily,202.43,3835,2367,1.620194,52.784876,Ongoing,"7-day click or 1-day view",1.421627,1,287.78,action_values:offsite_conversion.fb_pixel_purchase,76,1.981747,1.645772,77,65,2,,
2026-08-30,2026-08-30,"VD | Broad | Awareness",active,49045,reach,5.49576919,196,Daily,269.54,54282,49045,1.106779,4.96555,Ongoing,"7-day click or 1-day view",,,,,71,0.130798,3.546579,115,39,,,3
2026-08-30,2026-08-30,"VD | Retargeting | DPA Broad Remarket",inactive,,,,44,Daily,0,0,0,0,0,Ongoing,"7-day click",,,,,,,0,,,,,
2026-08-30,2026-08-30,"VD | Retargeting | DPA",active,2,actions:offsite_conversion.fb_pixel_purchase,105.13,370,Daily,210.26,4160,2158,1.927711,50.543269,Ongoing,"7-day click",1.510321,2,317.56,action_values:offsite_conversion.fb_pixel_purchase,91,2.1875,2.1026,104,78,11,2,2
2026-08-30,2026-08-30,"VD | Retargeting | DPA Campaign | Sales",inactive,,,,145,Daily,0,0,0,0,0,Ongoing,"7-day click",,,,,,,0,,,,,
2026-08-30,2026-08-30,"VD | Broad | Prospecting | Sales",active,5,actions:offsite_conversion.fb_pixel_purchase,106.028,370,Daily,530.14,9121,5359,1.701997,58.123013,Ongoing,"7-day click",5.027578,5,2665.32,action_values:offsite_conversion.fb_pixel_purchase,238,2.609363,1.661881,291,209,27,4,18
2026-08-30,2026-08-30,"WinterSale | Prospecting | Sales | Advantage+",inactive,,,,"Using ad set budget",0,0,0,0,0,0,Ongoing,"7-day click",,,,,,,0,,,,,
2026-08-30,2026-08-30,"Ongoing | Sales | ProTex1 | Advantage+ | SH",active,,,,327,Daily,304.7,6618,4376,1.51234,46.0411,Ongoing,"7-day click or 1-day view",,,,,113,1.707464,2.176429,116,123,11,,
2026-08-30,2026-08-30,"Ongoing | Sales | Hi-Vis Only | Advantage+ | SH",active,2,actions:offsite_conversion.fb_pixel_purchase,246.31,300,Daily,492.62,11781,7600,1.550132,41.814787,Ongoing,"7-day click or 1-day view",2.607832,2,1284.67,action_values:offsite_conversion.fb_pixel_purchase,229,1.943808,1.90938,236,235,13,4,1
2026-08-30,2026-08-30,"Customised Workwear | Awareness | Advantage+ | SH Campaign – Copy",inactive,,,,100,Daily,0,0,0,0,0,Ongoing,"7-day click or 1-day view",,,,,,,0,,,,,
2026-08-30,2026-08-30,"Key Categories | Sales | Advantage+ | SH Campaign",inactive,,,,"Using ad set budget",0,0,0,0,0,0,Ongoing,"7-day click, 1-day view, or 1-day engaged-view",,,,,,,0,,,,,
2026-08-30,2026-08-30,"Customised Workwear | Sales | Advantage+ | SH Campaign",inactive,,,,"Using ad set budget",0,0,0,0,0,0,Ongoing,"7-day click, 1-day view, or 1-day engaged-view",,,,,,,0,,,,,
2026-08-30,2026-08-30,"Ongoing | Retargeting | Sales | Dynamic Abandoned Cart - 30 Days | SH",inactive,,,,6.5,Daily,0,0,0,0,0,Ongoing,"7-day click",,,,,,,0,,,,,
2026-08-30,2026-08-30,"AS 7/1 25 - Purchase - Flexible ad Campaign",inactive,,,,"Using ad set budget",0,0,0,0,0,0,Ongoing,"7-day click, 1-day view, or 1-day engaged-view",,,,,,,0,,,,,
2026-08-30,2026-08-30,"5/6 Michelle Job add - KAM Jylland",inactive,,,,"Using ad set budget",0,0,0,0,0,0,Ongoing,"7-day click or 1-day view",,,,,,,0,,,,,
2026-08-30,2026-08-30,"4/1 2024 - RM - UK Campaign",inactive,,,,100,Daily,0,0,0,0,0,Ongoing,"7-day click",,,,,,,0,,,,,
2026-08-30,2026-08-30,"Ongoing | Prospecting | Sales | Broad | Advantage+ | SH Campaign",inactive,,,,"Using ad set budget",0,0,0,0,0,0,Ongoing,"7-day click or 1-day view",,,,,,,0,,,,,
2026-08-30,2026-08-30,"4/12 2023 - Safety Shoe Sale  Campaign",inactive,,,,"Using ad set budget",0,0,0,0,0,0,Ongoing,"7-day click or 1-day view",,,,,,,0,,,,,
2026-08-30,2026-08-30,"11/10 2023 - Advantage+ shopping campaign Campaign",inactive,,,,"Using ad set budget",0,0,0,0,0,0,Ongoing,"7-day click or 1-day view",,,,,,,0,,,,,
2026-08-30,2026-08-30,"19/7 2023 - MPA RM campaign",inactive,,,,"Using ad set budget",0,0,0,0,0,0,Ongoing,"7-day click or 1-day view",,,,,,,0,,,,,
2026-08-30,2026-08-30,"11/7 2023 - Sales campaign Women - UK MPA",inactive,,,,"Using ad set budget",0,0,0,0,0,0,Ongoing,"7-day click or 1-day view",,,,,,,0,,,,,
2026-08-30,2026-08-30,"23/6 2023 - Sales campaign - UK MPA",inactive,,,,"Using ad set budget",0,0,0,0,0,0,Ongoing,"7-day click or 1-day view",,,,,,,0,,,,,
2026-08-30,2026-08-30,"19/6 2023 - Sales collection video",inactive,,,,"Using ad set budget",0,0,0,0,0,0,Ongoing,"7-day click or 1-day view",,,,,,,0,,,,,
2026-08-30,2026-08-30,"12/5 2023 - Sales campaign - UK MPA",inactive,,,,"Using ad set budget",0,0,0,0,0,0,Ongoing,"7-day click or 1-day view",,,,,,,0,,,,,
2026-08-30,2026-08-30,"8/5 Veltuff - Broad - custom - UK sales",inactive,,,,"Using ad set budget",0,0,0,0,0,0,Ongoing,"7-day click or 1-day view",,,,,,,0,,,,,
2026-08-30,2026-08-30,"3/5 Veltuff - Prospecting Campaign - Sales",inactive,,,,"Using ad set budget",0,0,0,0,0,0,Ongoing,"7-day click or 1-day view",,,,,,,0,,,,,
2026-08-30,2026-08-30,"11/4 Veltuff - Broad - custom - UK sales",inactive,,,,"Using ad set budget",0,0,0,0,0,0,Ongoing,"7-day click or 1-day view",,,,,,,0,,,,,
2026-08-30,2026-08-30,"28/3 Veltuff - Broad - custom - UK RM",inactive,,,,"Using ad set budget",0,0,0,0,0,0,Ongoing,"7-day click or 1-day view",,,,,,,0,,,,,
2026-08-30,2026-08-30,"23/3 Veltuff - Broad - custom - UK sales",inactive,,,,"Using ad set budget",0,0,0,0,0,0,Ongoing,"7-day click or 1-day view",,,,,,,0,,,,,
2026-08-30,2026-08-30,"17/3 Veltuff - Broad - custom - UK sales",inactive,,,,"Using ad set budget",0,0,0,0,0,0,Ongoing,"7-day click or 1-day view",,,,,,,0,,,,,
2026-08-30,2026-08-30,"AS - Prospecting Campaign JAN2023 - SALE - Copy",inactive,,,,"Using ad set budget",0,0,0,0,0,0,Ongoing,"7-day click or 1-day view",,,,,,,0,,,,,
2026-08-30,2026-08-30,"AS - Prospecting Campaign Dec2022",inactive,,,,"Using ad set budget",0,0,0,0,0,0,Ongoing,"7-day click or 1-day view",,,,,,,0,,,,,
2026-08-30,2026-08-30,"AS - RMKT - DEC 2022",inactive,,,,50,Daily,0,0,0,0,0,Ongoing,"7-day click or 1-day view",,,,,,,0,,,,,
2026-08-30,2026-08-30,"Website Retargeting - 2022",inactive,,,,"Using ad set budget",0,0,0,0,0,0,Ongoing,"1-day click",,,,,,,0,,,,,
2026-08-29,2026-08-29,"VD | Sales | Seasonal Best Sellers | DPA",active,2,actions:offsite_conversion.fb_pixel_purchase,103.105,506,Daily,206.21,3821,2438,1.567268,53.967548,Ongoing,"7-day click or 1-day view",8.735997,2,1801.45,action_values:offsite_conversion.fb_pixel_purchase,84,2.198377,2.125876,88,82,11,3,
2026-08-29,2026-08-29,"VD | Sales | Trousers | DPA",active,,,,174,Daily,130.83,2320,1554,1.492921,56.392241,Ongoing,"7-day click or 1-day view",,,,,41,1.767241,2.515962,42,37,1,,
2026-08-29,2026-08-29,"VD | Broad | Awareness",active,31839,reach,6.62740664,196,Daily,211.01,35364,31839,1.110713,5.966802,Ongoing,"7-day click or 1-day view",,,,,35,0.098971,5.552895,49,23,,,2
2026-08-29,2026-08-29,"VD | Retargeting | DPA Broad Remarket",inactive,,,,44,Daily,0,0,0,0,0,Ongoing,"7-day click",,,,,,,0,,,,,
2026-08-29,2026-08-29,"VD | Retargeting | DPA",active,3,actions:offsite_conversion.fb_pixel_purchase,54.37333333,370,Daily,163.12,2865,1684,1.701306,56.935428,Ongoing,"7-day click",13.78384,3,2248.42,action_values:offsite_conversion.fb_pixel_purchase,64,2.233857,2.039,67,67,16,1,1
2026-08-29,2026-08-29,"VD | Retargeting | DPA Campaign | Sales",inactive,,,,145,Daily,0,0,0,0,0,Ongoing,"7-day click",,,,,,,0,,,,,
2026-08-29,2026-08-29,"VD | Broad | Prospecting | Sales",active,4,actions:offsite_conversion.fb_pixel_purchase,102.6475,370,Daily,410.59,7661,4857,1.577311,53.594831,Ongoing,"7-day click",6.479091,4,2660.25,action_values:offsite_conversion.fb_pixel_purchase,198,2.584519,1.503993,228,182,25,3,9
2026-08-29,2026-08-29,"WinterSale | Prospecting | Sales | Advantage+",inactive,,,,"Using ad set budget",0,0,0,0,0,0,Ongoing,"7-day click",,,,,,,0,,,,,
2026-08-29,2026-08-29,"Ongoing | Sales | ProTex1 | Advantage+ | SH",active,2,actions:offsite_conversion.fb_pixel_purchase,136.235,327,Daily,272.47,6300,4557,1.382488,43.249206,Ongoing,"7-day click or 1-day view",7.155503,2,1949.66,action_values:offsite_conversion.fb_pixel_purchase,129,2.047619,1.641386,132,165,4,,
2026-08-29,2026-08-29,"Ongoing | Sales | Hi-Vis Only | Advantage+ | SH",active,1,actions:offsite_conversion.fb_pixel_purchase,459.01,300,Daily,459.01,10691,7165,1.492114,42.934244,Ongoing,"7-day click or 1-day view",0.988475,1,453.72,action_values:offsite_conversion.fb_pixel_purchase,273,2.55355,1.545488,287,246,9,,3
2026-08-29,2026-08-29,"Customised Workwear | Awareness | Advantage+ | SH Campaign – Copy",inactive,,,,100,Daily,0,0,0,0,0,Ongoing,"7-day click or 1-day view",,,,,,,0,,,,,
2026-08-29,2026-08-29,"Key Categories | Sales | Advantage+ | SH Campaign",inactive,,,,"Using ad set budget",0,0,0,0,0,0,Ongoing,"7-day click, 1-day view, or 1-day engaged-view",,,,,,,0,,,,,
2026-08-29,2026-08-29,"Customised Workwear | Sales | Advantage+ | SH Campaign",inactive,,,,"Using ad set budget",0,0,0,0,0,0,Ongoing,"7-day click, 1-day view, or 1-day engaged-view",,,,,,,0,,,,,
2026-08-29,2026-08-29,"Ongoing | Retargeting | Sales | Dynamic Abandoned Cart - 30 Days | SH",inactive,,,,6.5,Daily,0,0,0,0,0,Ongoing,"7-day click",,,,,,,0,,,,,
2026-08-29,2026-08-29,"AS 7/1 25 - Purchase - Flexible ad Campaign",inactive,,,,"Using ad set budget",0,0,0,0,0,0,Ongoing,"7-day click, 1-day view, or 1-day engaged-view",,,,,,,0,,,,,
2026-08-29,2026-08-29,"5/6 Michelle Job add - KAM Jylland",inactive,,,,"Using ad set budget",0,0,0,0,0,0,Ongoing,"7-day click or 1-day view",,,,,,,0,,,,,
2026-08-29,2026-08-29,"4/1 2024 - RM - UK Campaign",inactive,,,,100,Daily,0,0,0,0,0,Ongoing,"7-day click",,,,,,,0,,,,,
2026-08-29,2026-08-29,"Ongoing | Prospecting | Sales | Broad | Advantage+ | SH Campaign",inactive,,,,"Using ad set budget",0,0,0,0,0,0,Ongoing,"7-day click or 1-day view",,,,,,,0,,,,,
2026-08-29,2026-08-29,"4/12 2023 - Safety Shoe Sale  Campaign",inactive,,,,"Using ad set budget",0,0,0,0,0,0,Ongoing,"7-day click or 1-day view",,,,,,,0,,,,,
2026-08-29,2026-08-29,"11/10 2023 - Advantage+ shopping campaign Campaign",inactive,,,,"Using ad set budget",0,0,0,0,0,0,Ongoing,"7-day click or 1-day view",,,,,,,0,,,,,
2026-08-29,2026-08-29,"19/7 2023 - MPA RM campaign",inactive,,,,"Using ad set budget",0,0,0,0,0,0,Ongoing,"7-day click or 1-day view",,,,,,,0,,,,,
2026-08-29,2026-08-29,"11/7 2023 - Sales campaign Women - UK MPA",inactive,,,,"Using ad set budget",0,0,0,0,0,0,Ongoing,"7-day click or 1-day view",,,,,,,0,,,,,
2026-08-29,2026-08-29,"23/6 2023 - Sales campaign - UK MPA",inactive,,,,"Using ad set budget",0,0,0,0,0,0,Ongoing,"7-day click or 1-day view",,,,,,,0,,,,,
2026-08-29,2026-08-29,"19/6 2023 - Sales collection video",inactive,,,,"Using ad set budget",0,0,0,0,0,0,Ongoing,"7-day click or 1-day view",,,,,,,0,,,,,
2026-08-29,2026-08-29,"12/5 2023 - Sales campaign - UK MPA",inactive,,,,"Using ad set budget",0,0,0,0,0,0,Ongoing,"7-day click or 1-day view",,,,,,,0,,,,,
2026-08-29,2026-08-29,"8/5 Veltuff - Broad - custom - UK sales",inactive,,,,"Using ad set budget",0,0,0,0,0,0,Ongoing,"7-day click or 1-day view",,,,,,,0,,,,,
2026-08-29,2026-08-29,"3/5 Veltuff - Prospecting Campaign - Sales",inactive,,,,"Using ad set budget",0,0,0,0,0,0,Ongoing,"7-day click or 1-day view",,,,,,,0,,,,,
2026-08-29,2026-08-29,"11/4 Veltuff - Broad - custom - UK sales",inactive,,,,"Using ad set budget",0,0,0,0,0,0,Ongoing,"7-day click or 1-day view",,,,,,,0,,,,,
2026-08-29,2026-08-29,"28/3 Veltuff - Broad - custom - UK RM",inactive,,,,"Using ad set budget",0,0,0,0,0,0,Ongoing,"7-day click or 1-day view",,,,,,,0,,,,,
2026-08-29,2026-08-29,"23/3 Veltuff - Broad - custom - UK sales",inactive,,,,"Using ad set budget",0,0,0,0,0,0,Ongoing,"7-day click or 1-day view",,,,,,,0,,,,,
2026-08-29,2026-08-29,"17/3 Veltuff - Broad - custom - UK sales",inactive,,,,"Using ad set budget",0,0,0,0,0,0,Ongoing,"7-day click or 1-day view",,,,,,,0,,,,,
2026-08-29,2026-08-29,"AS - Prospecting Campaign JAN2023 - SALE - Copy",inactive,,,,"Using ad set budget",0,0,0,0,0,0,Ongoing,"7-day click or 1-day view",,,,,,,0,,,,,
2026-08-29,2026-08-29,"AS - Prospecting Campaign Dec2022",inactive,,,,"Using ad set budget",0,0,0,0,0,0,Ongoing,"7-day click or 1-day view",,,,,,,0,,,,,
2026-08-29,2026-08-29,"AS - RMKT - DEC 2022",inactive,,,,50,Daily,0,0,0,0,0,Ongoing,"7-day click or 1-day view",,,,,,,0,,,,,
2026-08-29,2026-08-29,"Website Retargeting - 2022",inactive,,,,"Using ad set budget",0,0,0,0,0,0,Ongoing,"1-day click",,,,,,,0,,,,,
2026-08-28,2026-08-28,"VD | Sales | Seasonal Best Sellers | DPA",active,4,actions:offsite_conversion.fb_pixel_purchase,52.615,506,Daily,210.46,4393,2763,1.589938,47.908036,Ongoing,"7-day click or 1-day view",6.989642,4,1471.04,action_values:offsite_conversion.fb_pixel_purchase,74,1.684498,2.566585,87,73,7,2,1
2026-08-28,2026-08-28,"VD | Sales | Trousers | DPA",active,4,actions:offsite_conversion.fb_pixel_purchase,50.0775,174,Daily,200.31,4182,2742,1.525164,47.898135,Ongoing,"7-day click or 1-day view",6.353053,4,1272.58,action_values:offsite_conversion.fb_pixel_purchase,64,1.530368,2.442805,64,55,8,3,
2026-08-28,2026-08-28,"VD | Broad | Awareness",active,27236,reach,6.75099133,196,Daily,183.87,30596,27236,1.123366,6.009609,Ongoing,"7-day click or 1-day view",,,,,33,0.107857,4.714615,81,25,,,5
2026-08-28,2026-08-28,"VD | Retargeting | DPA Broad Remarket",inactive,,,,44,Daily,0,0,0,0,0,Ongoing,"7-day click",,,,,,,0,,,,,
2026-08-28,2026-08-28,"VD | Retargeting | DPA",active,2,actions:offsite_conversion.fb_pixel_purchase,101.21,370,Daily,202.42,3897,2166,1.799169,51.94252,Ongoing,"7-day click",4.480881,2,907.02,action_values:offsite_conversion.fb_pixel_purchase,116,2.976649,1.606508,119,98,8,3,
2026-08-28,2026-08-28,"VD | Retargeting | DPA Campaign | Sales",inactive,,,,145,Daily,0,0,0,0,0,Ongoing,"7-day click",,,,,,,0,,,,,
2026-08-28,2026-08-28,"VD | Broad | Prospecting | Sales",active,5,actions:offsite_conversion.fb_pixel_purchase,98.182,370,Daily,490.91,8032,5044,1.592387,61.119273,Ongoing,"7-day click",2.797437,5,1373.29,action_values:offsite_conversion.fb_pixel_purchase,212,2.639442,1.880881,317,190,20,3,31
2026-08-28,2026-08-28,"WinterSale | Prospecting | Sales | Advantage+",inactive,,,,"Using ad set budget",0,0,0,0,0,0,Ongoing,"7-day click",,,,,,,0,,,,,
2026-08-28,2026-08-28,"Ongoing | Sales | ProTex1 | Advantage+ | SH",active,3,actions:offsite_conversion.fb_pixel_purchase,99.69666667,327,Daily,299.09,7018,4969,1.412357,42.617555,Ongoing,"7-day click or 1-day view",6.988365,3,2090.15,action_values:offsite_conversion.fb_pixel_purchase,116,1.652893,2.020878,118,109,12,3,
2026-08-28,2026-08-28,"Ongoing | Sales | Hi-Vis Only | Advantage+ | SH",active,5,actions:offsite_conversion.fb_pixel_purchase,97.376,300,Daily,486.88,11952,8156,1.465424,40.736278,Ongoing,"7-day click or 1-day view",2.78354,5,1355.25,action_values:offsite_conversion.fb_pixel_purchase,212,1.773762,2.011901,225,186,12,3,1
2026-08-28,2026-08-28,"Customised Workwear | Awareness | Advantage+ | SH Campaign – Copy",inactive,,,,100,Daily,0,0,0,0,0,Ongoing,"7-day click or 1-day view",,,,,,,0,,,,,
2026-08-28,2026-08-28,"Key Categories | Sales | Advantage+ | SH Campaign",inactive,,,,"Using ad set budget",0,0,0,0,0,0,Ongoing,"7-day click, 1-day view, or 1-day engaged-view",,,,,,,0,,,,,
2026-08-28,2026-08-28,"Customised Workwear | Sales | Advantage+ | SH Campaign",inactive,,,,"Using ad set budget",0,0,0,0,0,0,Ongoing,"7-day click, 1-day view, or 1-day engaged-view",,,,,,,0,,,,,
2026-08-28,2026-08-28,"Ongoing | Retargeting | Sales | Dynamic Abandoned Cart - 30 Days | SH",inactive,,,,6.5,Daily,0,0,0,0,0,Ongoing,"7-day click",,,,,,,0,,,,,
2026-08-28,2026-08-28,"AS 7/1 25 - Purchase - Flexible ad Campaign",inactive,,,,"Using ad set budget",0,0,0,0,0,0,Ongoing,"7-day click, 1-day view, or 1-day engaged-view",,,,,,,0,,,,,
2026-08-28,2026-08-28,"5/6 Michelle Job add - KAM Jylland",inactive,,,,"Using ad set budget",0,0,0,0,0,0,Ongoing,"7-day click or 1-day view",,,,,,,0,,,,,
2026-08-28,2026-08-28,"4/1 2024 - RM - UK Campaign",inactive,,,,100,Daily,0,0,0,0,0,Ongoing,"7-day click",,,,,,,0,,,,,
2026-08-28,2026-08-28,"Ongoing | Prospecting | Sales | Broad | Advantage+ | SH Campaign",inactive,,,,"Using ad set budget",0,0,0,0,0,0,Ongoing,"7-day click or 1-day view",,,,,,,0,,,,,
2026-08-28,2026-08-28,"4/12 2023 - Safety Shoe Sale  Campaign",inactive,,,,"Using ad set budget",0,0,0,0,0,0,Ongoing,"7-day click or 1-day view",,,,,,,0,,,,,
2026-08-28,2026-08-28,"11/10 2023 - Advantage+ shopping campaign Campaign",inactive,,,,"Using ad set budget",0,0,0,0,0,0,Ongoing,"7-day click or 1-day view",,,,,,,0,,,,,
2026-08-28,2026-08-28,"19/7 2023 - MPA RM campaign",inactive,,,,"Using ad set budget",0,0,0,0,0,0,Ongoing,"7-day click or 1-day view",,,,,,,0,,,,,
2026-08-28,2026-08-28,"11/7 2023 - Sales campaign Women - UK MPA",inactive,,,,"Using ad set budget",0,0,0,0,0,0,Ongoing,"7-day click or 1-day view",,,,,,,0,,,,,
2026-08-28,2026-08-28,"23/6 2023 - Sales campaign - UK MPA",inactive,,,,"Using ad set budget",0,0,0,0,0,0,Ongoing,"7-day click or 1-day view",,,,,,,0,,,,,
2026-08-28,2026-08-28,"19/6 2023 - Sales collection video",inactive,,,,"Using ad set budget",0,0,0,0,0,0,Ongoing,"7-day click or 1-day view",,,,,,,0,,,,,
2026-08-28,2026-08-28,"12/5 2023 - Sales campaign - UK MPA",inactive,,,,"Using ad set budget",0,0,0,0,0,0,Ongoing,"7-day click or 1-day view",,,,,,,0,,,,,
2026-08-28,2026-08-28,"8/5 Veltuff - Broad - custom - UK sales",inactive,,,,"Using ad set budget",0,0,0,0,0,0,Ongoing,"7-day click or 1-day view",,,,,,,0,,,,,
2026-08-28,2026-08-28,"3/5 Veltuff - Prospecting Campaign - Sales",inactive,,,,"Using ad set budget",0,0,0,0,0,0,Ongoing,"7-day click or 1-day view",,,,,,,0,,,,,
2026-08-28,2026-08-28,"11/4 Veltuff - Broad - custom - UK sales",inactive,,,,"Using ad set budget",0,0,0,0,0,0,Ongoing,"7-day click or 1-day view",,,,,,,0,,,,,
2026-08-28,2026-08-28,"28/3 Veltuff - Broad - custom - UK RM",inactive,,,,"Using ad set budget",0,0,0,0,0,0,Ongoing,"7-day click or 1-day view",,,,,,,0,,,,,
2026-08-28,2026-08-28,"23/3 Veltuff - Broad - custom - UK sales",inactive,,,,"Using ad set budget",0,0,0,0,0,0,Ongoing,"7-day click or 1-day view",,,,,,,0,,,,,
2026-08-28,2026-08-28,"17/3 Veltuff - Broad - custom - UK sales",inactive,,,,"Using ad set budget",0,0,0,0,0,0,Ongoing,"7-day click or 1-day view",,,,,,,0,,,,,
2026-08-28,2026-08-28,"AS - Prospecting Campaign JAN2023 - SALE - Copy",inactive,,,,"Using ad set budget",0,0,0,0,0,0,Ongoing,"7-day click or 1-day view",,,,,,,0,,,,,
2026-08-28,2026-08-28,"AS - Prospecting Campaign Dec2022",inactive,,,,"Using ad set budget",0,0,0,0,0,0,Ongoing,"7-day click or 1-day view",,,,,,,0,,,,,
2026-08-28,2026-08-28,"AS - RMKT - DEC 2022",inactive,,,,50,Daily,0,0,0,0,0,Ongoing,"7-day click or 1-day view",,,,,,,0,,,,,
2026-08-28,2026-08-28,"Website Retargeting - 2022",inactive,,,,"Using ad set budget",0,0,0,0,0,0,Ongoing,"1-day click",,,,,,,0,,,,,
2026-08-27,2026-08-27,"VD | Sales | Seasonal Best Sellers | DPA",active,5,actions:offsite_conversion.fb_pixel_purchase,37.304,506,Daily,186.52,4676,2913,1.605218,39.888794,Ongoing,"7-day click or 1-day view",13.347041,5,2489.49,action_values:offsite_conversion.fb_pixel_purchase,43,0.919589,3.806531,51,28,7,4,3
2026-08-27,2026-08-27,"VD | Sales | Trousers | DPA",active,1,actions:offsite_conversion.fb_pixel_purchase,197.22,174,Daily,197.22,3781,2489,1.519084,52.160804,Ongoing,"7-day click or 1-day view",1.459791,1,287.9,action_values:offsite_conversion.fb_pixel_purchase,59,1.560434,2.376145,59,47,8,5,
2026-08-27,2026-08-27,"VD | Broad | Awareness",active,35817,reach,5.34466873,196,Daily,191.43,37591,35817,1.04953,5.092442,Ongoing,"7-day click or 1-day view",3.534608,1,,,49,0.13035,3.418393,190,27,7,1,9
2026-08-27,2026-08-27,"VD | Retargeting | DPA Broad Remarket",inactive,,,,44,Daily,0,0,0,0,0,Ongoing,"7-day click",,,,,,,0,,,,,
2026-08-27,2026-08-27,"VD | Retargeting | DPA",active,2,actions:offsite_conversion.fb_pixel_purchase,122.765,370,Daily,245.53,4571,2627,1.740008,53.714723,Ongoing,"7-day click",6.252026,2,1535.06,action_values:offsite_conversion.fb_pixel_purchase,121,2.647123,1.832313,129,115,9,2,1
2026-08-27,2026-08-27,"VD | Retargeting | DPA Campaign | Sales",inactive,,,,145,Daily,0,0,0,0,0,Ongoing,"7-day click",,,,,,,0,,,,,
2026-08-27,2026-08-27,"VD | Broad | Prospecting | Sales",active,1,actions:offsite_conversion.fb_pixel_purchase,573.93,370,Daily,573.93,11333,7575,1.496106,50.642372,Ongoing,"7-day click",2.429286,1,1394.24,action_values:offsite_conversion.fb_pixel_purchase,225,1.985353,1.793531,303,190,19,2,26
2026-08-27,2026-08-27,"WinterSale | Prospecting | Sales | Advantage+",inactive,,,,"Using ad set budget",0,0,0,0,0,0,Ongoing,"7-day click",,,,,,,0,,,,,
2026-08-27,2026-08-27,"Ongoing | Sales | ProTex1 | Advantage+ | SH",active,1,actions:offsite_conversion.fb_pixel_purchase,354.7,327,Daily,354.7,8150,6250,1.304,43.521472,Ongoing,"7-day click or 1-day view",1.128334,1,400.22,action_values:offsite_conversion.fb_pixel_purchase,136,1.668712,2.162805,138,126,22,4,
2026-08-27,2026-08-27,"Ongoing | Sales | Hi-Vis Only | Advantage+ | SH",active,2,actions:offsite_conversion.fb_pixel_purchase,243.115,300,Daily,486.23,11326,7597,1.490852,42.930426,Ongoing,"7-day click or 1-day view",2.28104,2,1109.11,action_values:offsite_conversion.fb_pixel_purchase,220,1.942433,1.914291,228,207,9,3,1
2026-08-27,2026-08-27,"Customised Workwear | Awareness | Advantage+ | SH Campaign – Copy",inactive,,,,100,Daily,0,0,0,0,0,Ongoing,"7-day click or 1-day view",,,,,,,0,,,,,
2026-08-27,2026-08-27,"Key Categories | Sales | Advantage+ | SH Campaign",inactive,,,,"Using ad set budget",0,0,0,0,0,0,Ongoing,"7-day click, 1-day view, or 1-day engaged-view",,,,,,,0,,,,,
2026-08-27,2026-08-27,"Customised Workwear | Sales | Advantage+ | SH Campaign",inactive,,,,"Using ad set budget",0,0,0,0,0,0,Ongoing,"7-day click, 1-day view, or 1-day engaged-view",,,,,,,0,,,,,
2026-08-27,2026-08-27,"Ongoing | Retargeting | Sales | Dynamic Abandoned Cart - 30 Days | SH",inactive,,,,6.5,Daily,0,0,0,0,0,Ongoing,"7-day click",,,,,,,0,,,,,
2026-08-27,2026-08-27,"AS 7/1 25 - Purchase - Flexible ad Campaign",inactive,,,,"Using ad set budget",0,0,0,0,0,0,Ongoing,"7-day click, 1-day view, or 1-day engaged-view",,,,,,,0,,,,,
2026-08-27,2026-08-27,"5/6 Michelle Job add - KAM Jylland",inactive,,,,"Using ad set budget",0,0,0,0,0,0,Ongoing,"7-day click or 1-day view",,,,,,,0,,,,,
2026-08-27,2026-08-27,"4/1 2024 - RM - UK Campaign",inactive,,,,100,Daily,0,0,0,0,0,Ongoing,"7-day click",,,,,,,0,,,,,
2026-08-27,2026-08-27,"Ongoing | Prospecting | Sales | Broad | Advantage+ | SH Campaign",inactive,,,,"Using ad set budget",0,0,0,0,0,0,Ongoing,"7-day click or 1-day view",,,,,,,0,,,,,
2026-08-27,2026-08-27,"4/12 2023 - Safety Shoe Sale  Campaign",inactive,,,,"Using ad set budget",0,0,0,0,0,0,Ongoing,"7-day click or 1-day view",,,,,,,0,,,,,
2026-08-27,2026-08-27,"11/10 2023 - Advantage+ shopping campaign Campaign",inactive,,,,"Using ad set budget",0,0,0,0,0,0,Ongoing,"7-day click or 1-day view",,,,,,,0,,,,,
2026-08-27,2026-08-27,"19/7 2023 - MPA RM campaign",inactive,,,,"Using ad set budget",0,0,0,0,0,0,Ongoing,"7-day click or 1-day view",,,,,,,0,,,,,
2026-08-27,2026-08-27,"11/7 2023 - Sales campaign Women - UK MPA",inactive,,,,"Using ad set budget",0,0,0,0,0,0,Ongoing,"7-day click or 1-day view",,,,,,,0,,,,,
2026-08-27,2026-08-27,"23/6 2023 - Sales campaign - UK MPA",inactive,,,,"Using ad set budget",0,0,0,0,0,0,Ongoing,"7-day click or 1-day view",,,,,,,0,,,,,
2026-08-27,2026-08-27,"19/6 2023 - Sales collection video",inactive,,,,"Using ad set budget",0,0,0,0,0,0,Ongoing,"7-day click or 1-day view",,,,,,,0,,,,,
2026-08-27,2026-08-27,"12/5 2023 - Sales campaign - UK MPA",inactive,,,,"Using ad set budget",0,0,0,0,0,0,Ongoing,"7-day click or 1-day view",,,,,,,0,,,,,
2026-08-27,2026-08-27,"8/5 Veltuff - Broad - custom - UK sales",inactive,,,,"Using ad set budget",0,0,0,0,0,0,Ongoing,"7-day click or 1-day view",,,,,,,0,,,,,
2026-08-27,2026-08-27,"3/5 Veltuff - Prospecting Campaign - Sales",inactive,,,,"Using ad set budget",0,0,0,0,0,0,Ongoing,"7-day click or 1-day view",,,,,,,0,,,,,
2026-08-27,2026-08-27,"11/4 Veltuff - Broad - custom - UK sales",inactive,,,,"Using ad set budget",0,0,0,0,0,0,Ongoing,"7-day click or 1-day view",,,,,,,0,,,,,
2026-08-27,2026-08-27,"28/3 Veltuff - Broad - custom - UK RM",inactive,,,,"Using ad set budget",0,0,0,0,0,0,Ongoing,"7-day click or 1-day view",,,,,,,0,,,,,
2026-08-27,2026-08-27,"23/3 Veltuff - Broad - custom - UK sales",inactive,,,,"Using ad set budget",0,0,0,0,0,0,Ongoing,"7-day click or 1-day view",,,,,,,0,,,,,
2026-08-27,2026-08-27,"17/3 Veltuff - Broad - custom - UK sales",inactive,,,,"Using ad set budget",0,0,0,0,0,0,Ongoing,"7-day click or 1-day view",,,,,,,0,,,,,
2026-08-27,2026-08-27,"AS - Prospecting Campaign JAN2023 - SALE - Copy",inactive,,,,"Using ad set budget",0,0,0,0,0,0,Ongoing,"7-day click or 1-day view",,,,,,,0,,,,,
2026-08-27,2026-08-27,"AS - Prospecting Campaign Dec2022",inactive,,,,"Using ad set budget",0,0,0,0,0,0,Ongoing,"7-day click or 1-day view",,,,,,,0,,,,,
2026-08-27,2026-08-27,"AS - RMKT - DEC 2022",inactive,,,,50,Daily,0,0,0,0,0,Ongoing,"7-day click or 1-day view",,,,,,,0,,,,,
2026-08-27,2026-08-27,"Website Retargeting - 2022",inactive,,,,"Using ad set budget",0,0,0,0,0,0,Ongoing,"1-day click",,,,,,,0,,,,,
2026-08-26,2026-08-26,"VD | Sales | Seasonal Best Sellers | DPA",active,4,actions:offsite_conversion.fb_pixel_purchase,48.155,506,Daily,192.62,5181,3154,1.642676,37.178151,Ongoing,"7-day click or 1-day view",7.047866,4,1357.56,action_values:offsite_conversion.fb_pixel_purchase,54,1.04227,2.675278,77,43,5,2,19
2026-08-26,2026-08-26,"VD | Sales | Trousers | DPA",active,,,,174,Daily,207.47,4213,2727,1.544921,49.245193,Ongoing,"7-day click or 1-day view",,,,,49,1.163067,3.051029,50,38,3,1,
2026-08-26,2026-08-26,"VD | Broad | Awareness",active,22706,reach,7.63014181,196,Daily,173.25,26785,22706,1.179644,6.468172,Ongoing,"7-day click or 1-day view",,,,,15,0.056001,7.21875,421,8,,,27
2026-08-26,2026-08-26,"VD | Retargeting | DPA Broad Remarket",inactive,,,,44,Daily,0,0,0,0,0,Ongoing,"7-day click",,,,,,,0,,,,,
2026-08-26,2026-08-26,"VD | Retargeting | DPA",active,3,actions:offsite_conversion.fb_pixel_purchase,74.90333333,370,Daily,224.71,4756,2626,1.81112,47.247687,Ongoing,"7-day click",3.911708,3,879,action_values:offsite_conversion.fb_pixel_purchase,77,1.619008,2.416237,86,65,11,6,2
2026-08-26,2026-08-26,"VD | Retargeting | DPA Campaign | Sales",inactive,,,,145,Daily,0,0,0,0,0,Ongoing,"7-day click",,,,,,,0,,,,,
2026-08-26,2026-08-26,"VD | Broad | Prospecting | Sales",active,4,actions:offsite_conversion.fb_pixel_purchase,130.965,370,Daily,523.86,10463,6625,1.579321,50.067858,Ongoing,"7-day click",2.88035,4,1508.9,action_values:offsite_conversion.fb_pixel_purchase,218,2.083532,1.884388,322,184,19,8,36
2026-08-26,2026-08-26,"WinterSale | Prospecting | Sales | Advantage+",inactive,,,,"Using ad set budget",0,0,0,0,0,0,Ongoing,"7-day click",,,,,,,0,,,,,
2026-08-26,2026-08-26,"Ongoing | Sales | ProTex1 | Advantage+ | SH",active,3,actions:offsite_conversion.fb_pixel_purchase,129.05,327,Daily,387.15,10863,8296,1.309426,35.639326,Ongoing,"7-day click or 1-day view",4.749193,3,1838.65,action_values:offsite_conversion.fb_pixel_purchase,173,1.592562,1.743919,180,157,7,1,
2026-08-26,2026-08-26,"Ongoing | Sales | Hi-Vis Only | Advantage+ | SH",active,,,,300,Daily,487.06,13414,9413,1.42505,36.309826,Ongoing,"7-day click or 1-day view",,,,,166,1.237513,2.4353,180,145,16,1,1
2026-08-26,2026-08-26,"Customised Workwear | Awareness | Advantage+ | SH Campaign – Copy",inactive,,,,100,Daily,0,0,0,0,0,Ongoing,"7-day click or 1-day view",,,,,,,0,,,,,
2026-08-26,2026-08-26,"Key Categories | Sales | Advantage+ | SH Campaign",inactive,,,,"Using ad set budget",0,0,0,0,0,0,Ongoing,"7-day click, 1-day view, or 1-day engaged-view",,,,,,,0,,,,,
2026-08-26,2026-08-26,"Customised Workwear | Sales | Advantage+ | SH Campaign",inactive,,,,"Using ad set budget",0,0,0,0,0,0,Ongoing,"7-day click, 1-day view, or 1-day engaged-view",,,,,,,0,,,,,
2026-08-26,2026-08-26,"Ongoing | Retargeting | Sales | Dynamic Abandoned Cart - 30 Days | SH",inactive,,,,6.5,Daily,0,0,0,0,0,Ongoing,"7-day click",,,,,,,0,,,,,
2026-08-26,2026-08-26,"AS 7/1 25 - Purchase - Flexible ad Campaign",inactive,,,,"Using ad set budget",0,0,0,0,0,0,Ongoing,"7-day click, 1-day view, or 1-day engaged-view",,,,,,,0,,,,,
2026-08-26,2026-08-26,"5/6 Michelle Job add - KAM Jylland",inactive,,,,"Using ad set budget",0,0,0,0,0,0,Ongoing,"7-day click or 1-day view",,,,,,,0,,,,,
2026-08-26,2026-08-26,"4/1 2024 - RM - UK Campaign",inactive,,,,100,Daily,0,0,0,0,0,Ongoing,"7-day click",,,,,,,0,,,,,
2026-08-26,2026-08-26,"Ongoing | Prospecting | Sales | Broad | Advantage+ | SH Campaign",inactive,,,,"Using ad set budget",0,0,0,0,0,0,Ongoing,"7-day click or 1-day view",,,,,,,0,,,,,
2026-08-26,2026-08-26,"4/12 2023 - Safety Shoe Sale  Campaign",inactive,,,,"Using ad set budget",0,0,0,0,0,0,Ongoing,"7-day click or 1-day view",,,,,,,0,,,,,
2026-08-26,2026-08-26,"11/10 2023 - Advantage+ shopping campaign Campaign",inactive,,,,"Using ad set budget",0,0,0,0,0,0,Ongoing,"7-day click or 1-day view",,,,,,,0,,,,,
2026-08-26,2026-08-26,"19/7 2023 - MPA RM campaign",inactive,,,,"Using ad set budget",0,0,0,0,0,0,Ongoing,"7-day click or 1-day view",,,,,,,0,,,,,
2026-08-26,2026-08-26,"11/7 2023 - Sales campaign Women - UK MPA",inactive,,,,"Using ad set budget",0,0,0,0,0,0,Ongoing,"7-day click or 1-day view",,,,,,,0,,,,,
2026-08-26,2026-08-26,"23/6 2023 - Sales campaign - UK MPA",inactive,,,,"Using ad set budget",0,0,0,0,0,0,Ongoing,"7-day click or 1-day view",,,,,,,0,,,,,
2026-08-26,2026-08-26,"19/6 2023 - Sales collection video",inactive,,,,"Using ad set budget",0,0,0,0,0,0,Ongoing,"7-day click or 1-day view",,,,,,,0,,,,,
2026-08-26,2026-08-26,"12/5 2023 - Sales campaign - UK MPA",inactive,,,,"Using ad set budget",0,0,0,0,0,0,Ongoing,"7-day click or 1-day view",,,,,,,0,,,,,
2026-08-26,2026-08-26,"8/5 Veltuff - Broad - custom - UK sales",inactive,,,,"Using ad set budget",0,0,0,0,0,0,Ongoing,"7-day click or 1-day view",,,,,,,0,,,,,
2026-08-26,2026-08-26,"3/5 Veltuff - Prospecting Campaign - Sales",inactive,,,,"Using ad set budget",0,0,0,0,0,0,Ongoing,"7-day click or 1-day view",,,,,,,0,,,,,
2026-08-26,2026-08-26,"11/4 Veltuff - Broad - custom - UK sales",inactive,,,,"Using ad set budget",0,0,0,0,0,0,Ongoing,"7-day click or 1-day view",,,,,,,0,,,,,
2026-08-26,2026-08-26,"28/3 Veltuff - Broad - custom - UK RM",inactive,,,,"Using ad set budget",0,0,0,0,0,0,Ongoing,"7-day click or 1-day view",,,,,,,0,,,,,
2026-08-26,2026-08-26,"23/3 Veltuff - Broad - custom - UK sales",inactive,,,,"Using ad set budget",0,0,0,0,0,0,Ongoing,"7-day click or 1-day view",,,,,,,0,,,,,
2026-08-26,2026-08-26,"17/3 Veltuff - Broad - custom - UK sales",inactive,,,,"Using ad set budget",0,0,0,0,0,0,Ongoing,"7-day click or 1-day view",,,,,,,0,,,,,
2026-08-26,2026-08-26,"AS - Prospecting Campaign JAN2023 - SALE - Copy",inactive,,,,"Using ad set budget",0,0,0,0,0,0,Ongoing,"7-day click or 1-day view",,,,,,,0,,,,,
2026-08-26,2026-08-26,"AS - Prospecting Campaign Dec2022",inactive,,,,"Using ad set budget",0,0,0,0,0,0,Ongoing,"7-day click or 1-day view",,,,,,,0,,,,,
2026-08-26,2026-08-26,"AS - RMKT - DEC 2022",inactive,,,,50,Daily,0,0,0,0,0,Ongoing,"7-day click or 1-day view",,,,,,,0,,,,,
2026-08-26,2026-08-26,"Website Retargeting - 2022",inactive,,,,"Using ad set budget",0,0,0,0,0,0,Ongoing,"1-day click",,,,,,,0,,,,,
2026-08-25,2026-08-25,"VD | Sales | Seasonal Best Sellers | DPA",active,1,actions:offsite_conversion.fb_pixel_purchase,184.51,506,Daily,184.51,3782,2313,1.635106,48.786356,Ongoing,"7-day click or 1-day view",12.12021,1,2236.3,action_values:offsite_conversion.fb_pixel_purchase,31,0.819672,4.61275,37,23,3,1,2
2026-08-25,2026-08-25,"VD | Sales | Trousers | DPA",active,,,,174,Daily,204.69,3913,2327,1.681564,52.310248,Ongoing,"7-day click or 1-day view",,,,,51,1.303348,2.882958,53,45,15,,
2026-08-25,2026-08-25,"VD | Broad | Awareness",active,23017,reach,8.15093192,196,Daily,187.61,28512,23017,1.238737,6.580036,Ongoing,"7-day click or 1-day view",,,,,21,0.073653,5.685152,462,15,,,18
2026-08-25,2026-08-25,"VD | Retargeting | DPA Broad Remarket",inactive,,,,44,Daily,0,0,0,0,0,Ongoing,"7-day click",,,,,,,0,,,,,
2026-08-25,2026-08-25,"VD | Retargeting | DPA",active,2,actions:offsite_conversion.fb_pixel_purchase,112.85,370,Daily,225.7,4823,2662,1.811796,46.7966,Ongoing,"7-day click",8.336243,2,1881.49,action_values:offsite_conversion.fb_pixel_purchase,75,1.555049,2.426882,82,62,7,1,1
2026-08-25,2026-08-25,"VD | Retargeting | DPA Campaign | Sales",inactive,,,,145,Daily,0,0,0,0,0,Ongoing,"7-day click",,,,,,,0,,,,,
2026-08-25,2026-08-25,"VD | Broad | Prospecting | Sales",active,8,actions:offsite_conversion.fb_pixel_purchase,69.5075,370,Daily,556.06,10801,6943,1.555668,51.48227,Ongoing,"7-day click",5.858451,8,3257.65,action_values:offsite_conversion.fb_pixel_purchase,210,1.944264,2.106288,297,183,20,6,20
2026-08-25,2026-08-25,"WinterSale | Prospecting | Sales | Advantage+",inactive,,,,"Using ad set budget",0,0,0,0,0,0,Ongoing,"7-day click",,,,,,,0,,,,,
2026-08-25,2026-08-25,"Ongoing | Sales | ProTex1 | Advantage+ | SH",active,4,actions:offsite_conversion.fb_pixel_purchase,88.2775,327,Daily,353.11,9308,6935,1.342177,37.936184,Ongoing,"7-day click or 1-day view",12.677438,4,4476.53,action_values:offsite_conversion.fb_pixel_purchase,124,1.332187,2.166319,128,99,20,8,
2026-08-25,2026-08-25,"Ongoing | Sales | Hi-Vis Only | Advantage+ | SH",active,3,actions:offsite_conversion.fb_pixel_purchase,161.56666667,300,Daily,484.7,12934,8919,1.450163,37.474872,Ongoing,"7-day click or 1-day view",4.72843,3,2291.87,action_values:offsite_conversion.fb_pixel_purchase,176,1.360755,2.37598,206,150,10,3,1
2026-08-25,2026-08-25,"Customised Workwear | Awareness | Advantage+ | SH Campaign – Copy",inactive,,,,100,Daily,0,0,0,0,0,Ongoing,"7-day click or 1-day view",,,,,,,0,,,,,
2026-08-25,2026-08-25,"Key Categories | Sales | Advantage+ | SH Campaign",inactive,,,,"Using ad set budget",0,0,0,0,0,0,Ongoing,"7-day click, 1-day view, or 1-day engaged-view",,,,,,,0,,,,,
2026-08-25,2026-08-25,"Customised Workwear | Sales | Advantage+ | SH Campaign",inactive,,,,"Using ad set budget",0,0,0,0,0,0,Ongoing,"7-day click, 1-day view, or 1-day engaged-view",,,,,,,0,,,,,
2026-08-25,2026-08-25,"Ongoing | Retargeting | Sales | Dynamic Abandoned Cart - 30 Days | SH",inactive,,,,6.5,Daily,0,0,0,0,0,Ongoing,"7-day click",,,,,,,0,,,,,
2026-08-25,2026-08-25,"AS 7/1 25 - Purchase - Flexible ad Campaign",inactive,,,,"Using ad set budget",0,0,0,0,0,0,Ongoing,"7-day click, 1-day view, or 1-day engaged-view",,,,,,,0,,,,,
2026-08-25,2026-08-25,"5/6 Michelle Job add - KAM Jylland",inactive,,,,"Using ad set budget",0,0,0,0,0,0,Ongoing,"7-day click or 1-day view",,,,,,,0,,,,,
2026-08-25,2026-08-25,"4/1 2024 - RM - UK Campaign",inactive,,,,100,Daily,0,0,0,0,0,Ongoing,"7-day click",,,,,,,0,,,,,
2026-08-25,2026-08-25,"Ongoing | Prospecting | Sales | Broad | Advantage+ | SH Campaign",inactive,,,,"Using ad set budget",0,0,0,0,0,0,Ongoing,"7-day click or 1-day view",,,,,,,0,,,,,
2026-08-25,2026-08-25,"4/12 2023 - Safety Shoe Sale  Campaign",inactive,,,,"Using ad set budget",0,0,0,0,0,0,Ongoing,"7-day click or 1-day view",,,,,,,0,,,,,
2026-08-25,2026-08-25,"11/10 2023 - Advantage+ shopping campaign Campaign",inactive,,,,"Using ad set budget",0,0,0,0,0,0,Ongoing,"7-day click or 1-day view",,,,,,,0,,,,,
2026-08-25,2026-08-25,"19/7 2023 - MPA RM campaign",inactive,,,,"Using ad set budget",0,0,0,0,0,0,Ongoing,"7-day click or 1-day view",,,,,,,0,,,,,
2026-08-25,2026-08-25,"11/7 2023 - Sales campaign Women - UK MPA",inactive,,,,"Using ad set budget",0,0,0,0,0,0,Ongoing,"7-day click or 1-day view",,,,,,,0,,,,,
2026-08-25,2026-08-25,"23/6 2023 - Sales campaign - UK MPA",inactive,,,,"Using ad set budget",0,0,0,0,0,0,Ongoing,"7-day click or 1-day view",,,,,,,0,,,,,
2026-08-25,2026-08-25,"19/6 2023 - Sales collection video",inactive,,,,"Using ad set budget",0,0,0,0,0,0,Ongoing,"7-day click or 1-day view",,,,,,,0,,,,,
2026-08-25,2026-08-25,"12/5 2023 - Sales campaign - UK MPA",inactive,,,,"Using ad set budget",0,0,0,0,0,0,Ongoing,"7-day click or 1-day view",,,,,,,0,,,,,
2026-08-25,2026-08-25,"8/5 Veltuff - Broad - custom - UK sales",inactive,,,,"Using ad set budget",0,0,0,0,0,0,Ongoing,"7-day click or 1-day view",,,,,,,0,,,,,
2026-08-25,2026-08-25,"3/5 Veltuff - Prospecting Campaign - Sales",inactive,,,,"Using ad set budget",0,0,0,0,0,0,Ongoing,"7-day click or 1-day view",,,,,,,0,,,,,
2026-08-25,2026-08-25,"11/4 Veltuff - Broad - custom - UK sales",inactive,,,,"Using ad set budget",0,0,0,0,0,0,Ongoing,"7-day click or 1-day view",,,,,,,0,,,,,
2026-08-25,2026-08-25,"28/3 Veltuff - Broad - custom - UK RM",inactive,,,,"Using ad set budget",0,0,0,0,0,0,Ongoing,"7-day click or 1-day view",,,,,,,0,,,,,
2026-08-25,2026-08-25,"23/3 Veltuff - Broad - custom - UK sales",inactive,,,,"Using ad set budget",0,0,0,0,0,0,Ongoing,"7-day click or 1-day view",,,,,,,0,,,,,
2026-08-25,2026-08-25,"17/3 Veltuff - Broad - custom - UK sales",inactive,,,,"Using ad set budget",0,0,0,0,0,0,Ongoing,"7-day click or 1-day view",,,,,,,0,,,,,
2026-08-25,2026-08-25,"AS - Prospecting Campaign JAN2023 - SALE - Copy",inactive,,,,"Using ad set budget",0,0,0,0,0,0,Ongoing,"7-day click or 1-day view",,,,,,,0,,,,,
2026-08-25,2026-08-25,"AS - Prospecting Campaign Dec2022",inactive,,,,"Using ad set budget",0,0,0,0,0,0,Ongoing,"7-day click or 1-day view",,,,,,,0,,,,,
2026-08-25,2026-08-25,"AS - RMKT - DEC 2022",inactive,,,,50,Daily,0,0,0,0,0,Ongoing,"7-day click or 1-day view",,,,,,,0,,,,,
2026-08-25,2026-08-25,"Website Retargeting - 2022",inactive,,,,"Using ad set budget",0,0,0,0,0,0,Ongoing,"1-day click",,,,,,,0,,,,,
2026-08-24,2026-08-24,"VD | Sales | Seasonal Best Sellers | DPA",active,1,actions:offsite_conversion.fb_pixel_purchase,145.67,506,Daily,145.67,3385,2121,1.595945,43.033973,Ongoing,"7-day click or 1-day view",2.752386,1,400.94,action_values:offsite_conversion.fb_pixel_purchase,41,1.211226,2.9134,44,29,7,,1
2026-08-24,2026-08-24,"VD | Sales | Trousers | DPA",active,,,,174,Daily,201.83,4656,2848,1.634831,43.348368,Ongoing,"7-day click or 1-day view",,,,,66,1.417526,2.587564,68,57,1,1,
2026-08-24,2026-08-24,"VD | Broad | Awareness",active,27558,reach,7.15617969,196,Daily,197.21,32322,27558,1.172872,6.101417,Ongoing,"7-day click or 1-day view",,,,,12,0.037126,11.600588,478,6,,,23
2026-08-24,2026-08-24,"VD | Retargeting | DPA Broad Remarket",inactive,,,,44,Daily,0,0,0,0,0,Ongoing,"7-day click",,,,,,,0,,,,,
2026-08-24,2026-08-24,"VD | Retargeting | DPA",active,,,,370,Daily,217.59,4769,2616,1.823012,45.625917,Ongoing,"7-day click",,,,,96,2.013001,2.092212,107,77,3,2,3
2026-08-24,2026-08-24,"VD | Retargeting | DPA Campaign | Sales",inactive,,,,145,Daily,0,0,0,0,0,Ongoing,"7-day click",,,,,,,0,,,,,
2026-08-24,2026-08-24,"VD | Broad | Prospecting | Sales",active,2,actions:offsite_conversion.fb_pixel_purchase,267.15,370,Daily,534.3,10032,6334,1.583833,53.259569,Ongoing,"7-day click",1.426408,2,762.13,action_values:offsite_conversion.fb_pixel_purchase,233,2.322568,2.039313,393,209,19,2,43
2026-08-24,2026-08-24,"WinterSale | Prospecting | Sales | Advantage+",inactive,,,,"Using ad set budget",0,0,0,0,0,0,Ongoing,"7-day click",,,,,,,0,,,,,
2026-08-24,2026-08-24,"Ongoing | Sales | ProTex1 | Advantage+ | SH",active,3,actions:offsite_conversion.fb_pixel_purchase,90.71,327,Daily,272.13,7424,5495,1.351046,36.655442,Ongoing,"7-day click or 1-day view",5.450373,3,1483.21,action_values:offsite_conversion.fb_pixel_purchase,102,1.373922,2.142756,105,100,2,,
2026-08-24,2026-08-24,"Ongoing | Sales | Hi-Vis Only | Advantage+ | SH",active,3,actions:offsite_conversion.fb_pixel_purchase,151.45666667,300,Daily,454.37,12059,8524,1.414711,37.678912,Ongoing,"7-day click or 1-day view",2.359817,3,1072.23,action_values:offsite_conversion.fb_pixel_purchase,154,1.277054,2.482896,177,135,4,3,2
2026-08-24,2026-08-24,"Customised Workwear | Awareness | Advantage+ | SH Campaign – Copy",inactive,,,,100,Daily,0,0,0,0,0,Ongoing,"7-day click or 1-day view",,,,,,,0,,,,,
2026-08-24,2026-08-24,"Key Categories | Sales | Advantage+ | SH Campaign",inactive,,,,"Using ad set budget",0,0,0,0,0,0,Ongoing,"7-day click, 1-day view, or 1-day engaged-view",,,,,,,0,,,,,
2026-08-24,2026-08-24,"Customised Workwear | Sales | Advantage+ | SH Campaign",inactive,,,,"Using ad set budget",0,0,0,0,0,0,Ongoing,"7-day click, 1-day view, or 1-day engaged-view",,,,,,,0,,,,,
2026-08-24,2026-08-24,"Ongoing | Retargeting | Sales | Dynamic Abandoned Cart - 30 Days | SH",inactive,,,,6.5,Daily,0,0,0,0,0,Ongoing,"7-day click",,,,,,,0,,,,,
2026-08-24,2026-08-24,"AS 7/1 25 - Purchase - Flexible ad Campaign",inactive,,,,"Using ad set budget",0,0,0,0,0,0,Ongoing,"7-day click, 1-day view, or 1-day engaged-view",,,,,,,0,,,,,
2026-08-24,2026-08-24,"5/6 Michelle Job add - KAM Jylland",inactive,,,,"Using ad set budget",0,0,0,0,0,0,Ongoing,"7-day click or 1-day view",,,,,,,0,,,,,
2026-08-24,2026-08-24,"4/1 2024 - RM - UK Campaign",inactive,,,,100,Daily,0,0,0,0,0,Ongoing,"7-day click",,,,,,,0,,,,,
2026-08-24,2026-08-24,"Ongoing | Prospecting | Sales | Broad | Advantage+ | SH Campaign",inactive,,,,"Using ad set budget",0,0,0,0,0,0,Ongoing,"7-day click or 1-day view",,,,,,,0,,,,,
2026-08-24,2026-08-24,"4/12 2023 - Safety Shoe Sale  Campaign",inactive,,,,"Using ad set budget",0,0,0,0,0,0,Ongoing,"7-day click or 1-day view",,,,,,,0,,,,,
2026-08-24,2026-08-24,"11/10 2023 - Advantage+ shopping campaign Campaign",inactive,,,,"Using ad set budget",0,0,0,0,0,0,Ongoing,"7-day click or 1-day view",,,,,,,0,,,,,
2026-08-24,2026-08-24,"19/7 2023 - MPA RM campaign",inactive,,,,"Using ad set budget",0,0,0,0,0,0,Ongoing,"7-day click or 1-day view",,,,,,,0,,,,,
2026-08-24,2026-08-24,"11/7 2023 - Sales campaign Women - UK MPA",inactive,,,,"Using ad set budget",0,0,0,0,0,0,Ongoing,"7-day click or 1-day view",,,,,,,0,,,,,
2026-08-24,2026-08-24,"23/6 2023 - Sales campaign - UK MPA",inactive,,,,"Using ad set budget",0,0,0,0,0,0,Ongoing,"7-day click or 1-day view",,,,,,,0,,,,,
2026-08-24,2026-08-24,"19/6 2023 - Sales collection video",inactive,,,,"Using ad set budget",0,0,0,0,0,0,Ongoing,"7-day click or 1-day view",,,,,,,0,,,,,
2026-08-24,2026-08-24,"12/5 2023 - Sales campaign - UK MPA",inactive,,,,"Using ad set budget",0,0,0,0,0,0,Ongoing,"7-day click or 1-day view",,,,,,,0,,,,,
2026-08-24,2026-08-24,"8/5 Veltuff - Broad - custom - UK sales",inactive,,,,"Using ad set budget",0,0,0,0,0,0,Ongoing,"7-day click or 1-day view",,,,,,,0,,,,,
2026-08-24,2026-08-24,"3/5 Veltuff - Prospecting Campaign - Sales",inactive,,,,"Using ad set budget",0,0,0,0,0,0,Ongoing,"7-day click or 1-day view",,,,,,,0,,,,,
2026-08-24,2026-08-24,"11/4 Veltuff - Broad - custom - UK sales",inactive,,,,"Using ad set budget",0,0,0,0,0,0,Ongoing,"7-day click or 1-day view",,,,,,,0,,,,,
2026-08-24,2026-08-24,"28/3 Veltuff - Broad - custom - UK RM",inactive,,,,"Using ad set budget",0,0,0,0,0,0,Ongoing,"7-day click or 1-day view",,,,,,,0,,,,,
2026-08-24,2026-08-24,"23/3 Veltuff - Broad - custom - UK sales",inactive,,,,"Using ad set budget",0,0,0,0,0,0,Ongoing,"7-day click or 1-day view",,,,,,,0,,,,,
2026-08-24,2026-08-24,"17/3 Veltuff - Broad - custom - UK sales",inactive,,,,"Using ad set budget",0,0,0,0,0,0,Ongoing,"7-day click or 1-day view",,,,,,,0,,,,,
2026-08-24,2026-08-24,"AS - Prospecting Campaign JAN2023 - SALE - Copy",inactive,,,,"Using ad set budget",0,0,0,0,0,0,Ongoing,"7-day click or 1-day view",,,,,,,0,,,,,
2026-08-24,2026-08-24,"AS - Prospecting Campaign Dec2022",inactive,,,,"Using ad set budget",0,0,0,0,0,0,Ongoing,"7-day click or 1-day view",,,,,,,0,,,,,
2026-08-24,2026-08-24,"AS - RMKT - DEC 2022",inactive,,,,50,Daily,0,0,0,0,0,Ongoing,"7-day click or 1-day view",,,,,,,0,,,,,
2026-08-24,2026-08-24,"Website Retargeting - 2022",inactive,,,,"Using ad set budget",0,0,0,0,0,0,Ongoing,"1-day click",,,,,,,0,,,,,
2026-08-23,2026-08-23,"VD | Sales | Seasonal Best Sellers | DPA",active,2,actions:offsite_conversion.fb_pixel_purchase,89.75,506,Daily,179.5,2918,1857,1.571352,61.514736,Ongoing,"7-day click or 1-day view",6.660056,2,1195.48,action_values:offsite_conversion.fb_pixel_purchase,28,0.959561,4.079545,35,20,1,2,5
2026-08-23,2026-08-23,"VD | Sales | Trousers | DPA",active,,,,174,Daily,204.38,3492,1914,1.824451,58.528064,Ongoing,"7-day click or 1-day view",,,,,48,1.37457,3.585614,51,45,6,2,
2026-08-23,2026-08-23,"VD | Broad | Awareness",active,27176,reach,8.36399764,196,Daily,227.3,34235,27176,1.259751,6.639404,Ongoing,"7-day click or 1-day view",,,,,9,0.026289,11.365,544,6,,,27
2026-08-23,2026-08-23,"VD | Retargeting | DPA Broad Remarket",inactive,,,,44,Daily,0,0,0,0,0,Ongoing,"7-day click",,,,,,,0,,,,,
2026-08-23,2026-08-23,"VD | Retargeting | DPA",active,1,actions:offsite_conversion.fb_pixel_purchase,239.77,370,Daily,239.77,4246,2138,1.985968,56.469618,Ongoing,"7-day click",1.104934,1,264.93,action_values:offsite_conversion.fb_pixel_purchase,98,2.308055,2.179727,121,87,17,5,8
2026-08-23,2026-08-23,"VD | Retargeting | DPA Campaign | Sales",inactive,,,,145,Daily,0,0,0,0,0,Ongoing,"7-day click",,,,,,,0,,,,,
2026-08-23,2026-08-23,"VD | Broad | Prospecting | Sales",active,9,actions:offsite_conversion.fb_pixel_purchase,63.35222222,370,Daily,570.17,7451,4110,1.812895,76.522614,Ongoing,"7-day click",9.32578,9,5317.28,action_values:offsite_conversion.fb_pixel_purchase,198,2.657361,2.415975,331,177,19,9,32
2026-08-23,2026-08-23,"WinterSale | Prospecting | Sales | Advantage+",inactive,,,,"Using ad set budget",0,0,0,0,0,0,Ongoing,"7-day click",,,,,,,0,,,,,
2026-08-23,2026-08-23,"Ongoing | Sales | ProTex1 | Advantage+ | SH",active,4,actions:offsite_conversion.fb_pixel_purchase,87.42,327,Daily,349.68,8863,6203,1.428825,39.45391,Ongoing,"7-day click or 1-day view",16.208076,4,5667.64,action_values:offsite_conversion.fb_pixel_purchase,106,1.195983,2.753386,107,92,15,5,
2026-08-23,2026-08-23,"Ongoing | Sales | Hi-Vis Only | Advantage+ | SH",active,2,actions:offsite_conversion.fb_pixel_purchase,247.265,300,Daily,494.53,12367,8802,1.405022,39.987871,Ongoing,"7-day click or 1-day view",2.612582,2,1292,action_values:offsite_conversion.fb_pixel_purchase,213,1.722326,2.01849,251,185,7,3,4
2026-08-23,2026-08-23,"Customised Workwear | Awareness | Advantage+ | SH Campaign – Copy",inactive,,,,100,Daily,0,0,0,0,0,Ongoing,"7-day click or 1-day view",,,,,,,0,,,,,
2026-08-23,2026-08-23,"Key Categories | Sales | Advantage+ | SH Campaign",inactive,,,,"Using ad set budget",0,0,0,0,0,0,Ongoing,"7-day click, 1-day view, or 1-day engaged-view",,,,,,,0,,,,,
2026-08-23,2026-08-23,"Customised Workwear | Sales | Advantage+ | SH Campaign",inactive,,,,"Using ad set budget",0,0,0,0,0,0,Ongoing,"7-day click, 1-day view, or 1-day engaged-view",,,,,,,0,,,,,
2026-08-23,2026-08-23,"Ongoing | Retargeting | Sales | Dynamic Abandoned Cart - 30 Days | SH",inactive,,,,6.5,Daily,0,0,0,0,0,Ongoing,"7-day click",,,,,,,0,,,,,
2026-08-23,2026-08-23,"AS 7/1 25 - Purchase - Flexible ad Campaign",inactive,,,,"Using ad set budget",0,0,0,0,0,0,Ongoing,"7-day click, 1-day view, or 1-day engaged-view",,,,,,,0,,,,,
2026-08-23,2026-08-23,"5/6 Michelle Job add - KAM Jylland",inactive,,,,"Using ad set budget",0,0,0,0,0,0,Ongoing,"7-day click or 1-day view",,,,,,,0,,,,,
2026-08-23,2026-08-23,"4/1 2024 - RM - UK Campaign",inactive,,,,100,Daily,0,0,0,0,0,Ongoing,"7-day click",,,,,,,0,,,,,
2026-08-23,2026-08-23,"Ongoing | Prospecting | Sales | Broad | Advantage+ | SH Campaign",inactive,,,,"Using ad set budget",0,0,0,0,0,0,Ongoing,"7-day click or 1-day view",,,,,,,0,,,,,
2026-08-23,2026-08-23,"4/12 2023 - Safety Shoe Sale  Campaign",inactive,,,,"Using ad set budget",0,0,0,0,0,0,Ongoing,"7-day click or 1-day view",,,,,,,0,,,,,
2026-08-23,2026-08-23,"11/10 2023 - Advantage+ shopping campaign Campaign",inactive,,,,"Using ad set budget",0,0,0,0,0,0,Ongoing,"7-day click or 1-day view",,,,,,,0,,,,,
2026-08-23,2026-08-23,"19/7 2023 - MPA RM campaign",inactive,,,,"Using ad set budget",0,0,0,0,0,0,Ongoing,"7-day click or 1-day view",,,,,,,0,,,,,
2026-08-23,2026-08-23,"11/7 2023 - Sales campaign Women - UK MPA",inactive,,,,"Using ad set budget",0,0,0,0,0,0,Ongoing,"7-day click or 1-day view",,,,,,,0,,,,,
2026-08-23,2026-08-23,"23/6 2023 - Sales campaign - UK MPA",inactive,,,,"Using ad set budget",0,0,0,0,0,0,Ongoing,"7-day click or 1-day view",,,,,,,0,,,,,
2026-08-23,2026-08-23,"19/6 2023 - Sales collection video",inactive,,,,"Using ad set budget",0,0,0,0,0,0,Ongoing,"7-day click or 1-day view",,,,,,,0,,,,,
2026-08-23,2026-08-23,"12/5 2023 - Sales campaign - UK MPA",inactive,,,,"Using ad set budget",0,0,0,0,0,0,Ongoing,"7-day click or 1-day view",,,,,,,0,,,,,
2026-08-23,2026-08-23,"8/5 Veltuff - Broad - custom - UK sales",inactive,,,,"Using ad set budget",0,0,0,0,0,0,Ongoing,"7-day click or 1-day view",,,,,,,0,,,,,
2026-08-23,2026-08-23,"3/5 Veltuff - Prospecting Campaign - Sales",inactive,,,,"Using ad set budget",0,0,0,0,0,0,Ongoing,"7-day click or 1-day view",,,,,,,0,,,,,
2026-08-23,2026-08-23,"11/4 Veltuff - Broad - custom - UK sales",inactive,,,,"Using ad set budget",0,0,0,0,0,0,Ongoing,"7-day click or 1-day view",,,,,,,0,,,,,
2026-08-23,2026-08-23,"28/3 Veltuff - Broad - custom - UK RM",inactive,,,,"Using ad set budget",0,0,0,0,0,0,Ongoing,"7-day click or 1-day view",,,,,,,0,,,,,
2026-08-23,2026-08-23,"23/3 Veltuff - Broad - custom - UK sales",inactive,,,,"Using ad set budget",0,0,0,0,0,0,Ongoing,"7-day click or 1-day view",,,,,,,0,,,,,
2026-08-23,2026-08-23,"17/3 Veltuff - Broad - custom - UK sales",inactive,,,,"Using ad set budget",0,0,0,0,0,0,Ongoing,"7-day click or 1-day view",,,,,,,0,,,,,
2026-08-23,2026-08-23,"AS - Prospecting Campaign JAN2023 - SALE - Copy",inactive,,,,"Using ad set budget",0,0,0,0,0,0,Ongoing,"7-day click or 1-day view",,,,,,,0,,,,,
2026-08-23,2026-08-23,"AS - Prospecting Campaign Dec2022",inactive,,,,"Using ad set budget",0,0,0,0,0,0,Ongoing,"7-day click or 1-day view",,,,,,,0,,,,,
2026-08-23,2026-08-23,"AS - RMKT - DEC 2022",inactive,,,,50,Daily,0,0,0,0,0,Ongoing,"7-day click or 1-day view",,,,,,,0,,,,,
2026-08-23,2026-08-23,"Website Retargeting - 2022",inactive,,,,"Using ad set budget",0,0,0,0,0,0,Ongoing,"1-day click",,,,,,,0,,,,,
2026-08-22,2026-08-22,"VD | Sales | Seasonal Best Sellers | DPA",active,2,actions:offsite_conversion.fb_pixel_purchase,66.79,506,Daily,133.58,2421,1505,1.608638,55.175547,Ongoing,"7-day click or 1-day view",3.093053,2,413.17,action_values:offsite_conversion.fb_pixel_purchase,38,1.569599,3.180476,43,37,,,2
2026-08-22,2026-08-22,"VD | Sales | Trousers | DPA",active,1,actions:offsite_conversion.fb_pixel_purchase,157.36,174,Daily,157.36,2864,1744,1.642202,54.944134,Ongoing,"7-day click or 1-day view",7.321746,1,1152.15,action_values:offsite_conversion.fb_pixel_purchase,44,1.536313,2.861091,45,42,4,4,
2026-08-22,2026-08-22,"VD | Broad | Awareness",active,28476,reach,8.81900548,196,Daily,251.13,36047,28476,1.265873,6.966738,Ongoing,"7-day click or 1-day view",,,,,12,0.03329,10.46375,239,10,,,12
2026-08-22,2026-08-22,"VD | Retargeting | DPA Broad Remarket",inactive,,,,44,Daily,0,0,0,0,0,Ongoing,"7-day click",,,,,,,0,,,,,
2026-08-22,2026-08-22,"VD | Retargeting | DPA",active,1,actions:offsite_conversion.fb_pixel_purchase,202.76,370,Daily,202.76,3431,1929,1.778642,59.096473,Ongoing,"7-day click",2.280677,1,462.43,action_values:offsite_conversion.fb_pixel_purchase,84,2.448266,2.048081,91,78,12,1,1
2026-08-22,2026-08-22,"VD | Retargeting | DPA Campaign | Sales",inactive,,,,145,Daily,0,0,0,0,0,Ongoing,"7-day click",,,,,,,0,,,,,
2026-08-22,2026-08-22,"VD | Broad | Prospecting | Sales",active,1,actions:offsite_conversion.fb_pixel_purchase,456.64,370,Daily,456.64,6175,3661,1.686698,73.949798,Ongoing,"7-day click",0.444749,1,203.09,action_values:offsite_conversion.fb_pixel_purchase,191,3.093117,1.959828,225,180,18,4,12
2026-08-22,2026-08-22,"WinterSale | Prospecting | Sales | Advantage+",inactive,,,,"Using ad set budget",0,0,0,0,0,0,Ongoing,"7-day click",,,,,,,0,,,,,
2026-08-22,2026-08-22,"Ongoing | Sales | ProTex1 | Advantage+ | SH",active,1,actions:offsite_conversion.fb_pixel_purchase,298.46,327,Daily,298.46,6736,4949,1.361083,44.308195,Ongoing,"7-day click or 1-day view",1.811633,1,540.7,action_values:offsite_conversion.fb_pixel_purchase,133,1.974466,1.74538,136,121,5,1,
2026-08-22,2026-08-22,"Ongoing | Sales | Hi-Vis Only | Advantage+ | SH",active,9,actions:offsite_conversion.fb_pixel_purchase,51.37444444,300,Daily,462.37,10793,7647,1.411403,42.839804,Ongoing,"7-day click or 1-day view",10.50704,9,4858.14,action_values:offsite_conversion.fb_pixel_purchase,196,1.815992,2.120963,237,176,16,7,7
2026-08-22,2026-08-22,"Customised Workwear | Awareness | Advantage+ | SH Campaign – Copy",inactive,,,,100,Daily,0,0,0,0,0,Ongoing,"7-day click or 1-day view",,,,,,,0,,,,,
2026-08-22,2026-08-22,"Key Categories | Sales | Advantage+ | SH Campaign",inactive,,,,"Using ad set budget",0,0,0,0,0,0,Ongoing,"7-day click, 1-day view, or 1-day engaged-view",,,,,,,0,,,,,
2026-08-22,2026-08-22,"Customised Workwear | Sales | Advantage+ | SH Campaign",inactive,,,,"Using ad set budget",0,0,0,0,0,0,Ongoing,"7-day click, 1-day view, or 1-day engaged-view",,,,,,,0,,,,,
2026-08-22,2026-08-22,"Ongoing | Retargeting | Sales | Dynamic Abandoned Cart - 30 Days | SH",inactive,,,,6.5,Daily,0,0,0,0,0,Ongoing,"7-day click",,,,,,,0,,,,,
2026-08-22,2026-08-22,"AS 7/1 25 - Purchase - Flexible ad Campaign",inactive,,,,"Using ad set budget",0,0,0,0,0,0,Ongoing,"7-day click, 1-day view, or 1-day engaged-view",,,,,,,0,,,,,
2026-08-22,2026-08-22,"5/6 Michelle Job add - KAM Jylland",inactive,,,,"Using ad set budget",0,0,0,0,0,0,Ongoing,"7-day click or 1-day view",,,,,,,0,,,,,
2026-08-22,2026-08-22,"4/1 2024 - RM - UK Campaign",inactive,,,,100,Daily,0,0,0,0,0,Ongoing,"7-day click",,,,,,,0,,,,,
2026-08-22,2026-08-22,"Ongoing | Prospecting | Sales | Broad | Advantage+ | SH Campaign",inactive,,,,"Using ad set budget",0,0,0,0,0,0,Ongoing,"7-day click or 1-day view",,,,,,,0,,,,,
2026-08-22,2026-08-22,"4/12 2023 - Safety Shoe Sale  Campaign",inactive,,,,"Using ad set budget",0,0,0,0,0,0,Ongoing,"7-day click or 1-day view",,,,,,,0,,,,,
2026-08-22,2026-08-22,"11/10 2023 - Advantage+ shopping campaign Campaign",inactive,,,,"Using ad set budget",0,0,0,0,0,0,Ongoing,"7-day click or 1-day view",,,,,,,0,,,,,
2026-08-22,2026-08-22,"19/7 2023 - MPA RM campaign",inactive,,,,"Using ad set budget",0,0,0,0,0,0,Ongoing,"7-day click or 1-day view",,,,,,,0,,,,,
2026-08-22,2026-08-22,"11/7 2023 - Sales campaign Women - UK MPA",inactive,,,,"Using ad set budget",0,0,0,0,0,0,Ongoing,"7-day click or 1-day view",,,,,,,0,,,,,
2026-08-22,2026-08-22,"23/6 2023 - Sales campaign - UK MPA",inactive,,,,"Using ad set budget",0,0,0,0,0,0,Ongoing,"7-day click or 1-day view",,,,,,,0,,,,,
2026-08-22,2026-08-22,"19/6 2023 - Sales collection video",inactive,,,,"Using ad set budget",0,0,0,0,0,0,Ongoing,"7-day click or 1-day view",,,,,,,0,,,,,
2026-08-22,2026-08-22,"12/5 2023 - Sales campaign - UK MPA",inactive,,,,"Using ad set budget",0,0,0,0,0,0,Ongoing,"7-day click or 1-day view",,,,,,,0,,,,,
2026-08-22,2026-08-22,"8/5 Veltuff - Broad - custom - UK sales",inactive,,,,"Using ad set budget",0,0,0,0,0,0,Ongoing,"7-day click or 1-day view",,,,,,,0,,,,,
2026-08-22,2026-08-22,"3/5 Veltuff - Prospecting Campaign - Sales",inactive,,,,"Using ad set budget",0,0,0,0,0,0,Ongoing,"7-day click or 1-day view",,,,,,,0,,,,,
2026-08-22,2026-08-22,"11/4 Veltuff - Broad - custom - UK sales",inactive,,,,"Using ad set budget",0,0,0,0,0,0,Ongoing,"7-day click or 1-day view",,,,,,,0,,,,,
2026-08-22,2026-08-22,"28/3 Veltuff - Broad - custom - UK RM",inactive,,,,"Using ad set budget",0,0,0,0,0,0,Ongoing,"7-day click or 1-day view",,,,,,,0,,,,,
2026-08-22,2026-08-22,"23/3 Veltuff - Broad - custom - UK sales",inactive,,,,"Using ad set budget",0,0,0,0,0,0,Ongoing,"7-day click or 1-day view",,,,,,,0,,,,,
2026-08-22,2026-08-22,"17/3 Veltuff - Broad - custom - UK sales",inactive,,,,"Using ad set budget",0,0,0,0,0,0,Ongoing,"7-day click or 1-day view",,,,,,,0,,,,,
2026-08-22,2026-08-22,"AS - Prospecting Campaign JAN2023 - SALE - Copy",inactive,,,,"Using ad set budget",0,0,0,0,0,0,Ongoing,"7-day click or 1-day view",,,,,,,0,,,,,
2026-08-22,2026-08-22,"AS - Prospecting Campaign Dec2022",inactive,,,,"Using ad set budget",0,0,0,0,0,0,Ongoing,"7-day click or 1-day view",,,,,,,0,,,,,
2026-08-22,2026-08-22,"AS - RMKT - DEC 2022",inactive,,,,50,Daily,0,0,0,0,0,Ongoing,"7-day click or 1-day view",,,,,,,0,,,,,
2026-08-22,2026-08-22,"Website Retargeting - 2022",inactive,,,,"Using ad set budget",0,0,0,0,0,0,Ongoing,"1-day click",,,,,,,0,,,,,
2026-08-21,2026-08-21,"VD | Sales | Seasonal Best Sellers | DPA",active,3,actions:offsite_conversion.fb_pixel_purchase,56.47,506,Daily,169.41,3829,2302,1.663336,44.243928,Ongoing,"7-day click or 1-day view",9.045747,3,1532.44,action_values:offsite_conversion.fb_pixel_purchase,58,1.514756,2.386056,66,53,10,1,2
2026-08-21,2026-08-21,"VD | Sales | Trousers | DPA",active,2,actions:offsite_conversion.fb_pixel_purchase,87.38,174,Daily,174.76,3324,1972,1.685598,52.575211,Ongoing,"7-day click or 1-day view",4.881895,2,853.16,action_values:offsite_conversion.fb_pixel_purchase,55,1.654633,2.962034,56,52,10,2,
2026-08-21,2026-08-21,"VD | Broad | Awareness",active,20308,reach,8.2922986,196,Daily,168.4,24734,20308,1.217944,6.808442,Ongoing,"7-day click or 1-day view",,,,,19,0.076817,7.654545,20,14,,,
2026-08-21,2026-08-21,"VD | Retargeting | DPA Broad Remarket",inactive,,,,44,Daily,0,0,0,0,0,Ongoing,"7-day click",,,,,,,0,,,,,
2026-08-21,2026-08-21,"VD | Retargeting | DPA",active,4,actions:offsite_conversion.fb_pixel_purchase,46.1575,370,Daily,184.63,3144,1982,1.586276,58.724555,Ongoing,"7-day click",26.546661,4,4901.31,action_values:offsite_conversion.fb_pixel_purchase,99,3.148855,1.693853,113,89,7,5,1
2026-08-21,2026-08-21,"VD | Retargeting | DPA Campaign | Sales",inactive,,,,145,Daily,0,0,0,0,0,Ongoing,"7-day click",,,,,,,0,,,,,
2026-08-21,2026-08-21,"VD | Broad | Prospecting | Sales",active,4,actions:offsite_conversion.fb_pixel_purchase,128.3875,370,Daily,513.55,8015,4918,1.629728,64.073612,Ongoing,"7-day click",5.239548,4,2690.77,action_values:offsite_conversion.fb_pixel_purchase,203,2.532751,2.272345,228,181,16,8,7
2026-08-21,2026-08-21,"WinterSale | Prospecting | Sales | Advantage+",inactive,,,,"Using ad set budget",0,0,0,0,0,0,Ongoing,"7-day click",,,,,,,0,,,,,
2026-08-21,2026-08-21,"Ongoing | Sales | ProTex1 | Advantage+ | SH",active,2,actions:offsite_conversion.fb_pixel_purchase,149.98,327,Daily,299.96,6991,5022,1.392075,42.906594,Ongoing,"7-day click or 1-day view",2.62195,2,786.48,action_values:offsite_conversion.fb_pixel_purchase,148,2.117008,1.714057,155,146,11,1,
2026-08-21,2026-08-21,"Ongoing | Sales | Hi-Vis Only | Advantage+ | SH",active,2,actions:offsite_conversion.fb_pixel_purchase,204.87,300,Daily,409.74,11980,8852,1.353366,34.202003,Ongoing,"7-day click or 1-day view",2.653463,2,1087.23,action_values:offsite_conversion.fb_pixel_purchase,167,1.39399,2.0487,201,146,4,2,3
2026-08-21,2026-08-21,"Customised Workwear | Awareness | Advantage+ | SH Campaign – Copy",inactive,,,,100,Daily,0,0,0,0,0,Ongoing,"7-day click or 1-day view",,,,,,,0,,,,,
2026-08-21,2026-08-21,"Key Categories | Sales | Advantage+ | SH Campaign",inactive,,,,"Using ad set budget",0,0,0,0,0,0,Ongoing,"7-day click, 1-day view, or 1-day engaged-view",,,,,,,0,,,,,
2026-08-21,2026-08-21,"Customised Workwear | Sales | Advantage+ | SH Campaign",inactive,,,,"Using ad set budget",0,0,0,0,0,0,Ongoing,"7-day click, 1-day view, or 1-day engaged-view",,,,,,,0,,,,,
2026-08-21,2026-08-21,"Ongoing | Retargeting | Sales | Dynamic Abandoned Cart - 30 Days | SH",inactive,,,,6.5,Daily,0,0,0,0,0,Ongoing,"7-day click",,,,,,,0,,,,,
2026-08-21,2026-08-21,"AS 7/1 25 - Purchase - Flexible ad Campaign",inactive,,,,"Using ad set budget",0,0,0,0,0,0,Ongoing,"7-day click, 1-day view, or 1-day engaged-view",,,,,,,0,,,,,
2026-08-21,2026-08-21,"5/6 Michelle Job add - KAM Jylland",inactive,,,,"Using ad set budget",0,0,0,0,0,0,Ongoing,"7-day click or 1-day view",,,,,,,0,,,,,
2026-08-21,2026-08-21,"4/1 2024 - RM - UK Campaign",inactive,,,,100,Daily,0,0,0,0,0,Ongoing,"7-day click",,,,,,,0,,,,,
2026-08-21,2026-08-21,"Ongoing | Prospecting | Sales | Broad | Advantage+ | SH Campaign",inactive,,,,"Using ad set budget",0,0,0,0,0,0,Ongoing,"7-day click or 1-day view",,,,,,,0,,,,,
2026-08-21,2026-08-21,"4/12 2023 - Safety Shoe Sale  Campaign",inactive,,,,"Using ad set budget",0,0,0,0,0,0,Ongoing,"7-day click or 1-day view",,,,,,,0,,,,,
2026-08-21,2026-08-21,"11/10 2023 - Advantage+ shopping campaign Campaign",inactive,,,,"Using ad set budget",0,0,0,0,0,0,Ongoing,"7-day click or 1-day view",,,,,,,0,,,,,
2026-08-21,2026-08-21,"19/7 2023 - MPA RM campaign",inactive,,,,"Using ad set budget",0,0,0,0,0,0,Ongoing,"7-day click or 1-day view",,,,,,,0,,,,,
2026-08-21,2026-08-21,"11/7 2023 - Sales campaign Women - UK MPA",inactive,,,,"Using ad set budget",0,0,0,0,0,0,Ongoing,"7-day click or 1-day view",,,,,,,0,,,,,
2026-08-21,2026-08-21,"23/6 2023 - Sales campaign - UK MPA",inactive,,,,"Using ad set budget",0,0,0,0,0,0,Ongoing,"7-day click or 1-day view",,,,,,,0,,,,,
2026-08-21,2026-08-21,"19/6 2023 - Sales collection video",inactive,,,,"Using ad set budget",0,0,0,0,0,0,Ongoing,"7-day click or 1-day view",,,,,,,0,,,,,
2026-08-21,2026-08-21,"12/5 2023 - Sales campaign - UK MPA",inactive,,,,"Using ad set budget",0,0,0,0,0,0,Ongoing,"7-day click or 1-day view",,,,,,,0,,,,,
2026-08-21,2026-08-21,"8/5 Veltuff - Broad - custom - UK sales",inactive,,,,"Using ad set budget",0,0,0,0,0,0,Ongoing,"7-day click or 1-day view",,,,,,,0,,,,,
2026-08-21,2026-08-21,"3/5 Veltuff - Prospecting Campaign - Sales",inactive,,,,"Using ad set budget",0,0,0,0,0,0,Ongoing,"7-day click or 1-day view",,,,,,,0,,,,,
2026-08-21,2026-08-21,"11/4 Veltuff - Broad - custom - UK sales",inactive,,,,"Using ad set budget",0,0,0,0,0,0,Ongoing,"7-day click or 1-day view",,,,,,,0,,,,,
2026-08-21,2026-08-21,"28/3 Veltuff - Broad - custom - UK RM",inactive,,,,"Using ad set budget",0,0,0,0,0,0,Ongoing,"7-day click or 1-day view",,,,,,,0,,,,,
2026-08-21,2026-08-21,"23/3 Veltuff - Broad - custom - UK sales",inactive,,,,"Using ad set budget",0,0,0,0,0,0,Ongoing,"7-day click or 1-day view",,,,,,,0,,,,,
2026-08-21,2026-08-21,"17/3 Veltuff - Broad - custom - UK sales",inactive,,,,"Using ad set budget",0,0,0,0,0,0,Ongoing,"7-day click or 1-day view",,,,,,,0,,,,,
2026-08-21,2026-08-21,"AS - Prospecting Campaign JAN2023 - SALE - Copy",inactive,,,,"Using ad set budget",0,0,0,0,0,0,Ongoing,"7-day click or 1-day view",,,,,,,0,,,,,
2026-08-21,2026-08-21,"AS - Prospecting Campaign Dec2022",inactive,,,,"Using ad set budget",0,0,0,0,0,0,Ongoing,"7-day click or 1-day view",,,,,,,0,,,,,
2026-08-21,2026-08-21,"AS - RMKT - DEC 2022",inactive,,,,50,Daily,0,0,0,0,0,Ongoing,"7-day click or 1-day view",,,,,,,0,,,,,
2026-08-21,2026-08-21,"Website Retargeting - 2022",inactive,,,,"Using ad set budget",0,0,0,0,0,0,Ongoing,"1-day click",,,,,,,0,,,,,
2026-08-20,2026-08-20,"VD | Sales | Seasonal Best Sellers | DPA",active,,,,506,Daily,123.9,2562,1652,1.550847,48.360656,Ongoing,"7-day click or 1-day view",,,,,54,2.107728,1.877273,60,44,16,,1
2026-08-20,2026-08-20,"VD | Sales | Trousers | DPA",active,2,actions:offsite_conversion.fb_pixel_purchase,72.35,174,Daily,144.7,3194,2286,1.3972,45.303694,Ongoing,"7-day click or 1-day view",6.259779,2,905.79,action_values:offsite_conversion.fb_pixel_purchase,49,1.534126,2.411667,52,38,3,2,2
2026-08-20,2026-08-20,"VD | Broad | Awareness",active,25936,reach,2.73943553,196,Daily,71.05,27475,25936,1.059338,2.585987,Ongoing,"7-day click or 1-day view",,,,,27,0.098271,2.631481,27,19,,,
2026-08-20,2026-08-20,"VD | Retargeting | DPA Broad Remarket",inactive,,,,44,Daily,0,0,0,0,0,Ongoing,"7-day click",,,,,,,0,,,,,
2026-08-20,2026-08-20,"VD | Retargeting | DPA",active,4,actions:offsite_conversion.fb_pixel_purchase,76.365,370,Daily,305.46,5657,3703,1.52768,53.996818,Ongoing,"7-day click",6.761475,4,2065.36,action_values:offsite_conversion.fb_pixel_purchase,132,2.333392,1.921132,143,122,18,3,3
2026-08-20,2026-08-20,"VD | Retargeting | DPA Campaign | Sales",inactive,,,,145,Daily,0,0,0,0,0,Ongoing,"7-day click",,,,,,,0,,,,,
2026-08-20,2026-08-20,"VD | Broad | Prospecting | Sales",active,2,actions:offsite_conversion.fb_pixel_purchase,313.865,370,Daily,627.73,10735,6922,1.550852,58.475082,Ongoing,"7-day click",1.697035,2,1065.28,action_values:offsite_conversion.fb_pixel_purchase,294,2.738705,1.798653,361,254,21,11,24
2026-08-20,2026-08-20,"WinterSale | Prospecting | Sales | Advantage+",inactive,,,,"Using ad set budget",0,0,0,0,0,0,Ongoing,"7-day click",,,,,,,0,,,,,
2026-08-20,2026-08-20,"Ongoing | Sales | ProTex1 | Advantage+ | SH",active,4,actions:offsite_conversion.fb_pixel_purchase,93.9175,327,Daily,375.67,9712,7245,1.340511,38.681013,Ongoing,"7-day click or 1-day view",6.016797,4,2260.33,action_values:offsite_conversion.fb_pixel_purchase,212,2.182867,1.571841,222,195,21,8,
2026-08-20,2026-08-20,"Ongoing | Sales | Hi-Vis Only | Advantage+ | SH",active,3,actions:offsite_conversion.fb_pixel_purchase,139.41333333,300,Daily,418.24,11165,7676,1.454534,37.459919,Ongoing,"7-day click or 1-day view",2.194984,3,918.03,action_values:offsite_conversion.fb_pixel_purchase,150,1.343484,2.431628,170,140,8,7,3
2026-08-20,2026-08-20,"Customised Workwear | Awareness | Advantage+ | SH Campaign – Copy",inactive,,,,100,Daily,0,0,0,0,0,Ongoing,"7-day click or 1-day view",,,,,,,0,,,,,
2026-08-20,2026-08-20,"Key Categories | Sales | Advantage+ | SH Campaign",inactive,,,,"Using ad set budget",0,0,0,0,0,0,Ongoing,"7-day click, 1-day view, or 1-day engaged-view",,,,,,,0,,,,,
2026-08-20,2026-08-20,"Customised Workwear | Sales | Advantage+ | SH Campaign",inactive,,,,"Using ad set budget",0,0,0,0,0,0,Ongoing,"7-day click, 1-day view, or 1-day engaged-view",,,,,,,0,,,,,
2026-08-20,2026-08-20,"Ongoing | Retargeting | Sales | Dynamic Abandoned Cart - 30 Days | SH",inactive,,,,6.5,Daily,0,0,0,0,0,Ongoing,"7-day click",,,,,,,0,,,,,
2026-08-20,2026-08-20,"AS 7/1 25 - Purchase - Flexible ad Campaign",inactive,,,,"Using ad set budget",0,0,0,0,0,0,Ongoing,"7-day click, 1-day view, or 1-day engaged-view",,,,,,,0,,,,,
2026-08-20,2026-08-20,"5/6 Michelle Job add - KAM Jylland",inactive,,,,"Using ad set budget",0,0,0,0,0,0,Ongoing,"7-day click or 1-day view",,,,,,,0,,,,,
2026-08-20,2026-08-20,"4/1 2024 - RM - UK Campaign",inactive,,,,100,Daily,0,0,0,0,0,Ongoing,"7-day click",,,,,,,0,,,,,
2026-08-20,2026-08-20,"Ongoing | Prospecting | Sales | Broad | Advantage+ | SH Campaign",inactive,,,,"Using ad set budget",0,0,0,0,0,0,Ongoing,"7-day click or 1-day view",,,,,,,0,,,,,
2026-08-20,2026-08-20,"4/12 2023 - Safety Shoe Sale  Campaign",inactive,,,,"Using ad set budget",0,0,0,0,0,0,Ongoing,"7-day click or 1-day view",,,,,,,0,,,,,
2026-08-20,2026-08-20,"11/10 2023 - Advantage+ shopping campaign Campaign",inactive,,,,"Using ad set budget",0,0,0,0,0,0,Ongoing,"7-day click or 1-day view",,,,,,,0,,,,,
2026-08-20,2026-08-20,"19/7 2023 - MPA RM campaign",inactive,,,,"Using ad set budget",0,0,0,0,0,0,Ongoing,"7-day click or 1-day view",,,,,,,0,,,,,
2026-08-20,2026-08-20,"11/7 2023 - Sales campaign Women - UK MPA",inactive,,,,"Using ad set budget",0,0,0,0,0,0,Ongoing,"7-day click or 1-day view",,,,,,,0,,,,,
2026-08-20,2026-08-20,"23/6 2023 - Sales campaign - UK MPA",inactive,,,,"Using ad set budget",0,0,0,0,0,0,Ongoing,"7-day click or 1-day view",,,,,,,0,,,,,
2026-08-20,2026-08-20,"19/6 2023 - Sales collection video",inactive,,,,"Using ad set budget",0,0,0,0,0,0,Ongoing,"7-day click or 1-day view",,,,,,,0,,,,,
2026-08-20,2026-08-20,"12/5 2023 - Sales campaign - UK MPA",inactive,,,,"Using ad set budget",0,0,0,0,0,0,Ongoing,"7-day click or 1-day view",,,,,,,0,,,,,
2026-08-20,2026-08-20,"8/5 Veltuff - Broad - custom - UK sales",inactive,,,,"Using ad set budget",0,0,0,0,0,0,Ongoing,"7-day click or 1-day view",,,,,,,0,,,,,
2026-08-20,2026-08-20,"3/5 Veltuff - Prospecting Campaign - Sales",inactive,,,,"Using ad set budget",0,0,0,0,0,0,Ongoing,"7-day click or 1-day view",,,,,,,0,,,,,
2026-08-20,2026-08-20,"11/4 Veltuff - Broad - custom - UK sales",inactive,,,,"Using ad set budget",0,0,0,0,0,0,Ongoing,"7-day click or 1-day view",,,,,,,0,,,,,
2026-08-20,2026-08-20,"28/3 Veltuff - Broad - custom - UK RM",inactive,,,,"Using ad set budget",0,0,0,0,0,0,Ongoing,"7-day click or 1-day view",,,,,,,0,,,,,
2026-08-20,2026-08-20,"23/3 Veltuff - Broad - custom - UK sales",inactive,,,,"Using ad set budget",0,0,0,0,0,0,Ongoing,"7-day click or 1-day view",,,,,,,0,,,,,
2026-08-20,2026-08-20,"17/3 Veltuff - Broad - custom - UK sales",inactive,,,,"Using ad set budget",0,0,0,0,0,0,Ongoing,"7-day click or 1-day view",,,,,,,0,,,,,
2026-08-20,2026-08-20,"AS - Prospecting Campaign JAN2023 - SALE - Copy",inactive,,,,"Using ad set budget",0,0,0,0,0,0,Ongoing,"7-day click or 1-day view",,,,,,,0,,,,,
2026-08-20,2026-08-20,"AS - Prospecting Campaign Dec2022",inactive,,,,"Using ad set budget",0,0,0,0,0,0,Ongoing,"7-day click or 1-day view",,,,,,,0,,,,,
2026-08-20,2026-08-20,"AS - RMKT - DEC 2022",inactive,,,,50,Daily,0,0,0,0,0,Ongoing,"7-day click or 1-day view",,,,,,,0,,,,,
2026-08-20,2026-08-20,"Website Retargeting - 2022",inactive,,,,"Using ad set budget",0,0,0,0,0,0,Ongoing,"1-day click",,,,,,,0,,,,,
2026-08-19,2026-08-19,"VD | Sales | Seasonal Best Sellers | DPA",active,,,,506,Daily,0,0,0,0,0,Ongoing,"7-day click or 1-day view",,,,,,,0,,,,,
2026-08-19,2026-08-19,"VD | Sales | Trousers | DPA",active,,,,174,Daily,0,0,0,0,0,Ongoing,"7-day click or 1-day view",,,,,,,0,,,,,
2026-08-19,2026-08-19,"VD | Broad | Awareness",active,1593,reach,5.10985562,196,Daily,8.14,1593,1593,1,5.109856,Ongoing,"7-day click or 1-day view",,,,,3,0.188324,2.713333,42,2,,,2
2026-08-19,2026-08-19,"VD | Retargeting | DPA Broad Remarket",inactive,,,,44,Daily,0,0,0,0,0,Ongoing,"7-day click",,,,,,,0,,,,,
2026-08-19,2026-08-19,"VD | Retargeting | DPA",active,4,actions:offsite_conversion.fb_pixel_purchase,95.5025,370,Daily,382.01,7704,5005,1.539261,49.585929,Ongoing,"7-day click",3.38821,4,1294.33,action_values:offsite_conversion.fb_pixel_purchase,144,1.869159,2.158249,154,133,18,5,
2026-08-19,2026-08-19,"VD | Retargeting | DPA Campaign | Sales",inactive,,,,145,Daily,0,0,0,0,0,Ongoing,"7-day click",,,,,,,0,,,,,
2026-08-19,2026-08-19,"VD | Broad | Prospecting | Sales",active,5,actions:offsite_conversion.fb_pixel_purchase,153.726,370,Daily,768.63,14706,8179,1.798019,52.266422,Ongoing,"7-day click",2.794622,5,2148.03,action_values:offsite_conversion.fb_pixel_purchase,330,2.243982,1.825724,487,292,27,7,37
2026-08-19,2026-08-19,"WinterSale | Prospecting | Sales | Advantage+",inactive,,,,"Using ad set budget",0,0,0,0,0,0,Ongoing,"7-day click",,,,,,,0,,,,,
2026-08-19,2026-08-19,"Ongoing | Sales | ProTex1 | Advantage+ | SH",active,,,,327,Daily,340.97,10749,8743,1.229441,31.72109,Ongoing,"7-day click or 1-day view",,,,,228,2.121128,1.306398,231,210,1,,
2026-08-19,2026-08-19,"Ongoing | Sales | Hi-Vis Only | Advantage+ | SH",active,2,actions:offsite_conversion.fb_pixel_purchase,153.035,300,Daily,306.07,7934,4862,1.631839,38.57701,Ongoing,"7-day click or 1-day view",3.71023,2,1135.59,action_values:offsite_conversion.fb_pixel_purchase,155,1.953617,1.779477,166,165,15,3,
2026-08-19,2026-08-19,"Customised Workwear | Awareness | Advantage+ | SH Campaign – Copy",inactive,,,,100,Daily,0,0,0,0,0,Ongoing,"7-day click or 1-day view",,,,,,,0,,,,,
2026-08-19,2026-08-19,"Key Categories | Sales | Advantage+ | SH Campaign",inactive,,,,"Using ad set budget",0,0,0,0,0,0,Ongoing,"7-day click, 1-day view, or 1-day engaged-view",,,,,,,0,,,,,
2026-08-19,2026-08-19,"Customised Workwear | Sales | Advantage+ | SH Campaign",inactive,,,,"Using ad set budget",0,0,0,0,0,0,Ongoing,"7-day click, 1-day view, or 1-day engaged-view",,,,,,,0,,,,,
2026-08-19,2026-08-19,"Ongoing | Retargeting | Sales | Dynamic Abandoned Cart - 30 Days | SH",inactive,,,,6.5,Daily,0,0,0,0,0,Ongoing,"7-day click",,,,,,,0,,,,,
2026-08-19,2026-08-19,"AS 7/1 25 - Purchase - Flexible ad Campaign",inactive,,,,"Using ad set budget",0,0,0,0,0,0,Ongoing,"7-day click, 1-day view, or 1-day engaged-view",,,,,,,0,,,,,
2026-08-19,2026-08-19,"5/6 Michelle Job add - KAM Jylland",inactive,,,,"Using ad set budget",0,0,0,0,0,0,Ongoing,"7-day click or 1-day view",,,,,,,0,,,,,
2026-08-19,2026-08-19,"4/1 2024 - RM - UK Campaign",inactive,,,,100,Daily,0,0,0,0,0,Ongoing,"7-day click",,,,,,,0,,,,,
2026-08-19,2026-08-19,"Ongoing | Prospecting | Sales | Broad | Advantage+ | SH Campaign",inactive,,,,"Using ad set budget",0,0,0,0,0,0,Ongoing,"7-day click or 1-day view",,,,,,,0,,,,,
2026-08-19,2026-08-19,"4/12 2023 - Safety Shoe Sale  Campaign",inactive,,,,"Using ad set budget",0,0,0,0,0,0,Ongoing,"7-day click or 1-day view",,,,,,,0,,,,,
2026-08-19,2026-08-19,"11/10 2023 - Advantage+ shopping campaign Campaign",inactive,,,,"Using ad set budget",0,0,0,0,0,0,Ongoing,"7-day click or 1-day view",,,,,,,0,,,,,
2026-08-19,2026-08-19,"19/7 2023 - MPA RM campaign",inactive,,,,"Using ad set budget",0,0,0,0,0,0,Ongoing,"7-day click or 1-day view",,,,,,,0,,,,,
2026-08-19,2026-08-19,"11/7 2023 - Sales campaign Women - UK MPA",inactive,,,,"Using ad set budget",0,0,0,0,0,0,Ongoing,"7-day click or 1-day view",,,,,,,0,,,,,
2026-08-19,2026-08-19,"23/6 2023 - Sales campaign - UK MPA",inactive,,,,"Using ad set budget",0,0,0,0,0,0,Ongoing,"7-day click or 1-day view",,,,,,,0,,,,,
2026-08-19,2026-08-19,"19/6 2023 - Sales collection video",inactive,,,,"Using ad set budget",0,0,0,0,0,0,Ongoing,"7-day click or 1-day view",,,,,,,0,,,,,
2026-08-19,2026-08-19,"12/5 2023 - Sales campaign - UK MPA",inactive,,,,"Using ad set budget",0,0,0,0,0,0,Ongoing,"7-day click or 1-day view",,,,,,,0,,,,,
2026-08-19,2026-08-19,"8/5 Veltuff - Broad - custom - UK sales",inactive,,,,"Using ad set budget",0,0,0,0,0,0,Ongoing,"7-day click or 1-day view",,,,,,,0,,,,,
2026-08-19,2026-08-19,"3/5 Veltuff - Prospecting Campaign - Sales",inactive,,,,"Using ad set budget",0,0,0,0,0,0,Ongoing,"7-day click or 1-day view",,,,,,,0,,,,,
2026-08-19,2026-08-19,"11/4 Veltuff - Broad - custom - UK sales",inactive,,,,"Using ad set budget",0,0,0,0,0,0,Ongoing,"7-day click or 1-day view",,,,,,,0,,,,,
2026-08-19,2026-08-19,"28/3 Veltuff - Broad - custom - UK RM",inactive,,,,"Using ad set budget",0,0,0,0,0,0,Ongoing,"7-day click or 1-day view",,,,,,,0,,,,,
2026-08-19,2026-08-19,"23/3 Veltuff - Broad - custom - UK sales",inactive,,,,"Using ad set budget",0,0,0,0,0,0,Ongoing,"7-day click or 1-day view",,,,,,,0,,,,,
2026-08-19,2026-08-19,"17/3 Veltuff - Broad - custom - UK sales",inactive,,,,"Using ad set budget",0,0,0,0,0,0,Ongoing,"7-day click or 1-day view",,,,,,,0,,,,,
2026-08-19,2026-08-19,"AS - Prospecting Campaign JAN2023 - SALE - Copy",inactive,,,,"Using ad set budget",0,0,0,0,0,0,Ongoing,"7-day click or 1-day view",,,,,,,0,,,,,
2026-08-19,2026-08-19,"AS - Prospecting Campaign Dec2022",inactive,,,,"Using ad set budget",0,0,0,0,0,0,Ongoing,"7-day click or 1-day view",,,,,,,0,,,,,
2026-08-19,2026-08-19,"AS - RMKT - DEC 2022",inactive,,,,50,Daily,0,0,0,0,0,Ongoing,"7-day click or 1-day view",,,,,,,0,,,,,
2026-08-19,2026-08-19,"Website Retargeting - 2022",inactive,,,,"Using ad set budget",0,0,0,0,0,0,Ongoing,"1-day click",,,,,,,0,,,,,
2026-08-18,2026-08-18,"VD | Sales | Seasonal Best Sellers | DPA",active,,,,506,Daily,0,0,0,0,0,Ongoing,"7-day click or 1-day view",,,,,,,0,,,,,
2026-08-18,2026-08-18,"VD | Sales | Trousers | DPA",active,,,,174,Daily,0,0,0,0,0,Ongoing,"7-day click or 1-day view",,,,,,,0,,,,,
2026-08-18,2026-08-18,"VD | Broad | Awareness",active,20665,reach,5.13670457,196,Daily,106.15,22199,20665,1.074232,4.781747,Ongoing,"7-day click or 1-day view",,,,,30,0.135141,2.721795,854,25,,,49
2026-08-18,2026-08-18,"VD | Retargeting | DPA Broad Remarket",inactive,,,,44,Daily,0,0,0,0,0,Ongoing,"7-day click",,,,,,,0,,,,,
2026-08-18,2026-08-18,"VD | Retargeting | DPA",active,3,actions:offsite_conversion.fb_pixel_purchase,131.58333333,370,Daily,394.75,7797,5121,1.522554,50.628447,Ongoing,"7-day click",4.507258,3,1779.24,action_values:offsite_conversion.fb_pixel_purchase,181,2.321406,1.916262,188,159,15,10,
2026-08-18,2026-08-18,"VD | Retargeting | DPA Campaign | Sales",inactive,,,,145,Daily,0,0,0,0,0,Ongoing,"7-day click",,,,,,,0,,,,,
2026-08-18,2026-08-18,"VD | Broad | Prospecting | Sales",active,,,,370,Daily,872.09,17307,9522,1.81758,50.389438,Ongoing,"7-day click",,,,,404,2.334316,1.794424,1088,278,16,2,158
2026-08-18,2026-08-18,"WinterSale | Prospecting | Sales | Advantage+",inactive,,,,"Using ad set budget",0,0,0,0,0,0,Ongoing,"7-day click",,,,,,,0,,,,,
2026-08-18,2026-08-18,"Ongoing | Sales | ProTex1 | Advantage+ | SH",active,,,,327,Daily,0,0,0,0,0,Ongoing,"7-day click or 1-day view",,,,,,,0,,,,,
2026-08-18,2026-08-18,"Ongoing | Sales | Hi-Vis Only | Advantage+ | SH",active,3,actions:offsite_conversion.fb_pixel_purchase,103.43666667,300,Daily,310.31,9206,5702,1.614521,33.707365,Ongoing,"7-day click or 1-day view",3.921401,3,1216.85,action_values:offsite_conversion.fb_pixel_purchase,114,1.238323,2.298593,129,110,7,6,2
2026-08-18,2026-08-18,"Customised Workwear | Awareness | Advantage+ | SH Campaign – Copy",inactive,,,,100,Daily,0,0,0,0,0,Ongoing,"7-day click or 1-day view",,,,,,,0,,,,,
2026-08-18,2026-08-18,"Key Categories | Sales | Advantage+ | SH Campaign",inactive,,,,"Using ad set budget",0,0,0,0,0,0,Ongoing,"7-day click, 1-day view, or 1-day engaged-view",,,,,,,0,,,,,
2026-08-18,2026-08-18,"Customised Workwear | Sales | Advantage+ | SH Campaign",inactive,,,,"Using ad set budget",0,0,0,0,0,0,Ongoing,"7-day click, 1-day view, or 1-day engaged-view",,,,,,,0,,,,,
2026-08-18,2026-08-18,"Ongoing | Retargeting | Sales | Dynamic Abandoned Cart - 30 Days | SH",inactive,,,,6.5,Daily,0,0,0,0,0,Ongoing,"7-day click",,,,,,,0,,,,,
2026-08-18,2026-08-18,"AS 7/1 25 - Purchase - Flexible ad Campaign",inactive,,,,"Using ad set budget",0,0,0,0,0,0,Ongoing,"7-day click, 1-day view, or 1-day engaged-view",,,,,,,0,,,,,
2026-08-18,2026-08-18,"5/6 Michelle Job add - KAM Jylland",inactive,,,,"Using ad set budget",0,0,0,0,0,0,Ongoing,"7-day click or 1-day view",,,,,,,0,,,,,
2026-08-18,2026-08-18,"4/1 2024 - RM - UK Campaign",inactive,,,,100,Daily,0,0,0,0,0,Ongoing,"7-day click",,,,,,,0,,,,,
2026-08-18,2026-08-18,"Ongoing | Prospecting | Sales | Broad | Advantage+ | SH Campaign",inactive,,,,"Using ad set budget",0,0,0,0,0,0,Ongoing,"7-day click or 1-day view",,,,,,,0,,,,,
2026-08-18,2026-08-18,"4/12 2023 - Safety Shoe Sale  Campaign",inactive,,,,"Using ad set budget",0,0,0,0,0,0,Ongoing,"7-day click or 1-day view",,,,,,,0,,,,,
2026-08-18,2026-08-18,"11/10 2023 - Advantage+ shopping campaign Campaign",inactive,,,,"Using ad set budget",0,0,0,0,0,0,Ongoing,"7-day click or 1-day view",,,,,,,0,,,,,
2026-08-18,2026-08-18,"19/7 2023 - MPA RM campaign",inactive,,,,"Using ad set budget",0,0,0,0,0,0,Ongoing,"7-day click or 1-day view",,,,,,,0,,,,,
2026-08-18,2026-08-18,"11/7 2023 - Sales campaign Women - UK MPA",inactive,,,,"Using ad set budget",0,0,0,0,0,0,Ongoing,"7-day click or 1-day view",,,,,,,0,,,,,
2026-08-18,2026-08-18,"23/6 2023 - Sales campaign - UK MPA",inactive,,,,"Using ad set budget",0,0,0,0,0,0,Ongoing,"7-day click or 1-day view",,,,,,,0,,,,,
2026-08-18,2026-08-18,"19/6 2023 - Sales collection video",inactive,,,,"Using ad set budget",0,0,0,0,0,0,Ongoing,"7-day click or 1-day view",,,,,,,0,,,,,
2026-08-18,2026-08-18,"12/5 2023 - Sales campaign - UK MPA",inactive,,,,"Using ad set budget",0,0,0,0,0,0,Ongoing,"7-day click or 1-day view",,,,,,,0,,,,,
2026-08-18,2026-08-18,"8/5 Veltuff - Broad - custom - UK sales",inactive,,,,"Using ad set budget",0,0,0,0,0,0,Ongoing,"7-day click or 1-day view",,,,,,,0,,,,,
2026-08-18,2026-08-18,"3/5 Veltuff - Prospecting Campaign - Sales",inactive,,,,"Using ad set budget",0,0,0,0,0,0,Ongoing,"7-day click or 1-day view",,,,,,,0,,,,,
2026-08-18,2026-08-18,"11/4 Veltuff - Broad - custom - UK sales",inactive,,,,"Using ad set budget",0,0,0,0,0,0,Ongoing,"7-day click or 1-day view",,,,,,,0,,,,,
2026-08-18,2026-08-18,"28/3 Veltuff - Broad - custom - UK RM",inactive,,,,"Using ad set budget",0,0,0,0,0,0,Ongoing,"7-day click or 1-day view",,,,,,,0,,,,,
2026-08-18,2026-08-18,"23/3 Veltuff - Broad - custom - UK sales",inactive,,,,"Using ad set budget",0,0,0,0,0,0,Ongoing,"7-day click or 1-day view",,,,,,,0,,,,,
2026-08-18,2026-08-18,"17/3 Veltuff - Broad - custom - UK sales",inactive,,,,"Using ad set budget",0,0,0,0,0,0,Ongoing,"7-day click or 1-day view",,,,,,,0,,,,,
2026-08-18,2026-08-18,"AS - Prospecting Campaign JAN2023 - SALE - Copy",inactive,,,,"Using ad set budget",0,0,0,0,0,0,Ongoing,"7-day click or 1-day view",,,,,,,0,,,,,
2026-08-18,2026-08-18,"AS - Prospecting Campaign Dec2022",inactive,,,,"Using ad set budget",0,0,0,0,0,0,Ongoing,"7-day click or 1-day view",,,,,,,0,,,,,
2026-08-18,2026-08-18,"AS - RMKT - DEC 2022",inactive,,,,50,Daily,0,0,0,0,0,Ongoing,"7-day click or 1-day view",,,,,,,0,,,,,
2026-08-18,2026-08-18,"Website Retargeting - 2022",inactive,,,,"Using ad set budget",0,0,0,0,0,0,Ongoing,"1-day click",,,,,,,0,,,,,
2026-08-17,2026-08-17,"VD | Sales | Seasonal Best Sellers | DPA",active,,,,506,Daily,0,0,0,0,0,Ongoing,"7-day click or 1-day view",,,,,,,0,,,,,
2026-08-17,2026-08-17,"VD | Sales | Trousers | DPA",active,,,,174,Daily,0,0,0,0,0,Ongoing,"7-day click or 1-day view",,,,,,,0,,,,,
2026-08-17,2026-08-17,"VD | Broad | Awareness",active,21947,reach,3.64651205,196,Daily,80.03,22520,21947,1.026108,3.55373,Ongoing,"7-day click or 1-day view",,,,,21,0.09325,3.810952,41,11,1,1,1
2026-08-17,2026-08-17,"VD | Retargeting | DPA Broad Remarket",inactive,,,,44,Daily,0,0,0,0,0,Ongoing,"7-day click",,,,,,,0,,,,,
2026-08-17,2026-08-17,"VD | Retargeting | DPA",active,1,actions:offsite_conversion.fb_pixel_purchase,396.68,370,Daily,396.68,7880,5149,1.530394,50.340102,Ongoing,"7-day click",0.50484,1,200.26,action_values:offsite_conversion.fb_pixel_purchase,147,1.865482,2.36119,152,131,9,4,
2026-08-17,2026-08-17,"VD | Retargeting | DPA Campaign | Sales",inactive,,,,145,Daily,0,0,0,0,0,Ongoing,"7-day click",,,,,,,0,,,,,
2026-08-17,2026-08-17,"VD | Broad | Prospecting | Sales",active,5,actions:offsite_conversion.fb_pixel_purchase,170.17,370,Daily,850.85,18137,10995,1.649568,46.912389,Ongoing,"7-day click",2.25196,5,1916.08,action_values:offsite_conversion.fb_pixel_purchase,368,2.029001,1.865899,1000,299,28,18,142
2026-08-17,2026-08-17,"WinterSale | Prospecting | Sales | Advantage+",inactive,,,,"Using ad set budget",0,0,0,0,0,0,Ongoing,"7-day click",,,,,,,0,,,,,
2026-08-17,2026-08-17,"Ongoing | Sales | ProTex1 | Advantage+ | SH",active,,,,327,Daily,0,0,0,0,0,Ongoing,"7-day click or 1-day view",,,,,,,0,,,,,
2026-08-17,2026-08-17,"Ongoing | Sales | Hi-Vis Only | Advantage+ | SH",active,6,actions:offsite_conversion.fb_pixel_purchase,48.89166667,300,Daily,293.35,7934,4633,1.712497,36.973784,Ongoing,"7-day click or 1-day view",11.099881,6,3256.15,action_values:offsite_conversion.fb_pixel_purchase,123,1.55029,1.91732,143,115,11,5,2
2026-08-17,2026-08-17,"Customised Workwear | Awareness | Advantage+ | SH Campaign – Copy",inactive,,,,100,Daily,0,0,0,0,0,Ongoing,"7-day click or 1-day view",,,,,,,0,,,,,
2026-08-17,2026-08-17,"Key Categories | Sales | Advantage+ | SH Campaign",inactive,,,,"Using ad set budget",0,0,0,0,0,0,Ongoing,"7-day click, 1-day view, or 1-day engaged-view",,,,,,,0,,,,,
2026-08-17,2026-08-17,"Customised Workwear | Sales | Advantage+ | SH Campaign",inactive,,,,"Using ad set budget",0,0,0,0,0,0,Ongoing,"7-day click, 1-day view, or 1-day engaged-view",,,,,,,0,,,,,
2026-08-17,2026-08-17,"Ongoing | Retargeting | Sales | Dynamic Abandoned Cart - 30 Days | SH",inactive,,,,6.5,Daily,0,0,0,0,0,Ongoing,"7-day click",,,,,,,0,,,,,
2026-08-17,2026-08-17,"AS 7/1 25 - Purchase - Flexible ad Campaign",inactive,,,,"Using ad set budget",0,0,0,0,0,0,Ongoing,"7-day click, 1-day view, or 1-day engaged-view",,,,,,,0,,,,,
2026-08-17,2026-08-17,"5/6 Michelle Job add - KAM Jylland",inactive,,,,"Using ad set budget",0,0,0,0,0,0,Ongoing,"7-day click or 1-day view",,,,,,,0,,,,,
2026-08-17,2026-08-17,"4/1 2024 - RM - UK Campaign",inactive,,,,100,Daily,0,0,0,0,0,Ongoing,"7-day click",,,,,,,0,,,,,
2026-08-17,2026-08-17,"Ongoing | Prospecting | Sales | Broad | Advantage+ | SH Campaign",inactive,,,,"Using ad set budget",0,0,0,0,0,0,Ongoing,"7-day click or 1-day view",,,,,,,0,,,,,
2026-08-17,2026-08-17,"4/12 2023 - Safety Shoe Sale  Campaign",inactive,,,,"Using ad set budget",0,0,0,0,0,0,Ongoing,"7-day click or 1-day view",,,,,,,0,,,,,
2026-08-17,2026-08-17,"11/10 2023 - Advantage+ shopping campaign Campaign",inactive,,,,"Using ad set budget",0,0,0,0,0,0,Ongoing,"7-day click or 1-day view",,,,,,,0,,,,,
2026-08-17,2026-08-17,"19/7 2023 - MPA RM campaign",inactive,,,,"Using ad set budget",0,0,0,0,0,0,Ongoing,"7-day click or 1-day view",,,,,,,0,,,,,
2026-08-17,2026-08-17,"11/7 2023 - Sales campaign Women - UK MPA",inactive,,,,"Using ad set budget",0,0,0,0,0,0,Ongoing,"7-day click or 1-day view",,,,,,,0,,,,,
2026-08-17,2026-08-17,"23/6 2023 - Sales campaign - UK MPA",inactive,,,,"Using ad set budget",0,0,0,0,0,0,Ongoing,"7-day click or 1-day view",,,,,,,0,,,,,
2026-08-17,2026-08-17,"19/6 2023 - Sales collection video",inactive,,,,"Using ad set budget",0,0,0,0,0,0,Ongoing,"7-day click or 1-day view",,,,,,,0,,,,,
2026-08-17,2026-08-17,"12/5 2023 - Sales campaign - UK MPA",inactive,,,,"Using ad set budget",0,0,0,0,0,0,Ongoing,"7-day click or 1-day view",,,,,,,0,,,,,
2026-08-17,2026-08-17,"8/5 Veltuff - Broad - custom - UK sales",inactive,,,,"Using ad set budget",0,0,0,0,0,0,Ongoing,"7-day click or 1-day view",,,,,,,0,,,,,
2026-08-17,2026-08-17,"3/5 Veltuff - Prospecting Campaign - Sales",inactive,,,,"Using ad set budget",0,0,0,0,0,0,Ongoing,"7-day click or 1-day view",,,,,,,0,,,,,
2026-08-17,2026-08-17,"11/4 Veltuff - Broad - custom - UK sales",inactive,,,,"Using ad set budget",0,0,0,0,0,0,Ongoing,"7-day click or 1-day view",,,,,,,0,,,,,
2026-08-17,2026-08-17,"28/3 Veltuff - Broad - custom - UK RM",inactive,,,,"Using ad set budget",0,0,0,0,0,0,Ongoing,"7-day click or 1-day view",,,,,,,0,,,,,
2026-08-17,2026-08-17,"23/3 Veltuff - Broad - custom - UK sales",inactive,,,,"Using ad set budget",0,0,0,0,0,0,Ongoing,"7-day click or 1-day view",,,,,,,0,,,,,
2026-08-17,2026-08-17,"17/3 Veltuff - Broad - custom - UK sales",inactive,,,,"Using ad set budget",0,0,0,0,0,0,Ongoing,"7-day click or 1-day view",,,,,,,0,,,,,
2026-08-17,2026-08-17,"AS - Prospecting Campaign JAN2023 - SALE - Copy",inactive,,,,"Using ad set budget",0,0,0,0,0,0,Ongoing,"7-day click or 1-day view",,,,,,,0,,,,,
2026-08-17,2026-08-17,"AS - Prospecting Campaign Dec2022",inactive,,,,"Using ad set budget",0,0,0,0,0,0,Ongoing,"7-day click or 1-day view",,,,,,,0,,,,,
2026-08-17,2026-08-17,"AS - RMKT - DEC 2022",inactive,,,,50,Daily,0,0,0,0,0,Ongoing,"7-day click or 1-day view",,,,,,,0,,,,,
2026-08-17,2026-08-17,"Website Retargeting - 2022",inactive,,,,"Using ad set budget",0,0,0,0,0,0,Ongoing,"1-day click",,,,,,,0,,,,,
2026-08-16,2026-08-16,"VD | Sales | Seasonal Best Sellers | DPA",active,,,,506,Daily,0,0,0,0,0,Ongoing,"7-day click or 1-day view",,,,,,,0,,,,,
2026-08-16,2026-08-16,"VD | Sales | Trousers | DPA",active,,,,174,Daily,0,0,0,0,0,Ongoing,"7-day click or 1-day view",,,,,,,0,,,,,
2026-08-16,2026-08-16,"VD | Broad | Awareness",active,19844,reach,5.77151784,196,Daily,114.53,20787,19844,1.047521,5.509694,Ongoing,"7-day click or 1-day view",,,,,21,0.101025,4.5812,220,9,,,11
2026-08-16,2026-08-16,"VD | Retargeting | DPA Broad Remarket",inactive,,,,44,Daily,0,0,0,0,0,Ongoing,"7-day click",,,,,,,0,,,,,
2026-08-16,2026-08-16,"VD | Retargeting | DPA",active,3,actions:offsite_conversion.fb_pixel_purchase,149.19666667,370,Daily,447.59,8546,5401,1.5823,52.37421,Ongoing,"7-day click",1.890257,3,846.06,action_values:offsite_conversion.fb_pixel_purchase,178,2.082846,2.072176,184,154,14,5,3
2026-08-16,2026-08-16,"VD | Retargeting | DPA Campaign | Sales",inactive,,,,145,Daily,0,0,0,0,0,Ongoing,"7-day click",,,,,,,0,,,,,
2026-08-16,2026-08-16,"VD | Broad | Prospecting | Sales",active,7,actions:offsite_conversion.fb_pixel_purchase,126.33,370,Daily,884.31,18179,10589,1.716782,48.64459,Ongoing,"7-day click",3.041807,7,2689.9,action_values:offsite_conversion.fb_pixel_purchase,413,2.271852,1.662237,917,363,36,17,110
2026-08-16,2026-08-16,"WinterSale | Prospecting | Sales | Advantage+",inactive,,,,"Using ad set budget",0,0,0,0,0,0,Ongoing,"7-day click",,,,,,,0,,,,,
2026-08-16,2026-08-16,"Ongoing | Sales | ProTex1 | Advantage+ | SH",active,,,,327,Daily,0,0,0,0,0,Ongoing,"7-day click or 1-day view",,,,,,,0,,,,,
2026-08-16,2026-08-16,"Ongoing | Sales | Hi-Vis Only | Advantage+ | SH",active,2,actions:offsite_conversion.fb_pixel_purchase,170.2,300,Daily,340.4,8595,5202,1.652249,39.604421,Ongoing,"7-day click or 1-day view",1.799824,2,612.66,action_values:offsite_conversion.fb_pixel_purchase,129,1.500873,2.347586,144,111,9,7,4
2026-08-16,2026-08-16,"Customised Workwear | Awareness | Advantage+ | SH Campaign – Copy",inactive,,,,100,Daily,0,0,0,0,0,Ongoing,"7-day click or 1-day view",,,,,,,0,,,,,
2026-08-16,2026-08-16,"Key Categories | Sales | Advantage+ | SH Campaign",inactive,,,,"Using ad set budget",0,0,0,0,0,0,Ongoing,"7-day click, 1-day view, or 1-day engaged-view",,,,,,,0,,,,,
2026-08-16,2026-08-16,"Customised Workwear | Sales | Advantage+ | SH Campaign",inactive,,,,"Using ad set budget",0,0,0,0,0,0,Ongoing,"7-day click, 1-day view, or 1-day engaged-view",,,,,,,0,,,,,
2026-08-16,2026-08-16,"Ongoing | Retargeting | Sales | Dynamic Abandoned Cart - 30 Days | SH",inactive,,,,6.5,Daily,0,0,0,0,0,Ongoing,"7-day click",,,,,,,0,,,,,
2026-08-16,2026-08-16,"AS 7/1 25 - Purchase - Flexible ad Campaign",inactive,,,,"Using ad set budget",0,0,0,0,0,0,Ongoing,"7-day click, 1-day view, or 1-day engaged-view",,,,,,,0,,,,,
2026-08-16,2026-08-16,"5/6 Michelle Job add - KAM Jylland",inactive,,,,"Using ad set budget",0,0,0,0,0,0,Ongoing,"7-day click or 1-day view",,,,,,,0,,,,,
2026-08-16,2026-08-16,"4/1 2024 - RM - UK Campaign",inactive,,,,100,Daily,0,0,0,0,0,Ongoing,"7-day click",,,,,,,0,,,,,
2026-08-16,2026-08-16,"Ongoing | Prospecting | Sales | Broad | Advantage+ | SH Campaign",inactive,,,,"Using ad set budget",0,0,0,0,0,0,Ongoing,"7-day click or 1-day view",,,,,,,0,,,,,
2026-08-16,2026-08-16,"4/12 2023 - Safety Shoe Sale  Campaign",inactive,,,,"Using ad set budget",0,0,0,0,0,0,Ongoing,"7-day click or 1-day view",,,,,,,0,,,,,
2026-08-16,2026-08-16,"11/10 2023 - Advantage+ shopping campaign Campaign",inactive,,,,"Using ad set budget",0,0,0,0,0,0,Ongoing,"7-day click or 1-day view",,,,,,,0,,,,,
2026-08-16,2026-08-16,"19/7 2023 - MPA RM campaign",inactive,,,,"Using ad set budget",0,0,0,0,0,0,Ongoing,"7-day click or 1-day view",,,,,,,0,,,,,
2026-08-16,2026-08-16,"11/7 2023 - Sales campaign Women - UK MPA",inactive,,,,"Using ad set budget",0,0,0,0,0,0,Ongoing,"7-day click or 1-day view",,,,,,,0,,,,,
2026-08-16,2026-08-16,"23/6 2023 - Sales campaign - UK MPA",inactive,,,,"Using ad set budget",0,0,0,0,0,0,Ongoing,"7-day click or 1-day view",,,,,,,0,,,,,
2026-08-16,2026-08-16,"19/6 2023 - Sales collection video",inactive,,,,"Using ad set budget",0,0,0,0,0,0,Ongoing,"7-day click or 1-day view",,,,,,,0,,,,,
2026-08-16,2026-08-16,"12/5 2023 - Sales campaign - UK MPA",inactive,,,,"Using ad set budget",0,0,0,0,0,0,Ongoing,"7-day click or 1-day view",,,,,,,0,,,,,
2026-08-16,2026-08-16,"8/5 Veltuff - Broad - custom - UK sales",inactive,,,,"Using ad set budget",0,0,0,0,0,0,Ongoing,"7-day click or 1-day view",,,,,,,0,,,,,
2026-08-16,2026-08-16,"3/5 Veltuff - Prospecting Campaign - Sales",inactive,,,,"Using ad set budget",0,0,0,0,0,0,Ongoing,"7-day click or 1-day view",,,,,,,0,,,,,
2026-08-16,2026-08-16,"11/4 Veltuff - Broad - custom - UK sales",inactive,,,,"Using ad set budget",0,0,0,0,0,0,Ongoing,"7-day click or 1-day view",,,,,,,0,,,,,
2026-08-16,2026-08-16,"28/3 Veltuff - Broad - custom - UK RM",inactive,,,,"Using ad set budget",0,0,0,0,0,0,Ongoing,"7-day click or 1-day view",,,,,,,0,,,,,
2026-08-16,2026-08-16,"23/3 Veltuff - Broad - custom - UK sales",inactive,,,,"Using ad set budget",0,0,0,0,0,0,Ongoing,"7-day click or 1-day view",,,,,,,0,,,,,
2026-08-16,2026-08-16,"17/3 Veltuff - Broad - custom - UK sales",inactive,,,,"Using ad set budget",0,0,0,0,0,0,Ongoing,"7-day click or 1-day view",,,,,,,0,,,,,
2026-08-16,2026-08-16,"AS - Prospecting Campaign JAN2023 - SALE - Copy",inactive,,,,"Using ad set budget",0,0,0,0,0,0,Ongoing,"7-day click or 1-day view",,,,,,,0,,,,,
2026-08-16,2026-08-16,"AS - Prospecting Campaign Dec2022",inactive,,,,"Using ad set budget",0,0,0,0,0,0,Ongoing,"7-day click or 1-day view",,,,,,,0,,,,,
2026-08-16,2026-08-16,"AS - RMKT - DEC 2022",inactive,,,,50,Daily,0,0,0,0,0,Ongoing,"7-day click or 1-day view",,,,,,,0,,,,,
2026-08-16,2026-08-16,"Website Retargeting - 2022",inactive,,,,"Using ad set budget",0,0,0,0,0,0,Ongoing,"1-day click",,,,,,,0,,,,,
2026-08-15,2026-08-15,"VD | Sales | Seasonal Best Sellers | DPA",active,,,,506,Daily,0,0,0,0,0,Ongoing,"7-day click or 1-day view",,,,,,,0,,,,,
2026-08-15,2026-08-15,"VD | Sales | Trousers | DPA",active,,,,174,Daily,0,0,0,0,0,Ongoing,"7-day click or 1-day view",,,,,,,0,,,,,
2026-08-15,2026-08-15,"VD | Broad | Awareness",active,13917,reach,6.94115111,196,Daily,96.6,15231,13917,1.094417,6.342328,Ongoing,"7-day click or 1-day view",,,,,7,0.045959,4.83,109,3,,,7
2026-08-15,2026-08-15,"VD | Retargeting | DPA Broad Remarket",inactive,,,,44,Daily,0,0,0,0,0,Ongoing,"7-day click",,,,,,,0,,,,,
2026-08-15,2026-08-15,"VD | Retargeting | DPA",active,4,actions:offsite_conversion.fb_pixel_purchase,79.185,370,Daily,316.74,6791,4395,1.545165,46.641143,Ongoing,"7-day click",4.737545,4,1500.57,action_values:offsite_conversion.fb_pixel_purchase,118,1.737594,2.246383,124,107,18,6,1
2026-08-15,2026-08-15,"VD | Retargeting | DPA Campaign | Sales",inactive,,,,145,Daily,0,0,0,0,0,Ongoing,"7-day click",,,,,,,0,,,,,
2026-08-15,2026-08-15,"VD | Broad | Prospecting | Sales",active,2,actions:offsite_conversion.fb_pixel_purchase,372.375,370,Daily,744.75,16308,9383,1.738037,45.66777,Ongoing,"7-day click",1.078268,2,803.04,action_values:offsite_conversion.fb_pixel_purchase,298,1.827324,1.773214,643,264,10,8,97
2026-08-15,2026-08-15,"WinterSale | Prospecting | Sales | Advantage+",inactive,,,,"Using ad set budget",0,0,0,0,0,0,Ongoing,"7-day click",,,,,,,0,,,,,
2026-08-15,2026-08-15,"Ongoing | Sales | ProTex1 | Advantage+ | SH",active,,,,327,Daily,0,0,0,0,0,Ongoing,"7-day click or 1-day view",,,,,,,0,,,,,
2026-08-15,2026-08-15,"Ongoing | Sales | Hi-Vis Only | Advantage+ | SH",active,2,actions:offsite_conversion.fb_pixel_purchase,155.97,300,Daily,311.94,8343,5155,1.618429,37.389428,Ongoing,"7-day click or 1-day view",2.601526,2,811.52,action_values:offsite_conversion.fb_pixel_purchase,152,1.821887,1.782514,173,140,9,5,1
2026-08-15,2026-08-15,"Customised Workwear | Awareness | Advantage+ | SH Campaign – Copy",inactive,,,,100,Daily,0,0,0,0,0,Ongoing,"7-day click or 1-day view",,,,,,,0,,,,,
2026-08-15,2026-08-15,"Key Categories | Sales | Advantage+ | SH Campaign",inactive,,,,"Using ad set budget",0,0,0,0,0,0,Ongoing,"7-day click, 1-day view, or 1-day engaged-view",,,,,,,0,,,,,
2026-08-15,2026-08-15,"Customised Workwear | Sales | Advantage+ | SH Campaign",inactive,,,,"Using ad set budget",0,0,0,0,0,0,Ongoing,"7-day click, 1-day view, or 1-day engaged-view",,,,,,,0,,,,,
2026-08-15,2026-08-15,"Ongoing | Retargeting | Sales | Dynamic Abandoned Cart - 30 Days | SH",inactive,,,,6.5,Daily,0,0,0,0,0,Ongoing,"7-day click",,,,,,,0,,,,,
2026-08-15,2026-08-15,"AS 7/1 25 - Purchase - Flexible ad Campaign",inactive,,,,"Using ad set budget",0,0,0,0,0,0,Ongoing,"7-day click, 1-day view, or 1-day engaged-view",,,,,,,0,,,,,
2026-08-15,2026-08-15,"5/6 Michelle Job add - KAM Jylland",inactive,,,,"Using ad set budget",0,0,0,0,0,0,Ongoing,"7-day click or 1-day view",,,,,,,0,,,,,
2026-08-15,2026-08-15,"4/1 2024 - RM - UK Campaign",inactive,,,,100,Daily,0,0,0,0,0,Ongoing,"7-day click",,,,,,,0,,,,,
2026-08-15,2026-08-15,"Ongoing | Prospecting | Sales | Broad | Advantage+ | SH Campaign",inactive,,,,"Using ad set budget",0,0,0,0,0,0,Ongoing,"7-day click or 1-day view",,,,,,,0,,,,,
2026-08-15,2026-08-15,"4/12 2023 - Safety Shoe Sale  Campaign",inactive,,,,"Using ad set budget",0,0,0,0,0,0,Ongoing,"7-day click or 1-day view",,,,,,,0,,,,,
2026-08-15,2026-08-15,"11/10 2023 - Advantage+ shopping campaign Campaign",inactive,,,,"Using ad set budget",0,0,0,0,0,0,Ongoing,"7-day click or 1-day view",,,,,,,0,,,,,
2026-08-15,2026-08-15,"19/7 2023 - MPA RM campaign",inactive,,,,"Using ad set budget",0,0,0,0,0,0,Ongoing,"7-day click or 1-day view",,,,,,,0,,,,,
2026-08-15,2026-08-15,"11/7 2023 - Sales campaign Women - UK MPA",inactive,,,,"Using ad set budget",0,0,0,0,0,0,Ongoing,"7-day click or 1-day view",,,,,,,0,,,,,
2026-08-15,2026-08-15,"23/6 2023 - Sales campaign - UK MPA",inactive,,,,"Using ad set budget",0,0,0,0,0,0,Ongoing,"7-day click or 1-day view",,,,,,,0,,,,,
2026-08-15,2026-08-15,"19/6 2023 - Sales collection video",inactive,,,,"Using ad set budget",0,0,0,0,0,0,Ongoing,"7-day click or 1-day view",,,,,,,0,,,,,
2026-08-15,2026-08-15,"12/5 2023 - Sales campaign - UK MPA",inactive,,,,"Using ad set budget",0,0,0,0,0,0,Ongoing,"7-day click or 1-day view",,,,,,,0,,,,,
2026-08-15,2026-08-15,"8/5 Veltuff - Broad - custom - UK sales",inactive,,,,"Using ad set budget",0,0,0,0,0,0,Ongoing,"7-day click or 1-day view",,,,,,,0,,,,,
2026-08-15,2026-08-15,"3/5 Veltuff - Prospecting Campaign - Sales",inactive,,,,"Using ad set budget",0,0,0,0,0,0,Ongoing,"7-day click or 1-day view",,,,,,,0,,,,,
2026-08-15,2026-08-15,"11/4 Veltuff - Broad - custom - UK sales",inactive,,,,"Using ad set budget",0,0,0,0,0,0,Ongoing,"7-day click or 1-day view",,,,,,,0,,,,,
2026-08-15,2026-08-15,"28/3 Veltuff - Broad - custom - UK RM",inactive,,,,"Using ad set budget",0,0,0,0,0,0,Ongoing,"7-day click or 1-day view",,,,,,,0,,,,,
2026-08-15,2026-08-15,"23/3 Veltuff - Broad - custom - UK sales",inactive,,,,"Using ad set budget",0,0,0,0,0,0,Ongoing,"7-day click or 1-day view",,,,,,,0,,,,,
2026-08-15,2026-08-15,"17/3 Veltuff - Broad - custom - UK sales",inactive,,,,"Using ad set budget",0,0,0,0,0,0,Ongoing,"7-day click or 1-day view",,,,,,,0,,,,,
2026-08-15,2026-08-15,"AS - Prospecting Campaign JAN2023 - SALE - Copy",inactive,,,,"Using ad set budget",0,0,0,0,0,0,Ongoing,"7-day click or 1-day view",,,,,,,0,,,,,
2026-08-15,2026-08-15,"AS - Prospecting Campaign Dec2022",inactive,,,,"Using ad set budget",0,0,0,0,0,0,Ongoing,"7-day click or 1-day view",,,,,,,0,,,,,
2026-08-15,2026-08-15,"AS - RMKT - DEC 2022",inactive,,,,50,Daily,0,0,0,0,0,Ongoing,"7-day click or 1-day view",,,,,,,0,,,,,
2026-08-15,2026-08-15,"Website Retargeting - 2022",inactive,,,,"Using ad set budget",0,0,0,0,0,0,Ongoing,"1-day click",,,,,,,0,,,,,
2026-08-14,2026-08-14,"VD | Sales | Seasonal Best Sellers | DPA",active,,,,506,Daily,0,0,0,0,0,Ongoing,"7-day click or 1-day view",,,,,,,0,,,,,
2026-08-14,2026-08-14,"VD | Sales | Trousers | DPA",active,,,,174,Daily,0,0,0,0,0,Ongoing,"7-day click or 1-day view",,,,,,,0,,,,,
2026-08-14,2026-08-14,"VD | Broad | Awareness",active,24867,reach,3.90839265,196,Daily,97.19,25214,24867,1.013954,3.854605,Ongoing,"7-day click or 1-day view",,,,,32,0.126914,2.858529,147,20,,,7
2026-08-14,2026-08-14,"VD | Retargeting | DPA Broad Remarket",inactive,,,,44,Daily,0,0,0,0,0,Ongoing,"7-day click",,,,,,,0,,,,,
2026-08-14,2026-08-14,"VD | Retargeting | DPA",active,3,actions:offsite_conversion.fb_pixel_purchase,123.65,370,Daily,370.95,7843,4795,1.635662,47.296953,Ongoing,"7-day click",3.435288,3,1274.32,action_values:offsite_conversion.fb_pixel_purchase,140,1.785031,2.333019,149,122,11,3,
2026-08-14,2026-08-14,"VD | Retargeting | DPA Campaign | Sales",inactive,,,,145,Daily,0,0,0,0,0,Ongoing,"7-day click",,,,,,,0,,,,,
2026-08-14,2026-08-14,"VD | Broad | Prospecting | Sales",active,4,actions:offsite_conversion.fb_pixel_purchase,203.685,370,Daily,814.74,15283,8813,1.734143,53.310214,Ongoing,"7-day click",1.650797,4,1344.97,action_values:offsite_conversion.fb_pixel_purchase,304,1.989138,1.926099,1203,259,15,10,209
2026-08-14,2026-08-14,"WinterSale | Prospecting | Sales | Advantage+",inactive,,,,"Using ad set budget",0,0,0,0,0,0,Ongoing,"7-day click",,,,,,,0,,,,,
2026-08-14,2026-08-14,"Ongoing | Sales | ProTex1 | Advantage+ | SH",active,,,,327,Daily,0,0,0,0,0,Ongoing,"7-day click or 1-day view",,,,,,,0,,,,,
2026-08-14,2026-08-14,"Ongoing | Sales | Hi-Vis Only | Advantage+ | SH",active,3,actions:offsite_conversion.fb_pixel_purchase,106.69333333,300,Daily,320.08,9361,5703,1.641417,34.192928,Ongoing,"7-day click or 1-day view",4.202512,3,1345.14,action_values:offsite_conversion.fb_pixel_purchase,131,1.399423,2.065032,152,111,13,4,2
2026-08-14,2026-08-14,"Customised Workwear | Awareness | Advantage+ | SH Campaign – Copy",inactive,,,,100,Daily,0,0,0,0,0,Ongoing,"7-day click or 1-day view",,,,,,,0,,,,,
2026-08-14,2026-08-14,"Key Categories | Sales | Advantage+ | SH Campaign",inactive,,,,"Using ad set budget",0,0,0,0,0,0,Ongoing,"7-day click, 1-day view, or 1-day engaged-view",,,,,,,0,,,,,
2026-08-14,2026-08-14,"Customised Workwear | Sales | Advantage+ | SH Campaign",inactive,,,,"Using ad set budget",0,0,0,0,0,0,Ongoing,"7-day click, 1-day view, or 1-day engaged-view",,,,,,,0,,,,,
2026-08-14,2026-08-14,"Ongoing | Retargeting | Sales | Dynamic Abandoned Cart - 30 Days | SH",inactive,,,,6.5,Daily,0,0,0,0,0,Ongoing,"7-day click",,,,,,,0,,,,,
2026-08-14,2026-08-14,"AS 7/1 25 - Purchase - Flexible ad Campaign",inactive,,,,"Using ad set budget",0,0,0,0,0,0,Ongoing,"7-day click, 1-day view, or 1-day engaged-view",,,,,,,0,,,,,
2026-08-14,2026-08-14,"5/6 Michelle Job add - KAM Jylland",inactive,,,,"Using ad set budget",0,0,0,0,0,0,Ongoing,"7-day click or 1-day view",,,,,,,0,,,,,
2026-08-14,2026-08-14,"4/1 2024 - RM - UK Campaign",inactive,,,,100,Daily,0,0,0,0,0,Ongoing,"7-day click",,,,,,,0,,,,,
2026-08-14,2026-08-14,"Ongoing | Prospecting | Sales | Broad | Advantage+ | SH Campaign",inactive,,,,"Using ad set budget",0,0,0,0,0,0,Ongoing,"7-day click or 1-day view",,,,,,,0,,,,,
2026-08-14,2026-08-14,"4/12 2023 - Safety Shoe Sale  Campaign",inactive,,,,"Using ad set budget",0,0,0,0,0,0,Ongoing,"7-day click or 1-day view",,,,,,,0,,,,,
2026-08-14,2026-08-14,"11/10 2023 - Advantage+ shopping campaign Campaign",inactive,,,,"Using ad set budget",0,0,0,0,0,0,Ongoing,"7-day click or 1-day view",,,,,,,0,,,,,
2026-08-14,2026-08-14,"19/7 2023 - MPA RM campaign",inactive,,,,"Using ad set budget",0,0,0,0,0,0,Ongoing,"7-day click or 1-day view",,,,,,,0,,,,,
2026-08-14,2026-08-14,"11/7 2023 - Sales campaign Women - UK MPA",inactive,,,,"Using ad set budget",0,0,0,0,0,0,Ongoing,"7-day click or 1-day view",,,,,,,0,,,,,
2026-08-14,2026-08-14,"23/6 2023 - Sales campaign - UK MPA",inactive,,,,"Using ad set budget",0,0,0,0,0,0,Ongoing,"7-day click or 1-day view",,,,,,,0,,,,,
2026-08-14,2026-08-14,"19/6 2023 - Sales collection video",inactive,,,,"Using ad set budget",0,0,0,0,0,0,Ongoing,"7-day click or 1-day view",,,,,,,0,,,,,
2026-08-14,2026-08-14,"12/5 2023 - Sales campaign - UK MPA",inactive,,,,"Using ad set budget",0,0,0,0,0,0,Ongoing,"7-day click or 1-day view",,,,,,,0,,,,,
2026-08-14,2026-08-14,"8/5 Veltuff - Broad - custom - UK sales",inactive,,,,"Using ad set budget",0,0,0,0,0,0,Ongoing,"7-day click or 1-day view",,,,,,,0,,,,,
2026-08-14,2026-08-14,"3/5 Veltuff - Prospecting Campaign - Sales",inactive,,,,"Using ad set budget",0,0,0,0,0,0,Ongoing,"7-day click or 1-day view",,,,,,,0,,,,,
2026-08-14,2026-08-14,"11/4 Veltuff - Broad - custom - UK sales",inactive,,,,"Using ad set budget",0,0,0,0,0,0,Ongoing,"7-day click or 1-day view",,,,,,,0,,,,,
2026-08-14,2026-08-14,"28/3 Veltuff - Broad - custom - UK RM",inactive,,,,"Using ad set budget",0,0,0,0,0,0,Ongoing,"7-day click or 1-day view",,,,,,,0,,,,,
2026-08-14,2026-08-14,"23/3 Veltuff - Broad - custom - UK sales",inactive,,,,"Using ad set budget",0,0,0,0,0,0,Ongoing,"7-day click or 1-day view",,,,,,,0,,,,,
2026-08-14,2026-08-14,"17/3 Veltuff - Broad - custom - UK sales",inactive,,,,"Using ad set budget",0,0,0,0,0,0,Ongoing,"7-day click or 1-day view",,,,,,,0,,,,,
2026-08-14,2026-08-14,"AS - Prospecting Campaign JAN2023 - SALE - Copy",inactive,,,,"Using ad set budget",0,0,0,0,0,0,Ongoing,"7-day click or 1-day view",,,,,,,0,,,,,
2026-08-14,2026-08-14,"AS - Prospecting Campaign Dec2022",inactive,,,,"Using ad set budget",0,0,0,0,0,0,Ongoing,"7-day click or 1-day view",,,,,,,0,,,,,
2026-08-14,2026-08-14,"AS - RMKT - DEC 2022",inactive,,,,50,Daily,0,0,0,0,0,Ongoing,"7-day click or 1-day view",,,,,,,0,,,,,
2026-08-14,2026-08-14,"Website Retargeting - 2022",inactive,,,,"Using ad set budget",0,0,0,0,0,0,Ongoing,"1-day click",,,,,,,0,,,,,
2026-08-13,2026-08-13,"VD | Sales | Seasonal Best Sellers | DPA",active,,,,506,Daily,0,0,0,0,0,Ongoing,"7-day click or 1-day view",,,,,,,0,,,,,
2026-08-13,2026-08-13,"VD | Sales | Trousers | DPA",active,,,,174,Daily,0,0,0,0,0,Ongoing,"7-day click or 1-day view",,,,,,,0,,,,,
2026-08-13,2026-08-13,"VD | Broad | Awareness",active,23218,reach,4.4594711,196,Daily,103.54,23627,23218,1.017616,4.382275,Ongoing,"7-day click or 1-day view",,,,,31,0.131206,2.876111,103,19,,,2
2026-08-13,2026-08-13,"VD | Retargeting | DPA Broad Remarket",inactive,,,,44,Daily,0,0,0,0,0,Ongoing,"7-day click",,,,,,,0,,,,,
2026-08-13,2026-08-13,"VD | Retargeting | DPA",active,3,actions:offsite_conversion.fb_pixel_purchase,129.59333333,370,Daily,388.78,8326,5356,1.554518,46.694691,Ongoing,"7-day click",2.487165,3,966.96,action_values:offsite_conversion.fb_pixel_purchase,135,1.621427,2.445157,149,108,12,6,2
2026-08-13,2026-08-13,"VD | Retargeting | DPA Campaign | Sales",inactive,,,,145,Daily,0,0,0,0,0,Ongoing,"7-day click",,,,,,,0,,,,,
2026-08-13,2026-08-13,"VD | Broad | Prospecting | Sales",active,4,actions:offsite_conversion.fb_pixel_purchase,215.6675,370,Daily,862.67,17106,9687,1.765872,50.430843,Ongoing,"7-day click",1.956275,4,1687.62,action_values:offsite_conversion.fb_pixel_purchase,300,1.753771,2.195089,1380,259,18,12,224
2026-08-13,2026-08-13,"WinterSale | Prospecting | Sales | Advantage+",inactive,,,,"Using ad set budget",0,0,0,0,0,0,Ongoing,"7-day click",,,,,,,0,,,,,
2026-08-13,2026-08-13,"Ongoing | Sales | ProTex1 | Advantage+ | SH",active,,,,327,Daily,0,0,0,0,0,Ongoing,"7-day click or 1-day view",,,,,,,0,,,,,
2026-08-13,2026-08-13,"Ongoing | Sales | Hi-Vis Only | Advantage+ | SH",active,5,actions:offsite_conversion.fb_pixel_purchase,57.68,300,Daily,288.4,8624,5440,1.585294,33.441558,Ongoing,"7-day click or 1-day view",10.737379,5,3096.66,action_values:offsite_conversion.fb_pixel_purchase,104,1.205937,2.621818,123,85,12,6,2
2026-08-13,2026-08-13,"Customised Workwear | Awareness | Advantage+ | SH Campaign – Copy",inactive,,,,100,Daily,0,0,0,0,0,Ongoing,"7-day click or 1-day view",,,,,,,0,,,,,
2026-08-13,2026-08-13,"Key Categories | Sales | Advantage+ | SH Campaign",inactive,,,,"Using ad set budget",0,0,0,0,0,0,Ongoing,"7-day click, 1-day view, or 1-day engaged-view",,,,,,,0,,,,,
2026-08-13,2026-08-13,"Customised Workwear | Sales | Advantage+ | SH Campaign",inactive,,,,"Using ad set budget",0,0,0,0,0,0,Ongoing,"7-day click, 1-day view, or 1-day engaged-view",,,,,,,0,,,,,
2026-08-13,2026-08-13,"Ongoing | Retargeting | Sales | Dynamic Abandoned Cart - 30 Days | SH",inactive,,,,6.5,Daily,0,0,0,0,0,Ongoing,"7-day click",,,,,,,0,,,,,
2026-08-13,2026-08-13,"AS 7/1 25 - Purchase - Flexible ad Campaign",inactive,,,,"Using ad set budget",0,0,0,0,0,0,Ongoing,"7-day click, 1-day view, or 1-day engaged-view",,,,,,,0,,,,,
2026-08-13,2026-08-13,"5/6 Michelle Job add - KAM Jylland",inactive,,,,"Using ad set budget",0,0,0,0,0,0,Ongoing,"7-day click or 1-day view",,,,,,,0,,,,,
2026-08-13,2026-08-13,"4/1 2024 - RM - UK Campaign",inactive,,,,100,Daily,0,0,0,0,0,Ongoing,"7-day click",,,,,,,0,,,,,
2026-08-13,2026-08-13,"Ongoing | Prospecting | Sales | Broad | Advantage+ | SH Campaign",inactive,,,,"Using ad set budget",0,0,0,0,0,0,Ongoing,"7-day click or 1-day view",,,,,,,0,,,,,
2026-08-13,2026-08-13,"4/12 2023 - Safety Shoe Sale  Campaign",inactive,,,,"Using ad set budget",0,0,0,0,0,0,Ongoing,"7-day click or 1-day view",,,,,,,0,,,,,
2026-08-13,2026-08-13,"11/10 2023 - Advantage+ shopping campaign Campaign",inactive,,,,"Using ad set budget",0,0,0,0,0,0,Ongoing,"7-day click or 1-day view",,,,,,,0,,,,,
2026-08-13,2026-08-13,"19/7 2023 - MPA RM campaign",inactive,,,,"Using ad set budget",0,0,0,0,0,0,Ongoing,"7-day click or 1-day view",,,,,,,0,,,,,
2026-08-13,2026-08-13,"11/7 2023 - Sales campaign Women - UK MPA",inactive,,,,"Using ad set budget",0,0,0,0,0,0,Ongoing,"7-day click or 1-day view",,,,,,,0,,,,,
2026-08-13,2026-08-13,"23/6 2023 - Sales campaign - UK MPA",inactive,,,,"Using ad set budget",0,0,0,0,0,0,Ongoing,"7-day click or 1-day view",,,,,,,0,,,,,
2026-08-13,2026-08-13,"19/6 2023 - Sales collection video",inactive,,,,"Using ad set budget",0,0,0,0,0,0,Ongoing,"7-day click or 1-day view",,,,,,,0,,,,,
2026-08-13,2026-08-13,"12/5 2023 - Sales campaign - UK MPA",inactive,,,,"Using ad set budget",0,0,0,0,0,0,Ongoing,"7-day click or 1-day view",,,,,,,0,,,,,
2026-08-13,2026-08-13,"8/5 Veltuff - Broad - custom - UK sales",inactive,,,,"Using ad set budget",0,0,0,0,0,0,Ongoing,"7-day click or 1-day view",,,,,,,0,,,,,
2026-08-13,2026-08-13,"3/5 Veltuff - Prospecting Campaign - Sales",inactive,,,,"Using ad set budget",0,0,0,0,0,0,Ongoing,"7-day click or 1-day view",,,,,,,0,,,,,
2026-08-13,2026-08-13,"11/4 Veltuff - Broad - custom - UK sales",inactive,,,,"Using ad set budget",0,0,0,0,0,0,Ongoing,"7-day click or 1-day view",,,,,,,0,,,,,
2026-08-13,2026-08-13,"28/3 Veltuff - Broad - custom - UK RM",inactive,,,,"Using ad set budget",0,0,0,0,0,0,Ongoing,"7-day click or 1-day view",,,,,,,0,,,,,
2026-08-13,2026-08-13,"23/3 Veltuff - Broad - custom - UK sales",inactive,,,,"Using ad set budget",0,0,0,0,0,0,Ongoing,"7-day click or 1-day view",,,,,,,0,,,,,
2026-08-13,2026-08-13,"17/3 Veltuff - Broad - custom - UK sales",inactive,,,,"Using ad set budget",0,0,0,0,0,0,Ongoing,"7-day click or 1-day view",,,,,,,0,,,,,
2026-08-13,2026-08-13,"AS - Prospecting Campaign JAN2023 - SALE - Copy",inactive,,,,"Using ad set budget",0,0,0,0,0,0,Ongoing,"7-day click or 1-day view",,,,,,,0,,,,,
2026-08-13,2026-08-13,"AS - Prospecting Campaign Dec2022",inactive,,,,"Using ad set budget",0,0,0,0,0,0,Ongoing,"7-day click or 1-day view",,,,,,,0,,,,,
2026-08-13,2026-08-13,"AS - RMKT - DEC 2022",inactive,,,,50,Daily,0,0,0,0,0,Ongoing,"7-day click or 1-day view",,,,,,,0,,,,,
2026-08-13,2026-08-13,"Website Retargeting - 2022",inactive,,,,"Using ad set budget",0,0,0,0,0,0,Ongoing,"1-day click",,,,,,,0,,,,,
2026-08-12,2026-08-12,"VD | Sales | Seasonal Best Sellers | DPA",active,,,,506,Daily,0,0,0,0,0,Ongoing,"7-day click or 1-day view",,,,,,,0,,,,,
2026-08-12,2026-08-12,"VD | Sales | Trousers | DPA",active,,,,174,Daily,0,0,0,0,0,Ongoing,"7-day click or 1-day view",,,,,,,0,,,,,
2026-08-12,2026-08-12,"VD | Broad | Awareness",active,16256,reach,6.00147638,196,Daily,97.56,17019,16256,1.046937,5.732417,Ongoing,"7-day click or 1-day view",,,,,9,0.052882,5.738824,97,6,,,5
2026-08-12,2026-08-12,"VD | Retargeting | DPA Broad Remarket",inactive,,,,44,Daily,0,0,0,0,0,Ongoing,"7-day click",,,,,,,0,,,,,
2026-08-12,2026-08-12,"VD | Retargeting | DPA",active,2,actions:offsite_conversion.fb_pixel_purchase,171.325,370,Daily,342.65,8180,5320,1.537594,41.888753,Ongoing,"7-day click",2.928674,2,1003.51,action_values:offsite_conversion.fb_pixel_purchase,140,1.711491,2.089329,150,114,7,2,1
2026-08-12,2026-08-12,"VD | Retargeting | DPA Campaign | Sales",inactive,,,,145,Daily,0,0,0,0,0,Ongoing,"7-day click",,,,,,,0,,,,,
2026-08-12,2026-08-12,"VD | Broad | Prospecting | Sales",active,6,actions:offsite_conversion.fb_pixel_purchase,126.00666667,370,Daily,756.04,16077,9658,1.66463,47.026186,Ongoing,"7-day click",2.670613,6,2019.09,action_values:offsite_conversion.fb_pixel_purchase,281,1.747839,2.016107,1232,240,25,10,194
2026-08-12,2026-08-12,"WinterSale | Prospecting | Sales | Advantage+",inactive,,,,"Using ad set budget",0,0,0,0,0,0,Ongoing,"7-day click",,,,,,,0,,,,,
2026-08-12,2026-08-12,"Ongoing | Sales | ProTex1 | Advantage+ | SH",active,,,,327,Daily,0,0,0,0,0,Ongoing,"7-day click or 1-day view",,,,,,,0,,,,,
2026-08-12,2026-08-12,"Ongoing | Sales | Hi-Vis Only | Advantage+ | SH",active,2,actions:offsite_conversion.fb_pixel_purchase,127.15,300,Daily,254.3,8511,5482,1.552536,29.87898,Ongoing,"7-day click or 1-day view",4.042155,2,1027.92,action_values:offsite_conversion.fb_pixel_purchase,106,1.245447,2.018254,136,87,12,4,5
2026-08-12,2026-08-12,"Customised Workwear | Awareness | Advantage+ | SH Campaign – Copy",inactive,,,,100,Daily,0,0,0,0,0,Ongoing,"7-day click or 1-day view",,,,,,,0,,,,,
2026-08-12,2026-08-12,"Key Categories | Sales | Advantage+ | SH Campaign",inactive,,,,"Using ad set budget",0,0,0,0,0,0,Ongoing,"7-day click, 1-day view, or 1-day engaged-view",,,,,,,0,,,,,
2026-08-12,2026-08-12,"Customised Workwear | Sales | Advantage+ | SH Campaign",inactive,,,,"Using ad set budget",0,0,0,0,0,0,Ongoing,"7-day click, 1-day view, or 1-day engaged-view",,,,,,,0,,,,,
2026-08-12,2026-08-12,"Ongoing | Retargeting | Sales | Dynamic Abandoned Cart - 30 Days | SH",inactive,,,,6.5,Daily,0,0,0,0,0,Ongoing,"7-day click",,,,,,,0,,,,,
2026-08-12,2026-08-12,"AS 7/1 25 - Purchase - Flexible ad Campaign",inactive,,,,"Using ad set budget",0,0,0,0,0,0,Ongoing,"7-day click, 1-day view, or 1-day engaged-view",,,,,,,0,,,,,
2026-08-12,2026-08-12,"5/6 Michelle Job add - KAM Jylland",inactive,,,,"Using ad set budget",0,0,0,0,0,0,Ongoing,"7-day click or 1-day view",,,,,,,0,,,,,
2026-08-12,2026-08-12,"4/1 2024 - RM - UK Campaign",inactive,,,,100,Daily,0,0,0,0,0,Ongoing,"7-day click",,,,,,,0,,,,,
2026-08-12,2026-08-12,"Ongoing | Prospecting | Sales | Broad | Advantage+ | SH Campaign",inactive,,,,"Using ad set budget",0,0,0,0,0,0,Ongoing,"7-day click or 1-day view",,,,,,,0,,,,,
2026-08-12,2026-08-12,"4/12 2023 - Safety Shoe Sale  Campaign",inactive,,,,"Using ad set budget",0,0,0,0,0,0,Ongoing,"7-day click or 1-day view",,,,,,,0,,,,,
2026-08-12,2026-08-12,"11/10 2023 - Advantage+ shopping campaign Campaign",inactive,,,,"Using ad set budget",0,0,0,0,0,0,Ongoing,"7-day click or 1-day view",,,,,,,0,,,,,
2026-08-12,2026-08-12,"19/7 2023 - MPA RM campaign",inactive,,,,"Using ad set budget",0,0,0,0,0,0,Ongoing,"7-day click or 1-day view",,,,,,,0,,,,,
2026-08-12,2026-08-12,"11/7 2023 - Sales campaign Women - UK MPA",inactive,,,,"Using ad set budget",0,0,0,0,0,0,Ongoing,"7-day click or 1-day view",,,,,,,0,,,,,
2026-08-12,2026-08-12,"23/6 2023 - Sales campaign - UK MPA",inactive,,,,"Using ad set budget",0,0,0,0,0,0,Ongoing,"7-day click or 1-day view",,,,,,,0,,,,,
2026-08-12,2026-08-12,"19/6 2023 - Sales collection video",inactive,,,,"Using ad set budget",0,0,0,0,0,0,Ongoing,"7-day click or 1-day view",,,,,,,0,,,,,
2026-08-12,2026-08-12,"12/5 2023 - Sales campaign - UK MPA",inactive,,,,"Using ad set budget",0,0,0,0,0,0,Ongoing,"7-day click or 1-day view",,,,,,,0,,,,,
2026-08-12,2026-08-12,"8/5 Veltuff - Broad - custom - UK sales",inactive,,,,"Using ad set budget",0,0,0,0,0,0,Ongoing,"7-day click or 1-day view",,,,,,,0,,,,,
2026-08-12,2026-08-12,"3/5 Veltuff - Prospecting Campaign - Sales",inactive,,,,"Using ad set budget",0,0,0,0,0,0,Ongoing,"7-day click or 1-day view",,,,,,,0,,,,,
2026-08-12,2026-08-12,"11/4 Veltuff - Broad - custom - UK sales",inactive,,,,"Using ad set budget",0,0,0,0,0,0,Ongoing,"7-day click or 1-day view",,,,,,,0,,,,,
2026-08-12,2026-08-12,"28/3 Veltuff - Broad - custom - UK RM",inactive,,,,"Using ad set budget",0,0,0,0,0,0,Ongoing,"7-day click or 1-day view",,,,,,,0,,,,,
2026-08-12,2026-08-12,"23/3 Veltuff - Broad - custom - UK sales",inactive,,,,"Using ad set budget",0,0,0,0,0,0,Ongoing,"7-day click or 1-day view",,,,,,,0,,,,,
2026-08-12,2026-08-12,"17/3 Veltuff - Broad - custom - UK sales",inactive,,,,"Using ad set budget",0,0,0,0,0,0,Ongoing,"7-day click or 1-day view",,,,,,,0,,,,,
2026-08-12,2026-08-12,"AS - Prospecting Campaign JAN2023 - SALE - Copy",inactive,,,,"Using ad set budget",0,0,0,0,0,0,Ongoing,"7-day click or 1-day view",,,,,,,0,,,,,
2026-08-12,2026-08-12,"AS - Prospecting Campaign Dec2022",inactive,,,,"Using ad set budget",0,0,0,0,0,0,Ongoing,"7-day click or 1-day view",,,,,,,0,,,,,
2026-08-12,2026-08-12,"AS - RMKT - DEC 2022",inactive,,,,50,Daily,0,0,0,0,0,Ongoing,"7-day click or 1-day view",,,,,,,0,,,,,
2026-08-12,2026-08-12,"Website Retargeting - 2022",inactive,,,,"Using ad set budget",0,0,0,0,0,0,Ongoing,"1-day click",,,,,,,0,,,,,
2026-08-11,2026-08-11,"VD | Sales | Seasonal Best Sellers | DPA",active,,,,506,Daily,0,0,0,0,0,Ongoing,"7-day click or 1-day view",,,,,,,0,,,,,
2026-08-11,2026-08-11,"VD | Sales | Trousers | DPA",active,,,,174,Daily,0,0,0,0,0,Ongoing,"7-day click or 1-day view",,,,,,,0,,,,,
2026-08-11,2026-08-11,"VD | Broad | Awareness",active,15510,reach,5.73049645,196,Daily,88.88,16347,15510,1.053965,5.437083,Ongoing,"7-day click or 1-day view",,,,,12,0.073408,3.703333,70,9,,1,3
2026-08-11,2026-08-11,"VD | Retargeting | DPA Broad Remarket",inactive,,,,44,Daily,0,0,0,0,0,Ongoing,"7-day click",,,,,,,0,,,,,
2026-08-11,2026-08-11,"VD | Retargeting | DPA",active,3,actions:offsite_conversion.fb_pixel_purchase,125.11666667,370,Daily,375.35,8948,6146,1.455906,41.947921,Ongoing,"7-day click",5.18612,3,1946.61,action_values:offsite_conversion.fb_pixel_purchase,124,1.385785,2.469408,138,101,14,5,3
2026-08-11,2026-08-11,"VD | Retargeting | DPA Campaign | Sales",inactive,,,,145,Daily,0,0,0,0,0,Ongoing,"7-day click",,,,,,,0,,,,,
2026-08-11,2026-08-11,"VD | Broad | Prospecting | Sales",active,6,actions:offsite_conversion.fb_pixel_purchase,140.64833333,370,Daily,843.89,18225,11301,1.612689,46.303978,Ongoing,"7-day click",2.922028,6,2465.87,action_values:offsite_conversion.fb_pixel_purchase,348,1.909465,1.935528,1215,312,18,6,198
2026-08-11,2026-08-11,"WinterSale | Prospecting | Sales | Advantage+",inactive,,,,"Using ad set budget",0,0,0,0,0,0,Ongoing,"7-day click",,,,,,,0,,,,,
2026-08-11,2026-08-11,"Ongoing | Sales | ProTex1 | Advantage+ | SH",active,,,,327,Daily,0,0,0,0,0,Ongoing,"7-day click or 1-day view",,,,,,,0,,,,,
2026-08-11,2026-08-11,"Ongoing | Sales | Hi-Vis Only | Advantage+ | SH",active,1,actions:offsite_conversion.fb_pixel_purchase,304.87,300,Daily,304.87,10408,6694,1.554825,29.291891,Ongoing,"7-day click or 1-day view",1.918129,1,584.78,action_values:offsite_conversion.fb_pixel_purchase,128,1.229823,1.905438,173,117,12,1,1
2026-08-11,2026-08-11,"Customised Workwear | Awareness | Advantage+ | SH Campaign – Copy",inactive,,,,100,Daily,0,0,0,0,0,Ongoing,"7-day click or 1-day view",,,,,,,0,,,,,
2026-08-11,2026-08-11,"Key Categories | Sales | Advantage+ | SH Campaign",inactive,,,,"Using ad set budget",0,0,0,0,0,0,Ongoing,"7-day click, 1-day view, or 1-day engaged-view",,,,,,,0,,,,,
2026-08-11,2026-08-11,"Customised Workwear | Sales | Advantage+ | SH Campaign",inactive,,,,"Using ad set budget",0,0,0,0,0,0,Ongoing,"7-day click, 1-day view, or 1-day engaged-view",,,,,,,0,,,,,
2026-08-11,2026-08-11,"Ongoing | Retargeting | Sales | Dynamic Abandoned Cart - 30 Days | SH",inactive,,,,6.5,Daily,0,0,0,0,0,Ongoing,"7-day click",,,,,,,0,,,,,
2026-08-11,2026-08-11,"AS 7/1 25 - Purchase - Flexible ad Campaign",inactive,,,,"Using ad set budget",0,0,0,0,0,0,Ongoing,"7-day click, 1-day view, or 1-day engaged-view",,,,,,,0,,,,,
2026-08-11,2026-08-11,"5/6 Michelle Job add - KAM Jylland",inactive,,,,"Using ad set budget",0,0,0,0,0,0,Ongoing,"7-day click or 1-day view",,,,,,,0,,,,,
2026-08-11,2026-08-11,"4/1 2024 - RM - UK Campaign",inactive,,,,100,Daily,0,0,0,0,0,Ongoing,"7-day click",,,,,,,0,,,,,
2026-08-11,2026-08-11,"Ongoing | Prospecting | Sales | Broad | Advantage+ | SH Campaign",inactive,,,,"Using ad set budget",0,0,0,0,0,0,Ongoing,"7-day click or 1-day view",,,,,,,0,,,,,
2026-08-11,2026-08-11,"4/12 2023 - Safety Shoe Sale  Campaign",inactive,,,,"Using ad set budget",0,0,0,0,0,0,Ongoing,"7-day click or 1-day view",,,,,,,0,,,,,
2026-08-11,2026-08-11,"11/10 2023 - Advantage+ shopping campaign Campaign",inactive,,,,"Using ad set budget",0,0,0,0,0,0,Ongoing,"7-day click or 1-day view",,,,,,,0,,,,,
2026-08-11,2026-08-11,"19/7 2023 - MPA RM campaign",inactive,,,,"Using ad set budget",0,0,0,0,0,0,Ongoing,"7-day click or 1-day view",,,,,,,0,,,,,
2026-08-11,2026-08-11,"11/7 2023 - Sales campaign Women - UK MPA",inactive,,,,"Using ad set budget",0,0,0,0,0,0,Ongoing,"7-day click or 1-day view",,,,,,,0,,,,,
2026-08-11,2026-08-11,"23/6 2023 - Sales campaign - UK MPA",inactive,,,,"Using ad set budget",0,0,0,0,0,0,Ongoing,"7-day click or 1-day view",,,,,,,0,,,,,
2026-08-11,2026-08-11,"19/6 2023 - Sales collection video",inactive,,,,"Using ad set budget",0,0,0,0,0,0,Ongoing,"7-day click or 1-day view",,,,,,,0,,,,,
2026-08-11,2026-08-11,"12/5 2023 - Sales campaign - UK MPA",inactive,,,,"Using ad set budget",0,0,0,0,0,0,Ongoing,"7-day click or 1-day view",,,,,,,0,,,,,
2026-08-11,2026-08-11,"8/5 Veltuff - Broad - custom - UK sales",inactive,,,,"Using ad set budget",0,0,0,0,0,0,Ongoing,"7-day click or 1-day view",,,,,,,0,,,,,
2026-08-11,2026-08-11,"3/5 Veltuff - Prospecting Campaign - Sales",inactive,,,,"Using ad set budget",0,0,0,0,0,0,Ongoing,"7-day click or 1-day view",,,,,,,0,,,,,
2026-08-11,2026-08-11,"11/4 Veltuff - Broad - custom - UK sales",inactive,,,,"Using ad set budget",0,0,0,0,0,0,Ongoing,"7-day click or 1-day view",,,,,,,0,,,,,
2026-08-11,2026-08-11,"28/3 Veltuff - Broad - custom - UK RM",inactive,,,,"Using ad set budget",0,0,0,0,0,0,Ongoing,"7-day click or 1-day view",,,,,,,0,,,,,
2026-08-11,2026-08-11,"23/3 Veltuff - Broad - custom - UK sales",inactive,,,,"Using ad set budget",0,0,0,0,0,0,Ongoing,"7-day click or 1-day view",,,,,,,0,,,,,
2026-08-11,2026-08-11,"17/3 Veltuff - Broad - custom - UK sales",inactive,,,,"Using ad set budget",0,0,0,0,0,0,Ongoing,"7-day click or 1-day view",,,,,,,0,,,,,
2026-08-11,2026-08-11,"AS - Prospecting Campaign JAN2023 - SALE - Copy",inactive,,,,"Using ad set budget",0,0,0,0,0,0,Ongoing,"7-day click or 1-day view",,,,,,,0,,,,,
2026-08-11,2026-08-11,"AS - Prospecting Campaign Dec2022",inactive,,,,"Using ad set budget",0,0,0,0,0,0,Ongoing,"7-day click or 1-day view",,,,,,,0,,,,,
2026-08-11,2026-08-11,"AS - RMKT - DEC 2022",inactive,,,,50,Daily,0,0,0,0,0,Ongoing,"7-day click or 1-day view",,,,,,,0,,,,,
2026-08-11,2026-08-11,"Website Retargeting - 2022",inactive,,,,"Using ad set budget",0,0,0,0,0,0,Ongoing,"1-day click",,,,,,,0,,,,,
2026-08-10,2026-08-10,"VD | Sales | Seasonal Best Sellers | DPA",active,,,,506,Daily,0,0,0,0,0,Ongoing,"7-day click or 1-day view",,,,,,,0,,,,,
2026-08-10,2026-08-10,"VD | Sales | Trousers | DPA",active,,,,174,Daily,0,0,0,0,0,Ongoing,"7-day click or 1-day view",,,,,,,0,,,,,
2026-08-10,2026-08-10,"VD | Broad | Awareness",active,15434,reach,5.76778541,196,Daily,89.02,16558,15434,1.072826,5.376253,Ongoing,"7-day click or 1-day view",,,,,8,0.048315,6.847692,140,9,,,2
2026-08-10,2026-08-10,"VD | Retargeting | DPA Broad Remarket",inactive,,,,44,Daily,0,0,0,0,0,Ongoing,"7-day click",,,,,,,0,,,,,
2026-08-10,2026-08-10,"VD | Retargeting | DPA",active,1,actions:offsite_conversion.fb_pixel_purchase,381.52,370,Daily,381.52,9219,6251,1.474804,41.384098,Ongoing,"7-day click",3.312041,1,1263.61,action_values:offsite_conversion.fb_pixel_purchase,164,1.778935,1.93665,174,131,5,5,3
2026-08-10,2026-08-10,"VD | Retargeting | DPA Campaign | Sales",inactive,,,,145,Daily,0,0,0,0,0,Ongoing,"7-day click",,,,,,,0,,,,,
2026-08-10,2026-08-10,"VD | Broad | Prospecting | Sales",active,5,actions:offsite_conversion.fb_pixel_purchase,157.642,370,Daily,788.21,16747,10369,1.615103,47.065743,Ongoing,"7-day click",1.415473,5,1115.69,action_values:offsite_conversion.fb_pixel_purchase,322,1.922732,1.922463,1147,266,27,11,166
2026-08-10,2026-08-10,"WinterSale | Prospecting | Sales | Advantage+",inactive,,,,"Using ad set budget",0,0,0,0,0,0,Ongoing,"7-day click",,,,,,,0,,,,,
2026-08-10,2026-08-10,"Ongoing | Sales | ProTex1 | Advantage+ | SH",active,,,,327,Daily,0,0,0,0,0,Ongoing,"7-day click or 1-day view",,,,,,,0,,,,,
2026-08-10,2026-08-10,"Ongoing | Sales | Hi-Vis Only | Advantage+ | SH",active,2,actions:offsite_conversion.fb_pixel_purchase,127.905,300,Daily,255.81,8458,5229,1.617518,30.244739,Ongoing,"7-day click or 1-day view",4.888472,2,1250.52,action_values:offsite_conversion.fb_pixel_purchase,106,1.253251,1.952748,130,87,4,5,4
2026-08-10,2026-08-10,"Customised Workwear | Awareness | Advantage+ | SH Campaign – Copy",inactive,,,,100,Daily,0,0,0,0,0,Ongoing,"7-day click or 1-day view",,,,,,,0,,,,,
2026-08-10,2026-08-10,"Key Categories | Sales | Advantage+ | SH Campaign",inactive,,,,"Using ad set budget",0,0,0,0,0,0,Ongoing,"7-day click, 1-day view, or 1-day engaged-view",,,,,,,0,,,,,
2026-08-10,2026-08-10,"Customised Workwear | Sales | Advantage+ | SH Campaign",inactive,,,,"Using ad set budget",0,0,0,0,0,0,Ongoing,"7-day click, 1-day view, or 1-day engaged-view",,,,,,,0,,,,,
2026-08-10,2026-08-10,"Ongoing | Retargeting | Sales | Dynamic Abandoned Cart - 30 Days | SH",inactive,,,,6.5,Daily,0,0,0,0,0,Ongoing,"7-day click",,,,,,,0,,,,,
2026-08-10,2026-08-10,"AS 7/1 25 - Purchase - Flexible ad Campaign",inactive,,,,"Using ad set budget",0,0,0,0,0,0,Ongoing,"7-day click, 1-day view, or 1-day engaged-view",,,,,,,0,,,,,
2026-08-10,2026-08-10,"5/6 Michelle Job add - KAM Jylland",inactive,,,,"Using ad set budget",0,0,0,0,0,0,Ongoing,"7-day click or 1-day view",,,,,,,0,,,,,
2026-08-10,2026-08-10,"4/1 2024 - RM - UK Campaign",inactive,,,,100,Daily,0,0,0,0,0,Ongoing,"7-day click",,,,,,,0,,,,,
2026-08-10,2026-08-10,"Ongoing | Prospecting | Sales | Broad | Advantage+ | SH Campaign",inactive,,,,"Using ad set budget",0,0,0,0,0,0,Ongoing,"7-day click or 1-day view",,,,,,,0,,,,,
2026-08-10,2026-08-10,"4/12 2023 - Safety Shoe Sale  Campaign",inactive,,,,"Using ad set budget",0,0,0,0,0,0,Ongoing,"7-day click or 1-day view",,,,,,,0,,,,,
2026-08-10,2026-08-10,"11/10 2023 - Advantage+ shopping campaign Campaign",inactive,,,,"Using ad set budget",0,0,0,0,0,0,Ongoing,"7-day click or 1-day view",,,,,,,0,,,,,
2026-08-10,2026-08-10,"19/7 2023 - MPA RM campaign",inactive,,,,"Using ad set budget",0,0,0,0,0,0,Ongoing,"7-day click or 1-day view",,,,,,,0,,,,,
2026-08-10,2026-08-10,"11/7 2023 - Sales campaign Women - UK MPA",inactive,,,,"Using ad set budget",0,0,0,0,0,0,Ongoing,"7-day click or 1-day view",,,,,,,0,,,,,
2026-08-10,2026-08-10,"23/6 2023 - Sales campaign - UK MPA",inactive,,,,"Using ad set budget",0,0,0,0,0,0,Ongoing,"7-day click or 1-day view",,,,,,,0,,,,,
2026-08-10,2026-08-10,"19/6 2023 - Sales collection video",inactive,,,,"Using ad set budget",0,0,0,0,0,0,Ongoing,"7-day click or 1-day view",,,,,,,0,,,,,
2026-08-10,2026-08-10,"12/5 2023 - Sales campaign - UK MPA",inactive,,,,"Using ad set budget",0,0,0,0,0,0,Ongoing,"7-day click or 1-day view",,,,,,,0,,,,,
2026-08-10,2026-08-10,"8/5 Veltuff - Broad - custom - UK sales",inactive,,,,"Using ad set budget",0,0,0,0,0,0,Ongoing,"7-day click or 1-day view",,,,,,,0,,,,,
2026-08-10,2026-08-10,"3/5 Veltuff - Prospecting Campaign - Sales",inactive,,,,"Using ad set budget",0,0,0,0,0,0,Ongoing,"7-day click or 1-day view",,,,,,,0,,,,,
2026-08-10,2026-08-10,"11/4 Veltuff - Broad - custom - UK sales",inactive,,,,"Using ad set budget",0,0,0,0,0,0,Ongoing,"7-day click or 1-day view",,,,,,,0,,,,,
2026-08-10,2026-08-10,"28/3 Veltuff - Broad - custom - UK RM",inactive,,,,"Using ad set budget",0,0,0,0,0,0,Ongoing,"7-day click or 1-day view",,,,,,,0,,,,,
2026-08-10,2026-08-10,"23/3 Veltuff - Broad - custom - UK sales",inactive,,,,"Using ad set budget",0,0,0,0,0,0,Ongoing,"7-day click or 1-day view",,,,,,,0,,,,,
2026-08-10,2026-08-10,"17/3 Veltuff - Broad - custom - UK sales",inactive,,,,"Using ad set budget",0,0,0,0,0,0,Ongoing,"7-day click or 1-day view",,,,,,,0,,,,,
2026-08-10,2026-08-10,"AS - Prospecting Campaign JAN2023 - SALE - Copy",inactive,,,,"Using ad set budget",0,0,0,0,0,0,Ongoing,"7-day click or 1-day view",,,,,,,0,,,,,
2026-08-10,2026-08-10,"AS - Prospecting Campaign Dec2022",inactive,,,,"Using ad set budget",0,0,0,0,0,0,Ongoing,"7-day click or 1-day view",,,,,,,0,,,,,
2026-08-10,2026-08-10,"AS - RMKT - DEC 2022",inactive,,,,50,Daily,0,0,0,0,0,Ongoing,"7-day click or 1-day view",,,,,,,0,,,,,
2026-08-10,2026-08-10,"Website Retargeting - 2022",inactive,,,,"Using ad set budget",0,0,0,0,0,0,Ongoing,"1-day click",,,,,,,0,,,,,
2026-08-09,2026-08-09,"VD | Sales | Seasonal Best Sellers | DPA",active,,,,506,Daily,0,0,0,0,0,Ongoing,"7-day click or 1-day view",,,,,,,0,,,,,
2026-08-09,2026-08-09,"VD | Sales | Trousers | DPA",active,,,,174,Daily,0,0,0,0,0,Ongoing,"7-day click or 1-day view",,,,,,,0,,,,,
2026-08-09,2026-08-09,"VD | Broad | Awareness",active,20942,reach,6.07344093,196,Daily,127.19,22194,20942,1.059784,5.730828,Ongoing,"7-day click or 1-day view",,,,,14,0.06308,4.239667,185,8,,,18
2026-08-09,2026-08-09,"VD | Retargeting | DPA Broad Remarket",inactive,,,,44,Daily,0,0,0,0,0,Ongoing,"7-day click",,,,,,,0,,,,,
2026-08-09,2026-08-09,"VD | Retargeting | DPA",active,2,actions:offsite_conversion.fb_pixel_purchase,224.37,370,Daily,448.74,9755,6242,1.5628,46.001025,Ongoing,"7-day click",1.825088,2,818.99,action_values:offsite_conversion.fb_pixel_purchase,186,1.906715,2.05844,198,155,12,4,2
2026-08-09,2026-08-09,"VD | Retargeting | DPA Campaign | Sales",inactive,,,,145,Daily,0,0,0,0,0,Ongoing,"7-day click",,,,,,,0,,,,,
2026-08-09,2026-08-09,"VD | Broad | Prospecting | Sales",active,7,actions:offsite_conversion.fb_pixel_purchase,132,370,Daily,924,18355,10949,1.676409,50.340507,Ongoing,"7-day click",2.532024,7,2339.59,action_values:offsite_conversion.fb_pixel_purchase,384,2.092073,1.859155,1324,332,35,18,201
2026-08-09,2026-08-09,"WinterSale | Prospecting | Sales | Advantage+",inactive,,,,"Using ad set budget",0,0,0,0,0,0,Ongoing,"7-day click",,,,,,,0,,,,,
2026-08-09,2026-08-09,"Ongoing | Sales | ProTex1 | Advantage+ | SH",active,,,,327,Daily,0,0,0,0,0,Ongoing,"7-day click or 1-day view",,,,,,,0,,,,,
2026-08-09,2026-08-09,"Ongoing | Sales | Hi-Vis Only | Advantage+ | SH",active,4,actions:offsite_conversion.fb_pixel_purchase,90.7925,300,Daily,363.17,11243,7825,1.436805,32.301877,Ongoing,"7-day click or 1-day view",9.683151,4,3516.63,action_values:offsite_conversion.fb_pixel_purchase,191,1.698835,1.650773,206,173,21,12,4
2026-08-09,2026-08-09,"Customised Workwear | Awareness | Advantage+ | SH Campaign – Copy",inactive,,,,100,Daily,0,0,0,0,0,Ongoing,"7-day click or 1-day view",,,,,,,0,,,,,
2026-08-09,2026-08-09,"Key Categories | Sales | Advantage+ | SH Campaign",inactive,,,,"Using ad set budget",0,0,0,0,0,0,Ongoing,"7-day click, 1-day view, or 1-day engaged-view",,,,,,,0,,,,,
2026-08-09,2026-08-09,"Customised Workwear | Sales | Advantage+ | SH Campaign",inactive,,,,"Using ad set budget",0,0,0,0,0,0,Ongoing,"7-day click, 1-day view, or 1-day engaged-view",,,,,,,0,,,,,
2026-08-09,2026-08-09,"Ongoing | Retargeting | Sales | Dynamic Abandoned Cart - 30 Days | SH",inactive,,,,6.5,Daily,0,0,0,0,0,Ongoing,"7-day click",,,,,,,0,,,,,
2026-08-09,2026-08-09,"AS 7/1 25 - Purchase - Flexible ad Campaign",inactive,,,,"Using ad set budget",0,0,0,0,0,0,Ongoing,"7-day click, 1-day view, or 1-day engaged-view",,,,,,,0,,,,,
2026-08-09,2026-08-09,"5/6 Michelle Job add - KAM Jylland",inactive,,,,"Using ad set budget",0,0,0,0,0,0,Ongoing,"7-day click or 1-day view",,,,,,,0,,,,,
2026-08-09,2026-08-09,"4/1 2024 - RM - UK Campaign",inactive,,,,100,Daily,0,0,0,0,0,Ongoing,"7-day click",,,,,,,0,,,,,
2026-08-09,2026-08-09,"Ongoing | Prospecting | Sales | Broad | Advantage+ | SH Campaign",inactive,,,,"Using ad set budget",0,0,0,0,0,0,Ongoing,"7-day click or 1-day view",,,,,,,0,,,,,
2026-08-09,2026-08-09,"4/12 2023 - Safety Shoe Sale  Campaign",inactive,,,,"Using ad set budget",0,0,0,0,0,0,Ongoing,"7-day click or 1-day view",,,,,,,0,,,,,
2026-08-09,2026-08-09,"11/10 2023 - Advantage+ shopping campaign Campaign",inactive,,,,"Using ad set budget",0,0,0,0,0,0,Ongoing,"7-day click or 1-day view",,,,,,,0,,,,,
2026-08-09,2026-08-09,"19/7 2023 - MPA RM campaign",inactive,,,,"Using ad set budget",0,0,0,0,0,0,Ongoing,"7-day click or 1-day view",,,,,,,0,,,,,
2026-08-09,2026-08-09,"11/7 2023 - Sales campaign Women - UK MPA",inactive,,,,"Using ad set budget",0,0,0,0,0,0,Ongoing,"7-day click or 1-day view",,,,,,,0,,,,,
2026-08-09,2026-08-09,"23/6 2023 - Sales campaign - UK MPA",inactive,,,,"Using ad set budget",0,0,0,0,0,0,Ongoing,"7-day click or 1-day view",,,,,,,0,,,,,
2026-08-09,2026-08-09,"19/6 2023 - Sales collection video",inactive,,,,"Using ad set budget",0,0,0,0,0,0,Ongoing,"7-day click or 1-day view",,,,,,,0,,,,,
2026-08-09,2026-08-09,"12/5 2023 - Sales campaign - UK MPA",inactive,,,,"Using ad set budget",0,0,0,0,0,0,Ongoing,"7-day click or 1-day view",,,,,,,0,,,,,
2026-08-09,2026-08-09,"8/5 Veltuff - Broad - custom - UK sales",inactive,,,,"Using ad set budget",0,0,0,0,0,0,Ongoing,"7-day click or 1-day view",,,,,,,0,,,,,
2026-08-09,2026-08-09,"3/5 Veltuff - Prospecting Campaign - Sales",inactive,,,,"Using ad set budget",0,0,0,0,0,0,Ongoing,"7-day click or 1-day view",,,,,,,0,,,,,
2026-08-09,2026-08-09,"11/4 Veltuff - Broad - custom - UK sales",inactive,,,,"Using ad set budget",0,0,0,0,0,0,Ongoing,"7-day click or 1-day view",,,,,,,0,,,,,
2026-08-09,2026-08-09,"28/3 Veltuff - Broad - custom - UK RM",inactive,,,,"Using ad set budget",0,0,0,0,0,0,Ongoing,"7-day click or 1-day view",,,,,,,0,,,,,
2026-08-09,2026-08-09,"23/3 Veltuff - Broad - custom - UK sales",inactive,,,,"Using ad set budget",0,0,0,0,0,0,Ongoing,"7-day click or 1-day view",,,,,,,0,,,,,
2026-08-09,2026-08-09,"17/3 Veltuff - Broad - custom - UK sales",inactive,,,,"Using ad set budget",0,0,0,0,0,0,Ongoing,"7-day click or 1-day view",,,,,,,0,,,,,
2026-08-09,2026-08-09,"AS - Prospecting Campaign JAN2023 - SALE - Copy",inactive,,,,"Using ad set budget",0,0,0,0,0,0,Ongoing,"7-day click or 1-day view",,,,,,,0,,,,,
2026-08-09,2026-08-09,"AS - Prospecting Campaign Dec2022",inactive,,,,"Using ad set budget",0,0,0,0,0,0,Ongoing,"7-day click or 1-day view",,,,,,,0,,,,,
2026-08-09,2026-08-09,"AS - RMKT - DEC 2022",inactive,,,,50,Daily,0,0,0,0,0,Ongoing,"7-day click or 1-day view",,,,,,,0,,,,,
2026-08-09,2026-08-09,"Website Retargeting - 2022",inactive,,,,"Using ad set budget",0,0,0,0,0,0,Ongoing,"1-day click",,,,,,,0,,,,,
2026-08-08,2026-08-08,"VD | Sales | Seasonal Best Sellers | DPA",active,,,,506,Daily,0,0,0,0,0,Ongoing,"7-day click or 1-day view",,,,,,,0,,,,,
2026-08-08,2026-08-08,"VD | Sales | Trousers | DPA",active,,,,174,Daily,0,0,0,0,0,Ongoing,"7-day click or 1-day view",,,,,,,0,,,,,
2026-08-08,2026-08-08,"VD | Broad | Awareness",active,10151,reach,6.46734312,196,Daily,65.65,10733,10151,1.057334,6.11665,Ongoing,"7-day click or 1-day view",,,,,8,0.074536,3.455263,146,3,,,9
2026-08-08,2026-08-08,"VD | Retargeting | DPA Broad Remarket",inactive,,,,44,Daily,0,0,0,0,0,Ongoing,"7-day click",,,,,,,0,,,,,
2026-08-08,2026-08-08,"VD | Retargeting | DPA",active,3,actions:offsite_conversion.fb_pixel_purchase,105.72666667,370,Daily,317.18,6848,4253,1.610158,46.317173,Ongoing,"7-day click",2.943061,3,933.48,action_values:offsite_conversion.fb_pixel_purchase,116,1.693925,2.315182,121,114,16,5,1
2026-08-08,2026-08-08,"VD | Retargeting | DPA Campaign | Sales",inactive,,,,145,Daily,0,0,0,0,0,Ongoing,"7-day click",,,,,,,0,,,,,
2026-08-08,2026-08-08,"VD | Broad | Prospecting | Sales",active,8,actions:offsite_conversion.fb_pixel_purchase,90.31125,370,Daily,722.49,13999,8015,1.7466,51.610115,Ongoing,"7-day click",8.231104,8,5946.89,action_values:offsite_conversion.fb_pixel_purchase,315,2.250161,1.77516,850,283,24,12,128
2026-08-08,2026-08-08,"WinterSale | Prospecting | Sales | Advantage+",inactive,,,,"Using ad set budget",0,0,0,0,0,0,Ongoing,"7-day click",,,,,,,0,,,,,
2026-08-08,2026-08-08,"Ongoing | Sales | ProTex1 | Advantage+ | SH",active,,,,327,Daily,0,0,0,0,0,Ongoing,"7-day click or 1-day view",,,,,,,0,,,,,
2026-08-08,2026-08-08,"Ongoing | Sales | Hi-Vis Only | Advantage+ | SH",active,3,actions:offsite_conversion.fb_pixel_purchase,95.43,300,Daily,286.29,8707,5864,1.484823,32.880441,Ongoing,"7-day click or 1-day view",2.565336,3,734.43,action_values:offsite_conversion.fb_pixel_purchase,145,1.665327,1.778199,155,118,6,6,2
2026-08-08,2026-08-08,"Customised Workwear | Awareness | Advantage+ | SH Campaign – Copy",inactive,,,,100,Daily,0,0,0,0,0,Ongoing,"7-day click or 1-day view",,,,,,,0,,,,,
2026-08-08,2026-08-08,"Key Categories | Sales | Advantage+ | SH Campaign",inactive,,,,"Using ad set budget",0,0,0,0,0,0,Ongoing,"7-day click, 1-day view, or 1-day engaged-view",,,,,,,0,,,,,
2026-08-08,2026-08-08,"Customised Workwear | Sales | Advantage+ | SH Campaign",inactive,,,,"Using ad set budget",0,0,0,0,0,0,Ongoing,"7-day click, 1-day view, or 1-day engaged-view",,,,,,,0,,,,,
2026-08-08,2026-08-08,"Ongoing | Retargeting | Sales | Dynamic Abandoned Cart - 30 Days | SH",inactive,,,,6.5,Daily,0,0,0,0,0,Ongoing,"7-day click",,,,,,,0,,,,,
2026-08-08,2026-08-08,"AS 7/1 25 - Purchase - Flexible ad Campaign",inactive,,,,"Using ad set budget",0,0,0,0,0,0,Ongoing,"7-day click, 1-day view, or 1-day engaged-view",,,,,,,0,,,,,
2026-08-08,2026-08-08,"5/6 Michelle Job add - KAM Jylland",inactive,,,,"Using ad set budget",0,0,0,0,0,0,Ongoing,"7-day click or 1-day view",,,,,,,0,,,,,
2026-08-08,2026-08-08,"4/1 2024 - RM - UK Campaign",inactive,,,,100,Daily,0,0,0,0,0,Ongoing,"7-day click",,,,,,,0,,,,,
2026-08-08,2026-08-08,"Ongoing | Prospecting | Sales | Broad | Advantage+ | SH Campaign",inactive,,,,"Using ad set budget",0,0,0,0,0,0,Ongoing,"7-day click or 1-day view",,,,,,,0,,,,,
2026-08-08,2026-08-08,"4/12 2023 - Safety Shoe Sale  Campaign",inactive,,,,"Using ad set budget",0,0,0,0,0,0,Ongoing,"7-day click or 1-day view",,,,,,,0,,,,,
2026-08-08,2026-08-08,"11/10 2023 - Advantage+ shopping campaign Campaign",inactive,,,,"Using ad set budget",0,0,0,0,0,0,Ongoing,"7-day click or 1-day view",,,,,,,0,,,,,
2026-08-08,2026-08-08,"19/7 2023 - MPA RM campaign",inactive,,,,"Using ad set budget",0,0,0,0,0,0,Ongoing,"7-day click or 1-day view",,,,,,,0,,,,,
2026-08-08,2026-08-08,"11/7 2023 - Sales campaign Women - UK MPA",inactive,,,,"Using ad set budget",0,0,0,0,0,0,Ongoing,"7-day click or 1-day view",,,,,,,0,,,,,
2026-08-08,2026-08-08,"23/6 2023 - Sales campaign - UK MPA",inactive,,,,"Using ad set budget",0,0,0,0,0,0,Ongoing,"7-day click or 1-day view",,,,,,,0,,,,,
2026-08-08,2026-08-08,"19/6 2023 - Sales collection video",inactive,,,,"Using ad set budget",0,0,0,0,0,0,Ongoing,"7-day click or 1-day view",,,,,,,0,,,,,
2026-08-08,2026-08-08,"12/5 2023 - Sales campaign - UK MPA",inactive,,,,"Using ad set budget",0,0,0,0,0,0,Ongoing,"7-day click or 1-day view",,,,,,,0,,,,,
2026-08-08,2026-08-08,"8/5 Veltuff - Broad - custom - UK sales",inactive,,,,"Using ad set budget",0,0,0,0,0,0,Ongoing,"7-day click or 1-day view",,,,,,,0,,,,,
2026-08-08,2026-08-08,"3/5 Veltuff - Prospecting Campaign - Sales",inactive,,,,"Using ad set budget",0,0,0,0,0,0,Ongoing,"7-day click or 1-day view",,,,,,,0,,,,,
2026-08-08,2026-08-08,"11/4 Veltuff - Broad - custom - UK sales",inactive,,,,"Using ad set budget",0,0,0,0,0,0,Ongoing,"7-day click or 1-day view",,,,,,,0,,,,,
2026-08-08,2026-08-08,"28/3 Veltuff - Broad - custom - UK RM",inactive,,,,"Using ad set budget",0,0,0,0,0,0,Ongoing,"7-day click or 1-day view",,,,,,,0,,,,,
2026-08-08,2026-08-08,"23/3 Veltuff - Broad - custom - UK sales",inactive,,,,"Using ad set budget",0,0,0,0,0,0,Ongoing,"7-day click or 1-day view",,,,,,,0,,,,,
2026-08-08,2026-08-08,"17/3 Veltuff - Broad - custom - UK sales",inactive,,,,"Using ad set budget",0,0,0,0,0,0,Ongoing,"7-day click or 1-day view",,,,,,,0,,,,,
2026-08-08,2026-08-08,"AS - Prospecting Campaign JAN2023 - SALE - Copy",inactive,,,,"Using ad set budget",0,0,0,0,0,0,Ongoing,"7-day click or 1-day view",,,,,,,0,,,,,
2026-08-08,2026-08-08,"AS - Prospecting Campaign Dec2022",inactive,,,,"Using ad set budget",0,0,0,0,0,0,Ongoing,"7-day click or 1-day view",,,,,,,0,,,,,
2026-08-08,2026-08-08,"AS - RMKT - DEC 2022",inactive,,,,50,Daily,0,0,0,0,0,Ongoing,"7-day click or 1-day view",,,,,,,0,,,,,
2026-08-08,2026-08-08,"Website Retargeting - 2022",inactive,,,,"Using ad set budget",0,0,0,0,0,0,Ongoing,"1-day click",,,,,,,0,,,,,
2026-08-07,2026-08-07,"VD | Sales | Seasonal Best Sellers | DPA",active,,,,506,Daily,0,0,0,0,0,Ongoing,"7-day click or 1-day view",,,,,,,0,,,,,
2026-08-07,2026-08-07,"VD | Sales | Trousers | DPA",active,,,,174,Daily,0,0,0,0,0,Ongoing,"7-day click or 1-day view",,,,,,,0,,,,,
2026-08-07,2026-08-07,"VD | Broad | Awareness",active,12060,reach,5.20315091,196,Daily,62.75,12358,12060,1.02471,5.077682,Ongoing,"7-day click or 1-day view",,,,,7,0.056643,5.704545,76,2,,,1
2026-08-07,2026-08-07,"VD | Retargeting | DPA Broad Remarket",inactive,,,,44,Daily,0,0,0,0,0,Ongoing,"7-day click",,,,,,,0,,,,,
2026-08-07,2026-08-07,"VD | Retargeting | DPA",active,4,actions:offsite_conversion.fb_pixel_purchase,84.78,370,Daily,339.12,6912,4479,1.543202,49.0625,Ongoing,"7-day click",5.26557,4,1785.66,action_values:offsite_conversion.fb_pixel_purchase,128,1.851852,2.32274,133,108,12,5,
2026-08-07,2026-08-07,"VD | Retargeting | DPA Campaign | Sales",inactive,,,,145,Daily,0,0,0,0,0,Ongoing,"7-day click",,,,,,,0,,,,,
2026-08-07,2026-08-07,"VD | Broad | Prospecting | Sales",active,6,actions:offsite_conversion.fb_pixel_purchase,127.26333333,370,Daily,763.58,14973,8775,1.706325,50.997128,Ongoing,"7-day click",3.088216,6,2358.1,action_values:offsite_conversion.fb_pixel_purchase,309,2.063715,1.98849,819,275,27,6,114
2026-08-07,2026-08-07,"WinterSale | Prospecting | Sales | Advantage+",inactive,,,,"Using ad set budget",0,0,0,0,0,0,Ongoing,"7-day click",,,,,,,0,,,,,
2026-08-07,2026-08-07,"Ongoing | Sales | ProTex1 | Advantage+ | SH",active,,,,327,Daily,0,0,0,0,0,Ongoing,"7-day click or 1-day view",,,,,,,0,,,,,
2026-08-07,2026-08-07,"Ongoing | Sales | Hi-Vis Only | Advantage+ | SH",active,2,actions:offsite_conversion.fb_pixel_purchase,132.765,300,Daily,265.53,8034,5114,1.570982,33.050784,Ongoing,"7-day click or 1-day view",2.155199,2,572.27,action_values:offsite_conversion.fb_pixel_purchase,109,1.356734,1.996466,120,92,5,8,1
2026-08-07,2026-08-07,"Customised Workwear | Awareness | Advantage+ | SH Campaign – Copy",inactive,,,,100,Daily,0,0,0,0,0,Ongoing,"7-day click or 1-day view",,,,,,,0,,,,,
2026-08-07,2026-08-07,"Key Categories | Sales | Advantage+ | SH Campaign",inactive,,,,"Using ad set budget",0,0,0,0,0,0,Ongoing,"7-day click, 1-day view, or 1-day engaged-view",,,,,,,0,,,,,
2026-08-07,2026-08-07,"Customised Workwear | Sales | Advantage+ | SH Campaign",inactive,,,,"Using ad set budget",0,0,0,0,0,0,Ongoing,"7-day click, 1-day view, or 1-day engaged-view",,,,,,,0,,,,,
2026-08-07,2026-08-07,"Ongoing | Retargeting | Sales | Dynamic Abandoned Cart - 30 Days | SH",inactive,,,,6.5,Daily,0,0,0,0,0,Ongoing,"7-day click",,,,,,,0,,,,,
2026-08-07,2026-08-07,"AS 7/1 25 - Purchase - Flexible ad Campaign",inactive,,,,"Using ad set budget",0,0,0,0,0,0,Ongoing,"7-day click, 1-day view, or 1-day engaged-view",,,,,,,0,,,,,
2026-08-07,2026-08-07,"5/6 Michelle Job add - KAM Jylland",inactive,,,,"Using ad set budget",0,0,0,0,0,0,Ongoing,"7-day click or 1-day view",,,,,,,0,,,,,
2026-08-07,2026-08-07,"4/1 2024 - RM - UK Campaign",inactive,,,,100,Daily,0,0,0,0,0,Ongoing,"7-day click",,,,,,,0,,,,,
2026-08-07,2026-08-07,"Ongoing | Prospecting | Sales | Broad | Advantage+ | SH Campaign",inactive,,,,"Using ad set budget",0,0,0,0,0,0,Ongoing,"7-day click or 1-day view",,,,,,,0,,,,,
2026-08-07,2026-08-07,"4/12 2023 - Safety Shoe Sale  Campaign",inactive,,,,"Using ad set budget",0,0,0,0,0,0,Ongoing,"7-day click or 1-day view",,,,,,,0,,,,,
2026-08-07,2026-08-07,"11/10 2023 - Advantage+ shopping campaign Campaign",inactive,,,,"Using ad set budget",0,0,0,0,0,0,Ongoing,"7-day click or 1-day view",,,,,,,0,,,,,
2026-08-07,2026-08-07,"19/7 2023 - MPA RM campaign",inactive,,,,"Using ad set budget",0,0,0,0,0,0,Ongoing,"7-day click or 1-day view",,,,,,,0,,,,,
2026-08-07,2026-08-07,"11/7 2023 - Sales campaign Women - UK MPA",inactive,,,,"Using ad set budget",0,0,0,0,0,0,Ongoing,"7-day click or 1-day view",,,,,,,0,,,,,
2026-08-07,2026-08-07,"23/6 2023 - Sales campaign - UK MPA",inactive,,,,"Using ad set budget",0,0,0,0,0,0,Ongoing,"7-day click or 1-day view",,,,,,,0,,,,,
2026-08-07,2026-08-07,"19/6 2023 - Sales collection video",inactive,,,,"Using ad set budget",0,0,0,0,0,0,Ongoing,"7-day click or 1-day view",,,,,,,0,,,,,
2026-08-07,2026-08-07,"12/5 2023 - Sales campaign - UK MPA",inactive,,,,"Using ad set budget",0,0,0,0,0,0,Ongoing,"7-day click or 1-day view",,,,,,,0,,,,,
2026-08-07,2026-08-07,"8/5 Veltuff - Broad - custom - UK sales",inactive,,,,"Using ad set budget",0,0,0,0,0,0,Ongoing,"7-day click or 1-day view",,,,,,,0,,,,,
2026-08-07,2026-08-07,"3/5 Veltuff - Prospecting Campaign - Sales",inactive,,,,"Using ad set budget",0,0,0,0,0,0,Ongoing,"7-day click or 1-day view",,,,,,,0,,,,,
2026-08-07,2026-08-07,"11/4 Veltuff - Broad - custom - UK sales",inactive,,,,"Using ad set budget",0,0,0,0,0,0,Ongoing,"7-day click or 1-day view",,,,,,,0,,,,,
2026-08-07,2026-08-07,"28/3 Veltuff - Broad - custom - UK RM",inactive,,,,"Using ad set budget",0,0,0,0,0,0,Ongoing,"7-day click or 1-day view",,,,,,,0,,,,,
2026-08-07,2026-08-07,"23/3 Veltuff - Broad - custom - UK sales",inactive,,,,"Using ad set budget",0,0,0,0,0,0,Ongoing,"7-day click or 1-day view",,,,,,,0,,,,,
2026-08-07,2026-08-07,"17/3 Veltuff - Broad - custom - UK sales",inactive,,,,"Using ad set budget",0,0,0,0,0,0,Ongoing,"7-day click or 1-day view",,,,,,,0,,,,,
2026-08-07,2026-08-07,"AS - Prospecting Campaign JAN2023 - SALE - Copy",inactive,,,,"Using ad set budget",0,0,0,0,0,0,Ongoing,"7-day click or 1-day view",,,,,,,0,,,,,
2026-08-07,2026-08-07,"AS - Prospecting Campaign Dec2022",inactive,,,,"Using ad set budget",0,0,0,0,0,0,Ongoing,"7-day click or 1-day view",,,,,,,0,,,,,
2026-08-07,2026-08-07,"AS - RMKT - DEC 2022",inactive,,,,50,Daily,0,0,0,0,0,Ongoing,"7-day click or 1-day view",,,,,,,0,,,,,
2026-08-07,2026-08-07,"Website Retargeting - 2022",inactive,,,,"Using ad set budget",0,0,0,0,0,0,Ongoing,"1-day click",,,,,,,0,,,,,
2026-08-06,2026-08-06,"VD | Sales | Seasonal Best Sellers | DPA",active,,,,506,Daily,0,0,0,0,0,Ongoing,"7-day click or 1-day view",,,,,,,0,,,,,
2026-08-06,2026-08-06,"VD | Sales | Trousers | DPA",active,,,,174,Daily,0,0,0,0,0,Ongoing,"7-day click or 1-day view",,,,,,,0,,,,,
2026-08-06,2026-08-06,"VD | Broad | Awareness",active,16820,reach,4.96789536,196,Daily,83.56,17415,16820,1.035375,4.798163,Ongoing,"7-day click or 1-day view",,,,,19,0.109101,3.3424,77,12,,,3
2026-08-06,2026-08-06,"VD | Retargeting | DPA Broad Remarket",inactive,,,,44,Daily,0,0,0,0,0,Ongoing,"7-day click",,,,,,,0,,,,,
2026-08-06,2026-08-06,"VD | Retargeting | DPA",active,1,actions:offsite_conversion.fb_pixel_purchase,364.94,370,Daily,364.94,7881,5299,1.487262,46.306306,Ongoing,"7-day click",1.762975,1,643.38,action_values:offsite_conversion.fb_pixel_purchase,146,1.852557,2.225244,154,129,8,4,1
2026-08-06,2026-08-06,"VD | Retargeting | DPA Campaign | Sales",inactive,,,,145,Daily,0,0,0,0,0,Ongoing,"7-day click",,,,,,,0,,,,,
2026-08-06,2026-08-06,"VD | Broad | Prospecting | Sales",active,5,actions:offsite_conversion.fb_pixel_purchase,158.492,370,Daily,792.46,17352,10284,1.687281,45.669663,Ongoing,"7-day click",3.1167,5,2469.86,action_values:offsite_conversion.fb_pixel_purchase,313,1.803827,2.01132,768,275,43,7,111
2026-08-06,2026-08-06,"WinterSale | Prospecting | Sales | Advantage+",inactive,,,,"Using ad set budget",0,0,0,0,0,0,Ongoing,"7-day click",,,,,,,0,,,,,
2026-08-06,2026-08-06,"Ongoing | Sales | ProTex1 | Advantage+ | SH",active,,,,327,Daily,0,0,0,0,0,Ongoing,"7-day click or 1-day view",,,,,,,0,,,,,
2026-08-06,2026-08-06,"Ongoing | Sales | Hi-Vis Only | Advantage+ | SH",active,2,actions:offsite_conversion.fb_pixel_purchase,145.71,300,Daily,291.42,9327,5740,1.624913,31.244773,Ongoing,"7-day click or 1-day view",2.747684,2,800.73,action_values:offsite_conversion.fb_pixel_purchase,104,1.115042,2.369268,111,94,11,3,1
2026-08-06,2026-08-06,"Customised Workwear | Awareness | Advantage+ | SH Campaign – Copy",inactive,,,,100,Daily,0,0,0,0,0,Ongoing,"7-day click or 1-day view",,,,,,,0,,,,,
2026-08-06,2026-08-06,"Key Categories | Sales | Advantage+ | SH Campaign",inactive,,,,"Using ad set budget",0,0,0,0,0,0,Ongoing,"7-day click, 1-day view, or 1-day engaged-view",,,,,,,0,,,,,
2026-08-06,2026-08-06,"Customised Workwear | Sales | Advantage+ | SH Campaign",inactive,,,,"Using ad set budget",0,0,0,0,0,0,Ongoing,"7-day click, 1-day view, or 1-day engaged-view",,,,,,,0,,,,,
2026-08-06,2026-08-06,"Ongoing | Retargeting | Sales | Dynamic Abandoned Cart - 30 Days | SH",inactive,,,,6.5,Daily,0,0,0,0,0,Ongoing,"7-day click",,,,,,,0,,,,,
2026-08-06,2026-08-06,"AS 7/1 25 - Purchase - Flexible ad Campaign",inactive,,,,"Using ad set budget",0,0,0,0,0,0,Ongoing,"7-day click, 1-day view, or 1-day engaged-view",,,,,,,0,,,,,
2026-08-06,2026-08-06,"5/6 Michelle Job add - KAM Jylland",inactive,,,,"Using ad set budget",0,0,0,0,0,0,Ongoing,"7-day click or 1-day view",,,,,,,0,,,,,
2026-08-06,2026-08-06,"4/1 2024 - RM - UK Campaign",inactive,,,,100,Daily,0,0,0,0,0,Ongoing,"7-day click",,,,,,,0,,,,,
2026-08-06,2026-08-06,"Ongoing | Prospecting | Sales | Broad | Advantage+ | SH Campaign",inactive,,,,"Using ad set budget",0,0,0,0,0,0,Ongoing,"7-day click or 1-day view",,,,,,,0,,,,,
2026-08-06,2026-08-06,"4/12 2023 - Safety Shoe Sale  Campaign",inactive,,,,"Using ad set budget",0,0,0,0,0,0,Ongoing,"7-day click or 1-day view",,,,,,,0,,,,,
2026-08-06,2026-08-06,"11/10 2023 - Advantage+ shopping campaign Campaign",inactive,,,,"Using ad set budget",0,0,0,0,0,0,Ongoing,"7-day click or 1-day view",,,,,,,0,,,,,
2026-08-06,2026-08-06,"19/7 2023 - MPA RM campaign",inactive,,,,"Using ad set budget",0,0,0,0,0,0,Ongoing,"7-day click or 1-day view",,,,,,,0,,,,,
2026-08-06,2026-08-06,"11/7 2023 - Sales campaign Women - UK MPA",inactive,,,,"Using ad set budget",0,0,0,0,0,0,Ongoing,"7-day click or 1-day view",,,,,,,0,,,,,
2026-08-06,2026-08-06,"23/6 2023 - Sales campaign - UK MPA",inactive,,,,"Using ad set budget",0,0,0,0,0,0,Ongoing,"7-day click or 1-day view",,,,,,,0,,,,,
2026-08-06,2026-08-06,"19/6 2023 - Sales collection video",inactive,,,,"Using ad set budget",0,0,0,0,0,0,Ongoing,"7-day click or 1-day view",,,,,,,0,,,,,
2026-08-06,2026-08-06,"12/5 2023 - Sales campaign - UK MPA",inactive,,,,"Using ad set budget",0,0,0,0,0,0,Ongoing,"7-day click or 1-day view",,,,,,,0,,,,,
2026-08-06,2026-08-06,"8/5 Veltuff - Broad - custom - UK sales",inactive,,,,"Using ad set budget",0,0,0,0,0,0,Ongoing,"7-day click or 1-day view",,,,,,,0,,,,,
2026-08-06,2026-08-06,"3/5 Veltuff - Prospecting Campaign - Sales",inactive,,,,"Using ad set budget",0,0,0,0,0,0,Ongoing,"7-day click or 1-day view",,,,,,,0,,,,,
2026-08-06,2026-08-06,"11/4 Veltuff - Broad - custom - UK sales",inactive,,,,"Using ad set budget",0,0,0,0,0,0,Ongoing,"7-day click or 1-day view",,,,,,,0,,,,,
2026-08-06,2026-08-06,"28/3 Veltuff - Broad - custom - UK RM",inactive,,,,"Using ad set budget",0,0,0,0,0,0,Ongoing,"7-day click or 1-day view",,,,,,,0,,,,,
2026-08-06,2026-08-06,"23/3 Veltuff - Broad - custom - UK sales",inactive,,,,"Using ad set budget",0,0,0,0,0,0,Ongoing,"7-day click or 1-day view",,,,,,,0,,,,,
2026-08-06,2026-08-06,"17/3 Veltuff - Broad - custom - UK sales",inactive,,,,"Using ad set budget",0,0,0,0,0,0,Ongoing,"7-day click or 1-day view",,,,,,,0,,,,,
2026-08-06,2026-08-06,"AS - Prospecting Campaign JAN2023 - SALE - Copy",inactive,,,,"Using ad set budget",0,0,0,0,0,0,Ongoing,"7-day click or 1-day view",,,,,,,0,,,,,
2026-08-06,2026-08-06,"AS - Prospecting Campaign Dec2022",inactive,,,,"Using ad set budget",0,0,0,0,0,0,Ongoing,"7-day click or 1-day view",,,,,,,0,,,,,
2026-08-06,2026-08-06,"AS - RMKT - DEC 2022",inactive,,,,50,Daily,0,0,0,0,0,Ongoing,"7-day click or 1-day view",,,,,,,0,,,,,
2026-08-06,2026-08-06,"Website Retargeting - 2022",inactive,,,,"Using ad set budget",0,0,0,0,0,0,Ongoing,"1-day click",,,,,,,0,,,,,
2026-08-05,2026-08-05,"VD | Sales | Seasonal Best Sellers | DPA",active,,,,506,Daily,0,0,0,0,0,Ongoing,"7-day click or 1-day view",,,,,,,0,,,,,
2026-08-05,2026-08-05,"VD | Sales | Trousers | DPA",active,,,,174,Daily,0,0,0,0,0,Ongoing,"7-day click or 1-day view",,,,,,,0,,,,,
2026-08-05,2026-08-05,"VD | Broad | Awareness",active,34002,reach,4.47356038,196,Daily,152.11,34002,34002,1,4.47356,Ongoing,"7-day click or 1-day view",,,,,33,0.097053,3.537442,131,16,,,8
2026-08-05,2026-08-05,"VD | Retargeting | DPA Broad Remarket",inactive,,,,44,Daily,0,0,0,0,0,Ongoing,"7-day click",,,,,,,0,,,,,
2026-08-05,2026-08-05,"VD | Retargeting | DPA",active,1,actions:offsite_conversion.fb_pixel_purchase,382.81,370,Daily,382.81,8448,5457,1.548103,45.313684,Ongoing,"7-day click",0.564797,1,216.21,action_values:offsite_conversion.fb_pixel_purchase,183,2.166193,1.867366,191,157,9,5,
2026-08-05,2026-08-05,"VD | Retargeting | DPA Campaign | Sales",inactive,,,,145,Daily,0,0,0,0,0,Ongoing,"7-day click",,,,,,,0,,,,,
2026-08-05,2026-08-05,"VD | Broad | Prospecting | Sales",active,10,actions:offsite_conversion.fb_pixel_purchase,81.791,370,Daily,817.91,18918,11688,1.618583,43.234486,Ongoing,"7-day click",6.623186,10,5417.17,action_values:offsite_conversion.fb_pixel_purchase,356,1.881806,1.740234,872,310,26,14,122
2026-08-05,2026-08-05,"WinterSale | Prospecting | Sales | Advantage+",inactive,,,,"Using ad set budget",0,0,0,0,0,0,Ongoing,"7-day click",,,,,,,0,,,,,
2026-08-05,2026-08-05,"Ongoing | Sales | ProTex1 | Advantage+ | SH",active,,,,327,Daily,0,0,0,0,0,Ongoing,"7-day click or 1-day view",,,,,,,0,,,,,
2026-08-05,2026-08-05,"Ongoing | Sales | Hi-Vis Only | Advantage+ | SH",active,3,actions:offsite_conversion.fb_pixel_purchase,93.91666667,300,Daily,281.75,9998,6422,1.556836,28.180636,Ongoing,"7-day click or 1-day view",5.9211,3,1668.27,action_values:offsite_conversion.fb_pixel_purchase,103,1.030206,2.236111,110,93,11,7,2
2026-08-05,2026-08-05,"Customised Workwear | Awareness | Advantage+ | SH Campaign – Copy",inactive,,,,100,Daily,0,0,0,0,0,Ongoing,"7-day click or 1-day view",,,,,,,0,,,,,
2026-08-05,2026-08-05,"Key Categories | Sales | Advantage+ | SH Campaign",inactive,,,,"Using ad set budget",0,0,0,0,0,0,Ongoing,"7-day click, 1-day view, or 1-day engaged-view",,,,,,,0,,,,,
2026-08-05,2026-08-05,"Customised Workwear | Sales | Advantage+ | SH Campaign",inactive,,,,"Using ad set budget",0,0,0,0,0,0,Ongoing,"7-day click, 1-day view, or 1-day engaged-view",,,,,,,0,,,,,
2026-08-05,2026-08-05,"Ongoing | Retargeting | Sales | Dynamic Abandoned Cart - 30 Days | SH",inactive,,,,6.5,Daily,0,0,0,0,0,Ongoing,"7-day click",,,,,,,0,,,,,
2026-08-05,2026-08-05,"AS 7/1 25 - Purchase - Flexible ad Campaign",inactive,,,,"Using ad set budget",0,0,0,0,0,0,Ongoing,"7-day click, 1-day view, or 1-day engaged-view",,,,,,,0,,,,,
2026-08-05,2026-08-05,"5/6 Michelle Job add - KAM Jylland",inactive,,,,"Using ad set budget",0,0,0,0,0,0,Ongoing,"7-day click or 1-day view",,,,,,,0,,,,,
2026-08-05,2026-08-05,"4/1 2024 - RM - UK Campaign",inactive,,,,100,Daily,0,0,0,0,0,Ongoing,"7-day click",,,,,,,0,,,,,
2026-08-05,2026-08-05,"Ongoing | Prospecting | Sales | Broad | Advantage+ | SH Campaign",inactive,,,,"Using ad set budget",0,0,0,0,0,0,Ongoing,"7-day click or 1-day view",,,,,,,0,,,,,
2026-08-05,2026-08-05,"4/12 2023 - Safety Shoe Sale  Campaign",inactive,,,,"Using ad set budget",0,0,0,0,0,0,Ongoing,"7-day click or 1-day view",,,,,,,0,,,,,
2026-08-05,2026-08-05,"11/10 2023 - Advantage+ shopping campaign Campaign",inactive,,,,"Using ad set budget",0,0,0,0,0,0,Ongoing,"7-day click or 1-day view",,,,,,,0,,,,,
2026-08-05,2026-08-05,"19/7 2023 - MPA RM campaign",inactive,,,,"Using ad set budget",0,0,0,0,0,0,Ongoing,"7-day click or 1-day view",,,,,,,0,,,,,
2026-08-05,2026-08-05,"11/7 2023 - Sales campaign Women - UK MPA",inactive,,,,"Using ad set budget",0,0,0,0,0,0,Ongoing,"7-day click or 1-day view",,,,,,,0,,,,,
2026-08-05,2026-08-05,"23/6 2023 - Sales campaign - UK MPA",inactive,,,,"Using ad set budget",0,0,0,0,0,0,Ongoing,"7-day click or 1-day view",,,,,,,0,,,,,
2026-08-05,2026-08-05,"19/6 2023 - Sales collection video",inactive,,,,"Using ad set budget",0,0,0,0,0,0,Ongoing,"7-day click or 1-day view",,,,,,,0,,,,,
2026-08-05,2026-08-05,"12/5 2023 - Sales campaign - UK MPA",inactive,,,,"Using ad set budget",0,0,0,0,0,0,Ongoing,"7-day click or 1-day view",,,,,,,0,,,,,
2026-08-05,2026-08-05,"8/5 Veltuff - Broad - custom - UK sales",inactive,,,,"Using ad set budget",0,0,0,0,0,0,Ongoing,"7-day click or 1-day view",,,,,,,0,,,,,
2026-08-05,2026-08-05,"3/5 Veltuff - Prospecting Campaign - Sales",inactive,,,,"Using ad set budget",0,0,0,0,0,0,Ongoing,"7-day click or 1-day view",,,,,,,0,,,,,
2026-08-05,2026-08-05,"11/4 Veltuff - Broad - custom - UK sales",inactive,,,,"Using ad set budget",0,0,0,0,0,0,Ongoing,"7-day click or 1-day view",,,,,,,0,,,,,
2026-08-05,2026-08-05,"28/3 Veltuff - Broad - custom - UK RM",inactive,,,,"Using ad set budget",0,0,0,0,0,0,Ongoing,"7-day click or 1-day view",,,,,,,0,,,,,
2026-08-05,2026-08-05,"23/3 Veltuff - Broad - custom - UK sales",inactive,,,,"Using ad set budget",0,0,0,0,0,0,Ongoing,"7-day click or 1-day view",,,,,,,0,,,,,
2026-08-05,2026-08-05,"17/3 Veltuff - Broad - custom - UK sales",inactive,,,,"Using ad set budget",0,0,0,0,0,0,Ongoing,"7-day click or 1-day view",,,,,,,0,,,,,
2026-08-05,2026-08-05,"AS - Prospecting Campaign JAN2023 - SALE - Copy",inactive,,,,"Using ad set budget",0,0,0,0,0,0,Ongoing,"7-day click or 1-day view",,,,,,,0,,,,,
2026-08-05,2026-08-05,"AS - Prospecting Campaign Dec2022",inactive,,,,"Using ad set budget",0,0,0,0,0,0,Ongoing,"7-day click or 1-day view",,,,,,,0,,,,,
2026-08-05,2026-08-05,"AS - RMKT - DEC 2022",inactive,,,,50,Daily,0,0,0,0,0,Ongoing,"7-day click or 1-day view",,,,,,,0,,,,,
2026-08-05,2026-08-05,"Website Retargeting - 2022",inactive,,,,"Using ad set budget",0,0,0,0,0,0,Ongoing,"1-day click",,,,,,,0,,,,,
2026-08-04,2026-08-04,"VD | Sales | Seasonal Best Sellers | DPA",active,,,,506,Daily,0,0,0,0,0,Ongoing,"7-day click or 1-day view",,,,,,,0,,,,,
2026-08-04,2026-08-04,"VD | Sales | Trousers | DPA",active,,,,174,Daily,0,0,0,0,0,Ongoing,"7-day click or 1-day view",,,,,,,0,,,,,
2026-08-04,2026-08-04,"VD | Broad | Awareness",active,19284,reach,5.91163659,196,Daily,114,20196,19284,1.047293,5.644682,Ongoing,"7-day click or 1-day view",,,,,20,0.09903,3.454545,223,12,,,17
2026-08-04,2026-08-04,"VD | Retargeting | DPA Broad Remarket",inactive,,,,44,Daily,0,0,0,0,0,Ongoing,"7-day click",,,,,,,0,,,,,
2026-08-04,2026-08-04,"VD | Retargeting | DPA",active,2,actions:offsite_conversion.fb_pixel_purchase,178.125,370,Daily,356.25,6840,4291,1.594034,52.083333,Ongoing,"7-day click",2.663888,2,949.01,action_values:offsite_conversion.fb_pixel_purchase,136,1.988304,2.240566,145,114,5,3,1
2026-08-04,2026-08-04,"VD | Retargeting | DPA Campaign | Sales",inactive,,,,145,Daily,0,0,0,0,0,Ongoing,"7-day click",,,,,,,0,,,,,
2026-08-04,2026-08-04,"VD | Broad | Prospecting | Sales",active,3,actions:offsite_conversion.fb_pixel_purchase,267.70333333,370,Daily,803.11,16812,11061,1.519935,47.770045,Ongoing,"7-day click",4.381529,3,3518.85,action_values:offsite_conversion.fb_pixel_purchase,304,1.808232,2.022947,1290,249,20,5,192
2026-08-04,2026-08-04,"WinterSale | Prospecting | Sales | Advantage+",inactive,,,,"Using ad set budget",0,0,0,0,0,0,Ongoing,"7-day click",,,,,,,0,,,,,
2026-08-04,2026-08-04,"Ongoing | Sales | ProTex1 | Advantage+ | SH",active,,,,327,Daily,0,0,0,0,0,Ongoing,"7-day click or 1-day view",,,,,,,0,,,,,
2026-08-04,2026-08-04,"Ongoing | Sales | Hi-Vis Only | Advantage+ | SH",active,4,actions:offsite_conversion.fb_pixel_purchase,70.5325,300,Daily,282.13,9447,6036,1.565109,29.864507,Ongoing,"7-day click or 1-day view",6.206536,4,1751.05,action_values:offsite_conversion.fb_pixel_purchase,131,1.386684,1.856118,137,109,14,7,1
2026-08-04,2026-08-04,"Customised Workwear | Awareness | Advantage+ | SH Campaign – Copy",inactive,,,,100,Daily,0,0,0,0,0,Ongoing,"7-day click or 1-day view",,,,,,,0,,,,,
2026-08-04,2026-08-04,"Key Categories | Sales | Advantage+ | SH Campaign",inactive,,,,"Using ad set budget",0,0,0,0,0,0,Ongoing,"7-day click, 1-day view, or 1-day engaged-view",,,,,,,0,,,,,
2026-08-04,2026-08-04,"Customised Workwear | Sales | Advantage+ | SH Campaign",inactive,,,,"Using ad set budget",0,0,0,0,0,0,Ongoing,"7-day click, 1-day view, or 1-day engaged-view",,,,,,,0,,,,,
2026-08-04,2026-08-04,"Ongoing | Retargeting | Sales | Dynamic Abandoned Cart - 30 Days | SH",inactive,,,,6.5,Daily,0,0,0,0,0,Ongoing,"7-day click",,,,,,,0,,,,,
2026-08-04,2026-08-04,"AS 7/1 25 - Purchase - Flexible ad Campaign",inactive,,,,"Using ad set budget",0,0,0,0,0,0,Ongoing,"7-day click, 1-day view, or 1-day engaged-view",,,,,,,0,,,,,
2026-08-04,2026-08-04,"5/6 Michelle Job add - KAM Jylland",inactive,,,,"Using ad set budget",0,0,0,0,0,0,Ongoing,"7-day click or 1-day view",,,,,,,0,,,,,
2026-08-04,2026-08-04,"4/1 2024 - RM - UK Campaign",inactive,,,,100,Daily,0,0,0,0,0,Ongoing,"7-day click",,,,,,,0,,,,,
2026-08-04,2026-08-04,"Ongoing | Prospecting | Sales | Broad | Advantage+ | SH Campaign",inactive,,,,"Using ad set budget",0,0,0,0,0,0,Ongoing,"7-day click or 1-day view",,,,,,,0,,,,,
2026-08-04,2026-08-04,"4/12 2023 - Safety Shoe Sale  Campaign",inactive,,,,"Using ad set budget",0,0,0,0,0,0,Ongoing,"7-day click or 1-day view",,,,,,,0,,,,,
2026-08-04,2026-08-04,"11/10 2023 - Advantage+ shopping campaign Campaign",inactive,,,,"Using ad set budget",0,0,0,0,0,0,Ongoing,"7-day click or 1-day view",,,,,,,0,,,,,
2026-08-04,2026-08-04,"19/7 2023 - MPA RM campaign",inactive,,,,"Using ad set budget",0,0,0,0,0,0,Ongoing,"7-day click or 1-day view",,,,,,,0,,,,,
2026-08-04,2026-08-04,"11/7 2023 - Sales campaign Women - UK MPA",inactive,,,,"Using ad set budget",0,0,0,0,0,0,Ongoing,"7-day click or 1-day view",,,,,,,0,,,,,
2026-08-04,2026-08-04,"23/6 2023 - Sales campaign - UK MPA",inactive,,,,"Using ad set budget",0,0,0,0,0,0,Ongoing,"7-day click or 1-day view",,,,,,,0,,,,,
2026-08-04,2026-08-04,"19/6 2023 - Sales collection video",inactive,,,,"Using ad set budget",0,0,0,0,0,0,Ongoing,"7-day click or 1-day view",,,,,,,0,,,,,
2026-08-04,2026-08-04,"12/5 2023 - Sales campaign - UK MPA",inactive,,,,"Using ad set budget",0,0,0,0,0,0,Ongoing,"7-day click or 1-day view",,,,,,,0,,,,,
2026-08-04,2026-08-04,"8/5 Veltuff - Broad - custom - UK sales",inactive,,,,"Using ad set budget",0,0,0,0,0,0,Ongoing,"7-day click or 1-day view",,,,,,,0,,,,,
2026-08-04,2026-08-04,"3/5 Veltuff - Prospecting Campaign - Sales",inactive,,,,"Using ad set budget",0,0,0,0,0,0,Ongoing,"7-day click or 1-day view",,,,,,,0,,,,,
2026-08-04,2026-08-04,"11/4 Veltuff - Broad - custom - UK sales",inactive,,,,"Using ad set budget",0,0,0,0,0,0,Ongoing,"7-day click or 1-day view",,,,,,,0,,,,,
2026-08-04,2026-08-04,"28/3 Veltuff - Broad - custom - UK RM",inactive,,,,"Using ad set budget",0,0,0,0,0,0,Ongoing,"7-day click or 1-day view",,,,,,,0,,,,,
2026-08-04,2026-08-04,"23/3 Veltuff - Broad - custom - UK sales",inactive,,,,"Using ad set budget",0,0,0,0,0,0,Ongoing,"7-day click or 1-day view",,,,,,,0,,,,,
2026-08-04,2026-08-04,"17/3 Veltuff - Broad - custom - UK sales",inactive,,,,"Using ad set budget",0,0,0,0,0,0,Ongoing,"7-day click or 1-day view",,,,,,,0,,,,,
2026-08-04,2026-08-04,"AS - Prospecting Campaign JAN2023 - SALE - Copy",inactive,,,,"Using ad set budget",0,0,0,0,0,0,Ongoing,"7-day click or 1-day view",,,,,,,0,,,,,
2026-08-04,2026-08-04,"AS - Prospecting Campaign Dec2022",inactive,,,,"Using ad set budget",0,0,0,0,0,0,Ongoing,"7-day click or 1-day view",,,,,,,0,,,,,
2026-08-04,2026-08-04,"AS - RMKT - DEC 2022",inactive,,,,50,Daily,0,0,0,0,0,Ongoing,"7-day click or 1-day view",,,,,,,0,,,,,
2026-08-04,2026-08-04,"Website Retargeting - 2022",inactive,,,,"Using ad set budget",0,0,0,0,0,0,Ongoing,"1-day click",,,,,,,0,,,,,
2026-08-03,2026-08-03,"VD | Sales | Seasonal Best Sellers | DPA",active,,,,506,Daily,0,0,0,0,0,Ongoing,"7-day click or 1-day view",,,,,,,0,,,,,
2026-08-03,2026-08-03,"VD | Sales | Trousers | DPA",active,,,,174,Daily,0,0,0,0,0,Ongoing,"7-day click or 1-day view",,,,,,,0,,,,,
2026-08-03,2026-08-03,"VD | Broad | Awareness",active,13346,reach,5.91787802,196,Daily,78.98,13907,13346,1.042035,5.679154,Ongoing,"7-day click or 1-day view",,,,,12,0.086287,3.760952,115,9,,,1
2026-08-03,2026-08-03,"VD | Retargeting | DPA Broad Remarket",inactive,,,,44,Daily,0,0,0,0,0,Ongoing,"7-day click",,,,,,,0,,,,,
2026-08-03,2026-08-03,"VD | Retargeting | DPA",active,6,actions:offsite_conversion.fb_pixel_purchase,42.14833333,370,Daily,252.89,5417,3438,1.575625,46.684512,Ongoing,"7-day click",7.711021,6,1950.04,action_values:offsite_conversion.fb_pixel_purchase,89,1.642976,2.385755,89,72,14,7,
2026-08-03,2026-08-03,"VD | Retargeting | DPA Campaign | Sales",inactive,,,,145,Daily,0,0,0,0,0,Ongoing,"7-day click",,,,,,,0,,,,,
2026-08-03,2026-08-03,"VD | Broad | Prospecting | Sales",active,3,actions:offsite_conversion.fb_pixel_purchase,204.8,370,Daily,614.4,13366,8201,1.629801,45.96738,Ongoing,"7-day click",1.708984,3,1050,action_values:offsite_conversion.fb_pixel_purchase,213,1.593596,2.336122,827,173,36,8,128
2026-08-03,2026-08-03,"WinterSale | Prospecting | Sales | Advantage+",inactive,,,,"Using ad set budget",0,0,0,0,0,0,Ongoing,"7-day click",,,,,,,0,,,,,
2026-08-03,2026-08-03,"Ongoing | Sales | ProTex1 | Advantage+ | SH",active,,,,327,Daily,0,0,0,0,0,Ongoing,"7-day click or 1-day view",,,,,,,0,,,,,
2026-08-03,2026-08-03,"Ongoing | Sales | Hi-Vis Only | Advantage+ | SH",active,2,actions:offsite_conversion.fb_pixel_purchase,85.79,300,Daily,171.58,5997,3494,1.716371,28.610972,Ongoing,"7-day click or 1-day view",3.656953,2,627.46,action_values:offsite_conversion.fb_pixel_purchase,61,1.017175,2.257632,67,54,11,7,1
2026-08-03,2026-08-03,"Customised Workwear | Awareness | Advantage+ | SH Campaign – Copy",inactive,,,,100,Daily,0,0,0,0,0,Ongoing,"7-day click or 1-day view",,,,,,,0,,,,,
2026-08-03,2026-08-03,"Key Categories | Sales | Advantage+ | SH Campaign",inactive,,,,"Using ad set budget",0,0,0,0,0,0,Ongoing,"7-day click, 1-day view, or 1-day engaged-view",,,,,,,0,,,,,
2026-08-03,2026-08-03,"Customised Workwear | Sales | Advantage+ | SH Campaign",inactive,,,,"Using ad set budget",0,0,0,0,0,0,Ongoing,"7-day click, 1-day view, or 1-day engaged-view",,,,,,,0,,,,,
2026-08-03,2026-08-03,"Ongoing | Retargeting | Sales | Dynamic Abandoned Cart - 30 Days | SH",inactive,,,,6.5,Daily,0,0,0,0,0,Ongoing,"7-day click",,,,,,,0,,,,,
2026-08-03,2026-08-03,"AS 7/1 25 - Purchase - Flexible ad Campaign",inactive,,,,"Using ad set budget",0,0,0,0,0,0,Ongoing,"7-day click, 1-day view, or 1-day engaged-view",,,,,,,0,,,,,
2026-08-03,2026-08-03,"5/6 Michelle Job add - KAM Jylland",inactive,,,,"Using ad set budget",0,0,0,0,0,0,Ongoing,"7-day click or 1-day view",,,,,,,0,,,,,
2026-08-03,2026-08-03,"4/1 2024 - RM - UK Campaign",inactive,,,,100,Daily,0,0,0,0,0,Ongoing,"7-day click",,,,,,,0,,,,,
2026-08-03,2026-08-03,"Ongoing | Prospecting | Sales | Broad | Advantage+ | SH Campaign",inactive,,,,"Using ad set budget",0,0,0,0,0,0,Ongoing,"7-day click or 1-day view",,,,,,,0,,,,,
2026-08-03,2026-08-03,"4/12 2023 - Safety Shoe Sale  Campaign",inactive,,,,"Using ad set budget",0,0,0,0,0,0,Ongoing,"7-day click or 1-day view",,,,,,,0,,,,,
2026-08-03,2026-08-03,"11/10 2023 - Advantage+ shopping campaign Campaign",inactive,,,,"Using ad set budget",0,0,0,0,0,0,Ongoing,"7-day click or 1-day view",,,,,,,0,,,,,
2026-08-03,2026-08-03,"19/7 2023 - MPA RM campaign",inactive,,,,"Using ad set budget",0,0,0,0,0,0,Ongoing,"7-day click or 1-day view",,,,,,,0,,,,,
2026-08-03,2026-08-03,"11/7 2023 - Sales campaign Women - UK MPA",inactive,,,,"Using ad set budget",0,0,0,0,0,0,Ongoing,"7-day click or 1-day view",,,,,,,0,,,,,
2026-08-03,2026-08-03,"23/6 2023 - Sales campaign - UK MPA",inactive,,,,"Using ad set budget",0,0,0,0,0,0,Ongoing,"7-day click or 1-day view",,,,,,,0,,,,,
2026-08-03,2026-08-03,"19/6 2023 - Sales collection video",inactive,,,,"Using ad set budget",0,0,0,0,0,0,Ongoing,"7-day click or 1-day view",,,,,,,0,,,,,
2026-08-03,2026-08-03,"12/5 2023 - Sales campaign - UK MPA",inactive,,,,"Using ad set budget",0,0,0,0,0,0,Ongoing,"7-day click or 1-day view",,,,,,,0,,,,,
2026-08-03,2026-08-03,"8/5 Veltuff - Broad - custom - UK sales",inactive,,,,"Using ad set budget",0,0,0,0,0,0,Ongoing,"7-day click or 1-day view",,,,,,,0,,,,,
2026-08-03,2026-08-03,"3/5 Veltuff - Prospecting Campaign - Sales",inactive,,,,"Using ad set budget",0,0,0,0,0,0,Ongoing,"7-day click or 1-day view",,,,,,,0,,,,,
2026-08-03,2026-08-03,"11/4 Veltuff - Broad - custom - UK sales",inactive,,,,"Using ad set budget",0,0,0,0,0,0,Ongoing,"7-day click or 1-day view",,,,,,,0,,,,,
2026-08-03,2026-08-03,"28/3 Veltuff - Broad - custom - UK RM",inactive,,,,"Using ad set budget",0,0,0,0,0,0,Ongoing,"7-day click or 1-day view",,,,,,,0,,,,,
2026-08-03,2026-08-03,"23/3 Veltuff - Broad - custom - UK sales",inactive,,,,"Using ad set budget",0,0,0,0,0,0,Ongoing,"7-day click or 1-day view",,,,,,,0,,,,,
2026-08-03,2026-08-03,"17/3 Veltuff - Broad - custom - UK sales",inactive,,,,"Using ad set budget",0,0,0,0,0,0,Ongoing,"7-day click or 1-day view",,,,,,,0,,,,,
2026-08-03,2026-08-03,"AS - Prospecting Campaign JAN2023 - SALE - Copy",inactive,,,,"Using ad set budget",0,0,0,0,0,0,Ongoing,"7-day click or 1-day view",,,,,,,0,,,,,
2026-08-03,2026-08-03,"AS - Prospecting Campaign Dec2022",inactive,,,,"Using ad set budget",0,0,0,0,0,0,Ongoing,"7-day click or 1-day view",,,,,,,0,,,,,
2026-08-03,2026-08-03,"AS - RMKT - DEC 2022",inactive,,,,50,Daily,0,0,0,0,0,Ongoing,"7-day click or 1-day view",,,,,,,0,,,,,
2026-08-03,2026-08-03,"Website Retargeting - 2022",inactive,,,,"Using ad set budget",0,0,0,0,0,0,Ongoing,"1-day click",,,,,,,0,,,,,
2026-08-02,2026-08-02,"VD | Sales | Seasonal Best Sellers | DPA",active,,,,506,Daily,0,0,0,0,0,Ongoing,"7-day click or 1-day view",,,,,,,0,,,,,
2026-08-02,2026-08-02,"VD | Sales | Trousers | DPA",active,,,,174,Daily,0,0,0,0,0,Ongoing,"7-day click or 1-day view",,,,,,,0,,,,,
2026-08-02,2026-08-02,"VD | Broad | Awareness",active,35385,reach,4.03984739,196,Daily,142.95,36338,35385,1.026932,3.933898,Ongoing,"7-day click or 1-day view",,,,,43,0.118333,2.802941,151,36,1,,7
2026-08-02,2026-08-02,"VD | Retargeting | DPA Broad Remarket",inactive,,,,44,Daily,0,0,0,0,0,Ongoing,"7-day click",,,,,,,0,,,,,
2026-08-02,2026-08-02,"VD | Retargeting | DPA",active,,,,370,Daily,320.89,6482,3982,1.627825,49.504782,Ongoing,"7-day click",,,,,106,1.635298,2.630246,112,95,12,1,1
2026-08-02,2026-08-02,"VD | Retargeting | DPA Campaign | Sales",inactive,,,,145,Daily,0,0,0,0,0,Ongoing,"7-day click",,,,,,,0,,,,,
2026-08-02,2026-08-02,"VD | Broad | Prospecting | Sales",active,1,actions:offsite_conversion.fb_pixel_purchase,798.69,370,Daily,798.69,15183,8440,1.798934,52.604228,Ongoing,"7-day click",0.484393,1,386.88,action_values:offsite_conversion.fb_pixel_purchase,302,1.989067,2.124176,1056,266,34,16,167
2026-08-02,2026-08-02,"WinterSale | Prospecting | Sales | Advantage+",inactive,,,,"Using ad set budget",0,0,0,0,0,0,Ongoing,"7-day click",,,,,,,0,,,,,
2026-08-02,2026-08-02,"Ongoing | Sales | ProTex1 | Advantage+ | SH",active,,,,327,Daily,0,0,0,0,0,Ongoing,"7-day click or 1-day view",,,,,,,0,,,,,
2026-08-02,2026-08-02,"Ongoing | Sales | Hi-Vis Only | Advantage+ | SH",active,4,actions:offsite_conversion.fb_pixel_purchase,59.1825,300,Daily,236.73,5785,3601,1.606498,40.921348,Ongoing,"7-day click or 1-day view",7.07122,4,1673.97,action_values:offsite_conversion.fb_pixel_purchase,92,1.59032,2.254571,95,83,29,5,
2026-08-02,2026-08-02,"Customised Workwear | Awareness | Advantage+ | SH Campaign – Copy",inactive,,,,100,Daily,0,0,0,0,0,Ongoing,"7-day click or 1-day view",,,,,,,0,,,,,
2026-08-02,2026-08-02,"Key Categories | Sales | Advantage+ | SH Campaign",inactive,,,,"Using ad set budget",0,0,0,0,0,0,Ongoing,"7-day click, 1-day view, or 1-day engaged-view",,,,,,,0,,,,,
2026-08-02,2026-08-02,"Customised Workwear | Sales | Advantage+ | SH Campaign",inactive,,,,"Using ad set budget",0,0,0,0,0,0,Ongoing,"7-day click, 1-day view, or 1-day engaged-view",,,,,,,0,,,,,
2026-08-02,2026-08-02,"Ongoing | Retargeting | Sales | Dynamic Abandoned Cart - 30 Days | SH",inactive,,,,6.5,Daily,0,0,0,0,0,Ongoing,"7-day click",,,,,,,0,,,,,
2026-08-02,2026-08-02,"AS 7/1 25 - Purchase - Flexible ad Campaign",inactive,,,,"Using ad set budget",0,0,0,0,0,0,Ongoing,"7-day click, 1-day view, or 1-day engaged-view",,,,,,,0,,,,,
2026-08-02,2026-08-02,"5/6 Michelle Job add - KAM Jylland",inactive,,,,"Using ad set budget",0,0,0,0,0,0,Ongoing,"7-day click or 1-day view",,,,,,,0,,,,,
2026-08-02,2026-08-02,"4/1 2024 - RM - UK Campaign",inactive,,,,100,Daily,0,0,0,0,0,Ongoing,"7-day click",,,,,,,0,,,,,
2026-08-02,2026-08-02,"Ongoing | Prospecting | Sales | Broad | Advantage+ | SH Campaign",inactive,,,,"Using ad set budget",0,0,0,0,0,0,Ongoing,"7-day click or 1-day view",,,,,,,0,,,,,
2026-08-02,2026-08-02,"4/12 2023 - Safety Shoe Sale  Campaign",inactive,,,,"Using ad set budget",0,0,0,0,0,0,Ongoing,"7-day click or 1-day view",,,,,,,0,,,,,
2026-08-02,2026-08-02,"11/10 2023 - Advantage+ shopping campaign Campaign",inactive,,,,"Using ad set budget",0,0,0,0,0,0,Ongoing,"7-day click or 1-day view",,,,,,,0,,,,,
2026-08-02,2026-08-02,"19/7 2023 - MPA RM campaign",inactive,,,,"Using ad set budget",0,0,0,0,0,0,Ongoing,"7-day click or 1-day view",,,,,,,0,,,,,
2026-08-02,2026-08-02,"11/7 2023 - Sales campaign Women - UK MPA",inactive,,,,"Using ad set budget",0,0,0,0,0,0,Ongoing,"7-day click or 1-day view",,,,,,,0,,,,,
2026-08-02,2026-08-02,"23/6 2023 - Sales campaign - UK MPA",inactive,,,,"Using ad set budget",0,0,0,0,0,0,Ongoing,"7-day click or 1-day view",,,,,,,0,,,,,
2026-08-02,2026-08-02,"19/6 2023 - Sales collection video",inactive,,,,"Using ad set budget",0,0,0,0,0,0,Ongoing,"7-day click or 1-day view",,,,,,,0,,,,,
2026-08-02,2026-08-02,"12/5 2023 - Sales campaign - UK MPA",inactive,,,,"Using ad set budget",0,0,0,0,0,0,Ongoing,"7-day click or 1-day view",,,,,,,0,,,,,
2026-08-02,2026-08-02,"8/5 Veltuff - Broad - custom - UK sales",inactive,,,,"Using ad set budget",0,0,0,0,0,0,Ongoing,"7-day click or 1-day view",,,,,,,0,,,,,
2026-08-02,2026-08-02,"3/5 Veltuff - Prospecting Campaign - Sales",inactive,,,,"Using ad set budget",0,0,0,0,0,0,Ongoing,"7-day click or 1-day view",,,,,,,0,,,,,
2026-08-02,2026-08-02,"11/4 Veltuff - Broad - custom - UK sales",inactive,,,,"Using ad set budget",0,0,0,0,0,0,Ongoing,"7-day click or 1-day view",,,,,,,0,,,,,
2026-08-02,2026-08-02,"28/3 Veltuff - Broad - custom - UK RM",inactive,,,,"Using ad set budget",0,0,0,0,0,0,Ongoing,"7-day click or 1-day view",,,,,,,0,,,,,
2026-08-02,2026-08-02,"23/3 Veltuff - Broad - custom - UK sales",inactive,,,,"Using ad set budget",0,0,0,0,0,0,Ongoing,"7-day click or 1-day view",,,,,,,0,,,,,
2026-08-02,2026-08-02,"17/3 Veltuff - Broad - custom - UK sales",inactive,,,,"Using ad set budget",0,0,0,0,0,0,Ongoing,"7-day click or 1-day view",,,,,,,0,,,,,
2026-08-02,2026-08-02,"AS - Prospecting Campaign JAN2023 - SALE - Copy",inactive,,,,"Using ad set budget",0,0,0,0,0,0,Ongoing,"7-day click or 1-day view",,,,,,,0,,,,,
2026-08-02,2026-08-02,"AS - Prospecting Campaign Dec2022",inactive,,,,"Using ad set budget",0,0,0,0,0,0,Ongoing,"7-day click or 1-day view",,,,,,,0,,,,,
2026-08-02,2026-08-02,"AS - RMKT - DEC 2022",inactive,,,,50,Daily,0,0,0,0,0,Ongoing,"7-day click or 1-day view",,,,,,,0,,,,,
2026-08-02,2026-08-02,"Website Retargeting - 2022",inactive,,,,"Using ad set budget",0,0,0,0,0,0,Ongoing,"1-day click",,,,,,,0,,,,,
2026-08-01,2026-08-01,"VD | Sales | Seasonal Best Sellers | DPA",active,,,,506,Daily,0,0,0,0,0,Ongoing,"7-day click or 1-day view",,,,,,,0,,,,,
2026-08-01,2026-08-01,"VD | Sales | Trousers | DPA",active,,,,174,Daily,0,0,0,0,0,Ongoing,"7-day click or 1-day view",,,,,,,0,,,,,
2026-08-01,2026-08-01,"VD | Broad | Awareness",active,18963,reach,5.1463376,196,Daily,97.59,19237,18963,1.014449,5.073036,Ongoing,"7-day click or 1-day view",,,,,27,0.140355,3.253,167,16,,,10
2026-08-01,2026-08-01,"VD | Retargeting | DPA Broad Remarket",inactive,,,,44,Daily,0,0,0,0,0,Ongoing,"7-day click",,,,,,,0,,,,,
2026-08-01,2026-08-01,"VD | Retargeting | DPA",active,1,actions:offsite_conversion.fb_pixel_purchase,360.08,370,Daily,360.08,7879,5588,1.409986,45.701231,Ongoing,"7-day click",0.677127,1,243.82,action_values:offsite_conversion.fb_pixel_purchase,110,1.396116,2.707368,116,103,23,1,1
2026-08-01,2026-08-01,"VD | Retargeting | DPA Campaign | Sales",inactive,,,,145,Daily,0,0,0,0,0,Ongoing,"7-day click",,,,,,,0,,,,,
2026-08-01,2026-08-01,"VD | Broad | Prospecting | Sales",active,2,actions:offsite_conversion.fb_pixel_purchase,592.92,370,Daily,1185.84,24192,14699,1.645826,49.017857,Ongoing,"7-day click",0.588452,2,697.81,action_values:offsite_conversion.fb_pixel_purchase,433,1.789848,2.037526,1864,405,61,17,307
2026-08-01,2026-08-01,"WinterSale | Prospecting | Sales | Advantage+",inactive,,,,"Using ad set budget",0,0,0,0,0,0,Ongoing,"7-day click",,,,,,,0,,,,,
2026-08-01,2026-08-01,"Ongoing | Sales | ProTex1 | Advantage+ | SH",active,,,,327,Daily,0,0,0,0,0,Ongoing,"7-day click or 1-day view",,,,,,,0,,,,,
2026-08-01,2026-08-01,"Ongoing | Sales | Hi-Vis Only | Advantage+ | SH",active,3,actions:offsite_conversion.fb_pixel_purchase,70.99,300,Daily,212.97,5373,3744,1.435096,39.637074,Ongoing,"7-day click or 1-day view",7.073156,3,1506.37,action_values:offsite_conversion.fb_pixel_purchase,78,1.451703,2.476395,80,66,27,5,1
2026-08-01,2026-08-01,"Customised Workwear | Awareness | Advantage+ | SH Campaign – Copy",inactive,,,,100,Daily,0,0,0,0,0,Ongoing,"7-day click or 1-day view",,,,,,,0,,,,,
2026-08-01,2026-08-01,"Key Categories | Sales | Advantage+ | SH Campaign",inactive,,,,"Using ad set budget",0,0,0,0,0,0,Ongoing,"7-day click, 1-day view, or 1-day engaged-view",,,,,,,0,,,,,
2026-08-01,2026-08-01,"Customised Workwear | Sales | Advantage+ | SH Campaign",inactive,,,,"Using ad set budget",0,0,0,0,0,0,Ongoing,"7-day click, 1-day view, or 1-day engaged-view",,,,,,,0,,,,,
2026-08-01,2026-08-01,"Ongoing | Retargeting | Sales | Dynamic Abandoned Cart - 30 Days | SH",inactive,,,,6.5,Daily,0,0,0,0,0,Ongoing,"7-day click",,,,,,,0,,,,,
2026-08-01,2026-08-01,"AS 7/1 25 - Purchase - Flexible ad Campaign",inactive,,,,"Using ad set budget",0,0,0,0,0,0,Ongoing,"7-day click, 1-day view, or 1-day engaged-view",,,,,,,0,,,,,
2026-08-01,2026-08-01,"5/6 Michelle Job add - KAM Jylland",inactive,,,,"Using ad set budget",0,0,0,0,0,0,Ongoing,"7-day click or 1-day view",,,,,,,0,,,,,
2026-08-01,2026-08-01,"4/1 2024 - RM - UK Campaign",inactive,,,,100,Daily,0,0,0,0,0,Ongoing,"7-day click",,,,,,,0,,,,,
2026-08-01,2026-08-01,"Ongoing | Prospecting | Sales | Broad | Advantage+ | SH Campaign",inactive,,,,"Using ad set budget",0,0,0,0,0,0,Ongoing,"7-day click or 1-day view",,,,,,,0,,,,,
2026-08-01,2026-08-01,"4/12 2023 - Safety Shoe Sale  Campaign",inactive,,,,"Using ad set budget",0,0,0,0,0,0,Ongoing,"7-day click or 1-day view",,,,,,,0,,,,,
2026-08-01,2026-08-01,"11/10 2023 - Advantage+ shopping campaign Campaign",inactive,,,,"Using ad set budget",0,0,0,0,0,0,Ongoing,"7-day click or 1-day view",,,,,,,0,,,,,
2026-08-01,2026-08-01,"19/7 2023 - MPA RM campaign",inactive,,,,"Using ad set budget",0,0,0,0,0,0,Ongoing,"7-day click or 1-day view",,,,,,,0,,,,,
2026-08-01,2026-08-01,"11/7 2023 - Sales campaign Women - UK MPA",inactive,,,,"Using ad set budget",0,0,0,0,0,0,Ongoing,"7-day click or 1-day view",,,,,,,0,,,,,
2026-08-01,2026-08-01,"23/6 2023 - Sales campaign - UK MPA",inactive,,,,"Using ad set budget",0,0,0,0,0,0,Ongoing,"7-day click or 1-day view",,,,,,,0,,,,,
2026-08-01,2026-08-01,"19/6 2023 - Sales collection video",inactive,,,,"Using ad set budget",0,0,0,0,0,0,Ongoing,"7-day click or 1-day view",,,,,,,0,,,,,
2026-08-01,2026-08-01,"12/5 2023 - Sales campaign - UK MPA",inactive,,,,"Using ad set budget",0,0,0,0,0,0,Ongoing,"7-day click or 1-day view",,,,,,,0,,,,,
2026-08-01,2026-08-01,"8/5 Veltuff - Broad - custom - UK sales",inactive,,,,"Using ad set budget",0,0,0,0,0,0,Ongoing,"7-day click or 1-day view",,,,,,,0,,,,,
2026-08-01,2026-08-01,"3/5 Veltuff - Prospecting Campaign - Sales",inactive,,,,"Using ad set budget",0,0,0,0,0,0,Ongoing,"7-day click or 1-day view",,,,,,,0,,,,,
2026-08-01,2026-08-01,"11/4 Veltuff - Broad - custom - UK sales",inactive,,,,"Using ad set budget",0,0,0,0,0,0,Ongoing,"7-day click or 1-day view",,,,,,,0,,,,,
2026-08-01,2026-08-01,"28/3 Veltuff - Broad - custom - UK RM",inactive,,,,"Using ad set budget",0,0,0,0,0,0,Ongoing,"7-day click or 1-day view",,,,,,,0,,,,,
2026-08-01,2026-08-01,"23/3 Veltuff - Broad - custom - UK sales",inactive,,,,"Using ad set budget",0,0,0,0,0,0,Ongoing,"7-day click or 1-day view",,,,,,,0,,,,,
2026-08-01,2026-08-01,"17/3 Veltuff - Broad - custom - UK sales",inactive,,,,"Using ad set budget",0,0,0,0,0,0,Ongoing,"7-day click or 1-day view",,,,,,,0,,,,,
2026-08-01,2026-08-01,"AS - Prospecting Campaign JAN2023 - SALE - Copy",inactive,,,,"Using ad set budget",0,0,0,0,0,0,Ongoing,"7-day click or 1-day view",,,,,,,0,,,,,
2026-08-01,2026-08-01,"AS - Prospecting Campaign Dec2022",inactive,,,,"Using ad set budget",0,0,0,0,0,0,Ongoing,"7-day click or 1-day view",,,,,,,0,,,,,
2026-08-01,2026-08-01,"AS - RMKT - DEC 2022",inactive,,,,50,Daily,0,0,0,0,0,Ongoing,"7-day click or 1-day view",,,,,,,0,,,,,
2026-08-01,2026-08-01,"Website Retargeting - 2022",inactive,,,,"Using ad set budget",0,0,0,0,0,0,Ongoing,"1-day click",,,,,,,0,,,,,
2026-07-31,2026-07-31,"VD | Sales | Seasonal Best Sellers | DPA",active,,,,506,Daily,0,0,0,0,0,Ongoing,"7-day click or 1-day view",,,,,,,0,,,,,
2026-07-31,2026-07-31,"VD | Sales | Trousers | DPA",active,,,,174,Daily,0,0,0,0,0,Ongoing,"7-day click or 1-day view",,,,,,,0,,,,,
2026-07-31,2026-07-31,"VD | Broad | Awareness",active,12551,reach,7.15719863,196,Daily,89.83,13085,12551,1.042546,6.865113,Ongoing,"7-day click or 1-day view",,,,,13,0.09935,3.742917,41,11,1,,1
2026-07-31,2026-07-31,"VD | Retargeting | DPA Broad Remarket",inactive,,,,44,Daily,0,0,0,0,0,Ongoing,"7-day click",,,,,,,0,,,,,
2026-07-31,2026-07-31,"VD | Retargeting | DPA",active,2,actions:offsite_conversion.fb_pixel_purchase,177.8,370,Daily,355.6,7761,5184,1.497106,45.818838,Ongoing,"7-day click",4.080118,2,1450.89,action_values:offsite_conversion.fb_pixel_purchase,128,1.649272,2.324183,139,112,19,3,2
2026-07-31,2026-07-31,"VD | Retargeting | DPA Campaign | Sales",inactive,,,,145,Daily,0,0,0,0,0,Ongoing,"7-day click",,,,,,,0,,,,,
2026-07-31,2026-07-31,"VD | Broad | Prospecting | Sales",active,5,actions:offsite_conversion.fb_pixel_purchase,217.158,370,Daily,1085.79,20910,14106,1.482348,51.926829,Ongoing,"7-day click",3.166662,5,3438.33,action_values:offsite_conversion.fb_pixel_purchase,325,1.55428,2.629031,2449,300,43,9,440
2026-07-31,2026-07-31,"WinterSale | Prospecting | Sales | Advantage+",inactive,,,,"Using ad set budget",0,0,0,0,0,0,Ongoing,"7-day click",,,,,,,0,,,,,
2026-07-31,2026-07-31,"Ongoing | Sales | ProTex1 | Advantage+ | SH",active,,,,327,Daily,0,0,0,0,0,Ongoing,"7-day click or 1-day view",,,,,,,0,,,,,
2026-07-31,2026-07-31,"Ongoing | Sales | Hi-Vis Only | Advantage+ | SH",active,4,actions:offsite_conversion.fb_pixel_purchase,48.645,300,Daily,194.58,5125,3221,1.591121,37.966829,Ongoing,"7-day click or 1-day view",9.325522,4,1814.56,action_values:offsite_conversion.fb_pixel_purchase,92,1.795122,1.98551,98,86,14,4,
2026-07-31,2026-07-31,"Customised Workwear | Awareness | Advantage+ | SH Campaign – Copy",inactive,,,,100,Daily,0,0,0,0,0,Ongoing,"7-day click or 1-day view",,,,,,,0,,,,,
2026-07-31,2026-07-31,"Key Categories | Sales | Advantage+ | SH Campaign",inactive,,,,"Using ad set budget",0,0,0,0,0,0,Ongoing,"7-day click, 1-day view, or 1-day engaged-view",,,,,,,0,,,,,
2026-07-31,2026-07-31,"Customised Workwear | Sales | Advantage+ | SH Campaign",inactive,,,,"Using ad set budget",0,0,0,0,0,0,Ongoing,"7-day click, 1-day view, or 1-day engaged-view",,,,,,,0,,,,,
2026-07-31,2026-07-31,"Ongoing | Retargeting | Sales | Dynamic Abandoned Cart - 30 Days | SH",inactive,,,,6.5,Daily,0,0,0,0,0,Ongoing,"7-day click",,,,,,,0,,,,,
2026-07-31,2026-07-31,"AS 7/1 25 - Purchase - Flexible ad Campaign",inactive,,,,"Using ad set budget",0,0,0,0,0,0,Ongoing,"7-day click, 1-day view, or 1-day engaged-view",,,,,,,0,,,,,
2026-07-31,2026-07-31,"5/6 Michelle Job add - KAM Jylland",inactive,,,,"Using ad set budget",0,0,0,0,0,0,Ongoing,"7-day click or 1-day view",,,,,,,0,,,,,
2026-07-31,2026-07-31,"4/1 2024 - RM - UK Campaign",inactive,,,,100,Daily,0,0,0,0,0,Ongoing,"7-day click",,,,,,,0,,,,,
2026-07-31,2026-07-31,"Ongoing | Prospecting | Sales | Broad | Advantage+ | SH Campaign",inactive,,,,"Using ad set budget",0,0,0,0,0,0,Ongoing,"7-day click or 1-day view",,,,,,,0,,,,,
2026-07-31,2026-07-31,"4/12 2023 - Safety Shoe Sale  Campaign",inactive,,,,"Using ad set budget",0,0,0,0,0,0,Ongoing,"7-day click or 1-day view",,,,,,,0,,,,,
2026-07-31,2026-07-31,"11/10 2023 - Advantage+ shopping campaign Campaign",inactive,,,,"Using ad set budget",0,0,0,0,0,0,Ongoing,"7-day click or 1-day view",,,,,,,0,,,,,
2026-07-31,2026-07-31,"19/7 2023 - MPA RM campaign",inactive,,,,"Using ad set budget",0,0,0,0,0,0,Ongoing,"7-day click or 1-day view",,,,,,,0,,,,,
2026-07-31,2026-07-31,"11/7 2023 - Sales campaign Women - UK MPA",inactive,,,,"Using ad set budget",0,0,0,0,0,0,Ongoing,"7-day click or 1-day view",,,,,,,0,,,,,
2026-07-31,2026-07-31,"23/6 2023 - Sales campaign - UK MPA",inactive,,,,"Using ad set budget",0,0,0,0,0,0,Ongoing,"7-day click or 1-day view",,,,,,,0,,,,,
2026-07-31,2026-07-31,"19/6 2023 - Sales collection video",inactive,,,,"Using ad set budget",0,0,0,0,0,0,Ongoing,"7-day click or 1-day view",,,,,,,0,,,,,
2026-07-31,2026-07-31,"12/5 2023 - Sales campaign - UK MPA",inactive,,,,"Using ad set budget",0,0,0,0,0,0,Ongoing,"7-day click or 1-day view",,,,,,,0,,,,,
2026-07-31,2026-07-31,"8/5 Veltuff - Broad - custom - UK sales",inactive,,,,"Using ad set budget",0,0,0,0,0,0,Ongoing,"7-day click or 1-day view",,,,,,,0,,,,,
2026-07-31,2026-07-31,"3/5 Veltuff - Prospecting Campaign - Sales",inactive,,,,"Using ad set budget",0,0,0,0,0,0,Ongoing,"7-day click or 1-day view",,,,,,,0,,,,,
2026-07-31,2026-07-31,"11/4 Veltuff - Broad - custom - UK sales",inactive,,,,"Using ad set budget",0,0,0,0,0,0,Ongoing,"7-day click or 1-day view",,,,,,,0,,,,,
2026-07-31,2026-07-31,"28/3 Veltuff - Broad - custom - UK RM",inactive,,,,"Using ad set budget",0,0,0,0,0,0,Ongoing,"7-day click or 1-day view",,,,,,,0,,,,,
2026-07-31,2026-07-31,"23/3 Veltuff - Broad - custom - UK sales",inactive,,,,"Using ad set budget",0,0,0,0,0,0,Ongoing,"7-day click or 1-day view",,,,,,,0,,,,,
2026-07-31,2026-07-31,"17/3 Veltuff - Broad - custom - UK sales",inactive,,,,"Using ad set budget",0,0,0,0,0,0,Ongoing,"7-day click or 1-day view",,,,,,,0,,,,,
2026-07-31,2026-07-31,"AS - Prospecting Campaign JAN2023 - SALE - Copy",inactive,,,,"Using ad set budget",0,0,0,0,0,0,Ongoing,"7-day click or 1-day view",,,,,,,0,,,,,
2026-07-31,2026-07-31,"AS - Prospecting Campaign Dec2022",inactive,,,,"Using ad set budget",0,0,0,0,0,0,Ongoing,"7-day click or 1-day view",,,,,,,0,,,,,
2026-07-31,2026-07-31,"AS - RMKT - DEC 2022",inactive,,,,50,Daily,0,0,0,0,0,Ongoing,"7-day click or 1-day view",,,,,,,0,,,,,
2026-07-31,2026-07-31,"Website Retargeting - 2022",inactive,,,,"Using ad set budget",0,0,0,0,0,0,Ongoing,"1-day click",,,,,,,0,,,,,
2026-07-30,2026-07-30,"VD | Sales | Seasonal Best Sellers | DPA",active,,,,506,Daily,0,0,0,0,0,Ongoing,"7-day click or 1-day view",,,,,,,0,,,,,
2026-07-30,2026-07-30,"VD | Sales | Trousers | DPA",active,,,,174,Daily,0,0,0,0,0,Ongoing,"7-day click or 1-day view",,,,,,,0,,,,,
2026-07-30,2026-07-30,"VD | Broad | Awareness",active,15562,reach,5.65801311,196,Daily,88.05,15603,15562,1.002635,5.643146,Ongoing,"7-day click or 1-day view",,,,,17,0.108953,3.261111,49,9,,,1
2026-07-30,2026-07-30,"VD | Retargeting | DPA Broad Remarket",inactive,,,,44,Daily,0,0,0,0,0,Ongoing,"7-day click",,,,,,,0,,,,,
2026-07-30,2026-07-30,"VD | Retargeting | DPA",active,4,actions:offsite_conversion.fb_pixel_purchase,79.7625,370,Daily,319.05,7838,5398,1.452019,40.705537,Ongoing,"7-day click",7.326751,4,2337.6,action_values:offsite_conversion.fb_pixel_purchase,122,1.55652,2.246831,126,102,9,5,
2026-07-30,2026-07-30,"VD | Retargeting | DPA Campaign | Sales",inactive,,,,145,Daily,0,0,0,0,0,Ongoing,"7-day click",,,,,,,0,,,,,
2026-07-30,2026-07-30,"VD | Broad | Prospecting | Sales",active,4,actions:offsite_conversion.fb_pixel_purchase,216.9375,370,Daily,867.75,19302,13210,1.461166,44.956481,Ongoing,"7-day click",1.689127,4,1465.74,action_values:offsite_conversion.fb_pixel_purchase,336,1.740752,2.036972,1675,272,19,9,282
2026-07-30,2026-07-30,"WinterSale | Prospecting | Sales | Advantage+",inactive,,,,"Using ad set budget",0,0,0,0,0,0,Ongoing,"7-day click",,,,,,,0,,,,,
2026-07-30,2026-07-30,"Ongoing | Sales | ProTex1 | Advantage+ | SH",active,,,,327,Daily,0,0,0,0,0,Ongoing,"7-day click or 1-day view",,,,,,,0,,,,,
2026-07-30,2026-07-30,"Ongoing | Sales | Hi-Vis Only | Advantage+ | SH",active,2,actions:offsite_conversion.fb_pixel_purchase,93.95,300,Daily,187.9,5171,3333,1.551455,36.337266,Ongoing,"7-day click or 1-day view",3.986801,2,749.12,action_values:offsite_conversion.fb_pixel_purchase,61,1.179656,2.684286,66,55,8,3,1
2026-07-30,2026-07-30,"Customised Workwear | Awareness | Advantage+ | SH Campaign – Copy",inactive,,,,100,Daily,0,0,0,0,0,Ongoing,"7-day click or 1-day view",,,,,,,0,,,,,
2026-07-30,2026-07-30,"Key Categories | Sales | Advantage+ | SH Campaign",inactive,,,,"Using ad set budget",0,0,0,0,0,0,Ongoing,"7-day click, 1-day view, or 1-day engaged-view",,,,,,,0,,,,,
2026-07-30,2026-07-30,"Customised Workwear | Sales | Advantage+ | SH Campaign",inactive,,,,"Using ad set budget",0,0,0,0,0,0,Ongoing,"7-day click, 1-day view, or 1-day engaged-view",,,,,,,0,,,,,
2026-07-30,2026-07-30,"Ongoing | Retargeting | Sales | Dynamic Abandoned Cart - 30 Days | SH",inactive,,,,6.5,Daily,0,0,0,0,0,Ongoing,"7-day click",,,,,,,0,,,,,
2026-07-30,2026-07-30,"AS 7/1 25 - Purchase - Flexible ad Campaign",inactive,,,,"Using ad set budget",0,0,0,0,0,0,Ongoing,"7-day click, 1-day view, or 1-day engaged-view",,,,,,,0,,,,,
2026-07-30,2026-07-30,"5/6 Michelle Job add - KAM Jylland",inactive,,,,"Using ad set budget",0,0,0,0,0,0,Ongoing,"7-day click or 1-day view",,,,,,,0,,,,,
2026-07-30,2026-07-30,"4/1 2024 - RM - UK Campaign",inactive,,,,100,Daily,0,0,0,0,0,Ongoing,"7-day click",,,,,,,0,,,,,
2026-07-30,2026-07-30,"Ongoing | Prospecting | Sales | Broad | Advantage+ | SH Campaign",inactive,,,,"Using ad set budget",0,0,0,0,0,0,Ongoing,"7-day click or 1-day view",,,,,,,0,,,,,
2026-07-30,2026-07-30,"4/12 2023 - Safety Shoe Sale  Campaign",inactive,,,,"Using ad set budget",0,0,0,0,0,0,Ongoing,"7-day click or 1-day view",,,,,,,0,,,,,
2026-07-30,2026-07-30,"11/10 2023 - Advantage+ shopping campaign Campaign",inactive,,,,"Using ad set budget",0,0,0,0,0,0,Ongoing,"7-day click or 1-day view",,,,,,,0,,,,,
2026-07-30,2026-07-30,"19/7 2023 - MPA RM campaign",inactive,,,,"Using ad set budget",0,0,0,0,0,0,Ongoing,"7-day click or 1-day view",,,,,,,0,,,,,
2026-07-30,2026-07-30,"11/7 2023 - Sales campaign Women - UK MPA",inactive,,,,"Using ad set budget",0,0,0,0,0,0,Ongoing,"7-day click or 1-day view",,,,,,,0,,,,,
2026-07-30,2026-07-30,"23/6 2023 - Sales campaign - UK MPA",inactive,,,,"Using ad set budget",0,0,0,0,0,0,Ongoing,"7-day click or 1-day view",,,,,,,0,,,,,
2026-07-30,2026-07-30,"19/6 2023 - Sales collection video",inactive,,,,"Using ad set budget",0,0,0,0,0,0,Ongoing,"7-day click or 1-day view",,,,,,,0,,,,,
2026-07-30,2026-07-30,"12/5 2023 - Sales campaign - UK MPA",inactive,,,,"Using ad set budget",0,0,0,0,0,0,Ongoing,"7-day click or 1-day view",,,,,,,0,,,,,
2026-07-30,2026-07-30,"8/5 Veltuff - Broad - custom - UK sales",inactive,,,,"Using ad set budget",0,0,0,0,0,0,Ongoing,"7-day click or 1-day view",,,,,,,0,,,,,
2026-07-30,2026-07-30,"3/5 Veltuff - Prospecting Campaign - Sales",inactive,,,,"Using ad set budget",0,0,0,0,0,0,Ongoing,"7-day click or 1-day view",,,,,,,0,,,,,
2026-07-30,2026-07-30,"11/4 Veltuff - Broad - custom - UK sales",inactive,,,,"Using ad set budget",0,0,0,0,0,0,Ongoing,"7-day click or 1-day view",,,,,,,0,,,,,
2026-07-30,2026-07-30,"28/3 Veltuff - Broad - custom - UK RM",inactive,,,,"Using ad set budget",0,0,0,0,0,0,Ongoing,"7-day click or 1-day view",,,,,,,0,,,,,
2026-07-30,2026-07-30,"23/3 Veltuff - Broad - custom - UK sales",inactive,,,,"Using ad set budget",0,0,0,0,0,0,Ongoing,"7-day click or 1-day view",,,,,,,0,,,,,
2026-07-30,2026-07-30,"17/3 Veltuff - Broad - custom - UK sales",inactive,,,,"Using ad set budget",0,0,0,0,0,0,Ongoing,"7-day click or 1-day view",,,,,,,0,,,,,
2026-07-30,2026-07-30,"AS - Prospecting Campaign JAN2023 - SALE - Copy",inactive,,,,"Using ad set budget",0,0,0,0,0,0,Ongoing,"7-day click or 1-day view",,,,,,,0,,,,,
2026-07-30,2026-07-30,"AS - Prospecting Campaign Dec2022",inactive,,,,"Using ad set budget",0,0,0,0,0,0,Ongoing,"7-day click or 1-day view",,,,,,,0,,,,,
2026-07-30,2026-07-30,"AS - RMKT - DEC 2022",inactive,,,,50,Daily,0,0,0,0,0,Ongoing,"7-day click or 1-day view",,,,,,,0,,,,,
2026-07-30,2026-07-30,"Website Retargeting - 2022",inactive,,,,"Using ad set budget",0,0,0,0,0,0,Ongoing,"1-day click",,,,,,,0,,,,,
2026-07-29,2026-07-29,"VD | Sales | Seasonal Best Sellers | DPA",active,,,,506,Daily,0,0,0,0,0,Ongoing,"7-day click or 1-day view",,,,,,,0,,,,,
2026-07-29,2026-07-29,"VD | Sales | Trousers | DPA",active,,,,174,Daily,0,0,0,0,0,Ongoing,"7-day click or 1-day view",,,,,,,0,,,,,
2026-07-29,2026-07-29,"VD | Broad | Awareness",active,11430,reach,6.40507437,196,Daily,73.21,11681,11430,1.02196,6.267443,Ongoing,"7-day click or 1-day view",,,,,16,0.136975,2.711481,50,8,,,3
2026-07-29,2026-07-29,"VD | Retargeting | DPA Broad Remarket",inactive,,,,44,Daily,0,0,0,0,0,Ongoing,"7-day click",,,,,,,0,,,,,
2026-07-29,2026-07-29,"VD | Retargeting | DPA",active,3,actions:offsite_conversion.fb_pixel_purchase,82.34666667,370,Daily,247.04,5497,3471,1.583693,44.940877,Ongoing,"7-day click",3.709723,3,916.45,action_values:offsite_conversion.fb_pixel_purchase,109,1.9829,1.829926,114,93,12,6,
2026-07-29,2026-07-29,"VD | Retargeting | DPA Campaign | Sales",inactive,,,,145,Daily,0,0,0,0,0,Ongoing,"7-day click",,,,,,,0,,,,,
2026-07-29,2026-07-29,"VD | Broad | Prospecting | Sales",active,4,actions:offsite_conversion.fb_pixel_purchase,136.7825,370,Daily,547.13,11537,7881,1.463901,47.42394,Ongoing,"7-day click",7.77424,4,4253.52,action_values:offsite_conversion.fb_pixel_purchase,230,1.993586,1.968094,1352,213,25,4,239
2026-07-29,2026-07-29,"WinterSale | Prospecting | Sales | Advantage+",inactive,,,,"Using ad set budget",0,0,0,0,0,0,Ongoing,"7-day click",,,,,,,0,,,,,
2026-07-29,2026-07-29,"Ongoing | Sales | ProTex1 | Advantage+ | SH",active,,,,327,Daily,0,0,0,0,0,Ongoing,"7-day click or 1-day view",,,,,,,0,,,,,
2026-07-29,2026-07-29,"Ongoing | Sales | Hi-Vis Only | Advantage+ | SH",active,4,actions:offsite_conversion.fb_pixel_purchase,50.325,300,Daily,201.3,4878,2867,1.70143,41.266913,Ongoing,"7-day click or 1-day view",13.728515,4,2763.55,action_values:offsite_conversion.fb_pixel_purchase,74,1.517015,2.396429,75,70,11,7,
2026-07-29,2026-07-29,"Customised Workwear | Awareness | Advantage+ | SH Campaign – Copy",inactive,,,,100,Daily,0,0,0,0,0,Ongoing,"7-day click or 1-day view",,,,,,,0,,,,,
2026-07-29,2026-07-29,"Key Categories | Sales | Advantage+ | SH Campaign",inactive,,,,"Using ad set budget",0,0,0,0,0,0,Ongoing,"7-day click, 1-day view, or 1-day engaged-view",,,,,,,0,,,,,
2026-07-29,2026-07-29,"Customised Workwear | Sales | Advantage+ | SH Campaign",inactive,,,,"Using ad set budget",0,0,0,0,0,0,Ongoing,"7-day click, 1-day view, or 1-day engaged-view",,,,,,,0,,,,,
2026-07-29,2026-07-29,"Ongoing | Retargeting | Sales | Dynamic Abandoned Cart - 30 Days | SH",inactive,,,,6.5,Daily,0,0,0,0,0,Ongoing,"7-day click",,,,,,,0,,,,,
2026-07-29,2026-07-29,"AS 7/1 25 - Purchase - Flexible ad Campaign",inactive,,,,"Using ad set budget",0,0,0,0,0,0,Ongoing,"7-day click, 1-day view, or 1-day engaged-view",,,,,,,0,,,,,
2026-07-29,2026-07-29,"5/6 Michelle Job add - KAM Jylland",inactive,,,,"Using ad set budget",0,0,0,0,0,0,Ongoing,"7-day click or 1-day view",,,,,,,0,,,,,
2026-07-29,2026-07-29,"4/1 2024 - RM - UK Campaign",inactive,,,,100,Daily,0,0,0,0,0,Ongoing,"7-day click",,,,,,,0,,,,,
2026-07-29,2026-07-29,"Ongoing | Prospecting | Sales | Broad | Advantage+ | SH Campaign",inactive,,,,"Using ad set budget",0,0,0,0,0,0,Ongoing,"7-day click or 1-day view",,,,,,,0,,,,,
2026-07-29,2026-07-29,"4/12 2023 - Safety Shoe Sale  Campaign",inactive,,,,"Using ad set budget",0,0,0,0,0,0,Ongoing,"7-day click or 1-day view",,,,,,,0,,,,,
2026-07-29,2026-07-29,"11/10 2023 - Advantage+ shopping campaign Campaign",inactive,,,,"Using ad set budget",0,0,0,0,0,0,Ongoing,"7-day click or 1-day view",,,,,,,0,,,,,
2026-07-29,2026-07-29,"19/7 2023 - MPA RM campaign",inactive,,,,"Using ad set budget",0,0,0,0,0,0,Ongoing,"7-day click or 1-day view",,,,,,,0,,,,,
2026-07-29,2026-07-29,"11/7 2023 - Sales campaign Women - UK MPA",inactive,,,,"Using ad set budget",0,0,0,0,0,0,Ongoing,"7-day click or 1-day view",,,,,,,0,,,,,
2026-07-29,2026-07-29,"23/6 2023 - Sales campaign - UK MPA",inactive,,,,"Using ad set budget",0,0,0,0,0,0,Ongoing,"7-day click or 1-day view",,,,,,,0,,,,,
2026-07-29,2026-07-29,"19/6 2023 - Sales collection video",inactive,,,,"Using ad set budget",0,0,0,0,0,0,Ongoing,"7-day click or 1-day view",,,,,,,0,,,,,
2026-07-29,2026-07-29,"12/5 2023 - Sales campaign - UK MPA",inactive,,,,"Using ad set budget",0,0,0,0,0,0,Ongoing,"7-day click or 1-day view",,,,,,,0,,,,,
2026-07-29,2026-07-29,"8/5 Veltuff - Broad - custom - UK sales",inactive,,,,"Using ad set budget",0,0,0,0,0,0,Ongoing,"7-day click or 1-day view",,,,,,,0,,,,,
2026-07-29,2026-07-29,"3/5 Veltuff - Prospecting Campaign - Sales",inactive,,,,"Using ad set budget",0,0,0,0,0,0,Ongoing,"7-day click or 1-day view",,,,,,,0,,,,,
2026-07-29,2026-07-29,"11/4 Veltuff - Broad - custom - UK sales",inactive,,,,"Using ad set budget",0,0,0,0,0,0,Ongoing,"7-day click or 1-day view",,,,,,,0,,,,,
2026-07-29,2026-07-29,"28/3 Veltuff - Broad - custom - UK RM",inactive,,,,"Using ad set budget",0,0,0,0,0,0,Ongoing,"7-day click or 1-day view",,,,,,,0,,,,,
2026-07-29,2026-07-29,"23/3 Veltuff - Broad - custom - UK sales",inactive,,,,"Using ad set budget",0,0,0,0,0,0,Ongoing,"7-day click or 1-day view",,,,,,,0,,,,,
2026-07-29,2026-07-29,"17/3 Veltuff - Broad - custom - UK sales",inactive,,,,"Using ad set budget",0,0,0,0,0,0,Ongoing,"7-day click or 1-day view",,,,,,,0,,,,,
2026-07-29,2026-07-29,"AS - Prospecting Campaign JAN2023 - SALE - Copy",inactive,,,,"Using ad set budget",0,0,0,0,0,0,Ongoing,"7-day click or 1-day view",,,,,,,0,,,,,
2026-07-29,2026-07-29,"AS - Prospecting Campaign Dec2022",inactive,,,,"Using ad set budget",0,0,0,0,0,0,Ongoing,"7-day click or 1-day view",,,,,,,0,,,,,
2026-07-29,2026-07-29,"AS - RMKT - DEC 2022",inactive,,,,50,Daily,0,0,0,0,0,Ongoing,"7-day click or 1-day view",,,,,,,0,,,,,
2026-07-29,2026-07-29,"Website Retargeting - 2022",inactive,,,,"Using ad set budget",0,0,0,0,0,0,Ongoing,"1-day click",,,,,,,0,,,,,
2026-07-28,2026-07-28,"VD | Sales | Seasonal Best Sellers | DPA",active,,,,506,Daily,0,0,0,0,0,Ongoing,"7-day click or 1-day view",,,,,,,0,,,,,
2026-07-28,2026-07-28,"VD | Sales | Trousers | DPA",active,,,,174,Daily,0,0,0,0,0,Ongoing,"7-day click or 1-day view",,,,,,,0,,,,,
2026-07-28,2026-07-28,"VD | Broad | Awareness",active,14263,reach,6.55752647,196,Daily,93.53,14462,14263,1.013952,6.467294,Ongoing,"7-day click or 1-day view",,,,,16,0.110635,2.598056,107,10,,,8
2026-07-28,2026-07-28,"VD | Retargeting | DPA Broad Remarket",inactive,,,,44,Daily,0,0,0,0,0,Ongoing,"7-day click",,,,,,,0,,,,,
2026-07-28,2026-07-28,"VD | Retargeting | DPA",active,2,actions:offsite_conversion.fb_pixel_purchase,109.07,370,Daily,218.14,5018,3356,1.495232,43.471503,Ongoing,"7-day click",1.995645,2,435.33,action_values:offsite_conversion.fb_pixel_purchase,113,2.251893,1.652576,116,102,7,5,1
2026-07-28,2026-07-28,"VD | Retargeting | DPA Campaign | Sales",inactive,,,,145,Daily,0,0,0,0,0,Ongoing,"7-day click",,,,,,,0,,,,,
2026-07-28,2026-07-28,"VD | Broad | Prospecting | Sales",active,6,actions:offsite_conversion.fb_pixel_purchase,99.42,370,Daily,596.52,13142,8278,1.587582,45.390352,Ongoing,"7-day click",5.698736,6,3399.41,action_values:offsite_conversion.fb_pixel_purchase,217,1.651195,2.056966,1093,196,19,9,159
2026-07-28,2026-07-28,"WinterSale | Prospecting | Sales | Advantage+",inactive,,,,"Using ad set budget",0,0,0,0,0,0,Ongoing,"7-day click",,,,,,,0,,,,,
2026-07-28,2026-07-28,"Ongoing | Sales | ProTex1 | Advantage+ | SH",active,,,,327,Daily,0,0,0,0,0,Ongoing,"7-day click or 1-day view",,,,,,,0,,,,,
2026-07-28,2026-07-28,"Ongoing | Sales | Hi-Vis Only | Advantage+ | SH",active,3,actions:offsite_conversion.fb_pixel_purchase,66.95,300,Daily,200.85,5877,3680,1.597011,34.1756,Ongoing,"7-day click or 1-day view",6.598506,3,1325.31,action_values:offsite_conversion.fb_pixel_purchase,73,1.24213,2.391071,76,57,9,4,
2026-07-28,2026-07-28,"Customised Workwear | Awareness | Advantage+ | SH Campaign – Copy",inactive,,,,100,Daily,0,0,0,0,0,Ongoing,"7-day click or 1-day view",,,,,,,0,,,,,
2026-07-28,2026-07-28,"Key Categories | Sales | Advantage+ | SH Campaign",inactive,,,,"Using ad set budget",0,0,0,0,0,0,Ongoing,"7-day click, 1-day view, or 1-day engaged-view",,,,,,,0,,,,,
2026-07-28,2026-07-28,"Customised Workwear | Sales | Advantage+ | SH Campaign",inactive,,,,"Using ad set budget",0,0,0,0,0,0,Ongoing,"7-day click, 1-day view, or 1-day engaged-view",,,,,,,0,,,,,
2026-07-28,2026-07-28,"Ongoing | Retargeting | Sales | Dynamic Abandoned Cart - 30 Days | SH",inactive,,,,6.5,Daily,0,0,0,0,0,Ongoing,"7-day click",,,,,,,0,,,,,
2026-07-28,2026-07-28,"AS 7/1 25 - Purchase - Flexible ad Campaign",inactive,,,,"Using ad set budget",0,0,0,0,0,0,Ongoing,"7-day click, 1-day view, or 1-day engaged-view",,,,,,,0,,,,,
2026-07-28,2026-07-28,"5/6 Michelle Job add - KAM Jylland",inactive,,,,"Using ad set budget",0,0,0,0,0,0,Ongoing,"7-day click or 1-day view",,,,,,,0,,,,,
2026-07-28,2026-07-28,"4/1 2024 - RM - UK Campaign",inactive,,,,100,Daily,0,0,0,0,0,Ongoing,"7-day click",,,,,,,0,,,,,
2026-07-28,2026-07-28,"Ongoing | Prospecting | Sales | Broad | Advantage+ | SH Campaign",inactive,,,,"Using ad set budget",0,0,0,0,0,0,Ongoing,"7-day click or 1-day view",,,,,,,0,,,,,
2026-07-28,2026-07-28,"4/12 2023 - Safety Shoe Sale  Campaign",inactive,,,,"Using ad set budget",0,0,0,0,0,0,Ongoing,"7-day click or 1-day view",,,,,,,0,,,,,
2026-07-28,2026-07-28,"11/10 2023 - Advantage+ shopping campaign Campaign",inactive,,,,"Using ad set budget",0,0,0,0,0,0,Ongoing,"7-day click or 1-day view",,,,,,,0,,,,,
2026-07-28,2026-07-28,"19/7 2023 - MPA RM campaign",inactive,,,,"Using ad set budget",0,0,0,0,0,0,Ongoing,"7-day click or 1-day view",,,,,,,0,,,,,
2026-07-28,2026-07-28,"11/7 2023 - Sales campaign Women - UK MPA",inactive,,,,"Using ad set budget",0,0,0,0,0,0,Ongoing,"7-day click or 1-day view",,,,,,,0,,,,,
2026-07-28,2026-07-28,"23/6 2023 - Sales campaign - UK MPA",inactive,,,,"Using ad set budget",0,0,0,0,0,0,Ongoing,"7-day click or 1-day view",,,,,,,0,,,,,
2026-07-28,2026-07-28,"19/6 2023 - Sales collection video",inactive,,,,"Using ad set budget",0,0,0,0,0,0,Ongoing,"7-day click or 1-day view",,,,,,,0,,,,,
2026-07-28,2026-07-28,"12/5 2023 - Sales campaign - UK MPA",inactive,,,,"Using ad set budget",0,0,0,0,0,0,Ongoing,"7-day click or 1-day view",,,,,,,0,,,,,
2026-07-28,2026-07-28,"8/5 Veltuff - Broad - custom - UK sales",inactive,,,,"Using ad set budget",0,0,0,0,0,0,Ongoing,"7-day click or 1-day view",,,,,,,0,,,,,
2026-07-28,2026-07-28,"3/5 Veltuff - Prospecting Campaign - Sales",inactive,,,,"Using ad set budget",0,0,0,0,0,0,Ongoing,"7-day click or 1-day view",,,,,,,0,,,,,
2026-07-28,2026-07-28,"11/4 Veltuff - Broad - custom - UK sales",inactive,,,,"Using ad set budget",0,0,0,0,0,0,Ongoing,"7-day click or 1-day view",,,,,,,0,,,,,
2026-07-28,2026-07-28,"28/3 Veltuff - Broad - custom - UK RM",inactive,,,,"Using ad set budget",0,0,0,0,0,0,Ongoing,"7-day click or 1-day view",,,,,,,0,,,,,
2026-07-28,2026-07-28,"23/3 Veltuff - Broad - custom - UK sales",inactive,,,,"Using ad set budget",0,0,0,0,0,0,Ongoing,"7-day click or 1-day view",,,,,,,0,,,,,
2026-07-28,2026-07-28,"17/3 Veltuff - Broad - custom - UK sales",inactive,,,,"Using ad set budget",0,0,0,0,0,0,Ongoing,"7-day click or 1-day view",,,,,,,0,,,,,
2026-07-28,2026-07-28,"AS - Prospecting Campaign JAN2023 - SALE - Copy",inactive,,,,"Using ad set budget",0,0,0,0,0,0,Ongoing,"7-day click or 1-day view",,,,,,,0,,,,,
2026-07-28,2026-07-28,"AS - Prospecting Campaign Dec2022",inactive,,,,"Using ad set budget",0,0,0,0,0,0,Ongoing,"7-day click or 1-day view",,,,,,,0,,,,,
2026-07-28,2026-07-28,"AS - RMKT - DEC 2022",inactive,,,,50,Daily,0,0,0,0,0,Ongoing,"7-day click or 1-day view",,,,,,,0,,,,,
2026-07-28,2026-07-28,"Website Retargeting - 2022",inactive,,,,"Using ad set budget",0,0,0,0,0,0,Ongoing,"1-day click",,,,,,,0,,,,,
2026-07-27,2026-07-27,"VD | Sales | Seasonal Best Sellers | DPA",active,,,,506,Daily,0,0,0,0,0,Ongoing,"7-day click or 1-day view",,,,,,,0,,,,,
2026-07-27,2026-07-27,"VD | Sales | Trousers | DPA",active,,,,174,Daily,0,0,0,0,0,Ongoing,"7-day click or 1-day view",,,,,,,0,,,,,
2026-07-27,2026-07-27,"VD | Broad | Awareness",active,25768,reach,5.59065508,196,Daily,144.06,26364,25768,1.023129,5.464269,Ongoing,"7-day click or 1-day view",,,,,34,0.128964,3.274091,198,21,1,,12
2026-07-27,2026-07-27,"VD | Retargeting | DPA Broad Remarket",inactive,,,,44,Daily,0,0,0,0,0,Ongoing,"7-day click",,,,,,,0,,,,,
2026-07-27,2026-07-27,"VD | Retargeting | DPA",active,,,,370,Daily,191.01,4804,2829,1.698127,39.760616,Ongoing,"7-day click",,,,,105,2.185679,1.646638,108,96,4,,1
2026-07-27,2026-07-27,"VD | Retargeting | DPA Campaign | Sales",inactive,,,,145,Daily,0,0,0,0,0,Ongoing,"7-day click",,,,,,,0,,,,,
2026-07-27,2026-07-27,"VD | Broad | Prospecting | Sales",active,1,actions:offsite_conversion.fb_pixel_purchase,254.25,370,Daily,254.25,5814,4139,1.404687,43.73065,Ongoing,"7-day click",1.703245,1,433.05,action_values:offsite_conversion.fb_pixel_purchase,99,1.702786,2.270089,570,92,11,4,76
2026-07-27,2026-07-27,"WinterSale | Prospecting | Sales | Advantage+",inactive,,,,"Using ad set budget",0,0,0,0,0,0,Ongoing,"7-day click",,,,,,,0,,,,,
2026-07-27,2026-07-27,"Ongoing | Sales | ProTex1 | Advantage+ | SH",active,,,,327,Daily,0,0,0,0,0,Ongoing,"7-day click or 1-day view",,,,,,,0,,,,,
2026-07-27,2026-07-27,"Ongoing | Sales | Hi-Vis Only | Advantage+ | SH",active,2,actions:offsite_conversion.fb_pixel_purchase,94.075,300,Daily,188.15,5567,3121,1.783723,33.797377,Ongoing,"7-day click or 1-day view",6.881637,2,1294.78,action_values:offsite_conversion.fb_pixel_purchase,74,1.329262,2.266867,77,67,4,1,
2026-07-27,2026-07-27,"Customised Workwear | Awareness | Advantage+ | SH Campaign – Copy",inactive,,,,100,Daily,0,0,0,0,0,Ongoing,"7-day click or 1-day view",,,,,,,0,,,,,
2026-07-27,2026-07-27,"Key Categories | Sales | Advantage+ | SH Campaign",inactive,,,,"Using ad set budget",0,0,0,0,0,0,Ongoing,"7-day click, 1-day view, or 1-day engaged-view",,,,,,,0,,,,,
2026-07-27,2026-07-27,"Customised Workwear | Sales | Advantage+ | SH Campaign",inactive,,,,"Using ad set budget",0,0,0,0,0,0,Ongoing,"7-day click, 1-day view, or 1-day engaged-view",,,,,,,0,,,,,
2026-07-27,2026-07-27,"Ongoing | Retargeting | Sales | Dynamic Abandoned Cart - 30 Days | SH",inactive,,,,6.5,Daily,0,0,0,0,0,Ongoing,"7-day click",,,,,,,0,,,,,
2026-07-27,2026-07-27,"AS 7/1 25 - Purchase - Flexible ad Campaign",inactive,,,,"Using ad set budget",0,0,0,0,0,0,Ongoing,"7-day click, 1-day view, or 1-day engaged-view",,,,,,,0,,,,,
2026-07-27,2026-07-27,"5/6 Michelle Job add - KAM Jylland",inactive,,,,"Using ad set budget",0,0,0,0,0,0,Ongoing,"7-day click or 1-day view",,,,,,,0,,,,,
2026-07-27,2026-07-27,"4/1 2024 - RM - UK Campaign",inactive,,,,100,Daily,0,0,0,0,0,Ongoing,"7-day click",,,,,,,0,,,,,
2026-07-27,2026-07-27,"Ongoing | Prospecting | Sales | Broad | Advantage+ | SH Campaign",inactive,,,,"Using ad set budget",0,0,0,0,0,0,Ongoing,"7-day click or 1-day view",,,,,,,0,,,,,
2026-07-27,2026-07-27,"4/12 2023 - Safety Shoe Sale  Campaign",inactive,,,,"Using ad set budget",0,0,0,0,0,0,Ongoing,"7-day click or 1-day view",,,,,,,0,,,,,
2026-07-27,2026-07-27,"11/10 2023 - Advantage+ shopping campaign Campaign",inactive,,,,"Using ad set budget",0,0,0,0,0,0,Ongoing,"7-day click or 1-day view",,,,,,,0,,,,,
2026-07-27,2026-07-27,"19/7 2023 - MPA RM campaign",inactive,,,,"Using ad set budget",0,0,0,0,0,0,Ongoing,"7-day click or 1-day view",,,,,,,0,,,,,
2026-07-27,2026-07-27,"11/7 2023 - Sales campaign Women - UK MPA",inactive,,,,"Using ad set budget",0,0,0,0,0,0,Ongoing,"7-day click or 1-day view",,,,,,,0,,,,,
2026-07-27,2026-07-27,"23/6 2023 - Sales campaign - UK MPA",inactive,,,,"Using ad set budget",0,0,0,0,0,0,Ongoing,"7-day click or 1-day view",,,,,,,0,,,,,
2026-07-27,2026-07-27,"19/6 2023 - Sales collection video",inactive,,,,"Using ad set budget",0,0,0,0,0,0,Ongoing,"7-day click or 1-day view",,,,,,,0,,,,,
2026-07-27,2026-07-27,"12/5 2023 - Sales campaign - UK MPA",inactive,,,,"Using ad set budget",0,0,0,0,0,0,Ongoing,"7-day click or 1-day view",,,,,,,0,,,,,
2026-07-27,2026-07-27,"8/5 Veltuff - Broad - custom - UK sales",inactive,,,,"Using ad set budget",0,0,0,0,0,0,Ongoing,"7-day click or 1-day view",,,,,,,0,,,,,
2026-07-27,2026-07-27,"3/5 Veltuff - Prospecting Campaign - Sales",inactive,,,,"Using ad set budget",0,0,0,0,0,0,Ongoing,"7-day click or 1-day view",,,,,,,0,,,,,
2026-07-27,2026-07-27,"11/4 Veltuff - Broad - custom - UK sales",inactive,,,,"Using ad set budget",0,0,0,0,0,0,Ongoing,"7-day click or 1-day view",,,,,,,0,,,,,
2026-07-27,2026-07-27,"28/3 Veltuff - Broad - custom - UK RM",inactive,,,,"Using ad set budget",0,0,0,0,0,0,Ongoing,"7-day click or 1-day view",,,,,,,0,,,,,
2026-07-27,2026-07-27,"23/3 Veltuff - Broad - custom - UK sales",inactive,,,,"Using ad set budget",0,0,0,0,0,0,Ongoing,"7-day click or 1-day view",,,,,,,0,,,,,
2026-07-27,2026-07-27,"17/3 Veltuff - Broad - custom - UK sales",inactive,,,,"Using ad set budget",0,0,0,0,0,0,Ongoing,"7-day click or 1-day view",,,,,,,0,,,,,
2026-07-27,2026-07-27,"AS - Prospecting Campaign JAN2023 - SALE - Copy",inactive,,,,"Using ad set budget",0,0,0,0,0,0,Ongoing,"7-day click or 1-day view",,,,,,,0,,,,,
2026-07-27,2026-07-27,"AS - Prospecting Campaign Dec2022",inactive,,,,"Using ad set budget",0,0,0,0,0,0,Ongoing,"7-day click or 1-day view",,,,,,,0,,,,,
2026-07-27,2026-07-27,"AS - RMKT - DEC 2022",inactive,,,,50,Daily,0,0,0,0,0,Ongoing,"7-day click or 1-day view",,,,,,,0,,,,,
2026-07-27,2026-07-27,"Website Retargeting - 2022",inactive,,,,"Using ad set budget",0,0,0,0,0,0,Ongoing,"1-day click",,,,,,,0,,,,,
2026-07-26,2026-07-26,"VD | Sales | Seasonal Best Sellers | DPA",active,,,,506,Daily,0,0,0,0,0,Ongoing,"7-day click or 1-day view",,,,,,,0,,,,,
2026-07-26,2026-07-26,"VD | Sales | Trousers | DPA",active,,,,174,Daily,0,0,0,0,0,Ongoing,"7-day click or 1-day view",,,,,,,0,,,,,
2026-07-26,2026-07-26,"VD | Broad | Awareness",active,16516,reach,6.80673287,196,Daily,112.42,16990,16516,1.028699,6.616833,Ongoing,"7-day click or 1-day view",,,,,9,0.052972,6.245556,157,4,,,7
2026-07-26,2026-07-26,"VD | Retargeting | DPA Broad Remarket",inactive,,,,44,Daily,0,0,0,0,0,Ongoing,"7-day click",,,,,,,0,,,,,
2026-07-26,2026-07-26,"VD | Retargeting | DPA",active,1,actions:offsite_conversion.fb_pixel_purchase,233.99,370,Daily,233.99,4957,2880,1.721181,47.203954,Ongoing,"7-day click",2.44019,1,570.98,action_values:offsite_conversion.fb_pixel_purchase,88,1.775267,2.146697,94,70,13,1,2
2026-07-26,2026-07-26,"VD | Retargeting | DPA Campaign | Sales",inactive,,,,145,Daily,0,0,0,0,0,Ongoing,"7-day click",,,,,,,0,,,,,
2026-07-26,2026-07-26,"VD | Broad | Prospecting | Sales",active,5,actions:offsite_conversion.fb_pixel_purchase,100.488,370,Daily,502.44,9603,6167,1.557159,52.32115,Ongoing,"7-day click",3.932489,5,1975.84,action_values:offsite_conversion.fb_pixel_purchase,216,2.249297,1.833723,1209,195,20,12,221
2026-07-26,2026-07-26,"WinterSale | Prospecting | Sales | Advantage+",inactive,,,,"Using ad set budget",0,0,0,0,0,0,Ongoing,"7-day click",,,,,,,0,,,,,
2026-07-26,2026-07-26,"Ongoing | Sales | ProTex1 | Advantage+ | SH",active,,,,327,Daily,0,0,0,0,0,Ongoing,"7-day click or 1-day view",,,,,,,0,,,,,
2026-07-26,2026-07-26,"Ongoing | Sales | Hi-Vis Only | Advantage+ | SH",active,5,actions:offsite_conversion.fb_pixel_purchase,42.786,300,Daily,213.93,5142,2934,1.752556,41.604434,Ongoing,"7-day click or 1-day view",7.250549,5,1551.11,action_values:offsite_conversion.fb_pixel_purchase,82,1.59471,2.275851,89,80,10,6,1
2026-07-26,2026-07-26,"Customised Workwear | Awareness | Advantage+ | SH Campaign – Copy",inactive,,,,100,Daily,0,0,0,0,0,Ongoing,"7-day click or 1-day view",,,,,,,0,,,,,
2026-07-26,2026-07-26,"Key Categories | Sales | Advantage+ | SH Campaign",inactive,,,,"Using ad set budget",0,0,0,0,0,0,Ongoing,"7-day click, 1-day view, or 1-day engaged-view",,,,,,,0,,,,,
2026-07-26,2026-07-26,"Customised Workwear | Sales | Advantage+ | SH Campaign",inactive,,,,"Using ad set budget",0,0,0,0,0,0,Ongoing,"7-day click, 1-day view, or 1-day engaged-view",,,,,,,0,,,,,
2026-07-26,2026-07-26,"Ongoing | Retargeting | Sales | Dynamic Abandoned Cart - 30 Days | SH",inactive,,,,6.5,Daily,0,0,0,0,0,Ongoing,"7-day click",,,,,,,0,,,,,
2026-07-26,2026-07-26,"AS 7/1 25 - Purchase - Flexible ad Campaign",inactive,,,,"Using ad set budget",0,0,0,0,0,0,Ongoing,"7-day click, 1-day view, or 1-day engaged-view",,,,,,,0,,,,,
2026-07-26,2026-07-26,"5/6 Michelle Job add - KAM Jylland",inactive,,,,"Using ad set budget",0,0,0,0,0,0,Ongoing,"7-day click or 1-day view",,,,,,,0,,,,,
2026-07-26,2026-07-26,"4/1 2024 - RM - UK Campaign",inactive,,,,100,Daily,0,0,0,0,0,Ongoing,"7-day click",,,,,,,0,,,,,
2026-07-26,2026-07-26,"Ongoing | Prospecting | Sales | Broad | Advantage+ | SH Campaign",inactive,,,,"Using ad set budget",0,0,0,0,0,0,Ongoing,"7-day click or 1-day view",,,,,,,0,,,,,
2026-07-26,2026-07-26,"4/12 2023 - Safety Shoe Sale  Campaign",inactive,,,,"Using ad set budget",0,0,0,0,0,0,Ongoing,"7-day click or 1-day view",,,,,,,0,,,,,
2026-07-26,2026-07-26,"11/10 2023 - Advantage+ shopping campaign Campaign",inactive,,,,"Using ad set budget",0,0,0,0,0,0,Ongoing,"7-day click or 1-day view",,,,,,,0,,,,,
2026-07-26,2026-07-26,"19/7 2023 - MPA RM campaign",inactive,,,,"Using ad set budget",0,0,0,0,0,0,Ongoing,"7-day click or 1-day view",,,,,,,0,,,,,
2026-07-26,2026-07-26,"11/7 2023 - Sales campaign Women - UK MPA",inactive,,,,"Using ad set budget",0,0,0,0,0,0,Ongoing,"7-day click or 1-day view",,,,,,,0,,,,,
2026-07-26,2026-07-26,"23/6 2023 - Sales campaign - UK MPA",inactive,,,,"Using ad set budget",0,0,0,0,0,0,Ongoing,"7-day click or 1-day view",,,,,,,0,,,,,
2026-07-26,2026-07-26,"19/6 2023 - Sales collection video",inactive,,,,"Using ad set budget",0,0,0,0,0,0,Ongoing,"7-day click or 1-day view",,,,,,,0,,,,,
2026-07-26,2026-07-26,"12/5 2023 - Sales campaign - UK MPA",inactive,,,,"Using ad set budget",0,0,0,0,0,0,Ongoing,"7-day click or 1-day view",,,,,,,0,,,,,
2026-07-26,2026-07-26,"8/5 Veltuff - Broad - custom - UK sales",inactive,,,,"Using ad set budget",0,0,0,0,0,0,Ongoing,"7-day click or 1-day view",,,,,,,0,,,,,
2026-07-26,2026-07-26,"3/5 Veltuff - Prospecting Campaign - Sales",inactive,,,,"Using ad set budget",0,0,0,0,0,0,Ongoing,"7-day click or 1-day view",,,,,,,0,,,,,
2026-07-26,2026-07-26,"11/4 Veltuff - Broad - custom - UK sales",inactive,,,,"Using ad set budget",0,0,0,0,0,0,Ongoing,"7-day click or 1-day view",,,,,,,0,,,,,
2026-07-26,2026-07-26,"28/3 Veltuff - Broad - custom - UK RM",inactive,,,,"Using ad set budget",0,0,0,0,0,0,Ongoing,"7-day click or 1-day view",,,,,,,0,,,,,
2026-07-26,2026-07-26,"23/3 Veltuff - Broad - custom - UK sales",inactive,,,,"Using ad set budget",0,0,0,0,0,0,Ongoing,"7-day click or 1-day view",,,,,,,0,,,,,
2026-07-26,2026-07-26,"17/3 Veltuff - Broad - custom - UK sales",inactive,,,,"Using ad set budget",0,0,0,0,0,0,Ongoing,"7-day click or 1-day view",,,,,,,0,,,,,
2026-07-26,2026-07-26,"AS - Prospecting Campaign JAN2023 - SALE - Copy",inactive,,,,"Using ad set budget",0,0,0,0,0,0,Ongoing,"7-day click or 1-day view",,,,,,,0,,,,,
2026-07-26,2026-07-26,"AS - Prospecting Campaign Dec2022",inactive,,,,"Using ad set budget",0,0,0,0,0,0,Ongoing,"7-day click or 1-day view",,,,,,,0,,,,,
2026-07-26,2026-07-26,"AS - RMKT - DEC 2022",inactive,,,,50,Daily,0,0,0,0,0,Ongoing,"7-day click or 1-day view",,,,,,,0,,,,,
2026-07-26,2026-07-26,"Website Retargeting - 2022",inactive,,,,"Using ad set budget",0,0,0,0,0,0,Ongoing,"1-day click",,,,,,,0,,,,,
2026-07-25,2026-07-25,"VD | Sales | Seasonal Best Sellers | DPA",active,,,,506,Daily,0,0,0,0,0,Ongoing,"7-day click or 1-day view",,,,,,,0,,,,,
2026-07-25,2026-07-25,"VD | Sales | Trousers | DPA",active,,,,174,Daily,0,0,0,0,0,Ongoing,"7-day click or 1-day view",,,,,,,0,,,,,
2026-07-25,2026-07-25,"VD | Broad | Awareness",active,12491,reach,7.10191338,196,Daily,88.71,12754,12491,1.021055,6.955465,Ongoing,"7-day click or 1-day view",,,,,10,0.078407,5.544375,173,9,,,12
2026-07-25,2026-07-25,"VD | Retargeting | DPA Broad Remarket",inactive,,,,44,Daily,0,0,0,0,0,Ongoing,"7-day click",,,,,,,0,,,,,
2026-07-25,2026-07-25,"VD | Retargeting | DPA",active,3,actions:offsite_conversion.fb_pixel_purchase,126.29333333,370,Daily,378.88,8649,5670,1.525397,43.80622,Ongoing,"7-day click",2.50132,3,947.7,action_values:offsite_conversion.fb_pixel_purchase,143,1.65337,2.28241,148,138,13,9,
2026-07-25,2026-07-25,"VD | Retargeting | DPA Campaign | Sales",inactive,,,,145,Daily,0,0,0,0,0,Ongoing,"7-day click",,,,,,,0,,,,,
2026-07-25,2026-07-25,"VD | Broad | Prospecting | Sales",active,4,actions:offsite_conversion.fb_pixel_purchase,303.18,370,Daily,1212.72,27910,18859,1.47993,43.451093,Ongoing,"7-day click",1.617496,4,1961.57,action_values:offsite_conversion.fb_pixel_purchase,530,1.898961,1.799288,3827,471,49,17,691
2026-07-25,2026-07-25,"WinterSale | Prospecting | Sales | Advantage+",inactive,,,,"Using ad set budget",0,0,0,0,0,0,Ongoing,"7-day click",,,,,,,0,,,,,
2026-07-25,2026-07-25,"Ongoing | Sales | ProTex1 | Advantage+ | SH",active,,,,327,Daily,0,0,0,0,0,Ongoing,"7-day click or 1-day view",,,,,,,0,,,,,
2026-07-25,2026-07-25,"Ongoing | Sales | Hi-Vis Only | Advantage+ | SH",active,3,actions:offsite_conversion.fb_pixel_purchase,69.25,300,Daily,207.75,5584,3395,1.644772,37.204513,Ongoing,"7-day click or 1-day view",5.048327,3,1048.79,action_values:offsite_conversion.fb_pixel_purchase,69,1.235673,2.564815,70,62,7,2,
2026-07-25,2026-07-25,"Customised Workwear | Awareness | Advantage+ | SH Campaign – Copy",inactive,,,,100,Daily,0,0,0,0,0,Ongoing,"7-day click or 1-day view",,,,,,,0,,,,,
2026-07-25,2026-07-25,"Key Categories | Sales | Advantage+ | SH Campaign",inactive,,,,"Using ad set budget",0,0,0,0,0,0,Ongoing,"7-day click, 1-day view, or 1-day engaged-view",,,,,,,0,,,,,
2026-07-25,2026-07-25,"Customised Workwear | Sales | Advantage+ | SH Campaign",inactive,,,,"Using ad set budget",0,0,0,0,0,0,Ongoing,"7-day click, 1-day view, or 1-day engaged-view",,,,,,,0,,,,,
2026-07-25,2026-07-25,"Ongoing | Retargeting | Sales | Dynamic Abandoned Cart - 30 Days | SH",inactive,,,,6.5,Daily,0,0,0,0,0,Ongoing,"7-day click",,,,,,,0,,,,,
2026-07-25,2026-07-25,"AS 7/1 25 - Purchase - Flexible ad Campaign",inactive,,,,"Using ad set budget",0,0,0,0,0,0,Ongoing,"7-day click, 1-day view, or 1-day engaged-view",,,,,,,0,,,,,
2026-07-25,2026-07-25,"5/6 Michelle Job add - KAM Jylland",inactive,,,,"Using ad set budget",0,0,0,0,0,0,Ongoing,"7-day click or 1-day view",,,,,,,0,,,,,
2026-07-25,2026-07-25,"4/1 2024 - RM - UK Campaign",inactive,,,,100,Daily,0,0,0,0,0,Ongoing,"7-day click",,,,,,,0,,,,,
2026-07-25,2026-07-25,"Ongoing | Prospecting | Sales | Broad | Advantage+ | SH Campaign",inactive,,,,"Using ad set budget",0,0,0,0,0,0,Ongoing,"7-day click or 1-day view",,,,,,,0,,,,,
2026-07-25,2026-07-25,"4/12 2023 - Safety Shoe Sale  Campaign",inactive,,,,"Using ad set budget",0,0,0,0,0,0,Ongoing,"7-day click or 1-day view",,,,,,,0,,,,,
2026-07-25,2026-07-25,"11/10 2023 - Advantage+ shopping campaign Campaign",inactive,,,,"Using ad set budget",0,0,0,0,0,0,Ongoing,"7-day click or 1-day view",,,,,,,0,,,,,
2026-07-25,2026-07-25,"19/7 2023 - MPA RM campaign",inactive,,,,"Using ad set budget",0,0,0,0,0,0,Ongoing,"7-day click or 1-day view",,,,,,,0,,,,,
2026-07-25,2026-07-25,"11/7 2023 - Sales campaign Women - UK MPA",inactive,,,,"Using ad set budget",0,0,0,0,0,0,Ongoing,"7-day click or 1-day view",,,,,,,0,,,,,
2026-07-25,2026-07-25,"23/6 2023 - Sales campaign - UK MPA",inactive,,,,"Using ad set budget",0,0,0,0,0,0,Ongoing,"7-day click or 1-day view",,,,,,,0,,,,,
2026-07-25,2026-07-25,"19/6 2023 - Sales collection video",inactive,,,,"Using ad set budget",0,0,0,0,0,0,Ongoing,"7-day click or 1-day view",,,,,,,0,,,,,
2026-07-25,2026-07-25,"12/5 2023 - Sales campaign - UK MPA",inactive,,,,"Using ad set budget",0,0,0,0,0,0,Ongoing,"7-day click or 1-day view",,,,,,,0,,,,,
2026-07-25,2026-07-25,"8/5 Veltuff - Broad - custom - UK sales",inactive,,,,"Using ad set budget",0,0,0,0,0,0,Ongoing,"7-day click or 1-day view",,,,,,,0,,,,,
2026-07-25,2026-07-25,"3/5 Veltuff - Prospecting Campaign - Sales",inactive,,,,"Using ad set budget",0,0,0,0,0,0,Ongoing,"7-day click or 1-day view",,,,,,,0,,,,,
2026-07-25,2026-07-25,"11/4 Veltuff - Broad - custom - UK sales",inactive,,,,"Using ad set budget",0,0,0,0,0,0,Ongoing,"7-day click or 1-day view",,,,,,,0,,,,,
2026-07-25,2026-07-25,"28/3 Veltuff - Broad - custom - UK RM",inactive,,,,"Using ad set budget",0,0,0,0,0,0,Ongoing,"7-day click or 1-day view",,,,,,,0,,,,,
2026-07-25,2026-07-25,"23/3 Veltuff - Broad - custom - UK sales",inactive,,,,"Using ad set budget",0,0,0,0,0,0,Ongoing,"7-day click or 1-day view",,,,,,,0,,,,,
2026-07-25,2026-07-25,"17/3 Veltuff - Broad - custom - UK sales",inactive,,,,"Using ad set budget",0,0,0,0,0,0,Ongoing,"7-day click or 1-day view",,,,,,,0,,,,,
2026-07-25,2026-07-25,"AS - Prospecting Campaign JAN2023 - SALE - Copy",inactive,,,,"Using ad set budget",0,0,0,0,0,0,Ongoing,"7-day click or 1-day view",,,,,,,0,,,,,
2026-07-25,2026-07-25,"AS - Prospecting Campaign Dec2022",inactive,,,,"Using ad set budget",0,0,0,0,0,0,Ongoing,"7-day click or 1-day view",,,,,,,0,,,,,
2026-07-25,2026-07-25,"AS - RMKT - DEC 2022",inactive,,,,50,Daily,0,0,0,0,0,Ongoing,"7-day click or 1-day view",,,,,,,0,,,,,
2026-07-25,2026-07-25,"Website Retargeting - 2022",inactive,,,,"Using ad set budget",0,0,0,0,0,0,Ongoing,"1-day click",,,,,,,0,,,,,
2026-07-24,2026-07-24,"VD | Sales | Seasonal Best Sellers | DPA",active,,,,506,Daily,0,0,0,0,0,Ongoing,"7-day click or 1-day view",,,,,,,0,,,,,
2026-07-24,2026-07-24,"VD | Sales | Trousers | DPA",active,,,,174,Daily,0,0,0,0,0,Ongoing,"7-day click or 1-day view",,,,,,,0,,,,,
2026-07-24,2026-07-24,"VD | Broad | Awareness",active,10836,reach,7.18807678,196,Daily,77.89,11014,10836,1.016427,7.071908,Ongoing,"7-day click or 1-day view",,,,,14,0.127111,3.540455,83,13,,,8
2026-07-24,2026-07-24,"VD | Retargeting | DPA Broad Remarket",inactive,,,,44,Daily,0,0,0,0,0,Ongoing,"7-day click",,,,,,,0,,,,,
2026-07-24,2026-07-24,"VD | Retargeting | DPA",active,2,actions:offsite_conversion.fb_pixel_purchase,133.925,370,Daily,267.85,6302,4162,1.514176,42.50238,Ongoing,"7-day click",1.898936,2,508.63,action_values:offsite_conversion.fb_pixel_purchase,107,1.697874,1.984074,114,87,5,3,1
2026-07-24,2026-07-24,"VD | Retargeting | DPA Campaign | Sales",inactive,,,,145,Daily,0,0,0,0,0,Ongoing,"7-day click",,,,,,,0,,,,,
2026-07-24,2026-07-24,"VD | Broad | Prospecting | Sales",active,3,actions:offsite_conversion.fb_pixel_purchase,200.71666667,370,Daily,602.15,14130,9373,1.507522,42.615004,Ongoing,"7-day click",2.506468,3,1509.27,action_values:offsite_conversion.fb_pixel_purchase,222,1.571125,2.01388,1472,192,25,9,234
2026-07-24,2026-07-24,"WinterSale | Prospecting | Sales | Advantage+",inactive,,,,"Using ad set budget",0,0,0,0,0,0,Ongoing,"7-day click",,,,,,,0,,,,,
2026-07-24,2026-07-24,"Ongoing | Sales | ProTex1 | Advantage+ | SH",active,,,,327,Daily,0,0,0,0,0,Ongoing,"7-day click or 1-day view",,,,,,,0,,,,,
2026-07-24,2026-07-24,"Ongoing | Sales | Hi-Vis Only | Advantage+ | SH",active,3,actions:offsite_conversion.fb_pixel_purchase,62.55333333,300,Daily,187.66,5413,3140,1.723885,34.668391,Ongoing,"7-day click or 1-day view",5.679474,3,1065.81,action_values:offsite_conversion.fb_pixel_purchase,79,1.459449,2.157011,81,66,14,4,
2026-07-24,2026-07-24,"Customised Workwear | Awareness | Advantage+ | SH Campaign – Copy",inactive,,,,100,Daily,0,0,0,0,0,Ongoing,"7-day click or 1-day view",,,,,,,0,,,,,
2026-07-24,2026-07-24,"Key Categories | Sales | Advantage+ | SH Campaign",inactive,,,,"Using ad set budget",0,0,0,0,0,0,Ongoing,"7-day click, 1-day view, or 1-day engaged-view",,,,,,,0,,,,,
2026-07-24,2026-07-24,"Customised Workwear | Sales | Advantage+ | SH Campaign",inactive,,,,"Using ad set budget",0,0,0,0,0,0,Ongoing,"7-day click, 1-day view, or 1-day engaged-view",,,,,,,0,,,,,
2026-07-24,2026-07-24,"Ongoing | Retargeting | Sales | Dynamic Abandoned Cart - 30 Days | SH",inactive,,,,6.5,Daily,0,0,0,0,0,Ongoing,"7-day click",,,,,,,0,,,,,
2026-07-24,2026-07-24,"AS 7/1 25 - Purchase - Flexible ad Campaign",inactive,,,,"Using ad set budget",0,0,0,0,0,0,Ongoing,"7-day click, 1-day view, or 1-day engaged-view",,,,,,,0,,,,,
2026-07-24,2026-07-24,"5/6 Michelle Job add - KAM Jylland",inactive,,,,"Using ad set budget",0,0,0,0,0,0,Ongoing,"7-day click or 1-day view",,,,,,,0,,,,,
2026-07-24,2026-07-24,"4/1 2024 - RM - UK Campaign",inactive,,,,100,Daily,0,0,0,0,0,Ongoing,"7-day click",,,,,,,0,,,,,
2026-07-24,2026-07-24,"Ongoing | Prospecting | Sales | Broad | Advantage+ | SH Campaign",inactive,,,,"Using ad set budget",0,0,0,0,0,0,Ongoing,"7-day click or 1-day view",,,,,,,0,,,,,
2026-07-24,2026-07-24,"4/12 2023 - Safety Shoe Sale  Campaign",inactive,,,,"Using ad set budget",0,0,0,0,0,0,Ongoing,"7-day click or 1-day view",,,,,,,0,,,,,
2026-07-24,2026-07-24,"11/10 2023 - Advantage+ shopping campaign Campaign",inactive,,,,"Using ad set budget",0,0,0,0,0,0,Ongoing,"7-day click or 1-day view",,,,,,,0,,,,,
2026-07-24,2026-07-24,"19/7 2023 - MPA RM campaign",inactive,,,,"Using ad set budget",0,0,0,0,0,0,Ongoing,"7-day click or 1-day view",,,,,,,0,,,,,
2026-07-24,2026-07-24,"11/7 2023 - Sales campaign Women - UK MPA",inactive,,,,"Using ad set budget",0,0,0,0,0,0,Ongoing,"7-day click or 1-day view",,,,,,,0,,,,,
2026-07-24,2026-07-24,"23/6 2023 - Sales campaign - UK MPA",inactive,,,,"Using ad set budget",0,0,0,0,0,0,Ongoing,"7-day click or 1-day view",,,,,,,0,,,,,
2026-07-24,2026-07-24,"19/6 2023 - Sales collection video",inactive,,,,"Using ad set budget",0,0,0,0,0,0,Ongoing,"7-day click or 1-day view",,,,,,,0,,,,,
2026-07-24,2026-07-24,"12/5 2023 - Sales campaign - UK MPA",inactive,,,,"Using ad set budget",0,0,0,0,0,0,Ongoing,"7-day click or 1-day view",,,,,,,0,,,,,
2026-07-24,2026-07-24,"8/5 Veltuff - Broad - custom - UK sales",inactive,,,,"Using ad set budget",0,0,0,0,0,0,Ongoing,"7-day click or 1-day view",,,,,,,0,,,,,
2026-07-24,2026-07-24,"3/5 Veltuff - Prospecting Campaign - Sales",inactive,,,,"Using ad set budget",0,0,0,0,0,0,Ongoing,"7-day click or 1-day view",,,,,,,0,,,,,
2026-07-24,2026-07-24,"11/4 Veltuff - Broad - custom - UK sales",inactive,,,,"Using ad set budget",0,0,0,0,0,0,Ongoing,"7-day click or 1-day view",,,,,,,0,,,,,
2026-07-24,2026-07-24,"28/3 Veltuff - Broad - custom - UK RM",inactive,,,,"Using ad set budget",0,0,0,0,0,0,Ongoing,"7-day click or 1-day view",,,,,,,0,,,,,
2026-07-24,2026-07-24,"23/3 Veltuff - Broad - custom - UK sales",inactive,,,,"Using ad set budget",0,0,0,0,0,0,Ongoing,"7-day click or 1-day view",,,,,,,0,,,,,
2026-07-24,2026-07-24,"17/3 Veltuff - Broad - custom - UK sales",inactive,,,,"Using ad set budget",0,0,0,0,0,0,Ongoing,"7-day click or 1-day view",,,,,,,0,,,,,
2026-07-24,2026-07-24,"AS - Prospecting Campaign JAN2023 - SALE - Copy",inactive,,,,"Using ad set budget",0,0,0,0,0,0,Ongoing,"7-day click or 1-day view",,,,,,,0,,,,,
2026-07-24,2026-07-24,"AS - Prospecting Campaign Dec2022",inactive,,,,"Using ad set budget",0,0,0,0,0,0,Ongoing,"7-day click or 1-day view",,,,,,,0,,,,,
2026-07-24,2026-07-24,"AS - RMKT - DEC 2022",inactive,,,,50,Daily,0,0,0,0,0,Ongoing,"7-day click or 1-day view",,,,,,,0,,,,,
2026-07-24,2026-07-24,"Website Retargeting - 2022",inactive,,,,"Using ad set budget",0,0,0,0,0,0,Ongoing,"1-day click",,,,,,,0,,,,,
2026-07-23,2026-07-23,"VD | Sales | Seasonal Best Sellers | DPA",active,,,,506,Daily,0,0,0,0,0,Ongoing,"7-day click or 1-day view",,,,,,,0,,,,,
2026-07-23,2026-07-23,"VD | Sales | Trousers | DPA",active,,,,174,Daily,0,0,0,0,0,Ongoing,"7-day click or 1-day view",,,,,,,0,,,,,
2026-07-23,2026-07-23,"VD | Broad | Awareness",active,30554,reach,4.5741965,196,Daily,139.76,31059,30554,1.016528,4.499823,Ongoing,"7-day click or 1-day view",,,,,26,0.083712,4.658667,226,15,,,16
2026-07-23,2026-07-23,"VD | Retargeting | DPA Broad Remarket",inactive,,,,44,Daily,0,0,0,0,0,Ongoing,"7-day click",,,,,,,0,,,,,
2026-07-23,2026-07-23,"VD | Retargeting | DPA",active,2,actions:offsite_conversion.fb_pixel_purchase,118.23,370,Daily,236.46,5781,3587,1.611653,40.902958,Ongoing,"7-day click",4.064451,2,961.08,action_values:offsite_conversion.fb_pixel_purchase,78,1.349248,2.515532,81,65,5,2,1
2026-07-23,2026-07-23,"VD | Retargeting | DPA Campaign | Sales",inactive,,,,145,Daily,0,0,0,0,0,Ongoing,"7-day click",,,,,,,0,,,,,
2026-07-23,2026-07-23,"VD | Broad | Prospecting | Sales",active,5,actions:offsite_conversion.fb_pixel_purchase,89.37,370,Daily,446.85,10188,6836,1.490345,43.860424,Ongoing,"7-day click",4.773682,5,2133.12,action_values:offsite_conversion.fb_pixel_purchase,198,1.943463,1.823878,1125,163,18,6,188
2026-07-23,2026-07-23,"WinterSale | Prospecting | Sales | Advantage+",inactive,,,,"Using ad set budget",0,0,0,0,0,0,Ongoing,"7-day click",,,,,,,0,,,,,
2026-07-23,2026-07-23,"Ongoing | Sales | ProTex1 | Advantage+ | SH",active,,,,327,Daily,0,0,0,0,0,Ongoing,"7-day click or 1-day view",,,,,,,0,,,3,2,
2026-07-23,2026-07-23,"Ongoing | Sales | Hi-Vis Only | Advantage+ | SH",active,3,actions:offsite_conversion.fb_pixel_purchase,59.15333333,300,Daily,177.46,4738,2880,1.645139,37.454622,Ongoing,"7-day click or 1-day view",15.675082,3,2781.7,action_values:offsite_conversion.fb_pixel_purchase,54,1.139721,2.648657,57,50,17,5,1
2026-07-23,2026-07-23,"Customised Workwear | Awareness | Advantage+ | SH Campaign – Copy",inactive,,,,100,Daily,0,0,0,0,0,Ongoing,"7-day click or 1-day view",,,,,,,0,,,,,
2026-07-23,2026-07-23,"Key Categories | Sales | Advantage+ | SH Campaign",inactive,,,,"Using ad set budget",0,0,0,0,0,0,Ongoing,"7-day click, 1-day view, or 1-day engaged-view",,,,,,,0,,,,,
2026-07-23,2026-07-23,"Customised Workwear | Sales | Advantage+ | SH Campaign",inactive,,,,"Using ad set budget",0,0,0,0,0,0,Ongoing,"7-day click, 1-day view, or 1-day engaged-view",,,,,,,0,,,,,
2026-07-23,2026-07-23,"Ongoing | Retargeting | Sales | Dynamic Abandoned Cart - 30 Days | SH",inactive,,,,6.5,Daily,0,0,0,0,0,Ongoing,"7-day click",,,,,,,0,,,,,
2026-07-23,2026-07-23,"AS 7/1 25 - Purchase - Flexible ad Campaign",inactive,,,,"Using ad set budget",0,0,0,0,0,0,Ongoing,"7-day click, 1-day view, or 1-day engaged-view",,,,,,,0,,,,,
2026-07-23,2026-07-23,"5/6 Michelle Job add - KAM Jylland",inactive,,,,"Using ad set budget",0,0,0,0,0,0,Ongoing,"7-day click or 1-day view",,,,,,,0,,,,,
2026-07-23,2026-07-23,"4/1 2024 - RM - UK Campaign",inactive,,,,100,Daily,0,0,0,0,0,Ongoing,"7-day click",,,,,,,0,,,,,
2026-07-23,2026-07-23,"Ongoing | Prospecting | Sales | Broad | Advantage+ | SH Campaign",inactive,,,,"Using ad set budget",0,0,0,0,0,0,Ongoing,"7-day click or 1-day view",,,,,,,0,,,,,
2026-07-23,2026-07-23,"4/12 2023 - Safety Shoe Sale  Campaign",inactive,,,,"Using ad set budget",0,0,0,0,0,0,Ongoing,"7-day click or 1-day view",,,,,,,0,,,,,
2026-07-23,2026-07-23,"11/10 2023 - Advantage+ shopping campaign Campaign",inactive,,,,"Using ad set budget",0,0,0,0,0,0,Ongoing,"7-day click or 1-day view",,,,,,,0,,,,,
2026-07-23,2026-07-23,"19/7 2023 - MPA RM campaign",inactive,,,,"Using ad set budget",0,0,0,0,0,0,Ongoing,"7-day click or 1-day view",,,,,,,0,,,,,
2026-07-23,2026-07-23,"11/7 2023 - Sales campaign Women - UK MPA",inactive,,,,"Using ad set budget",0,0,0,0,0,0,Ongoing,"7-day click or 1-day view",,,,,,,0,,,,,
2026-07-23,2026-07-23,"23/6 2023 - Sales campaign - UK MPA",inactive,,,,"Using ad set budget",0,0,0,0,0,0,Ongoing,"7-day click or 1-day view",,,,,,,0,,,,,
2026-07-23,2026-07-23,"19/6 2023 - Sales collection video",inactive,,,,"Using ad set budget",0,0,0,0,0,0,Ongoing,"7-day click or 1-day view",,,,,,,0,,,,,
2026-07-23,2026-07-23,"12/5 2023 - Sales campaign - UK MPA",inactive,,,,"Using ad set budget",0,0,0,0,0,0,Ongoing,"7-day click or 1-day view",,,,,,,0,,,,,
2026-07-23,2026-07-23,"8/5 Veltuff - Broad - custom - UK sales",inactive,,,,"Using ad set budget",0,0,0,0,0,0,Ongoing,"7-day click or 1-day view",,,,,,,0,,,,,
2026-07-23,2026-07-23,"3/5 Veltuff - Prospecting Campaign - Sales",inactive,,,,"Using ad set budget",0,0,0,0,0,0,Ongoing,"7-day click or 1-day view",,,,,,,0,,,,,
2026-07-23,2026-07-23,"11/4 Veltuff - Broad - custom - UK sales",inactive,,,,"Using ad set budget",0,0,0,0,0,0,Ongoing,"7-day click or 1-day view",,,,,,,0,,,,,
2026-07-23,2026-07-23,"28/3 Veltuff - Broad - custom - UK RM",inactive,,,,"Using ad set budget",0,0,0,0,0,0,Ongoing,"7-day click or 1-day view",,,,,,,0,,,,,
2026-07-23,2026-07-23,"23/3 Veltuff - Broad - custom - UK sales",inactive,,,,"Using ad set budget",0,0,0,0,0,0,Ongoing,"7-day click or 1-day view",,,,,,,0,,,,,
2026-07-23,2026-07-23,"17/3 Veltuff - Broad - custom - UK sales",inactive,,,,"Using ad set budget",0,0,0,0,0,0,Ongoing,"7-day click or 1-day view",,,,,,,0,,,,,
2026-07-23,2026-07-23,"AS - Prospecting Campaign JAN2023 - SALE - Copy",inactive,,,,"Using ad set budget",0,0,0,0,0,0,Ongoing,"7-day click or 1-day view",,,,,,,0,,,,,
2026-07-23,2026-07-23,"AS - Prospecting Campaign Dec2022",inactive,,,,"Using ad set budget",0,0,0,0,0,0,Ongoing,"7-day click or 1-day view",,,,,,,0,,,,,
2026-07-23,2026-07-23,"AS - RMKT - DEC 2022",inactive,,,,50,Daily,0,0,0,0,0,Ongoing,"7-day click or 1-day view",,,,,,,0,,,,,
2026-07-23,2026-07-23,"Website Retargeting - 2022",inactive,,,,"Using ad set budget",0,0,0,0,0,0,Ongoing,"1-day click",,,,,,,0,,,,,
2026-07-22,2026-07-22,"VD | Sales | Seasonal Best Sellers | DPA",active,,,,506,Daily,0,0,0,0,0,Ongoing,"7-day click or 1-day view",,,,,,,0,,,,,
2026-07-22,2026-07-22,"VD | Sales | Trousers | DPA",active,,,,174,Daily,0,0,0,0,0,Ongoing,"7-day click or 1-day view",,,,,,,0,,,,,
2026-07-22,2026-07-22,"VD | Broad | Awareness",active,12264,reach,7.15834964,196,Daily,87.79,13074,12264,1.066047,6.714854,Ongoing,"7-day click or 1-day view",,,,,6,0.045893,5.486875,210,1,,,13
2026-07-22,2026-07-22,"VD | Retargeting | DPA Broad Remarket",inactive,,,,44,Daily,0,0,0,0,0,Ongoing,"7-day click",,,,,,,0,,,,,
2026-07-22,2026-07-22,"VD | Retargeting | DPA",active,1,actions:offsite_conversion.fb_pixel_purchase,179.79,370,Daily,179.79,4647,3039,1.529121,38.689477,Ongoing,"7-day click",2.063074,1,370.92,action_values:offsite_conversion.fb_pixel_purchase,62,1.334194,2.429595,64,54,7,2,1
2026-07-22,2026-07-22,"VD | Retargeting | DPA Campaign | Sales",inactive,,,,145,Daily,0,0,0,0,0,Ongoing,"7-day click",,,,,,,0,,,,,
2026-07-22,2026-07-22,"VD | Broad | Prospecting | Sales",active,1,actions:offsite_conversion.fb_pixel_purchase,472.81,370,Daily,472.81,10435,6781,1.538859,45.310014,Ongoing,"7-day click",0.536114,1,253.48,action_values:offsite_conversion.fb_pixel_purchase,190,1.820795,2.046797,1015,170,6,4,176
2026-07-22,2026-07-22,"WinterSale | Prospecting | Sales | Advantage+",inactive,,,,"Using ad set budget",0,0,0,0,0,0,Ongoing,"7-day click",,,,,,,0,,,,,
2026-07-22,2026-07-22,"Ongoing | Sales | ProTex1 | Advantage+ | SH",active,,,,327,Daily,0,0,0,0,0,Ongoing,"7-day click or 1-day view",,,,,,,0,,,,,
2026-07-22,2026-07-22,"Ongoing | Sales | Hi-Vis Only | Advantage+ | SH",active,,,,300,Daily,195.49,5527,3295,1.67739,35.370002,Ongoing,"7-day click or 1-day view",,,,,78,1.411254,2.196517,78,72,1,,
2026-07-22,2026-07-22,"Customised Workwear | Awareness | Advantage+ | SH Campaign – Copy",inactive,,,,100,Daily,0,0,0,0,0,Ongoing,"7-day click or 1-day view",,,,,,,0,,,,,
2026-07-22,2026-07-22,"Key Categories | Sales | Advantage+ | SH Campaign",inactive,,,,"Using ad set budget",0,0,0,0,0,0,Ongoing,"7-day click, 1-day view, or 1-day engaged-view",,,,,,,0,,,,,
2026-07-22,2026-07-22,"Customised Workwear | Sales | Advantage+ | SH Campaign",inactive,,,,"Using ad set budget",0,0,0,0,0,0,Ongoing,"7-day click, 1-day view, or 1-day engaged-view",,,,,,,0,,,,,
2026-07-22,2026-07-22,"Ongoing | Retargeting | Sales | Dynamic Abandoned Cart - 30 Days | SH",inactive,,,,6.5,Daily,0,0,0,0,0,Ongoing,"7-day click",,,,,,,0,,,,,
2026-07-22,2026-07-22,"AS 7/1 25 - Purchase - Flexible ad Campaign",inactive,,,,"Using ad set budget",0,0,0,0,0,0,Ongoing,"7-day click, 1-day view, or 1-day engaged-view",,,,,,,0,,,,,
2026-07-22,2026-07-22,"5/6 Michelle Job add - KAM Jylland",inactive,,,,"Using ad set budget",0,0,0,0,0,0,Ongoing,"7-day click or 1-day view",,,,,,,0,,,,,
2026-07-22,2026-07-22,"4/1 2024 - RM - UK Campaign",inactive,,,,100,Daily,0,0,0,0,0,Ongoing,"7-day click",,,,,,,0,,,,,
2026-07-22,2026-07-22,"Ongoing | Prospecting | Sales | Broad | Advantage+ | SH Campaign",inactive,,,,"Using ad set budget",0,0,0,0,0,0,Ongoing,"7-day click or 1-day view",,,,,,,0,,,,,
2026-07-22,2026-07-22,"4/12 2023 - Safety Shoe Sale  Campaign",inactive,,,,"Using ad set budget",0,0,0,0,0,0,Ongoing,"7-day click or 1-day view",,,,,,,0,,,,,
2026-07-22,2026-07-22,"11/10 2023 - Advantage+ shopping campaign Campaign",inactive,,,,"Using ad set budget",0,0,0,0,0,0,Ongoing,"7-day click or 1-day view",,,,,,,0,,,,,
2026-07-22,2026-07-22,"19/7 2023 - MPA RM campaign",inactive,,,,"Using ad set budget",0,0,0,0,0,0,Ongoing,"7-day click or 1-day view",,,,,,,0,,,,,
2026-07-22,2026-07-22,"11/7 2023 - Sales campaign Women - UK MPA",inactive,,,,"Using ad set budget",0,0,0,0,0,0,Ongoing,"7-day click or 1-day view",,,,,,,0,,,,,
2026-07-22,2026-07-22,"23/6 2023 - Sales campaign - UK MPA",inactive,,,,"Using ad set budget",0,0,0,0,0,0,Ongoing,"7-day click or 1-day view",,,,,,,0,,,,,
2026-07-22,2026-07-22,"19/6 2023 - Sales collection video",inactive,,,,"Using ad set budget",0,0,0,0,0,0,Ongoing,"7-day click or 1-day view",,,,,,,0,,,,,
2026-07-22,2026-07-22,"12/5 2023 - Sales campaign - UK MPA",inactive,,,,"Using ad set budget",0,0,0,0,0,0,Ongoing,"7-day click or 1-day view",,,,,,,0,,,,,
2026-07-22,2026-07-22,"8/5 Veltuff - Broad - custom - UK sales",inactive,,,,"Using ad set budget",0,0,0,0,0,0,Ongoing,"7-day click or 1-day view",,,,,,,0,,,,,
2026-07-22,2026-07-22,"3/5 Veltuff - Prospecting Campaign - Sales",inactive,,,,"Using ad set budget",0,0,0,0,0,0,Ongoing,"7-day click or 1-day view",,,,,,,0,,,,,
2026-07-22,2026-07-22,"11/4 Veltuff - Broad - custom - UK sales",inactive,,,,"Using ad set budget",0,0,0,0,0,0,Ongoing,"7-day click or 1-day view",,,,,,,0,,,,,
2026-07-22,2026-07-22,"28/3 Veltuff - Broad - custom - UK RM",inactive,,,,"Using ad set budget",0,0,0,0,0,0,Ongoing,"7-day click or 1-day view",,,,,,,0,,,,,
2026-07-22,2026-07-22,"23/3 Veltuff - Broad - custom - UK sales",inactive,,,,"Using ad set budget",0,0,0,0,0,0,Ongoing,"7-day click or 1-day view",,,,,,,0,,,,,
2026-07-22,2026-07-22,"17/3 Veltuff - Broad - custom - UK sales",inactive,,,,"Using ad set budget",0,0,0,0,0,0,Ongoing,"7-day click or 1-day view",,,,,,,0,,,,,
2026-07-22,2026-07-22,"AS - Prospecting Campaign JAN2023 - SALE - Copy",inactive,,,,"Using ad set budget",0,0,0,0,0,0,Ongoing,"7-day click or 1-day view",,,,,,,0,,,,,
2026-07-22,2026-07-22,"AS - Prospecting Campaign Dec2022",inactive,,,,"Using ad set budget",0,0,0,0,0,0,Ongoing,"7-day click or 1-day view",,,,,,,0,,,,,
2026-07-22,2026-07-22,"AS - RMKT - DEC 2022",inactive,,,,50,Daily,0,0,0,0,0,Ongoing,"7-day click or 1-day view",,,,,,,0,,,,,
2026-07-22,2026-07-22,"Website Retargeting - 2022",inactive,,,,"Using ad set budget",0,0,0,0,0,0,Ongoing,"1-day click",,,,,,,0,,,,,
2026-07-21,2026-07-21,"VD | Sales | Seasonal Best Sellers | DPA",active,,,,506,Daily,0,0,0,0,0,Ongoing,"7-day click or 1-day view",,,,,,,0,,,,,
2026-07-21,2026-07-21,"VD | Sales | Trousers | DPA",active,,,,174,Daily,0,0,0,0,0,Ongoing,"7-day click or 1-day view",,,,,,,0,,,,,
2026-07-21,2026-07-21,"VD | Broad | Awareness",active,25065,reach,4.99301815,196,Daily,125.15,25736,25065,1.02677,4.862838,Ongoing,"7-day click or 1-day view",,,,,24,0.093255,3.792424,104,13,,,1
2026-07-21,2026-07-21,"VD | Retargeting | DPA Broad Remarket",inactive,,,,44,Daily,0,0,0,0,0,Ongoing,"7-day click",,,,,,,0,,,,,
2026-07-21,2026-07-21,"VD | Retargeting | DPA",active,1,actions:offsite_conversion.fb_pixel_purchase,181.83,370,Daily,181.83,3959,2641,1.499053,45.928265,Ongoing,"7-day click",2.362481,1,429.57,action_values:offsite_conversion.fb_pixel_purchase,71,1.793382,2.09,72,64,12,1,
2026-07-21,2026-07-21,"VD | Retargeting | DPA Campaign | Sales",inactive,,,,145,Daily,0,0,0,0,0,Ongoing,"7-day click",,,,,,,0,,,,,
2026-07-21,2026-07-21,"VD | Broad | Prospecting | Sales",active,3,actions:offsite_conversion.fb_pixel_purchase,214.83,370,Daily,644.49,11282,7377,1.529348,57.12551,Ongoing,"7-day click",1.496796,3,964.67,action_values:offsite_conversion.fb_pixel_purchase,226,2.003191,2.237813,1543,197,28,7,278
2026-07-21,2026-07-21,"WinterSale | Prospecting | Sales | Advantage+",inactive,,,,"Using ad set budget",0,0,0,0,0,0,Ongoing,"7-day click",,,,,,,0,,,,,
2026-07-21,2026-07-21,"Ongoing | Sales | ProTex1 | Advantage+ | SH",active,2,actions:offsite_conversion.fb_pixel_purchase,46.215,327,Daily,92.43,2439,1617,1.508349,37.896679,Ongoing,"7-day click or 1-day view",16.201883,2,1497.54,action_values:offsite_conversion.fb_pixel_purchase,21,0.861009,3.555,22,19,15,3,
2026-07-21,2026-07-21,"Ongoing | Sales | Hi-Vis Only | Advantage+ | SH",active,2,actions:offsite_conversion.fb_pixel_purchase,108.21,300,Daily,216.42,5613,3431,1.635966,38.556921,Ongoing,"7-day click or 1-day view",4.221745,2,913.67,action_values:offsite_conversion.fb_pixel_purchase,96,1.710315,1.985505,101,96,15,2,1
2026-07-21,2026-07-21,"Customised Workwear | Awareness | Advantage+ | SH Campaign – Copy",inactive,,,,100,Daily,0,0,0,0,0,Ongoing,"7-day click or 1-day view",,,,,,,0,,,,,
2026-07-21,2026-07-21,"Key Categories | Sales | Advantage+ | SH Campaign",inactive,,,,"Using ad set budget",0,0,0,0,0,0,Ongoing,"7-day click, 1-day view, or 1-day engaged-view",,,,,,,0,,,,,
2026-07-21,2026-07-21,"Customised Workwear | Sales | Advantage+ | SH Campaign",inactive,,,,"Using ad set budget",0,0,0,0,0,0,Ongoing,"7-day click, 1-day view, or 1-day engaged-view",,,,,,,0,,,,,
2026-07-21,2026-07-21,"Ongoing | Retargeting | Sales | Dynamic Abandoned Cart - 30 Days | SH",inactive,,,,6.5,Daily,0,0,0,0,0,Ongoing,"7-day click",,,,,,,0,,,,,
2026-07-21,2026-07-21,"AS 7/1 25 - Purchase - Flexible ad Campaign",inactive,,,,"Using ad set budget",0,0,0,0,0,0,Ongoing,"7-day click, 1-day view, or 1-day engaged-view",,,,,,,0,,,,,
2026-07-21,2026-07-21,"5/6 Michelle Job add - KAM Jylland",inactive,,,,"Using ad set budget",0,0,0,0,0,0,Ongoing,"7-day click or 1-day view",,,,,,,0,,,,,
2026-07-21,2026-07-21,"4/1 2024 - RM - UK Campaign",inactive,,,,100,Daily,0,0,0,0,0,Ongoing,"7-day click",,,,,,,0,,,,,
2026-07-21,2026-07-21,"Ongoing | Prospecting | Sales | Broad | Advantage+ | SH Campaign",inactive,,,,"Using ad set budget",0,0,0,0,0,0,Ongoing,"7-day click or 1-day view",,,,,,,0,,,,,
2026-07-21,2026-07-21,"4/12 2023 - Safety Shoe Sale  Campaign",inactive,,,,"Using ad set budget",0,0,0,0,0,0,Ongoing,"7-day click or 1-day view",,,,,,,0,,,,,
2026-07-21,2026-07-21,"11/10 2023 - Advantage+ shopping campaign Campaign",inactive,,,,"Using ad set budget",0,0,0,0,0,0,Ongoing,"7-day click or 1-day view",,,,,,,0,,,,,
2026-07-21,2026-07-21,"19/7 2023 - MPA RM campaign",inactive,,,,"Using ad set budget",0,0,0,0,0,0,Ongoing,"7-day click or 1-day view",,,,,,,0,,,,,
2026-07-21,2026-07-21,"11/7 2023 - Sales campaign Women - UK MPA",inactive,,,,"Using ad set budget",0,0,0,0,0,0,Ongoing,"7-day click or 1-day view",,,,,,,0,,,,,
2026-07-21,2026-07-21,"23/6 2023 - Sales campaign - UK MPA",inactive,,,,"Using ad set budget",0,0,0,0,0,0,Ongoing,"7-day click or 1-day view",,,,,,,0,,,,,
2026-07-21,2026-07-21,"19/6 2023 - Sales collection video",inactive,,,,"Using ad set budget",0,0,0,0,0,0,Ongoing,"7-day click or 1-day view",,,,,,,0,,,,,
2026-07-21,2026-07-21,"12/5 2023 - Sales campaign - UK MPA",inactive,,,,"Using ad set budget",0,0,0,0,0,0,Ongoing,"7-day click or 1-day view",,,,,,,0,,,,,
2026-07-21,2026-07-21,"8/5 Veltuff - Broad - custom - UK sales",inactive,,,,"Using ad set budget",0,0,0,0,0,0,Ongoing,"7-day click or 1-day view",,,,,,,0,,,,,
2026-07-21,2026-07-21,"3/5 Veltuff - Prospecting Campaign - Sales",inactive,,,,"Using ad set budget",0,0,0,0,0,0,Ongoing,"7-day click or 1-day view",,,,,,,0,,,,,
2026-07-21,2026-07-21,"11/4 Veltuff - Broad - custom - UK sales",inactive,,,,"Using ad set budget",0,0,0,0,0,0,Ongoing,"7-day click or 1-day view",,,,,,,0,,,,,
2026-07-21,2026-07-21,"28/3 Veltuff - Broad - custom - UK RM",inactive,,,,"Using ad set budget",0,0,0,0,0,0,Ongoing,"7-day click or 1-day view",,,,,,,0,,,,,
2026-07-21,2026-07-21,"23/3 Veltuff - Broad - custom - UK sales",inactive,,,,"Using ad set budget",0,0,0,0,0,0,Ongoing,"7-day click or 1-day view",,,,,,,0,,,,,
2026-07-21,2026-07-21,"17/3 Veltuff - Broad - custom - UK sales",inactive,,,,"Using ad set budget",0,0,0,0,0,0,Ongoing,"7-day click or 1-day view",,,,,,,0,,,,,
2026-07-21,2026-07-21,"AS - Prospecting Campaign JAN2023 - SALE - Copy",inactive,,,,"Using ad set budget",0,0,0,0,0,0,Ongoing,"7-day click or 1-day view",,,,,,,0,,,,,
2026-07-21,2026-07-21,"AS - Prospecting Campaign Dec2022",inactive,,,,"Using ad set budget",0,0,0,0,0,0,Ongoing,"7-day click or 1-day view",,,,,,,0,,,,,
2026-07-21,2026-07-21,"AS - RMKT - DEC 2022",inactive,,,,50,Daily,0,0,0,0,0,Ongoing,"7-day click or 1-day view",,,,,,,0,,,,,
2026-07-21,2026-07-21,"Website Retargeting - 2022",inactive,,,,"Using ad set budget",0,0,0,0,0,0,Ongoing,"1-day click",,,,,,,0,,,,,
2026-07-20,2026-07-20,"VD | Sales | Seasonal Best Sellers | DPA",active,,,,506,Daily,0,0,0,0,0,Ongoing,"7-day click or 1-day view",,,,,,,0,,,,,
2026-07-20,2026-07-20,"VD | Sales | Trousers | DPA",active,,,,174,Daily,0,0,0,0,0,Ongoing,"7-day click or 1-day view",,,,,,,0,,,,,
2026-07-20,2026-07-20,"VD | Broad | Awareness",active,16895,reach,6.05563776,196,Daily,102.31,17196,16895,1.017816,5.949639,Ongoing,"7-day click or 1-day view",,,,,10,0.058153,4.262917,151,7,,,14
2026-07-20,2026-07-20,"VD | Retargeting | DPA Broad Remarket",inactive,,,,44,Daily,0,0,0,0,0,Ongoing,"7-day click",,,,,,,0,,,,,
2026-07-20,2026-07-20,"VD | Retargeting | DPA",active,1,actions:offsite_conversion.fb_pixel_purchase,146.55,370,Daily,146.55,2848,2029,1.403647,51.457163,Ongoing,"7-day click",4.499966,1,659.47,action_values:offsite_conversion.fb_pixel_purchase,41,1.439607,3.40814,42,38,5,2,1
2026-07-20,2026-07-20,"VD | Retargeting | DPA Campaign | Sales",inactive,,,,145,Daily,0,0,0,0,0,Ongoing,"7-day click",,,,,,,0,,,,,
2026-07-20,2026-07-20,"VD | Broad | Prospecting | Sales",active,3,actions:offsite_conversion.fb_pixel_purchase,238.26,370,Daily,714.78,13367,8795,1.519841,53.473479,Ongoing,"7-day click",1.822841,3,1302.93,action_values:offsite_conversion.fb_pixel_purchase,211,1.578514,2.561935,2010,186,21,7,357
2026-07-20,2026-07-20,"WinterSale | Prospecting | Sales | Advantage+",inactive,,,,"Using ad set budget",0,0,0,0,0,0,Ongoing,"7-day click",,,,,,,0,,,,,
2026-07-20,2026-07-20,"Ongoing | Sales | ProTex1 | Advantage+ | SH",active,3,actions:offsite_conversion.fb_pixel_purchase,66.63666667,327,Daily,199.91,6020,3447,1.746446,33.207641,Ongoing,"7-day click or 1-day view",5.967335,3,1192.93,action_values:offsite_conversion.fb_pixel_purchase,49,0.813953,3.173175,50,42,12,2,
2026-07-20,2026-07-20,"Ongoing | Sales | Hi-Vis Only | Advantage+ | SH",active,1,actions:offsite_conversion.fb_pixel_purchase,188.22,300,Daily,188.22,5019,3409,1.472279,37.501494,Ongoing,"7-day click or 1-day view",1.256668,1,236.53,action_values:offsite_conversion.fb_pixel_purchase,63,1.25523,2.614167,66,54,2,2,
2026-07-20,2026-07-20,"Customised Workwear | Awareness | Advantage+ | SH Campaign – Copy",inactive,,,,100,Daily,0,0,0,0,0,Ongoing,"7-day click or 1-day view",,,,,,,0,,,,,
2026-07-20,2026-07-20,"Key Categories | Sales | Advantage+ | SH Campaign",inactive,,,,"Using ad set budget",0,0,0,0,0,0,Ongoing,"7-day click, 1-day view, or 1-day engaged-view",,,,,,,0,,,,,
2026-07-20,2026-07-20,"Customised Workwear | Sales | Advantage+ | SH Campaign",inactive,,,,"Using ad set budget",0,0,0,0,0,0,Ongoing,"7-day click, 1-day view, or 1-day engaged-view",,,,,,,0,,,,,
2026-07-20,2026-07-20,"Ongoing | Retargeting | Sales | Dynamic Abandoned Cart - 30 Days | SH",inactive,,,,6.5,Daily,0,0,0,0,0,Ongoing,"7-day click",,,,,,,0,,,,,
2026-07-20,2026-07-20,"AS 7/1 25 - Purchase - Flexible ad Campaign",inactive,,,,"Using ad set budget",0,0,0,0,0,0,Ongoing,"7-day click, 1-day view, or 1-day engaged-view",,,,,,,0,,,,,
2026-07-20,2026-07-20,"5/6 Michelle Job add - KAM Jylland",inactive,,,,"Using ad set budget",0,0,0,0,0,0,Ongoing,"7-day click or 1-day view",,,,,,,0,,,,,
2026-07-20,2026-07-20,"4/1 2024 - RM - UK Campaign",inactive,,,,100,Daily,0,0,0,0,0,Ongoing,"7-day click",,,,,,,0,,,,,
2026-07-20,2026-07-20,"Ongoing | Prospecting | Sales | Broad | Advantage+ | SH Campaign",inactive,,,,"Using ad set budget",0,0,0,0,0,0,Ongoing,"7-day click or 1-day view",,,,,,,0,,,,,
2026-07-20,2026-07-20,"4/12 2023 - Safety Shoe Sale  Campaign",inactive,,,,"Using ad set budget",0,0,0,0,0,0,Ongoing,"7-day click or 1-day view",,,,,,,0,,,,,
2026-07-20,2026-07-20,"11/10 2023 - Advantage+ shopping campaign Campaign",inactive,,,,"Using ad set budget",0,0,0,0,0,0,Ongoing,"7-day click or 1-day view",,,,,,,0,,,,,
2026-07-20,2026-07-20,"19/7 2023 - MPA RM campaign",inactive,,,,"Using ad set budget",0,0,0,0,0,0,Ongoing,"7-day click or 1-day view",,,,,,,0,,,,,
2026-07-20,2026-07-20,"11/7 2023 - Sales campaign Women - UK MPA",inactive,,,,"Using ad set budget",0,0,0,0,0,0,Ongoing,"7-day click or 1-day view",,,,,,,0,,,,,
2026-07-20,2026-07-20,"23/6 2023 - Sales campaign - UK MPA",inactive,,,,"Using ad set budget",0,0,0,0,0,0,Ongoing,"7-day click or 1-day view",,,,,,,0,,,,,
2026-07-20,2026-07-20,"19/6 2023 - Sales collection video",inactive,,,,"Using ad set budget",0,0,0,0,0,0,Ongoing,"7-day click or 1-day view",,,,,,,0,,,,,
2026-07-20,2026-07-20,"12/5 2023 - Sales campaign - UK MPA",inactive,,,,"Using ad set budget",0,0,0,0,0,0,Ongoing,"7-day click or 1-day view",,,,,,,0,,,,,
2026-07-20,2026-07-20,"8/5 Veltuff - Broad - custom - UK sales",inactive,,,,"Using ad set budget",0,0,0,0,0,0,Ongoing,"7-day click or 1-day view",,,,,,,0,,,,,
2026-07-20,2026-07-20,"3/5 Veltuff - Prospecting Campaign - Sales",inactive,,,,"Using ad set budget",0,0,0,0,0,0,Ongoing,"7-day click or 1-day view",,,,,,,0,,,,,
2026-07-20,2026-07-20,"11/4 Veltuff - Broad - custom - UK sales",inactive,,,,"Using ad set budget",0,0,0,0,0,0,Ongoing,"7-day click or 1-day view",,,,,,,0,,,,,
2026-07-20,2026-07-20,"28/3 Veltuff - Broad - custom - UK RM",inactive,,,,"Using ad set budget",0,0,0,0,0,0,Ongoing,"7-day click or 1-day view",,,,,,,0,,,,,
2026-07-20,2026-07-20,"23/3 Veltuff - Broad - custom - UK sales",inactive,,,,"Using ad set budget",0,0,0,0,0,0,Ongoing,"7-day click or 1-day view",,,,,,,0,,,,,
2026-07-20,2026-07-20,"17/3 Veltuff - Broad - custom - UK sales",inactive,,,,"Using ad set budget",0,0,0,0,0,0,Ongoing,"7-day click or 1-day view",,,,,,,0,,,,,
2026-07-20,2026-07-20,"AS - Prospecting Campaign JAN2023 - SALE - Copy",inactive,,,,"Using ad set budget",0,0,0,0,0,0,Ongoing,"7-day click or 1-day view",,,,,,,0,,,,,
2026-07-20,2026-07-20,"AS - Prospecting Campaign Dec2022",inactive,,,,"Using ad set budget",0,0,0,0,0,0,Ongoing,"7-day click or 1-day view",,,,,,,0,,,,,
2026-07-20,2026-07-20,"AS - RMKT - DEC 2022",inactive,,,,50,Daily,0,0,0,0,0,Ongoing,"7-day click or 1-day view",,,,,,,0,,,,,
2026-07-20,2026-07-20,"Website Retargeting - 2022",inactive,,,,"Using ad set budget",0,0,0,0,0,0,Ongoing,"1-day click",,,,,,,0,,,,,
2026-07-19,2026-07-19,"VD | Sales | Seasonal Best Sellers | DPA",active,,,,506,Daily,0,0,0,0,0,Ongoing,"7-day click or 1-day view",,,,,,,0,,,,,
2026-07-19,2026-07-19,"VD | Sales | Trousers | DPA",active,,,,174,Daily,0,0,0,0,0,Ongoing,"7-day click or 1-day view",,,,,,,0,,,,,
2026-07-19,2026-07-19,"VD | Broad | Awareness",active,12609,reach,6.21381553,196,Daily,78.35,13319,12609,1.056309,5.882574,Ongoing,"7-day click or 1-day view",,,,,14,0.105113,3.730952,107,4,,,4
2026-07-19,2026-07-19,"VD | Retargeting | DPA Broad Remarket",inactive,,,,44,Daily,0,0,0,0,0,Ongoing,"7-day click",,,,,,,0,,,,,
2026-07-19,2026-07-19,"VD | Retargeting | DPA",active,2,actions:offsite_conversion.fb_pixel_purchase,29.65,370,Daily,59.3,1278,982,1.301426,46.400626,Ongoing,"7-day click",28.18027,2,1671.09,action_values:offsite_conversion.fb_pixel_purchase,21,1.643192,1.976667,23,19,6,,
2026-07-19,2026-07-19,"VD | Retargeting | DPA Campaign | Sales",inactive,,,,145,Daily,0,0,0,0,0,Ongoing,"7-day click",,,,,,,0,,,,,
2026-07-19,2026-07-19,"VD | Broad | Prospecting | Sales",active,6,actions:offsite_conversion.fb_pixel_purchase,150.64,370,Daily,903.84,16723,10301,1.623435,54.047719,Ongoing,"7-day click",2.781919,6,2514.41,action_values:offsite_conversion.fb_pixel_purchase,357,2.134784,2.026547,2463,317,35,24,474
2026-07-19,2026-07-19,"WinterSale | Prospecting | Sales | Advantage+",inactive,,,,"Using ad set budget",0,0,0,0,0,0,Ongoing,"7-day click",,,,,,,0,,,,,
2026-07-19,2026-07-19,"Ongoing | Sales | ProTex1 | Advantage+ | SH",active,5,actions:offsite_conversion.fb_pixel_purchase,44.656,327,Daily,223.28,5768,3381,1.706004,38.710125,Ongoing,"7-day click or 1-day view",9.906843,5,2212,action_values:offsite_conversion.fb_pixel_purchase,79,1.369626,2.167767,84,67,6,6,
2026-07-19,2026-07-19,"Ongoing | Sales | Hi-Vis Only | Advantage+ | SH",active,,,,300,Daily,226.49,5481,3605,1.520388,41.322751,Ongoing,"7-day click or 1-day view",,,,,76,1.386608,2.461848,81,67,8,,1
2026-07-19,2026-07-19,"Customised Workwear | Awareness | Advantage+ | SH Campaign – Copy",inactive,,,,100,Daily,0,0,0,0,0,Ongoing,"7-day click or 1-day view",,,,,,,0,,,,,
2026-07-19,2026-07-19,"Key Categories | Sales | Advantage+ | SH Campaign",inactive,,,,"Using ad set budget",0,0,0,0,0,0,Ongoing,"7-day click, 1-day view, or 1-day engaged-view",,,,,,,0,,,,,
2026-07-19,2026-07-19,"Customised Workwear | Sales | Advantage+ | SH Campaign",inactive,,,,"Using ad set budget",0,0,0,0,0,0,Ongoing,"7-day click, 1-day view, or 1-day engaged-view",,,,,,,0,,,,,
2026-07-19,2026-07-19,"Ongoing | Retargeting | Sales | Dynamic Abandoned Cart - 30 Days | SH",inactive,,,,6.5,Daily,0,0,0,0,0,Ongoing,"7-day click",,,,,,,0,,,,,
2026-07-19,2026-07-19,"AS 7/1 25 - Purchase - Flexible ad Campaign",inactive,,,,"Using ad set budget",0,0,0,0,0,0,Ongoing,"7-day click, 1-day view, or 1-day engaged-view",,,,,,,0,,,,,
2026-07-19,2026-07-19,"5/6 Michelle Job add - KAM Jylland",inactive,,,,"Using ad set budget",0,0,0,0,0,0,Ongoing,"7-day click or 1-day view",,,,,,,0,,,,,
2026-07-19,2026-07-19,"4/1 2024 - RM - UK Campaign",inactive,,,,100,Daily,0,0,0,0,0,Ongoing,"7-day click",,,,,,,0,,,,,
2026-07-19,2026-07-19,"Ongoing | Prospecting | Sales | Broad | Advantage+ | SH Campaign",inactive,,,,"Using ad set budget",0,0,0,0,0,0,Ongoing,"7-day click or 1-day view",,,,,,,0,,,,,
2026-07-19,2026-07-19,"4/12 2023 - Safety Shoe Sale  Campaign",inactive,,,,"Using ad set budget",0,0,0,0,0,0,Ongoing,"7-day click or 1-day view",,,,,,,0,,,,,
2026-07-19,2026-07-19,"11/10 2023 - Advantage+ shopping campaign Campaign",inactive,,,,"Using ad set budget",0,0,0,0,0,0,Ongoing,"7-day click or 1-day view",,,,,,,0,,,,,
2026-07-19,2026-07-19,"19/7 2023 - MPA RM campaign",inactive,,,,"Using ad set budget",0,0,0,0,0,0,Ongoing,"7-day click or 1-day view",,,,,,,0,,,,,
2026-07-19,2026-07-19,"11/7 2023 - Sales campaign Women - UK MPA",inactive,,,,"Using ad set budget",0,0,0,0,0,0,Ongoing,"7-day click or 1-day view",,,,,,,0,,,,,
2026-07-19,2026-07-19,"23/6 2023 - Sales campaign - UK MPA",inactive,,,,"Using ad set budget",0,0,0,0,0,0,Ongoing,"7-day click or 1-day view",,,,,,,0,,,,,
2026-07-19,2026-07-19,"19/6 2023 - Sales collection video",inactive,,,,"Using ad set budget",0,0,0,0,0,0,Ongoing,"7-day click or 1-day view",,,,,,,0,,,,,
2026-07-19,2026-07-19,"12/5 2023 - Sales campaign - UK MPA",inactive,,,,"Using ad set budget",0,0,0,0,0,0,Ongoing,"7-day click or 1-day view",,,,,,,0,,,,,
2026-07-19,2026-07-19,"8/5 Veltuff - Broad - custom - UK sales",inactive,,,,"Using ad set budget",0,0,0,0,0,0,Ongoing,"7-day click or 1-day view",,,,,,,0,,,,,
2026-07-19,2026-07-19,"3/5 Veltuff - Prospecting Campaign - Sales",inactive,,,,"Using ad set budget",0,0,0,0,0,0,Ongoing,"7-day click or 1-day view",,,,,,,0,,,,,
2026-07-19,2026-07-19,"11/4 Veltuff - Broad - custom - UK sales",inactive,,,,"Using ad set budget",0,0,0,0,0,0,Ongoing,"7-day click or 1-day view",,,,,,,0,,,,,
2026-07-19,2026-07-19,"28/3 Veltuff - Broad - custom - UK RM",inactive,,,,"Using ad set budget",0,0,0,0,0,0,Ongoing,"7-day click or 1-day view",,,,,,,0,,,,,
2026-07-19,2026-07-19,"23/3 Veltuff - Broad - custom - UK sales",inactive,,,,"Using ad set budget",0,0,0,0,0,0,Ongoing,"7-day click or 1-day view",,,,,,,0,,,,,
2026-07-19,2026-07-19,"17/3 Veltuff - Broad - custom - UK sales",inactive,,,,"Using ad set budget",0,0,0,0,0,0,Ongoing,"7-day click or 1-day view",,,,,,,0,,,,,
2026-07-19,2026-07-19,"AS - Prospecting Campaign JAN2023 - SALE - Copy",inactive,,,,"Using ad set budget",0,0,0,0,0,0,Ongoing,"7-day click or 1-day view",,,,,,,0,,,,,
2026-07-19,2026-07-19,"AS - Prospecting Campaign Dec2022",inactive,,,,"Using ad set budget",0,0,0,0,0,0,Ongoing,"7-day click or 1-day view",,,,,,,0,,,,,
2026-07-19,2026-07-19,"AS - RMKT - DEC 2022",inactive,,,,50,Daily,0,0,0,0,0,Ongoing,"7-day click or 1-day view",,,,,,,0,,,,,
2026-07-19,2026-07-19,"Website Retargeting - 2022",inactive,,,,"Using ad set budget",0,0,0,0,0,0,Ongoing,"1-day click",,,,,,,0,,,,,
2026-07-18,2026-07-18,"VD | Sales | Seasonal Best Sellers | DPA",active,,,,506,Daily,0,0,0,0,0,Ongoing,"7-day click or 1-day view",,,,,,,0,,,,,
2026-07-18,2026-07-18,"VD | Sales | Trousers | DPA",active,,,,174,Daily,0,0,0,0,0,Ongoing,"7-day click or 1-day view",,,,,,,0,,,,,
2026-07-18,2026-07-18,"VD | Broad | Awareness",active,15122,reach,4.66472689,196,Daily,70.54,15122,15122,1,4.664727,Ongoing,"7-day click or 1-day view",,,,,21,0.138871,3.066957,55,13,,,5
2026-07-18,2026-07-18,"VD | Retargeting | DPA Broad Remarket",inactive,,,,44,Daily,0,0,0,0,0,Ongoing,"7-day click",,,,,,,0,,,,,
2026-07-18,2026-07-18,"VD | Retargeting | DPA",active,3,actions:offsite_conversion.fb_pixel_purchase,68.55666667,370,Daily,205.67,4832,3417,1.414106,42.564156,Ongoing,"7-day click",6.644139,3,1366.5,action_values:offsite_conversion.fb_pixel_purchase,94,1.945364,1.92215,98,88,16,7,1
2026-07-18,2026-07-18,"VD | Retargeting | DPA Campaign | Sales",inactive,,,,145,Daily,0,0,0,0,0,Ongoing,"7-day click",,,,,,,0,,,,,
2026-07-18,2026-07-18,"VD | Broad | Prospecting | Sales",active,7,actions:offsite_conversion.fb_pixel_purchase,82.56,370,Daily,577.92,11266,7680,1.466927,51.29771,Ongoing,"7-day click",3.41613,7,1974.25,action_values:offsite_conversion.fb_pixel_purchase,249,2.21019,1.870291,1735,232,13,10,336
2026-07-18,2026-07-18,"WinterSale | Prospecting | Sales | Advantage+",inactive,,,,"Using ad set budget",0,0,0,0,0,0,Ongoing,"7-day click",,,,,,,0,,,,,
2026-07-18,2026-07-18,"Ongoing | Sales | ProTex1 | Advantage+ | SH",active,1,actions:offsite_conversion.fb_pixel_purchase,179.39,327,Daily,179.39,4795,2865,1.673647,37.411887,Ongoing,"7-day click or 1-day view",1.664084,1,298.52,action_values:offsite_conversion.fb_pixel_purchase,51,1.063608,2.989833,53,48,10,8,
2026-07-18,2026-07-18,"Ongoing | Sales | Hi-Vis Only | Advantage+ | SH",active,1,actions:offsite_conversion.fb_pixel_purchase,166.8,300,Daily,166.8,4264,2845,1.49877,39.118199,Ongoing,"7-day click or 1-day view",3.579377,1,597.04,action_values:offsite_conversion.fb_pixel_purchase,65,1.52439,2.166234,70,60,4,2,
2026-07-18,2026-07-18,"Customised Workwear | Awareness | Advantage+ | SH Campaign – Copy",inactive,,,,100,Daily,0,0,0,0,0,Ongoing,"7-day click or 1-day view",,,,,,,0,,,,,
2026-07-18,2026-07-18,"Key Categories | Sales | Advantage+ | SH Campaign",inactive,,,,"Using ad set budget",0,0,0,0,0,0,Ongoing,"7-day click, 1-day view, or 1-day engaged-view",,,,,,,0,,,,,
2026-07-18,2026-07-18,"Customised Workwear | Sales | Advantage+ | SH Campaign",inactive,,,,"Using ad set budget",0,0,0,0,0,0,Ongoing,"7-day click, 1-day view, or 1-day engaged-view",,,,,,,0,,,,,
2026-07-18,2026-07-18,"Ongoing | Retargeting | Sales | Dynamic Abandoned Cart - 30 Days | SH",inactive,,,,6.5,Daily,0,0,0,0,0,Ongoing,"7-day click",,,,,,,0,,,,,
2026-07-18,2026-07-18,"AS 7/1 25 - Purchase - Flexible ad Campaign",inactive,,,,"Using ad set budget",0,0,0,0,0,0,Ongoing,"7-day click, 1-day view, or 1-day engaged-view",,,,,,,0,,,,,
2026-07-18,2026-07-18,"5/6 Michelle Job add - KAM Jylland",inactive,,,,"Using ad set budget",0,0,0,0,0,0,Ongoing,"7-day click or 1-day view",,,,,,,0,,,,,
2026-07-18,2026-07-18,"4/1 2024 - RM - UK Campaign",inactive,,,,100,Daily,0,0,0,0,0,Ongoing,"7-day click",,,,,,,0,,,,,
2026-07-18,2026-07-18,"Ongoing | Prospecting | Sales | Broad | Advantage+ | SH Campaign",inactive,,,,"Using ad set budget",0,0,0,0,0,0,Ongoing,"7-day click or 1-day view",,,,,,,0,,,,,
2026-07-18,2026-07-18,"4/12 2023 - Safety Shoe Sale  Campaign",inactive,,,,"Using ad set budget",0,0,0,0,0,0,Ongoing,"7-day click or 1-day view",,,,,,,0,,,,,
2026-07-18,2026-07-18,"11/10 2023 - Advantage+ shopping campaign Campaign",inactive,,,,"Using ad set budget",0,0,0,0,0,0,Ongoing,"7-day click or 1-day view",,,,,,,0,,,,,
2026-07-18,2026-07-18,"19/7 2023 - MPA RM campaign",inactive,,,,"Using ad set budget",0,0,0,0,0,0,Ongoing,"7-day click or 1-day view",,,,,,,0,,,,,
2026-07-18,2026-07-18,"11/7 2023 - Sales campaign Women - UK MPA",inactive,,,,"Using ad set budget",0,0,0,0,0,0,Ongoing,"7-day click or 1-day view",,,,,,,0,,,,,
2026-07-18,2026-07-18,"23/6 2023 - Sales campaign - UK MPA",inactive,,,,"Using ad set budget",0,0,0,0,0,0,Ongoing,"7-day click or 1-day view",,,,,,,0,,,,,
2026-07-18,2026-07-18,"19/6 2023 - Sales collection video",inactive,,,,"Using ad set budget",0,0,0,0,0,0,Ongoing,"7-day click or 1-day view",,,,,,,0,,,,,
2026-07-18,2026-07-18,"12/5 2023 - Sales campaign - UK MPA",inactive,,,,"Using ad set budget",0,0,0,0,0,0,Ongoing,"7-day click or 1-day view",,,,,,,0,,,,,
2026-07-18,2026-07-18,"8/5 Veltuff - Broad - custom - UK sales",inactive,,,,"Using ad set budget",0,0,0,0,0,0,Ongoing,"7-day click or 1-day view",,,,,,,0,,,,,
2026-07-18,2026-07-18,"3/5 Veltuff - Prospecting Campaign - Sales",inactive,,,,"Using ad set budget",0,0,0,0,0,0,Ongoing,"7-day click or 1-day view",,,,,,,0,,,,,
2026-07-18,2026-07-18,"11/4 Veltuff - Broad - custom - UK sales",inactive,,,,"Using ad set budget",0,0,0,0,0,0,Ongoing,"7-day click or 1-day view",,,,,,,0,,,,,
2026-07-18,2026-07-18,"28/3 Veltuff - Broad - custom - UK RM",inactive,,,,"Using ad set budget",0,0,0,0,0,0,Ongoing,"7-day click or 1-day view",,,,,,,0,,,,,
2026-07-18,2026-07-18,"23/3 Veltuff - Broad - custom - UK sales",inactive,,,,"Using ad set budget",0,0,0,0,0,0,Ongoing,"7-day click or 1-day view",,,,,,,0,,,,,
2026-07-18,2026-07-18,"17/3 Veltuff - Broad - custom - UK sales",inactive,,,,"Using ad set budget",0,0,0,0,0,0,Ongoing,"7-day click or 1-day view",,,,,,,0,,,,,
2026-07-18,2026-07-18,"AS - Prospecting Campaign JAN2023 - SALE - Copy",inactive,,,,"Using ad set budget",0,0,0,0,0,0,Ongoing,"7-day click or 1-day view",,,,,,,0,,,,,
2026-07-18,2026-07-18,"AS - Prospecting Campaign Dec2022",inactive,,,,"Using ad set budget",0,0,0,0,0,0,Ongoing,"7-day click or 1-day view",,,,,,,0,,,,,
2026-07-18,2026-07-18,"AS - RMKT - DEC 2022",inactive,,,,50,Daily,0,0,0,0,0,Ongoing,"7-day click or 1-day view",,,,,,,0,,,,,
2026-07-18,2026-07-18,"Website Retargeting - 2022",inactive,,,,"Using ad set budget",0,0,0,0,0,0,Ongoing,"1-day click",,,,,,,0,,,,,
2026-07-17,2026-07-17,"VD | Sales | Seasonal Best Sellers | DPA",active,,,,506,Daily,0,0,0,0,0,Ongoing,"7-day click or 1-day view",,,,,,,0,,,,,
2026-07-17,2026-07-17,"VD | Sales | Trousers | DPA",active,,,,174,Daily,0,0,0,0,0,Ongoing,"7-day click or 1-day view",,,,,,,0,,,,,
2026-07-17,2026-07-17,"VD | Broad | Awareness",active,12416,reach,6.3216817,196,Daily,78.49,12794,12416,1.030445,6.134907,Ongoing,"7-day click or 1-day view",,,,,7,0.054713,7.135455,182,4,,,14
2026-07-17,2026-07-17,"VD | Retargeting | DPA Broad Remarket",inactive,,,,44,Daily,0,0,0,0,0,Ongoing,"7-day click",,,,,,,0,,,,,
2026-07-17,2026-07-17,"VD | Retargeting | DPA",active,1,actions:offsite_conversion.fb_pixel_purchase,201.52,370,Daily,201.52,4290,2962,1.448346,46.974359,Ongoing,"7-day click",3.783198,1,762.39,action_values:offsite_conversion.fb_pixel_purchase,58,1.351981,2.83831,62,52,5,1,
2026-07-17,2026-07-17,"VD | Retargeting | DPA Campaign | Sales",inactive,,,,145,Daily,0,0,0,0,0,Ongoing,"7-day click",,,,,,,0,,,,,
2026-07-17,2026-07-17,"VD | Broad | Prospecting | Sales",active,6,actions:offsite_conversion.fb_pixel_purchase,123.45833333,370,Daily,740.75,13095,8666,1.511078,56.567392,Ongoing,"7-day click",4.2665,6,3160.41,action_values:offsite_conversion.fb_pixel_purchase,222,1.695304,2.444719,2044,182,26,12,392
2026-07-17,2026-07-17,"WinterSale | Prospecting | Sales | Advantage+",inactive,,,,"Using ad set budget",0,0,0,0,0,0,Ongoing,"7-day click",,,,,,,0,,,,,
2026-07-17,2026-07-17,"Ongoing | Sales | ProTex1 | Advantage+ | SH",active,3,actions:offsite_conversion.fb_pixel_purchase,64.52,327,Daily,193.56,4638,2587,1.79281,41.733506,Ongoing,"7-day click or 1-day view",9.118465,3,1764.97,action_values:offsite_conversion.fb_pixel_purchase,51,1.099612,2.765143,53,46,12,5,
2026-07-17,2026-07-17,"Ongoing | Sales | Hi-Vis Only | Advantage+ | SH",active,,,,300,Daily,197.93,5610,3883,1.444759,35.28164,Ongoing,"7-day click or 1-day view",,,,,70,1.247772,2.474125,73,62,4,,
2026-07-17,2026-07-17,"Customised Workwear | Awareness | Advantage+ | SH Campaign – Copy",inactive,,,,100,Daily,0,0,0,0,0,Ongoing,"7-day click or 1-day view",,,,,,,0,,,,,
2026-07-17,2026-07-17,"Key Categories | Sales | Advantage+ | SH Campaign",inactive,,,,"Using ad set budget",0,0,0,0,0,0,Ongoing,"7-day click, 1-day view, or 1-day engaged-view",,,,,,,0,,,,,
2026-07-17,2026-07-17,"Customised Workwear | Sales | Advantage+ | SH Campaign",inactive,,,,"Using ad set budget",0,0,0,0,0,0,Ongoing,"7-day click, 1-day view, or 1-day engaged-view",,,,,,,0,,,,,
2026-07-17,2026-07-17,"Ongoing | Retargeting | Sales | Dynamic Abandoned Cart - 30 Days | SH",inactive,,,,6.5,Daily,0,0,0,0,0,Ongoing,"7-day click",,,,,,,0,,,,,
2026-07-17,2026-07-17,"AS 7/1 25 - Purchase - Flexible ad Campaign",inactive,,,,"Using ad set budget",0,0,0,0,0,0,Ongoing,"7-day click, 1-day view, or 1-day engaged-view",,,,,,,0,,,,,
2026-07-17,2026-07-17,"5/6 Michelle Job add - KAM Jylland",inactive,,,,"Using ad set budget",0,0,0,0,0,0,Ongoing,"7-day click or 1-day view",,,,,,,0,,,,,
2026-07-17,2026-07-17,"4/1 2024 - RM - UK Campaign",inactive,,,,100,Daily,0,0,0,0,0,Ongoing,"7-day click",,,,,,,0,,,,,
2026-07-17,2026-07-17,"Ongoing | Prospecting | Sales | Broad | Advantage+ | SH Campaign",inactive,,,,"Using ad set budget",0,0,0,0,0,0,Ongoing,"7-day click or 1-day view",,,,,,,0,,,,,
2026-07-17,2026-07-17,"4/12 2023 - Safety Shoe Sale  Campaign",inactive,,,,"Using ad set budget",0,0,0,0,0,0,Ongoing,"7-day click or 1-day view",,,,,,,0,,,,,
2026-07-17,2026-07-17,"11/10 2023 - Advantage+ shopping campaign Campaign",inactive,,,,"Using ad set budget",0,0,0,0,0,0,Ongoing,"7-day click or 1-day view",,,,,,,0,,,,,
2026-07-17,2026-07-17,"19/7 2023 - MPA RM campaign",inactive,,,,"Using ad set budget",0,0,0,0,0,0,Ongoing,"7-day click or 1-day view",,,,,,,0,,,,,
2026-07-17,2026-07-17,"11/7 2023 - Sales campaign Women - UK MPA",inactive,,,,"Using ad set budget",0,0,0,0,0,0,Ongoing,"7-day click or 1-day view",,,,,,,0,,,,,
2026-07-17,2026-07-17,"23/6 2023 - Sales campaign - UK MPA",inactive,,,,"Using ad set budget",0,0,0,0,0,0,Ongoing,"7-day click or 1-day view",,,,,,,0,,,,,
2026-07-17,2026-07-17,"19/6 2023 - Sales collection video",inactive,,,,"Using ad set budget",0,0,0,0,0,0,Ongoing,"7-day click or 1-day view",,,,,,,0,,,,,
2026-07-17,2026-07-17,"12/5 2023 - Sales campaign - UK MPA",inactive,,,,"Using ad set budget",0,0,0,0,0,0,Ongoing,"7-day click or 1-day view",,,,,,,0,,,,,
2026-07-17,2026-07-17,"8/5 Veltuff - Broad - custom - UK sales",inactive,,,,"Using ad set budget",0,0,0,0,0,0,Ongoing,"7-day click or 1-day view",,,,,,,0,,,,,
2026-07-17,2026-07-17,"3/5 Veltuff - Prospecting Campaign - Sales",inactive,,,,"Using ad set budget",0,0,0,0,0,0,Ongoing,"7-day click or 1-day view",,,,,,,0,,,,,
2026-07-17,2026-07-17,"11/4 Veltuff - Broad - custom - UK sales",inactive,,,,"Using ad set budget",0,0,0,0,0,0,Ongoing,"7-day click or 1-day view",,,,,,,0,,,,,
2026-07-17,2026-07-17,"28/3 Veltuff - Broad - custom - UK RM",inactive,,,,"Using ad set budget",0,0,0,0,0,0,Ongoing,"7-day click or 1-day view",,,,,,,0,,,,,
2026-07-17,2026-07-17,"23/3 Veltuff - Broad - custom - UK sales",inactive,,,,"Using ad set budget",0,0,0,0,0,0,Ongoing,"7-day click or 1-day view",,,,,,,0,,,,,
2026-07-17,2026-07-17,"17/3 Veltuff - Broad - custom - UK sales",inactive,,,,"Using ad set budget",0,0,0,0,0,0,Ongoing,"7-day click or 1-day view",,,,,,,0,,,,,
2026-07-17,2026-07-17,"AS - Prospecting Campaign JAN2023 - SALE - Copy",inactive,,,,"Using ad set budget",0,0,0,0,0,0,Ongoing,"7-day click or 1-day view",,,,,,,0,,,,,
2026-07-17,2026-07-17,"AS - Prospecting Campaign Dec2022",inactive,,,,"Using ad set budget",0,0,0,0,0,0,Ongoing,"7-day click or 1-day view",,,,,,,0,,,,,
2026-07-17,2026-07-17,"AS - RMKT - DEC 2022",inactive,,,,50,Daily,0,0,0,0,0,Ongoing,"7-day click or 1-day view",,,,,,,0,,,,,
2026-07-17,2026-07-17,"Website Retargeting - 2022",inactive,,,,"Using ad set budget",0,0,0,0,0,0,Ongoing,"1-day click",,,,,,,0,,,,,
2026-07-16,2026-07-16,"VD | Sales | Seasonal Best Sellers | DPA",active,,,,506,Daily,0,0,0,0,0,Ongoing,"7-day click or 1-day view",,,,,,,0,,,,,
2026-07-16,2026-07-16,"VD | Sales | Trousers | DPA",active,,,,174,Daily,0,0,0,0,0,Ongoing,"7-day click or 1-day view",,,,,,,0,,,,,
2026-07-16,2026-07-16,"VD | Broad | Awareness",active,19939,reach,5.26505843,196,Daily,104.98,20283,19939,1.017253,5.175763,Ongoing,"7-day click or 1-day view",,,,,25,0.123256,3.386452,156,14,,,4
2026-07-16,2026-07-16,"VD | Retargeting | DPA Broad Remarket",inactive,,,,44,Daily,0,0,0,0,0,Ongoing,"7-day click",,,,,,,0,,,,,
2026-07-16,2026-07-16,"VD | Retargeting | DPA",active,3,actions:offsite_conversion.fb_pixel_purchase,64.93,370,Daily,194.79,4400,2991,1.47108,44.270455,Ongoing,"7-day click",6.829047,3,1330.23,action_values:offsite_conversion.fb_pixel_purchase,56,1.272727,2.907313,60,50,8,4,3
2026-07-16,2026-07-16,"VD | Retargeting | DPA Campaign | Sales",inactive,,,,145,Daily,0,0,0,0,0,Ongoing,"7-day click",,,,,,,0,,,,,
2026-07-16,2026-07-16,"VD | Broad | Prospecting | Sales",active,10,actions:offsite_conversion.fb_pixel_purchase,71.41,370,Daily,714.1,12275,7726,1.588791,58.175153,Ongoing,"7-day click",7.482397,10,5343.18,action_values:offsite_conversion.fb_pixel_purchase,241,1.96334,2.25981,1974,206,36,16,381
2026-07-16,2026-07-16,"WinterSale | Prospecting | Sales | Advantage+",inactive,,,,"Using ad set budget",0,0,0,0,0,0,Ongoing,"7-day click",,,,,,,0,,,,,
2026-07-16,2026-07-16,"Ongoing | Sales | ProTex1 | Advantage+ | SH",active,2,actions:offsite_conversion.fb_pixel_purchase,98.995,327,Daily,197.99,5162,2701,1.911144,38.355289,Ongoing,"7-day click or 1-day view",8.47068,2,1677.11,action_values:offsite_conversion.fb_pixel_purchase,37,0.716776,4.124792,37,34,10,9,
2026-07-16,2026-07-16,"Ongoing | Sales | Hi-Vis Only | Advantage+ | SH",active,1,actions:offsite_conversion.fb_pixel_purchase,199.79,300,Daily,199.79,5681,3770,1.506897,35.168104,Ongoing,"7-day click or 1-day view",5.385355,1,1075.94,action_values:offsite_conversion.fb_pixel_purchase,76,1.337793,2.17163,82,74,4,5,1
2026-07-16,2026-07-16,"Customised Workwear | Awareness | Advantage+ | SH Campaign – Copy",inactive,,,,100,Daily,0,0,0,0,0,Ongoing,"7-day click or 1-day view",,,,,,,0,,,,,
2026-07-16,2026-07-16,"Key Categories | Sales | Advantage+ | SH Campaign",inactive,,,,"Using ad set budget",0,0,0,0,0,0,Ongoing,"7-day click, 1-day view, or 1-day engaged-view",,,,,,,0,,,,,
2026-07-16,2026-07-16,"Customised Workwear | Sales | Advantage+ | SH Campaign",inactive,,,,"Using ad set budget",0,0,0,0,0,0,Ongoing,"7-day click, 1-day view, or 1-day engaged-view",,,,,,,0,,,,,
2026-07-16,2026-07-16,"Ongoing | Retargeting | Sales | Dynamic Abandoned Cart - 30 Days | SH",inactive,,,,6.5,Daily,0,0,0,0,0,Ongoing,"7-day click",,,,,,,0,,,,,
2026-07-16,2026-07-16,"AS 7/1 25 - Purchase - Flexible ad Campaign",inactive,,,,"Using ad set budget",0,0,0,0,0,0,Ongoing,"7-day click, 1-day view, or 1-day engaged-view",,,,,,,0,,,,,
2026-07-16,2026-07-16,"5/6 Michelle Job add - KAM Jylland",inactive,,,,"Using ad set budget",0,0,0,0,0,0,Ongoing,"7-day click or 1-day view",,,,,,,0,,,,,
2026-07-16,2026-07-16,"4/1 2024 - RM - UK Campaign",inactive,,,,100,Daily,0,0,0,0,0,Ongoing,"7-day click",,,,,,,0,,,,,
2026-07-16,2026-07-16,"Ongoing | Prospecting | Sales | Broad | Advantage+ | SH Campaign",inactive,,,,"Using ad set budget",0,0,0,0,0,0,Ongoing,"7-day click or 1-day view",,,,,,,0,,,,,
2026-07-16,2026-07-16,"4/12 2023 - Safety Shoe Sale  Campaign",inactive,,,,"Using ad set budget",0,0,0,0,0,0,Ongoing,"7-day click or 1-day view",,,,,,,0,,,,,
2026-07-16,2026-07-16,"11/10 2023 - Advantage+ shopping campaign Campaign",inactive,,,,"Using ad set budget",0,0,0,0,0,0,Ongoing,"7-day click or 1-day view",,,,,,,0,,,,,
2026-07-16,2026-07-16,"19/7 2023 - MPA RM campaign",inactive,,,,"Using ad set budget",0,0,0,0,0,0,Ongoing,"7-day click or 1-day view",,,,,,,0,,,,,
2026-07-16,2026-07-16,"11/7 2023 - Sales campaign Women - UK MPA",inactive,,,,"Using ad set budget",0,0,0,0,0,0,Ongoing,"7-day click or 1-day view",,,,,,,0,,,,,
2026-07-16,2026-07-16,"23/6 2023 - Sales campaign - UK MPA",inactive,,,,"Using ad set budget",0,0,0,0,0,0,Ongoing,"7-day click or 1-day view",,,,,,,0,,,,,
2026-07-16,2026-07-16,"19/6 2023 - Sales collection video",inactive,,,,"Using ad set budget",0,0,0,0,0,0,Ongoing,"7-day click or 1-day view",,,,,,,0,,,,,
2026-07-16,2026-07-16,"12/5 2023 - Sales campaign - UK MPA",inactive,,,,"Using ad set budget",0,0,0,0,0,0,Ongoing,"7-day click or 1-day view",,,,,,,0,,,,,
2026-07-16,2026-07-16,"8/5 Veltuff - Broad - custom - UK sales",inactive,,,,"Using ad set budget",0,0,0,0,0,0,Ongoing,"7-day click or 1-day view",,,,,,,0,,,,,
2026-07-16,2026-07-16,"3/5 Veltuff - Prospecting Campaign - Sales",inactive,,,,"Using ad set budget",0,0,0,0,0,0,Ongoing,"7-day click or 1-day view",,,,,,,0,,,,,
2026-07-16,2026-07-16,"11/4 Veltuff - Broad - custom - UK sales",inactive,,,,"Using ad set budget",0,0,0,0,0,0,Ongoing,"7-day click or 1-day view",,,,,,,0,,,,,
2026-07-16,2026-07-16,"28/3 Veltuff - Broad - custom - UK RM",inactive,,,,"Using ad set budget",0,0,0,0,0,0,Ongoing,"7-day click or 1-day view",,,,,,,0,,,,,
2026-07-16,2026-07-16,"23/3 Veltuff - Broad - custom - UK sales",inactive,,,,"Using ad set budget",0,0,0,0,0,0,Ongoing,"7-day click or 1-day view",,,,,,,0,,,,,
2026-07-16,2026-07-16,"17/3 Veltuff - Broad - custom - UK sales",inactive,,,,"Using ad set budget",0,0,0,0,0,0,Ongoing,"7-day click or 1-day view",,,,,,,0,,,,,
2026-07-16,2026-07-16,"AS - Prospecting Campaign JAN2023 - SALE - Copy",inactive,,,,"Using ad set budget",0,0,0,0,0,0,Ongoing,"7-day click or 1-day view",,,,,,,0,,,,,
2026-07-16,2026-07-16,"AS - Prospecting Campaign Dec2022",inactive,,,,"Using ad set budget",0,0,0,0,0,0,Ongoing,"7-day click or 1-day view",,,,,,,0,,,,,
2026-07-16,2026-07-16,"AS - RMKT - DEC 2022",inactive,,,,50,Daily,0,0,0,0,0,Ongoing,"7-day click or 1-day view",,,,,,,0,,,,,
2026-07-16,2026-07-16,"Website Retargeting - 2022",inactive,,,,"Using ad set budget",0,0,0,0,0,0,Ongoing,"1-day click",,,,,,,0,,,,,
2026-07-15,2026-07-15,"VD | Sales | Seasonal Best Sellers | DPA",active,,,,506,Daily,0,0,0,0,0,Ongoing,"7-day click or 1-day view",,,,,,,0,,,,,
2026-07-15,2026-07-15,"VD | Sales | Trousers | DPA",active,,,,174,Daily,0,0,0,0,0,Ongoing,"7-day click or 1-day view",,,,,,,0,,,,,
2026-07-15,2026-07-15,"VD | Broad | Awareness",active,20176,reach,6.71391753,196,Daily,135.46,20176,20176,1,6.713918,Ongoing,"7-day click or 1-day view",,,,,26,0.128866,3.870286,318,13,,,23
2026-07-15,2026-07-15,"VD | Retargeting | DPA Broad Remarket",inactive,,,,44,Daily,0,0,0,0,0,Ongoing,"7-day click",,,,,,,0,,,,,
2026-07-15,2026-07-15,"VD | Retargeting | DPA",active,2,actions:offsite_conversion.fb_pixel_purchase,83.25,370,Daily,166.5,4409,3186,1.383867,37.763665,Ongoing,"7-day click",2.731832,2,454.85,action_values:offsite_conversion.fb_pixel_purchase,62,1.406215,2.34507,65,54,9,1,1
2026-07-15,2026-07-15,"VD | Retargeting | DPA Campaign | Sales",inactive,,,,145,Daily,0,0,0,0,0,Ongoing,"7-day click",,,,,,,0,,,,,
2026-07-15,2026-07-15,"VD | Broad | Prospecting | Sales",active,3,actions:offsite_conversion.fb_pixel_purchase,240.16333333,370,Daily,720.49,14607,8988,1.625167,49.324981,Ongoing,"7-day click",2.345557,3,1689.95,action_values:offsite_conversion.fb_pixel_purchase,239,1.636202,2.251531,1944,185,26,5,346
2026-07-15,2026-07-15,"WinterSale | Prospecting | Sales | Advantage+",inactive,,,,"Using ad set budget",0,0,0,0,0,0,Ongoing,"7-day click",,,,,,,0,,,,,
2026-07-15,2026-07-15,"Ongoing | Sales | ProTex1 | Advantage+ | SH",active,,,,327,Daily,203.38,5806,3443,1.68632,35.02928,Ongoing,"7-day click or 1-day view",,,,,45,0.77506,3.447119,46,35,3,2,
2026-07-15,2026-07-15,"Ongoing | Sales | Hi-Vis Only | Advantage+ | SH",active,1,actions:offsite_conversion.fb_pixel_purchase,213.78,300,Daily,213.78,6939,4816,1.440822,30.808474,Ongoing,"7-day click or 1-day view",1.922678,1,411.03,action_values:offsite_conversion.fb_pixel_purchase,84,1.210549,2.116634,87,71,3,,
2026-07-15,2026-07-15,"Customised Workwear | Awareness | Advantage+ | SH Campaign – Copy",inactive,,,,100,Daily,0,0,0,0,0,Ongoing,"7-day click or 1-day view",,,,,,,0,,,,,
2026-07-15,2026-07-15,"Key Categories | Sales | Advantage+ | SH Campaign",inactive,,,,"Using ad set budget",0,0,0,0,0,0,Ongoing,"7-day click, 1-day view, or 1-day engaged-view",,,,,,,0,,,,,
2026-07-15,2026-07-15,"Customised Workwear | Sales | Advantage+ | SH Campaign",inactive,,,,"Using ad set budget",0,0,0,0,0,0,Ongoing,"7-day click, 1-day view, or 1-day engaged-view",,,,,,,0,,,,,
2026-07-15,2026-07-15,"Ongoing | Retargeting | Sales | Dynamic Abandoned Cart - 30 Days | SH",inactive,,,,6.5,Daily,0,0,0,0,0,Ongoing,"7-day click",,,,,,,0,,,,,
2026-07-15,2026-07-15,"AS 7/1 25 - Purchase - Flexible ad Campaign",inactive,,,,"Using ad set budget",0,0,0,0,0,0,Ongoing,"7-day click, 1-day view, or 1-day engaged-view",,,,,,,0,,,,,
2026-07-15,2026-07-15,"5/6 Michelle Job add - KAM Jylland",inactive,,,,"Using ad set budget",0,0,0,0,0,0,Ongoing,"7-day click or 1-day view",,,,,,,0,,,,,
2026-07-15,2026-07-15,"4/1 2024 - RM - UK Campaign",inactive,,,,100,Daily,0,0,0,0,0,Ongoing,"7-day click",,,,,,,0,,,,,
2026-07-15,2026-07-15,"Ongoing | Prospecting | Sales | Broad | Advantage+ | SH Campaign",inactive,,,,"Using ad set budget",0,0,0,0,0,0,Ongoing,"7-day click or 1-day view",,,,,,,0,,,,,
2026-07-15,2026-07-15,"4/12 2023 - Safety Shoe Sale  Campaign",inactive,,,,"Using ad set budget",0,0,0,0,0,0,Ongoing,"7-day click or 1-day view",,,,,,,0,,,,,
2026-07-15,2026-07-15,"11/10 2023 - Advantage+ shopping campaign Campaign",inactive,,,,"Using ad set budget",0,0,0,0,0,0,Ongoing,"7-day click or 1-day view",,,,,,,0,,,,,
2026-07-15,2026-07-15,"19/7 2023 - MPA RM campaign",inactive,,,,"Using ad set budget",0,0,0,0,0,0,Ongoing,"7-day click or 1-day view",,,,,,,0,,,,,
2026-07-15,2026-07-15,"11/7 2023 - Sales campaign Women - UK MPA",inactive,,,,"Using ad set budget",0,0,0,0,0,0,Ongoing,"7-day click or 1-day view",,,,,,,0,,,,,
2026-07-15,2026-07-15,"23/6 2023 - Sales campaign - UK MPA",inactive,,,,"Using ad set budget",0,0,0,0,0,0,Ongoing,"7-day click or 1-day view",,,,,,,0,,,,,
2026-07-15,2026-07-15,"19/6 2023 - Sales collection video",inactive,,,,"Using ad set budget",0,0,0,0,0,0,Ongoing,"7-day click or 1-day view",,,,,,,0,,,,,
2026-07-15,2026-07-15,"12/5 2023 - Sales campaign - UK MPA",inactive,,,,"Using ad set budget",0,0,0,0,0,0,Ongoing,"7-day click or 1-day view",,,,,,,0,,,,,
2026-07-15,2026-07-15,"8/5 Veltuff - Broad - custom - UK sales",inactive,,,,"Using ad set budget",0,0,0,0,0,0,Ongoing,"7-day click or 1-day view",,,,,,,0,,,,,
2026-07-15,2026-07-15,"3/5 Veltuff - Prospecting Campaign - Sales",inactive,,,,"Using ad set budget",0,0,0,0,0,0,Ongoing,"7-day click or 1-day view",,,,,,,0,,,,,
2026-07-15,2026-07-15,"11/4 Veltuff - Broad - custom - UK sales",inactive,,,,"Using ad set budget",0,0,0,0,0,0,Ongoing,"7-day click or 1-day view",,,,,,,0,,,,,
2026-07-15,2026-07-15,"28/3 Veltuff - Broad - custom - UK RM",inactive,,,,"Using ad set budget",0,0,0,0,0,0,Ongoing,"7-day click or 1-day view",,,,,,,0,,,,,
2026-07-15,2026-07-15,"23/3 Veltuff - Broad - custom - UK sales",inactive,,,,"Using ad set budget",0,0,0,0,0,0,Ongoing,"7-day click or 1-day view",,,,,,,0,,,,,
2026-07-15,2026-07-15,"17/3 Veltuff - Broad - custom - UK sales",inactive,,,,"Using ad set budget",0,0,0,0,0,0,Ongoing,"7-day click or 1-day view",,,,,,,0,,,,,
2026-07-15,2026-07-15,"AS - Prospecting Campaign JAN2023 - SALE - Copy",inactive,,,,"Using ad set budget",0,0,0,0,0,0,Ongoing,"7-day click or 1-day view",,,,,,,0,,,,,
2026-07-15,2026-07-15,"AS - Prospecting Campaign Dec2022",inactive,,,,"Using ad set budget",0,0,0,0,0,0,Ongoing,"7-day click or 1-day view",,,,,,,0,,,,,
2026-07-15,2026-07-15,"AS - RMKT - DEC 2022",inactive,,,,50,Daily,0,0,0,0,0,Ongoing,"7-day click or 1-day view",,,,,,,0,,,,,
2026-07-15,2026-07-15,"Website Retargeting - 2022",inactive,,,,"Using ad set budget",0,0,0,0,0,0,Ongoing,"1-day click",,,,,,,0,,,,,
2026-07-14,2026-07-14,"VD | Sales | Seasonal Best Sellers | DPA",active,,,,506,Daily,0,0,0,0,0,Ongoing,"7-day click or 1-day view",,,,,,,0,,,,,
2026-07-14,2026-07-14,"VD | Sales | Trousers | DPA",active,,,,174,Daily,0,0,0,0,0,Ongoing,"7-day click or 1-day view",,,,,,,0,,,,,
2026-07-14,2026-07-14,"VD | Broad | Awareness",active,12348,reach,7.33803045,196,Daily,90.61,13417,12348,1.086573,6.753373,Ongoing,"7-day click or 1-day view",,,,,14,0.104345,4.314762,149,6,,,5
2026-07-14,2026-07-14,"VD | Retargeting | DPA Broad Remarket",inactive,,,,44,Daily,0,0,0,0,0,Ongoing,"7-day click",,,,,,,0,,,,,
2026-07-14,2026-07-14,"VD | Retargeting | DPA",active,3,actions:offsite_conversion.fb_pixel_purchase,56.17333333,370,Daily,168.52,3826,2647,1.44541,44.046001,Ongoing,"7-day click",7.69606,3,1296.94,action_values:offsite_conversion.fb_pixel_purchase,60,1.568217,2.340556,62,52,10,6,
2026-07-14,2026-07-14,"VD | Retargeting | DPA Campaign | Sales",inactive,,,,145,Daily,0,0,0,0,0,Ongoing,"7-day click",,,,,,,0,,,,,
2026-07-14,2026-07-14,"VD | Broad | Prospecting | Sales",active,2,actions:offsite_conversion.fb_pixel_purchase,362.885,370,Daily,725.77,15578,10179,1.530406,46.589421,Ongoing,"7-day click",3.825592,2,2776.5,action_values:offsite_conversion.fb_pixel_purchase,257,1.649762,2.073629,2319,225,22,5,468
2026-07-14,2026-07-14,"WinterSale | Prospecting | Sales | Advantage+",inactive,,,,"Using ad set budget",0,0,0,0,0,0,Ongoing,"7-day click",,,,,,,0,,,,,
2026-07-14,2026-07-14,"Ongoing | Sales | ProTex1 | Advantage+ | SH",active,2,actions:offsite_conversion.fb_pixel_purchase,107.91,327,Daily,215.82,5975,3528,1.693594,36.120502,Ongoing,"7-day click or 1-day view",4.694375,2,1013.14,action_values:offsite_conversion.fb_pixel_purchase,59,0.987448,2.731899,64,53,14,4,
2026-07-14,2026-07-14,"Ongoing | Sales | Hi-Vis Only | Advantage+ | SH",active,5,actions:offsite_conversion.fb_pixel_purchase,42.896,300,Daily,214.48,6223,4326,1.438511,34.465692,Ongoing,"7-day click or 1-day view",17.109008,5,3669.54,action_values:offsite_conversion.fb_pixel_purchase,82,1.317692,2.306237,84,74,14,6,1
2026-07-14,2026-07-14,"Customised Workwear | Awareness | Advantage+ | SH Campaign – Copy",inactive,,,,100,Daily,0,0,0,0,0,Ongoing,"7-day click or 1-day view",,,,,,,0,,,,,
2026-07-14,2026-07-14,"Key Categories | Sales | Advantage+ | SH Campaign",inactive,,,,"Using ad set budget",0,0,0,0,0,0,Ongoing,"7-day click, 1-day view, or 1-day engaged-view",,,,,,,0,,,,,
2026-07-14,2026-07-14,"Customised Workwear | Sales | Advantage+ | SH Campaign",inactive,,,,"Using ad set budget",0,0,0,0,0,0,Ongoing,"7-day click, 1-day view, or 1-day engaged-view",,,,,,,0,,,,,
2026-07-14,2026-07-14,"Ongoing | Retargeting | Sales | Dynamic Abandoned Cart - 30 Days | SH",inactive,,,,6.5,Daily,0,0,0,0,0,Ongoing,"7-day click",,,,,,,0,,,,,
2026-07-14,2026-07-14,"AS 7/1 25 - Purchase - Flexible ad Campaign",inactive,,,,"Using ad set budget",0,0,0,0,0,0,Ongoing,"7-day click, 1-day view, or 1-day engaged-view",,,,,,,0,,,,,
2026-07-14,2026-07-14,"5/6 Michelle Job add - KAM Jylland",inactive,,,,"Using ad set budget",0,0,0,0,0,0,Ongoing,"7-day click or 1-day view",,,,,,,0,,,,,
2026-07-14,2026-07-14,"4/1 2024 - RM - UK Campaign",inactive,,,,100,Daily,0,0,0,0,0,Ongoing,"7-day click",,,,,,,0,,,,,
2026-07-14,2026-07-14,"Ongoing | Prospecting | Sales | Broad | Advantage+ | SH Campaign",inactive,,,,"Using ad set budget",0,0,0,0,0,0,Ongoing,"7-day click or 1-day view",,,,,,,0,,,,,
2026-07-14,2026-07-14,"4/12 2023 - Safety Shoe Sale  Campaign",inactive,,,,"Using ad set budget",0,0,0,0,0,0,Ongoing,"7-day click or 1-day view",,,,,,,0,,,,,
2026-07-14,2026-07-14,"11/10 2023 - Advantage+ shopping campaign Campaign",inactive,,,,"Using ad set budget",0,0,0,0,0,0,Ongoing,"7-day click or 1-day view",,,,,,,0,,,,,
2026-07-14,2026-07-14,"19/7 2023 - MPA RM campaign",inactive,,,,"Using ad set budget",0,0,0,0,0,0,Ongoing,"7-day click or 1-day view",,,,,,,0,,,,,
2026-07-14,2026-07-14,"11/7 2023 - Sales campaign Women - UK MPA",inactive,,,,"Using ad set budget",0,0,0,0,0,0,Ongoing,"7-day click or 1-day view",,,,,,,0,,,,,
2026-07-14,2026-07-14,"23/6 2023 - Sales campaign - UK MPA",inactive,,,,"Using ad set budget",0,0,0,0,0,0,Ongoing,"7-day click or 1-day view",,,,,,,0,,,,,
2026-07-14,2026-07-14,"19/6 2023 - Sales collection video",inactive,,,,"Using ad set budget",0,0,0,0,0,0,Ongoing,"7-day click or 1-day view",,,,,,,0,,,,,
2026-07-14,2026-07-14,"12/5 2023 - Sales campaign - UK MPA",inactive,,,,"Using ad set budget",0,0,0,0,0,0,Ongoing,"7-day click or 1-day view",,,,,,,0,,,,,
2026-07-14,2026-07-14,"8/5 Veltuff - Broad - custom - UK sales",inactive,,,,"Using ad set budget",0,0,0,0,0,0,Ongoing,"7-day click or 1-day view",,,,,,,0,,,,,
2026-07-14,2026-07-14,"3/5 Veltuff - Prospecting Campaign - Sales",inactive,,,,"Using ad set budget",0,0,0,0,0,0,Ongoing,"7-day click or 1-day view",,,,,,,0,,,,,
2026-07-14,2026-07-14,"11/4 Veltuff - Broad - custom - UK sales",inactive,,,,"Using ad set budget",0,0,0,0,0,0,Ongoing,"7-day click or 1-day view",,,,,,,0,,,,,
2026-07-14,2026-07-14,"28/3 Veltuff - Broad - custom - UK RM",inactive,,,,"Using ad set budget",0,0,0,0,0,0,Ongoing,"7-day click or 1-day view",,,,,,,0,,,,,
2026-07-14,2026-07-14,"23/3 Veltuff - Broad - custom - UK sales",inactive,,,,"Using ad set budget",0,0,0,0,0,0,Ongoing,"7-day click or 1-day view",,,,,,,0,,,,,
2026-07-14,2026-07-14,"17/3 Veltuff - Broad - custom - UK sales",inactive,,,,"Using ad set budget",0,0,0,0,0,0,Ongoing,"7-day click or 1-day view",,,,,,,0,,,,,
2026-07-14,2026-07-14,"AS - Prospecting Campaign JAN2023 - SALE - Copy",inactive,,,,"Using ad set budget",0,0,0,0,0,0,Ongoing,"7-day click or 1-day view",,,,,,,0,,,,,
2026-07-14,2026-07-14,"AS - Prospecting Campaign Dec2022",inactive,,,,"Using ad set budget",0,0,0,0,0,0,Ongoing,"7-day click or 1-day view",,,,,,,0,,,,,
2026-07-14,2026-07-14,"AS - RMKT - DEC 2022",inactive,,,,50,Daily,0,0,0,0,0,Ongoing,"7-day click or 1-day view",,,,,,,0,,,,,
2026-07-14,2026-07-14,"Website Retargeting - 2022",inactive,,,,"Using ad set budget",0,0,0,0,0,0,Ongoing,"1-day click",,,,,,,0,,,,,
2026-07-13,2026-07-13,"VD | Sales | Seasonal Best Sellers | DPA",active,,,,506,Daily,0,0,0,0,0,Ongoing,"7-day click or 1-day view",,,,,,,0,,,,,
2026-07-13,2026-07-13,"VD | Sales | Trousers | DPA",active,,,,174,Daily,0,0,0,0,0,Ongoing,"7-day click or 1-day view",,,,,,,0,,,,,
2026-07-13,2026-07-13,"VD | Broad | Awareness",active,15053,reach,6.49903674,196,Daily,97.83,15320,15053,1.017737,6.38577,Ongoing,"7-day click or 1-day view",,,,,20,0.130548,3.9132,233,16,,,8
2026-07-13,2026-07-13,"VD | Retargeting | DPA Broad Remarket",inactive,,,,44,Daily,0,0,0,0,0,Ongoing,"7-day click",,,,,,,0,,,,,
2026-07-13,2026-07-13,"VD | Retargeting | DPA",active,,,,370,Daily,164.23,3533,2445,1.44499,46.484574,Ongoing,"7-day click",,,,,50,1.415228,2.737167,59,45,2,2,4
2026-07-13,2026-07-13,"VD | Retargeting | DPA Campaign | Sales",inactive,,,,145,Daily,0,0,0,0,0,Ongoing,"7-day click",,,,,,,0,,,,,
2026-07-13,2026-07-13,"VD | Broad | Prospecting | Sales",active,6,actions:offsite_conversion.fb_pixel_purchase,107.4,370,Daily,644.4,13427,8487,1.582067,47.99285,Ongoing,"7-day click",3.699953,6,2384.25,action_values:offsite_conversion.fb_pixel_purchase,220,1.63849,2.285106,1328,190,28,13,233
2026-07-13,2026-07-13,"WinterSale | Prospecting | Sales | Advantage+",inactive,,,,"Using ad set budget",0,0,0,0,0,0,Ongoing,"7-day click",,,,,,,0,,,,,
2026-07-13,2026-07-13,"Ongoing | Sales | ProTex1 | Advantage+ | SH",active,1,actions:offsite_conversion.fb_pixel_purchase,199.89,327,Daily,199.89,5408,3013,1.794889,36.961908,Ongoing,"7-day click or 1-day view",2.716444,1,542.99,action_values:offsite_conversion.fb_pixel_purchase,55,1.017012,2.896957,58,45,3,3,
2026-07-13,2026-07-13,"Ongoing | Sales | Hi-Vis Only | Advantage+ | SH",active,3,actions:offsite_conversion.fb_pixel_purchase,63.11,300,Daily,189.33,5590,3674,1.521502,33.86941,Ongoing,"7-day click or 1-day view",4.686949,3,887.38,action_values:offsite_conversion.fb_pixel_purchase,58,1.037567,2.825821,60,55,18,4,
2026-07-13,2026-07-13,"Customised Workwear | Awareness | Advantage+ | SH Campaign – Copy",inactive,,,,100,Daily,0,0,0,0,0,Ongoing,"7-day click or 1-day view",,,,,,,0,,,,,
2026-07-13,2026-07-13,"Key Categories | Sales | Advantage+ | SH Campaign",inactive,,,,"Using ad set budget",0,0,0,0,0,0,Ongoing,"7-day click, 1-day view, or 1-day engaged-view",,,,,,,0,,,,,
2026-07-13,2026-07-13,"Customised Workwear | Sales | Advantage+ | SH Campaign",inactive,,,,"Using ad set budget",0,0,0,0,0,0,Ongoing,"7-day click, 1-day view, or 1-day engaged-view",,,,,,,0,,,,,
2026-07-13,2026-07-13,"Ongoing | Retargeting | Sales | Dynamic Abandoned Cart - 30 Days | SH",inactive,,,,6.5,Daily,0,0,0,0,0,Ongoing,"7-day click",,,,,,,0,,,,,
2026-07-13,2026-07-13,"AS 7/1 25 - Purchase - Flexible ad Campaign",inactive,,,,"Using ad set budget",0,0,0,0,0,0,Ongoing,"7-day click, 1-day view, or 1-day engaged-view",,,,,,,0,,,,,
2026-07-13,2026-07-13,"5/6 Michelle Job add - KAM Jylland",inactive,,,,"Using ad set budget",0,0,0,0,0,0,Ongoing,"7-day click or 1-day view",,,,,,,0,,,,,
2026-07-13,2026-07-13,"4/1 2024 - RM - UK Campaign",inactive,,,,100,Daily,0,0,0,0,0,Ongoing,"7-day click",,,,,,,0,,,,,
2026-07-13,2026-07-13,"Ongoing | Prospecting | Sales | Broad | Advantage+ | SH Campaign",inactive,,,,"Using ad set budget",0,0,0,0,0,0,Ongoing,"7-day click or 1-day view",,,,,,,0,,,,,
2026-07-13,2026-07-13,"4/12 2023 - Safety Shoe Sale  Campaign",inactive,,,,"Using ad set budget",0,0,0,0,0,0,Ongoing,"7-day click or 1-day view",,,,,,,0,,,,,
2026-07-13,2026-07-13,"11/10 2023 - Advantage+ shopping campaign Campaign",inactive,,,,"Using ad set budget",0,0,0,0,0,0,Ongoing,"7-day click or 1-day view",,,,,,,0,,,,,
2026-07-13,2026-07-13,"19/7 2023 - MPA RM campaign",inactive,,,,"Using ad set budget",0,0,0,0,0,0,Ongoing,"7-day click or 1-day view",,,,,,,0,,,,,
2026-07-13,2026-07-13,"11/7 2023 - Sales campaign Women - UK MPA",inactive,,,,"Using ad set budget",0,0,0,0,0,0,Ongoing,"7-day click or 1-day view",,,,,,,0,,,,,
2026-07-13,2026-07-13,"23/6 2023 - Sales campaign - UK MPA",inactive,,,,"Using ad set budget",0,0,0,0,0,0,Ongoing,"7-day click or 1-day view",,,,,,,0,,,,,
2026-07-13,2026-07-13,"19/6 2023 - Sales collection video",inactive,,,,"Using ad set budget",0,0,0,0,0,0,Ongoing,"7-day click or 1-day view",,,,,,,0,,,,,
2026-07-13,2026-07-13,"12/5 2023 - Sales campaign - UK MPA",inactive,,,,"Using ad set budget",0,0,0,0,0,0,Ongoing,"7-day click or 1-day view",,,,,,,0,,,,,
2026-07-13,2026-07-13,"8/5 Veltuff - Broad - custom - UK sales",inactive,,,,"Using ad set budget",0,0,0,0,0,0,Ongoing,"7-day click or 1-day view",,,,,,,0,,,,,
2026-07-13,2026-07-13,"3/5 Veltuff - Prospecting Campaign - Sales",inactive,,,,"Using ad set budget",0,0,0,0,0,0,Ongoing,"7-day click or 1-day view",,,,,,,0,,,,,
2026-07-13,2026-07-13,"11/4 Veltuff - Broad - custom - UK sales",inactive,,,,"Using ad set budget",0,0,0,0,0,0,Ongoing,"7-day click or 1-day view",,,,,,,0,,,,,
2026-07-13,2026-07-13,"28/3 Veltuff - Broad - custom - UK RM",inactive,,,,"Using ad set budget",0,0,0,0,0,0,Ongoing,"7-day click or 1-day view",,,,,,,0,,,,,
2026-07-13,2026-07-13,"23/3 Veltuff - Broad - custom - UK sales",inactive,,,,"Using ad set budget",0,0,0,0,0,0,Ongoing,"7-day click or 1-day view",,,,,,,0,,,,,
2026-07-13,2026-07-13,"17/3 Veltuff - Broad - custom - UK sales",inactive,,,,"Using ad set budget",0,0,0,0,0,0,Ongoing,"7-day click or 1-day view",,,,,,,0,,,,,
2026-07-13,2026-07-13,"AS - Prospecting Campaign JAN2023 - SALE - Copy",inactive,,,,"Using ad set budget",0,0,0,0,0,0,Ongoing,"7-day click or 1-day view",,,,,,,0,,,,,
2026-07-13,2026-07-13,"AS - Prospecting Campaign Dec2022",inactive,,,,"Using ad set budget",0,0,0,0,0,0,Ongoing,"7-day click or 1-day view",,,,,,,0,,,,,
2026-07-13,2026-07-13,"AS - RMKT - DEC 2022",inactive,,,,50,Daily,0,0,0,0,0,Ongoing,"7-day click or 1-day view",,,,,,,0,,,,,
2026-07-13,2026-07-13,"Website Retargeting - 2022",inactive,,,,"Using ad set budget",0,0,0,0,0,0,Ongoing,"1-day click",,,,,,,0,,,,,
2026-07-12,2026-07-12,"VD | Sales | Seasonal Best Sellers | DPA",active,,,,506,Daily,0,0,0,0,0,Ongoing,"7-day click or 1-day view",,,,,,,0,,,,,
2026-07-12,2026-07-12,"VD | Sales | Trousers | DPA",active,,,,174,Daily,0,0,0,0,0,Ongoing,"7-day click or 1-day view",,,,,,,0,,,,,
2026-07-12,2026-07-12,"VD | Broad | Awareness",active,20827,reach,5.77375522,196,Daily,120.25,21351,20827,1.02516,5.632055,Ongoing,"7-day click or 1-day view",,,,,28,0.131141,3.164474,565,17,,,45
2026-07-12,2026-07-12,"VD | Retargeting | DPA Broad Remarket",inactive,,,,44,Daily,0,0,0,0,0,Ongoing,"7-day click",,,,,,,0,,,,,
2026-07-12,2026-07-12,"VD | Retargeting | DPA",active,2,actions:offsite_conversion.fb_pixel_purchase,61.805,370,Daily,123.61,1836,1282,1.432137,67.325708,Ongoing,"7-day click",3.981231,2,492.12,action_values:offsite_conversion.fb_pixel_purchase,39,2.124183,2.575208,40,35,2,3,
2026-07-12,2026-07-12,"VD | Retargeting | DPA Campaign | Sales",inactive,,,,145,Daily,0,0,0,0,0,Ongoing,"7-day click",,,,,,,0,,,,,
2026-07-12,2026-07-12,"VD | Broad | Prospecting | Sales",active,4,actions:offsite_conversion.fb_pixel_purchase,183.93,370,Daily,735.72,15867,9327,1.70119,46.367933,Ongoing,"7-day click",1.812918,4,1333.8,action_values:offsite_conversion.fb_pixel_purchase,261,1.644923,2.183145,1234,228,12,11,243
2026-07-12,2026-07-12,"WinterSale | Prospecting | Sales | Advantage+",inactive,,,,"Using ad set budget",0,0,0,0,0,0,Ongoing,"7-day click",,,,,,,0,,,,,
2026-07-12,2026-07-12,"Ongoing | Sales | ProTex1 | Advantage+ | SH",active,1,actions:offsite_conversion.fb_pixel_purchase,209.44,327,Daily,209.44,5361,2913,1.840371,39.067338,Ongoing,"7-day click or 1-day view",0.709941,1,148.69,action_values:offsite_conversion.fb_pixel_purchase,59,1.100541,3.08,61,57,7,2,
2026-07-12,2026-07-12,"Ongoing | Sales | Hi-Vis Only | Advantage+ | SH",active,3,actions:offsite_conversion.fb_pixel_purchase,72.51333333,300,Daily,217.54,5723,3765,1.520053,38.011532,Ongoing,"7-day click or 1-day view",5.796175,3,1260.9,action_values:offsite_conversion.fb_pixel_purchase,94,1.642495,1.99578,99,85,2,4,
2026-07-12,2026-07-12,"Customised Workwear | Awareness | Advantage+ | SH Campaign – Copy",inactive,,,,100,Daily,0,0,0,0,0,Ongoing,"7-day click or 1-day view",,,,,,,0,,,,,
2026-07-12,2026-07-12,"Key Categories | Sales | Advantage+ | SH Campaign",inactive,,,,"Using ad set budget",0,0,0,0,0,0,Ongoing,"7-day click, 1-day view, or 1-day engaged-view",,,,,,,0,,,,,
2026-07-12,2026-07-12,"Customised Workwear | Sales | Advantage+ | SH Campaign",inactive,,,,"Using ad set budget",0,0,0,0,0,0,Ongoing,"7-day click, 1-day view, or 1-day engaged-view",,,,,,,0,,,,,
2026-07-12,2026-07-12,"Ongoing | Retargeting | Sales | Dynamic Abandoned Cart - 30 Days | SH",inactive,,,,6.5,Daily,0,0,0,0,0,Ongoing,"7-day click",,,,,,,0,,,,,
2026-07-12,2026-07-12,"AS 7/1 25 - Purchase - Flexible ad Campaign",inactive,,,,"Using ad set budget",0,0,0,0,0,0,Ongoing,"7-day click, 1-day view, or 1-day engaged-view",,,,,,,0,,,,,
2026-07-12,2026-07-12,"5/6 Michelle Job add - KAM Jylland",inactive,,,,"Using ad set budget",0,0,0,0,0,0,Ongoing,"7-day click or 1-day view",,,,,,,0,,,,,
2026-07-12,2026-07-12,"4/1 2024 - RM - UK Campaign",inactive,,,,100,Daily,0,0,0,0,0,Ongoing,"7-day click",,,,,,,0,,,,,
2026-07-12,2026-07-12,"Ongoing | Prospecting | Sales | Broad | Advantage+ | SH Campaign",inactive,,,,"Using ad set budget",0,0,0,0,0,0,Ongoing,"7-day click or 1-day view",,,,,,,0,,,,,
2026-07-12,2026-07-12,"4/12 2023 - Safety Shoe Sale  Campaign",inactive,,,,"Using ad set budget",0,0,0,0,0,0,Ongoing,"7-day click or 1-day view",,,,,,,0,,,,,
2026-07-12,2026-07-12,"11/10 2023 - Advantage+ shopping campaign Campaign",inactive,,,,"Using ad set budget",0,0,0,0,0,0,Ongoing,"7-day click or 1-day view",,,,,,,0,,,,,
2026-07-12,2026-07-12,"19/7 2023 - MPA RM campaign",inactive,,,,"Using ad set budget",0,0,0,0,0,0,Ongoing,"7-day click or 1-day view",,,,,,,0,,,,,
2026-07-12,2026-07-12,"11/7 2023 - Sales campaign Women - UK MPA",inactive,,,,"Using ad set budget",0,0,0,0,0,0,Ongoing,"7-day click or 1-day view",,,,,,,0,,,,,
2026-07-12,2026-07-12,"23/6 2023 - Sales campaign - UK MPA",inactive,,,,"Using ad set budget",0,0,0,0,0,0,Ongoing,"7-day click or 1-day view",,,,,,,0,,,,,
2026-07-12,2026-07-12,"19/6 2023 - Sales collection video",inactive,,,,"Using ad set budget",0,0,0,0,0,0,Ongoing,"7-day click or 1-day view",,,,,,,0,,,,,
2026-07-12,2026-07-12,"12/5 2023 - Sales campaign - UK MPA",inactive,,,,"Using ad set budget",0,0,0,0,0,0,Ongoing,"7-day click or 1-day view",,,,,,,0,,,,,
2026-07-12,2026-07-12,"8/5 Veltuff - Broad - custom - UK sales",inactive,,,,"Using ad set budget",0,0,0,0,0,0,Ongoing,"7-day click or 1-day view",,,,,,,0,,,,,
2026-07-12,2026-07-12,"3/5 Veltuff - Prospecting Campaign - Sales",inactive,,,,"Using ad set budget",0,0,0,0,0,0,Ongoing,"7-day click or 1-day view",,,,,,,0,,,,,
2026-07-12,2026-07-12,"11/4 Veltuff - Broad - custom - UK sales",inactive,,,,"Using ad set budget",0,0,0,0,0,0,Ongoing,"7-day click or 1-day view",,,,,,,0,,,,,
2026-07-12,2026-07-12,"28/3 Veltuff - Broad - custom - UK RM",inactive,,,,"Using ad set budget",0,0,0,0,0,0,Ongoing,"7-day click or 1-day view",,,,,,,0,,,,,
2026-07-12,2026-07-12,"23/3 Veltuff - Broad - custom - UK sales",inactive,,,,"Using ad set budget",0,0,0,0,0,0,Ongoing,"7-day click or 1-day view",,,,,,,0,,,,,
2026-07-12,2026-07-12,"17/3 Veltuff - Broad - custom - UK sales",inactive,,,,"Using ad set budget",0,0,0,0,0,0,Ongoing,"7-day click or 1-day view",,,,,,,0,,,,,
2026-07-12,2026-07-12,"AS - Prospecting Campaign JAN2023 - SALE - Copy",inactive,,,,"Using ad set budget",0,0,0,0,0,0,Ongoing,"7-day click or 1-day view",,,,,,,0,,,,,
2026-07-12,2026-07-12,"AS - Prospecting Campaign Dec2022",inactive,,,,"Using ad set budget",0,0,0,0,0,0,Ongoing,"7-day click or 1-day view",,,,,,,0,,,,,
2026-07-12,2026-07-12,"AS - RMKT - DEC 2022",inactive,,,,50,Daily,0,0,0,0,0,Ongoing,"7-day click or 1-day view",,,,,,,0,,,,,
2026-07-12,2026-07-12,"Website Retargeting - 2022",inactive,,,,"Using ad set budget",0,0,0,0,0,0,Ongoing,"1-day click",,,,,,,0,,,,,
2026-07-11,2026-07-11,"VD | Sales | Seasonal Best Sellers | DPA",active,,,,506,Daily,0,0,0,0,0,Ongoing,"7-day click or 1-day view",,,,,,,0,,,,,
2026-07-11,2026-07-11,"VD | Sales | Trousers | DPA",active,,,,174,Daily,0,0,0,0,0,Ongoing,"7-day click or 1-day view",,,,,,,0,,,,,
2026-07-11,2026-07-11,"VD | Broad | Awareness",active,13438,reach,8.0540259,196,Daily,108.23,13950,13438,1.038101,7.758423,Ongoing,"7-day click or 1-day view",,,,,10,0.071685,3.49129,740,6,,,53
2026-07-11,2026-07-11,"VD | Retargeting | DPA Broad Remarket",inactive,,,,44,Daily,0,0,0,0,0,Ongoing,"7-day click",,,,,,,0,,,,,
2026-07-11,2026-07-11,"VD | Retargeting | DPA",active,,,,370,Daily,204.58,4799,3505,1.369187,42.629715,Ongoing,"7-day click",,,,,48,1.000208,3.653214,58,45,3,2,4
2026-07-11,2026-07-11,"VD | Retargeting | DPA Campaign | Sales",inactive,,,,145,Daily,0,0,0,0,0,Ongoing,"7-day click",,,,,,,0,,,,,
2026-07-11,2026-07-11,"VD | Broad | Prospecting | Sales",active,5,actions:offsite_conversion.fb_pixel_purchase,122.196,370,Daily,610.98,12514,7989,1.566404,48.823717,Ongoing,"7-day click",4.027415,5,2460.67,action_values:offsite_conversion.fb_pixel_purchase,226,1.805977,2.106828,757,203,37,16,128
2026-07-11,2026-07-11,"WinterSale | Prospecting | Sales | Advantage+",inactive,,,,"Using ad set budget",0,0,0,0,0,0,Ongoing,"7-day click",,,,,,,0,,,,,
2026-07-11,2026-07-11,"Ongoing | Sales | ProTex1 | Advantage+ | SH",active,,,,327,Daily,181.03,4547,2737,1.661308,39.813064,Ongoing,"7-day click or 1-day view",,,,,39,0.857708,3.352407,41,32,12,3,
2026-07-11,2026-07-11,"Ongoing | Sales | Hi-Vis Only | Advantage+ | SH",active,,,,300,Daily,187.33,4999,3375,1.481185,37.473495,Ongoing,"7-day click or 1-day view",,,,,54,1.080216,2.79597,56,44,6,2,
2026-07-11,2026-07-11,"Customised Workwear | Awareness | Advantage+ | SH Campaign – Copy",inactive,,,,100,Daily,0,0,0,0,0,Ongoing,"7-day click or 1-day view",,,,,,,0,,,,,
2026-07-11,2026-07-11,"Key Categories | Sales | Advantage+ | SH Campaign",inactive,,,,"Using ad set budget",0,0,0,0,0,0,Ongoing,"7-day click, 1-day view, or 1-day engaged-view",,,,,,,0,,,,,
2026-07-11,2026-07-11,"Customised Workwear | Sales | Advantage+ | SH Campaign",inactive,,,,"Using ad set budget",0,0,0,0,0,0,Ongoing,"7-day click, 1-day view, or 1-day engaged-view",,,,,,,0,,,,,
2026-07-11,2026-07-11,"Ongoing | Retargeting | Sales | Dynamic Abandoned Cart - 30 Days | SH",inactive,,,,6.5,Daily,0,0,0,0,0,Ongoing,"7-day click",,,,,,,0,,,,,
2026-07-11,2026-07-11,"AS 7/1 25 - Purchase - Flexible ad Campaign",inactive,,,,"Using ad set budget",0,0,0,0,0,0,Ongoing,"7-day click, 1-day view, or 1-day engaged-view",,,,,,,0,,,,,
2026-07-11,2026-07-11,"5/6 Michelle Job add - KAM Jylland",inactive,,,,"Using ad set budget",0,0,0,0,0,0,Ongoing,"7-day click or 1-day view",,,,,,,0,,,,,
2026-07-11,2026-07-11,"4/1 2024 - RM - UK Campaign",inactive,,,,100,Daily,0,0,0,0,0,Ongoing,"7-day click",,,,,,,0,,,,,
2026-07-11,2026-07-11,"Ongoing | Prospecting | Sales | Broad | Advantage+ | SH Campaign",inactive,,,,"Using ad set budget",0,0,0,0,0,0,Ongoing,"7-day click or 1-day view",,,,,,,0,,,,,
2026-07-11,2026-07-11,"4/12 2023 - Safety Shoe Sale  Campaign",inactive,,,,"Using ad set budget",0,0,0,0,0,0,Ongoing,"7-day click or 1-day view",,,,,,,0,,,,,
2026-07-11,2026-07-11,"11/10 2023 - Advantage+ shopping campaign Campaign",inactive,,,,"Using ad set budget",0,0,0,0,0,0,Ongoing,"7-day click or 1-day view",,,,,,,0,,,,,
2026-07-11,2026-07-11,"19/7 2023 - MPA RM campaign",inactive,,,,"Using ad set budget",0,0,0,0,0,0,Ongoing,"7-day click or 1-day view",,,,,,,0,,,,,
2026-07-11,2026-07-11,"11/7 2023 - Sales campaign Women - UK MPA",inactive,,,,"Using ad set budget",0,0,0,0,0,0,Ongoing,"7-day click or 1-day view",,,,,,,0,,,,,
2026-07-11,2026-07-11,"23/6 2023 - Sales campaign - UK MPA",inactive,,,,"Using ad set budget",0,0,0,0,0,0,Ongoing,"7-day click or 1-day view",,,,,,,0,,,,,
2026-07-11,2026-07-11,"19/6 2023 - Sales collection video",inactive,,,,"Using ad set budget",0,0,0,0,0,0,Ongoing,"7-day click or 1-day view",,,,,,,0,,,,,
2026-07-11,2026-07-11,"12/5 2023 - Sales campaign - UK MPA",inactive,,,,"Using ad set budget",0,0,0,0,0,0,Ongoing,"7-day click or 1-day view",,,,,,,0,,,,,
2026-07-11,2026-07-11,"8/5 Veltuff - Broad - custom - UK sales",inactive,,,,"Using ad set budget",0,0,0,0,0,0,Ongoing,"7-day click or 1-day view",,,,,,,0,,,,,
2026-07-11,2026-07-11,"3/5 Veltuff - Prospecting Campaign - Sales",inactive,,,,"Using ad set budget",0,0,0,0,0,0,Ongoing,"7-day click or 1-day view",,,,,,,0,,,,,
2026-07-11,2026-07-11,"11/4 Veltuff - Broad - custom - UK sales",inactive,,,,"Using ad set budget",0,0,0,0,0,0,Ongoing,"7-day click or 1-day view",,,,,,,0,,,,,
2026-07-11,2026-07-11,"28/3 Veltuff - Broad - custom - UK RM",inactive,,,,"Using ad set budget",0,0,0,0,0,0,Ongoing,"7-day click or 1-day view",,,,,,,0,,,,,
2026-07-11,2026-07-11,"23/3 Veltuff - Broad - custom - UK sales",inactive,,,,"Using ad set budget",0,0,0,0,0,0,Ongoing,"7-day click or 1-day view",,,,,,,0,,,,,
2026-07-11,2026-07-11,"17/3 Veltuff - Broad - custom - UK sales",inactive,,,,"Using ad set budget",0,0,0,0,0,0,Ongoing,"7-day click or 1-day view",,,,,,,0,,,,,
2026-07-11,2026-07-11,"AS - Prospecting Campaign JAN2023 - SALE - Copy",inactive,,,,"Using ad set budget",0,0,0,0,0,0,Ongoing,"7-day click or 1-day view",,,,,,,0,,,,,
2026-07-11,2026-07-11,"AS - Prospecting Campaign Dec2022",inactive,,,,"Using ad set budget",0,0,0,0,0,0,Ongoing,"7-day click or 1-day view",,,,,,,0,,,,,
2026-07-11,2026-07-11,"AS - RMKT - DEC 2022",inactive,,,,50,Daily,0,0,0,0,0,Ongoing,"7-day click or 1-day view",,,,,,,0,,,,,
2026-07-11,2026-07-11,"Website Retargeting - 2022",inactive,,,,"Using ad set budget",0,0,0,0,0,0,Ongoing,"1-day click",,,,,,,0,,,,,
2026-07-10,2026-07-10,"VD | Sales | Seasonal Best Sellers | DPA",active,,,,506,Daily,0,0,0,0,0,Ongoing,"7-day click or 1-day view",,,,,,,0,,,,,
2026-07-10,2026-07-10,"VD | Sales | Trousers | DPA",active,,,,174,Daily,0,0,0,0,0,Ongoing,"7-day click or 1-day view",,,,,,,0,,,,,
2026-07-10,2026-07-10,"VD | Broad | Awareness",active,11402,reach,7.22680232,196,Daily,82.4,11667,11402,1.023242,7.062655,Ongoing,"7-day click or 1-day view",,,,,4,0.034285,6.338462,320,1,,,27
2026-07-10,2026-07-10,"VD | Retargeting | DPA Broad Remarket",inactive,,,,44,Daily,0,0,0,0,0,Ongoing,"7-day click",,,,,,,0,,,,,
2026-07-10,2026-07-10,"VD | Retargeting | DPA",active,3,actions:offsite_conversion.fb_pixel_purchase,56.5,370,Daily,169.5,3993,2598,1.536952,42.449286,Ongoing,"7-day click",6.047198,3,1025,action_values:offsite_conversion.fb_pixel_purchase,70,1.753068,2.11875,73,59,9,5,1
2026-07-10,2026-07-10,"VD | Retargeting | DPA Campaign | Sales",inactive,,,,145,Daily,0,0,0,0,0,Ongoing,"7-day click",,,,,,,0,,,,,
2026-07-10,2026-07-10,"VD | Broad | Prospecting | Sales",active,2,actions:offsite_conversion.fb_pixel_purchase,324.135,370,Daily,648.27,14571,8771,1.66127,44.490426,Ongoing,"7-day click",0.854829,2,554.16,action_values:offsite_conversion.fb_pixel_purchase,229,1.571615,2.077788,901,194,24,12,175
2026-07-10,2026-07-10,"WinterSale | Prospecting | Sales | Advantage+",inactive,,,,"Using ad set budget",0,0,0,0,0,0,Ongoing,"7-day click",,,,,,,0,,,,,
2026-07-10,2026-07-10,"Ongoing | Sales | ProTex1 | Advantage+ | SH",active,2,actions:offsite_conversion.fb_pixel_purchase,91.615,327,Daily,183.23,4891,2739,1.785688,37.462687,Ongoing,"7-day click or 1-day view",,2,,,56,1.14496,2.776212,58,43,4,2,
2026-07-10,2026-07-10,"Ongoing | Sales | Hi-Vis Only | Advantage+ | SH",active,3,actions:offsite_conversion.fb_pixel_purchase,61.93333333,300,Daily,185.8,5016,3257,1.540068,37.041467,Ongoing,"7-day click or 1-day view",3.485145,3,647.54,action_values:offsite_conversion.fb_pixel_purchase,71,1.41547,2.412987,74,58,10,4,1
2026-07-10,2026-07-10,"Customised Workwear | Awareness | Advantage+ | SH Campaign – Copy",inactive,,,,100,Daily,0,0,0,0,0,Ongoing,"7-day click or 1-day view",,,,,,,0,,,,,
2026-07-10,2026-07-10,"Key Categories | Sales | Advantage+ | SH Campaign",inactive,,,,"Using ad set budget",0,0,0,0,0,0,Ongoing,"7-day click, 1-day view, or 1-day engaged-view",,,,,,,0,,,,,
2026-07-10,2026-07-10,"Customised Workwear | Sales | Advantage+ | SH Campaign",inactive,,,,"Using ad set budget",0,0,0,0,0,0,Ongoing,"7-day click, 1-day view, or 1-day engaged-view",,,,,,,0,,,,,
2026-07-10,2026-07-10,"Ongoing | Retargeting | Sales | Dynamic Abandoned Cart - 30 Days | SH",inactive,,,,6.5,Daily,0,0,0,0,0,Ongoing,"7-day click",,,,,,,0,,,,,
2026-07-10,2026-07-10,"AS 7/1 25 - Purchase - Flexible ad Campaign",inactive,,,,"Using ad set budget",0,0,0,0,0,0,Ongoing,"7-day click, 1-day view, or 1-day engaged-view",,,,,,,0,,,,,
2026-07-10,2026-07-10,"5/6 Michelle Job add - KAM Jylland",inactive,,,,"Using ad set budget",0,0,0,0,0,0,Ongoing,"7-day click or 1-day view",,,,,,,0,,,,,
2026-07-10,2026-07-10,"4/1 2024 - RM - UK Campaign",inactive,,,,100,Daily,0,0,0,0,0,Ongoing,"7-day click",,,,,,,0,,,,,
2026-07-10,2026-07-10,"Ongoing | Prospecting | Sales | Broad | Advantage+ | SH Campaign",inactive,,,,"Using ad set budget",0,0,0,0,0,0,Ongoing,"7-day click or 1-day view",,,,,,,0,,,,,
2026-07-10,2026-07-10,"4/12 2023 - Safety Shoe Sale  Campaign",inactive,,,,"Using ad set budget",0,0,0,0,0,0,Ongoing,"7-day click or 1-day view",,,,,,,0,,,,,
2026-07-10,2026-07-10,"11/10 2023 - Advantage+ shopping campaign Campaign",inactive,,,,"Using ad set budget",0,0,0,0,0,0,Ongoing,"7-day click or 1-day view",,,,,,,0,,,,,
2026-07-10,2026-07-10,"19/7 2023 - MPA RM campaign",inactive,,,,"Using ad set budget",0,0,0,0,0,0,Ongoing,"7-day click or 1-day view",,,,,,,0,,,,,
2026-07-10,2026-07-10,"11/7 2023 - Sales campaign Women - UK MPA",inactive,,,,"Using ad set budget",0,0,0,0,0,0,Ongoing,"7-day click or 1-day view",,,,,,,0,,,,,
2026-07-10,2026-07-10,"23/6 2023 - Sales campaign - UK MPA",inactive,,,,"Using ad set budget",0,0,0,0,0,0,Ongoing,"7-day click or 1-day view",,,,,,,0,,,,,
2026-07-10,2026-07-10,"19/6 2023 - Sales collection video",inactive,,,,"Using ad set budget",0,0,0,0,0,0,Ongoing,"7-day click or 1-day view",,,,,,,0,,,,,
2026-07-10,2026-07-10,"12/5 2023 - Sales campaign - UK MPA",inactive,,,,"Using ad set budget",0,0,0,0,0,0,Ongoing,"7-day click or 1-day view",,,,,,,0,,,,,
2026-07-10,2026-07-10,"8/5 Veltuff - Broad - custom - UK sales",inactive,,,,"Using ad set budget",0,0,0,0,0,0,Ongoing,"7-day click or 1-day view",,,,,,,0,,,,,
2026-07-10,2026-07-10,"3/5 Veltuff - Prospecting Campaign - Sales",inactive,,,,"Using ad set budget",0,0,0,0,0,0,Ongoing,"7-day click or 1-day view",,,,,,,0,,,,,
2026-07-10,2026-07-10,"11/4 Veltuff - Broad - custom - UK sales",inactive,,,,"Using ad set budget",0,0,0,0,0,0,Ongoing,"7-day click or 1-day view",,,,,,,0,,,,,
2026-07-10,2026-07-10,"28/3 Veltuff - Broad - custom - UK RM",inactive,,,,"Using ad set budget",0,0,0,0,0,0,Ongoing,"7-day click or 1-day view",,,,,,,0,,,,,
2026-07-10,2026-07-10,"23/3 Veltuff - Broad - custom - UK sales",inactive,,,,"Using ad set budget",0,0,0,0,0,0,Ongoing,"7-day click or 1-day view",,,,,,,0,,,,,
2026-07-10,2026-07-10,"17/3 Veltuff - Broad - custom - UK sales",inactive,,,,"Using ad set budget",0,0,0,0,0,0,Ongoing,"7-day click or 1-day view",,,,,,,0,,,,,
2026-07-10,2026-07-10,"AS - Prospecting Campaign JAN2023 - SALE - Copy",inactive,,,,"Using ad set budget",0,0,0,0,0,0,Ongoing,"7-day click or 1-day view",,,,,,,0,,,,,
2026-07-10,2026-07-10,"AS - Prospecting Campaign Dec2022",inactive,,,,"Using ad set budget",0,0,0,0,0,0,Ongoing,"7-day click or 1-day view",,,,,,,0,,,,,
2026-07-10,2026-07-10,"AS - RMKT - DEC 2022",inactive,,,,50,Daily,0,0,0,0,0,Ongoing,"7-day click or 1-day view",,,,,,,0,,,,,
2026-07-10,2026-07-10,"Website Retargeting - 2022",inactive,,,,"Using ad set budget",0,0,0,0,0,0,Ongoing,"1-day click",,,,,,,0,,,,,
2026-07-09,2026-07-09,"VD | Sales | Seasonal Best Sellers | DPA",active,,,,506,Daily,0,0,0,0,0,Ongoing,"7-day click or 1-day view",,,,,,,0,,,,,
2026-07-09,2026-07-09,"VD | Sales | Trousers | DPA",active,,,,174,Daily,0,0,0,0,0,Ongoing,"7-day click or 1-day view",,,,,,,0,,,,,
2026-07-09,2026-07-09,"VD | Broad | Awareness",active,21025,reach,5.66611177,196,Daily,119.13,21715,21025,1.032818,5.48607,Ongoing,"7-day click or 1-day view",,,,,16,0.073682,4.581923,413,9,,,26
2026-07-09,2026-07-09,"VD | Retargeting | DPA Broad Remarket",inactive,,,,44,Daily,0,0,0,0,0,Ongoing,"7-day click",,,,,,,0,,,,,
2026-07-09,2026-07-09,"VD | Retargeting | DPA",active,1,actions:offsite_conversion.fb_pixel_purchase,159.58,370,Daily,159.58,3161,2152,1.468866,50.484024,Ongoing,"7-day click",1.479321,1,236.07,action_values:offsite_conversion.fb_pixel_purchase,53,1.676685,2.659667,54,47,1,2,1
2026-07-09,2026-07-09,"VD | Retargeting | DPA Campaign | Sales",inactive,,,,145,Daily,0,0,0,0,0,Ongoing,"7-day click",,,,,,,0,,,,,
2026-07-09,2026-07-09,"VD | Broad | Prospecting | Sales",active,5,actions:offsite_conversion.fb_pixel_purchase,152.934,370,Daily,764.67,16919,10722,1.577971,45.195934,Ongoing,"7-day click",3.491271,5,2669.67,action_values:offsite_conversion.fb_pixel_purchase,291,1.71996,2.03912,1176,255,27,11,216
2026-07-09,2026-07-09,"WinterSale | Prospecting | Sales | Advantage+",inactive,,,,"Using ad set budget",0,0,0,0,0,0,Ongoing,"7-day click",,,,,,,0,,,,,
2026-07-09,2026-07-09,"Ongoing | Sales | ProTex1 | Advantage+ | SH",active,2,actions:offsite_conversion.fb_pixel_purchase,105.165,327,Daily,210.33,5869,3569,1.644438,35.837451,Ongoing,"7-day click or 1-day view",11.357438,2,2388.81,action_values:offsite_conversion.fb_pixel_purchase,64,1.090475,2.881233,68,53,10,2,
2026-07-09,2026-07-09,"Ongoing | Sales | Hi-Vis Only | Advantage+ | SH",active,3,actions:offsite_conversion.fb_pixel_purchase,71.55,300,Daily,214.65,6275,4297,1.460321,34.207171,Ongoing,"7-day click or 1-day view",10.804612,3,2319.21,action_values:offsite_conversion.fb_pixel_purchase,87,1.386454,2.025,91,80,9,4,
2026-07-09,2026-07-09,"Customised Workwear | Awareness | Advantage+ | SH Campaign – Copy",inactive,,,,100,Daily,0,0,0,0,0,Ongoing,"7-day click or 1-day view",,,,,,,0,,,,,
2026-07-09,2026-07-09,"Key Categories | Sales | Advantage+ | SH Campaign",inactive,,,,"Using ad set budget",0,0,0,0,0,0,Ongoing,"7-day click, 1-day view, or 1-day engaged-view",,,,,,,0,,,,,
2026-07-09,2026-07-09,"Customised Workwear | Sales | Advantage+ | SH Campaign",inactive,,,,"Using ad set budget",0,0,0,0,0,0,Ongoing,"7-day click, 1-day view, or 1-day engaged-view",,,,,,,0,,,,,
2026-07-09,2026-07-09,"Ongoing | Retargeting | Sales | Dynamic Abandoned Cart - 30 Days | SH",inactive,,,,6.5,Daily,0,0,0,0,0,Ongoing,"7-day click",,,,,,,0,,,,,
2026-07-09,2026-07-09,"AS 7/1 25 - Purchase - Flexible ad Campaign",inactive,,,,"Using ad set budget",0,0,0,0,0,0,Ongoing,"7-day click, 1-day view, or 1-day engaged-view",,,,,,,0,,,,,
2026-07-09,2026-07-09,"5/6 Michelle Job add - KAM Jylland",inactive,,,,"Using ad set budget",0,0,0,0,0,0,Ongoing,"7-day click or 1-day view",,,,,,,0,,,,,
2026-07-09,2026-07-09,"4/1 2024 - RM - UK Campaign",inactive,,,,100,Daily,0,0,0,0,0,Ongoing,"7-day click",,,,,,,0,,,,,
2026-07-09,2026-07-09,"Ongoing | Prospecting | Sales | Broad | Advantage+ | SH Campaign",inactive,,,,"Using ad set budget",0,0,0,0,0,0,Ongoing,"7-day click or 1-day view",,,,,,,0,,,,,
2026-07-09,2026-07-09,"4/12 2023 - Safety Shoe Sale  Campaign",inactive,,,,"Using ad set budget",0,0,0,0,0,0,Ongoing,"7-day click or 1-day view",,,,,,,0,,,,,
2026-07-09,2026-07-09,"11/10 2023 - Advantage+ shopping campaign Campaign",inactive,,,,"Using ad set budget",0,0,0,0,0,0,Ongoing,"7-day click or 1-day view",,,,,,,0,,,,,
2026-07-09,2026-07-09,"19/7 2023 - MPA RM campaign",inactive,,,,"Using ad set budget",0,0,0,0,0,0,Ongoing,"7-day click or 1-day view",,,,,,,0,,,,,
2026-07-09,2026-07-09,"11/7 2023 - Sales campaign Women - UK MPA",inactive,,,,"Using ad set budget",0,0,0,0,0,0,Ongoing,"7-day click or 1-day view",,,,,,,0,,,,,
2026-07-09,2026-07-09,"23/6 2023 - Sales campaign - UK MPA",inactive,,,,"Using ad set budget",0,0,0,0,0,0,Ongoing,"7-day click or 1-day view",,,,,,,0,,,,,
2026-07-09,2026-07-09,"19/6 2023 - Sales collection video",inactive,,,,"Using ad set budget",0,0,0,0,0,0,Ongoing,"7-day click or 1-day view",,,,,,,0,,,,,
2026-07-09,2026-07-09,"12/5 2023 - Sales campaign - UK MPA",inactive,,,,"Using ad set budget",0,0,0,0,0,0,Ongoing,"7-day click or 1-day view",,,,,,,0,,,,,
2026-07-09,2026-07-09,"8/5 Veltuff - Broad - custom - UK sales",inactive,,,,"Using ad set budget",0,0,0,0,0,0,Ongoing,"7-day click or 1-day view",,,,,,,0,,,,,
2026-07-09,2026-07-09,"3/5 Veltuff - Prospecting Campaign - Sales",inactive,,,,"Using ad set budget",0,0,0,0,0,0,Ongoing,"7-day click or 1-day view",,,,,,,0,,,,,
2026-07-09,2026-07-09,"11/4 Veltuff - Broad - custom - UK sales",inactive,,,,"Using ad set budget",0,0,0,0,0,0,Ongoing,"7-day click or 1-day view",,,,,,,0,,,,,
2026-07-09,2026-07-09,"28/3 Veltuff - Broad - custom - UK RM",inactive,,,,"Using ad set budget",0,0,0,0,0,0,Ongoing,"7-day click or 1-day view",,,,,,,0,,,,,
2026-07-09,2026-07-09,"23/3 Veltuff - Broad - custom - UK sales",inactive,,,,"Using ad set budget",0,0,0,0,0,0,Ongoing,"7-day click or 1-day view",,,,,,,0,,,,,
2026-07-09,2026-07-09,"17/3 Veltuff - Broad - custom - UK sales",inactive,,,,"Using ad set budget",0,0,0,0,0,0,Ongoing,"7-day click or 1-day view",,,,,,,0,,,,,
2026-07-09,2026-07-09,"AS - Prospecting Campaign JAN2023 - SALE - Copy",inactive,,,,"Using ad set budget",0,0,0,0,0,0,Ongoing,"7-day click or 1-day view",,,,,,,0,,,,,
2026-07-09,2026-07-09,"AS - Prospecting Campaign Dec2022",inactive,,,,"Using ad set budget",0,0,0,0,0,0,Ongoing,"7-day click or 1-day view",,,,,,,0,,,,,
2026-07-09,2026-07-09,"AS - RMKT - DEC 2022",inactive,,,,50,Daily,0,0,0,0,0,Ongoing,"7-day click or 1-day view",,,,,,,0,,,,,
2026-07-09,2026-07-09,"Website Retargeting - 2022",inactive,,,,"Using ad set budget",0,0,0,0,0,0,Ongoing,"1-day click",,,,,,,0,,,,,
2026-07-08,2026-07-08,"VD | Sales | Seasonal Best Sellers | DPA",active,,,,506,Daily,0,0,0,0,0,Ongoing,"7-day click or 1-day view",,,,,,,0,,,,,
2026-07-08,2026-07-08,"VD | Sales | Trousers | DPA",active,,,,174,Daily,0,0,0,0,0,Ongoing,"7-day click or 1-day view",,,,,,,0,,,,,
2026-07-08,2026-07-08,"VD | Broad | Awareness",active,9238,reach,7.4074475,196,Daily,68.43,10232,9238,1.107599,6.687842,Ongoing,"7-day click or 1-day view",,,,,9,0.087959,4.025294,46,5,,,1
2026-07-08,2026-07-08,"VD | Retargeting | DPA Broad Remarket",inactive,,,,44,Daily,0,0,0,0,0,Ongoing,"7-day click",,,,,,,0,,,,,
2026-07-08,2026-07-08,"VD | Retargeting | DPA",active,1,actions:offsite_conversion.fb_pixel_purchase,166.89,370,Daily,166.89,3818,2798,1.364546,43.711367,Ongoing,"7-day click",0.993409,1,165.79,action_values:offsite_conversion.fb_pixel_purchase,75,1.964379,1.986786,82,68,4,8,3
2026-07-08,2026-07-08,"VD | Retargeting | DPA Campaign | Sales",inactive,,,,145,Daily,0,0,0,0,0,Ongoing,"7-day click",,,,,,,0,,,,,
2026-07-08,2026-07-08,"VD | Broad | Prospecting | Sales",active,6,actions:offsite_conversion.fb_pixel_purchase,135.30666667,370,Daily,811.84,19521,12318,1.584754,41.588033,Ongoing,"7-day click",4.274685,6,3470.36,action_values:offsite_conversion.fb_pixel_purchase,314,1.608524,2.019502,1107,276,34,18,180
2026-07-08,2026-07-08,"WinterSale | Prospecting | Sales | Advantage+",inactive,,,,"Using ad set budget",0,0,0,0,0,0,Ongoing,"7-day click",,,,,,,0,,,,,
2026-07-08,2026-07-08,"Ongoing | Sales | ProTex1 | Advantage+ | SH",active,2,actions:offsite_conversion.fb_pixel_purchase,109.005,327,Daily,218.01,5900,3487,1.691999,36.950847,Ongoing,"7-day click or 1-day view",3.766203,2,821.07,action_values:offsite_conversion.fb_pixel_purchase,83,1.40678,2.09625,89,84,5,2,
2026-07-08,2026-07-08,"Ongoing | Sales | Hi-Vis Only | Advantage+ | SH",active,6,actions:offsite_conversion.fb_pixel_purchase,35.59,300,Daily,213.54,6027,4312,1.397727,35.430562,Ongoing,"7-day click or 1-day view",10.920155,6,2331.89,action_values:offsite_conversion.fb_pixel_purchase,96,1.592832,1.840862,106,84,11,7,
2026-07-08,2026-07-08,"Customised Workwear | Awareness | Advantage+ | SH Campaign – Copy",inactive,,,,100,Daily,0,0,0,0,0,Ongoing,"7-day click or 1-day view",,,,,,,0,,,,,
2026-07-08,2026-07-08,"Key Categories | Sales | Advantage+ | SH Campaign",inactive,,,,"Using ad set budget",0,0,0,0,0,0,Ongoing,"7-day click, 1-day view, or 1-day engaged-view",,,,,,,0,,,,,
2026-07-08,2026-07-08,"Customised Workwear | Sales | Advantage+ | SH Campaign",inactive,,,,"Using ad set budget",0,0,0,0,0,0,Ongoing,"7-day click, 1-day view, or 1-day engaged-view",,,,,,,0,,,,,
2026-07-08,2026-07-08,"Ongoing | Retargeting | Sales | Dynamic Abandoned Cart - 30 Days | SH",inactive,,,,6.5,Daily,0,0,0,0,0,Ongoing,"7-day click",,,,,,,0,,,,,
2026-07-08,2026-07-08,"AS 7/1 25 - Purchase - Flexible ad Campaign",inactive,,,,"Using ad set budget",0,0,0,0,0,0,Ongoing,"7-day click, 1-day view, or 1-day engaged-view",,,,,,,0,,,,,
2026-07-08,2026-07-08,"5/6 Michelle Job add - KAM Jylland",inactive,,,,"Using ad set budget",0,0,0,0,0,0,Ongoing,"7-day click or 1-day view",,,,,,,0,,,,,
2026-07-08,2026-07-08,"4/1 2024 - RM - UK Campaign",inactive,,,,100,Daily,0,0,0,0,0,Ongoing,"7-day click",,,,,,,0,,,,,
2026-07-08,2026-07-08,"Ongoing | Prospecting | Sales | Broad | Advantage+ | SH Campaign",inactive,,,,"Using ad set budget",0,0,0,0,0,0,Ongoing,"7-day click or 1-day view",,,,,,,0,,,,,
2026-07-08,2026-07-08,"4/12 2023 - Safety Shoe Sale  Campaign",inactive,,,,"Using ad set budget",0,0,0,0,0,0,Ongoing,"7-day click or 1-day view",,,,,,,0,,,,,
2026-07-08,2026-07-08,"11/10 2023 - Advantage+ shopping campaign Campaign",inactive,,,,"Using ad set budget",0,0,0,0,0,0,Ongoing,"7-day click or 1-day view",,,,,,,0,,,,,
2026-07-08,2026-07-08,"19/7 2023 - MPA RM campaign",inactive,,,,"Using ad set budget",0,0,0,0,0,0,Ongoing,"7-day click or 1-day view",,,,,,,0,,,,,
2026-07-08,2026-07-08,"11/7 2023 - Sales campaign Women - UK MPA",inactive,,,,"Using ad set budget",0,0,0,0,0,0,Ongoing,"7-day click or 1-day view",,,,,,,0,,,,,
2026-07-08,2026-07-08,"23/6 2023 - Sales campaign - UK MPA",inactive,,,,"Using ad set budget",0,0,0,0,0,0,Ongoing,"7-day click or 1-day view",,,,,,,0,,,,,
2026-07-08,2026-07-08,"19/6 2023 - Sales collection video",inactive,,,,"Using ad set budget",0,0,0,0,0,0,Ongoing,"7-day click or 1-day view",,,,,,,0,,,,,
2026-07-08,2026-07-08,"12/5 2023 - Sales campaign - UK MPA",inactive,,,,"Using ad set budget",0,0,0,0,0,0,Ongoing,"7-day click or 1-day view",,,,,,,0,,,,,
2026-07-08,2026-07-08,"8/5 Veltuff - Broad - custom - UK sales",inactive,,,,"Using ad set budget",0,0,0,0,0,0,Ongoing,"7-day click or 1-day view",,,,,,,0,,,,,
2026-07-08,2026-07-08,"3/5 Veltuff - Prospecting Campaign - Sales",inactive,,,,"Using ad set budget",0,0,0,0,0,0,Ongoing,"7-day click or 1-day view",,,,,,,0,,,,,
2026-07-08,2026-07-08,"11/4 Veltuff - Broad - custom - UK sales",inactive,,,,"Using ad set budget",0,0,0,0,0,0,Ongoing,"7-day click or 1-day view",,,,,,,0,,,,,
2026-07-08,2026-07-08,"28/3 Veltuff - Broad - custom - UK RM",inactive,,,,"Using ad set budget",0,0,0,0,0,0,Ongoing,"7-day click or 1-day view",,,,,,,0,,,,,
2026-07-08,2026-07-08,"23/3 Veltuff - Broad - custom - UK sales",inactive,,,,"Using ad set budget",0,0,0,0,0,0,Ongoing,"7-day click or 1-day view",,,,,,,0,,,,,
2026-07-08,2026-07-08,"17/3 Veltuff - Broad - custom - UK sales",inactive,,,,"Using ad set budget",0,0,0,0,0,0,Ongoing,"7-day click or 1-day view",,,,,,,0,,,,,
2026-07-08,2026-07-08,"AS - Prospecting Campaign JAN2023 - SALE - Copy",inactive,,,,"Using ad set budget",0,0,0,0,0,0,Ongoing,"7-day click or 1-day view",,,,,,,0,,,,,
2026-07-08,2026-07-08,"AS - Prospecting Campaign Dec2022",inactive,,,,"Using ad set budget",0,0,0,0,0,0,Ongoing,"7-day click or 1-day view",,,,,,,0,,,,,
2026-07-08,2026-07-08,"AS - RMKT - DEC 2022",inactive,,,,50,Daily,0,0,0,0,0,Ongoing,"7-day click or 1-day view",,,,,,,0,,,,,
2026-07-08,2026-07-08,"Website Retargeting - 2022",inactive,,,,"Using ad set budget",0,0,0,0,0,0,Ongoing,"1-day click",,,,,,,0,,,,,
2026-07-07,2026-07-07,"VD | Sales | Seasonal Best Sellers | DPA",active,,,,506,Daily,0,0,0,0,0,Ongoing,"7-day click or 1-day view",,,,,,,0,,,,,
2026-07-07,2026-07-07,"VD | Sales | Trousers | DPA",active,,,,174,Daily,0,0,0,0,0,Ongoing,"7-day click or 1-day view",,,,,,,0,,,,,
2026-07-07,2026-07-07,"VD | Broad | Awareness",active,33010,reach,3.36443502,196,Daily,111.06,33010,33010,1,3.364435,Ongoing,"7-day click or 1-day view",,,,,39,0.118146,2.7765,54,15,1,1,
2026-07-07,2026-07-07,"VD | Retargeting | DPA Broad Remarket",inactive,,,,44,Daily,0,0,0,0,0,Ongoing,"7-day click",,,,,,,0,,,,,
2026-07-07,2026-07-07,"VD | Retargeting | DPA",active,,,,370,Daily,161.31,4320,3067,1.408543,37.340278,Ongoing,"7-day click",,,,,56,1.296296,2.520469,58,51,8,1,
2026-07-07,2026-07-07,"VD | Retargeting | DPA Campaign | Sales",inactive,,,,145,Daily,0,0,0,0,0,Ongoing,"7-day click",,,,,,,0,,,,,
2026-07-07,2026-07-07,"VD | Broad | Prospecting | Sales",active,6,actions:offsite_conversion.fb_pixel_purchase,114.36333333,370,Daily,686.18,16823,11236,1.497241,40.788207,Ongoing,"7-day click",4.405958,6,3023.28,action_values:offsite_conversion.fb_pixel_purchase,293,1.741663,1.829813,1036,243,22,12,156
2026-07-07,2026-07-07,"WinterSale | Prospecting | Sales | Advantage+",inactive,,,,"Using ad set budget",0,0,0,0,0,0,Ongoing,"7-day click",,,,,,,0,,,,,
2026-07-07,2026-07-07,"Ongoing | Sales | ProTex1 | Advantage+ | SH",active,2,actions:offsite_conversion.fb_pixel_purchase,99.465,327,Daily,198.93,5678,3734,1.520621,35.035224,Ongoing,"7-day click or 1-day view",2.810335,2,559.06,action_values:offsite_conversion.fb_pixel_purchase,52,0.915815,2.583506,57,38,7,4,
2026-07-07,2026-07-07,"Ongoing | Sales | Hi-Vis Only | Advantage+ | SH",active,,,,300,Daily,210.1,6737,4541,1.483594,31.185988,Ongoing,"7-day click or 1-day view",,,,,97,1.43981,2.020192,101,90,5,2,
2026-07-07,2026-07-07,"Customised Workwear | Awareness | Advantage+ | SH Campaign – Copy",inactive,,,,100,Daily,0,0,0,0,0,Ongoing,"7-day click or 1-day view",,,,,,,0,,,,,
2026-07-07,2026-07-07,"Key Categories | Sales | Advantage+ | SH Campaign",inactive,,,,"Using ad set budget",0,0,0,0,0,0,Ongoing,"7-day click, 1-day view, or 1-day engaged-view",,,,,,,0,,,,,
2026-07-07,2026-07-07,"Customised Workwear | Sales | Advantage+ | SH Campaign",inactive,,,,"Using ad set budget",0,0,0,0,0,0,Ongoing,"7-day click, 1-day view, or 1-day engaged-view",,,,,,,0,,,,,
2026-07-07,2026-07-07,"Ongoing | Retargeting | Sales | Dynamic Abandoned Cart - 30 Days | SH",inactive,,,,6.5,Daily,0,0,0,0,0,Ongoing,"7-day click",,,,,,,0,,,,,
2026-07-07,2026-07-07,"AS 7/1 25 - Purchase - Flexible ad Campaign",inactive,,,,"Using ad set budget",0,0,0,0,0,0,Ongoing,"7-day click, 1-day view, or 1-day engaged-view",,,,,,,0,,,,,
2026-07-07,2026-07-07,"5/6 Michelle Job add - KAM Jylland",inactive,,,,"Using ad set budget",0,0,0,0,0,0,Ongoing,"7-day click or 1-day view",,,,,,,0,,,,,
2026-07-07,2026-07-07,"4/1 2024 - RM - UK Campaign",inactive,,,,100,Daily,0,0,0,0,0,Ongoing,"7-day click",,,,,,,0,,,,,
2026-07-07,2026-07-07,"Ongoing | Prospecting | Sales | Broad | Advantage+ | SH Campaign",inactive,,,,"Using ad set budget",0,0,0,0,0,0,Ongoing,"7-day click or 1-day view",,,,,,,0,,,,,
2026-07-07,2026-07-07,"4/12 2023 - Safety Shoe Sale  Campaign",inactive,,,,"Using ad set budget",0,0,0,0,0,0,Ongoing,"7-day click or 1-day view",,,,,,,0,,,,,
2026-07-07,2026-07-07,"11/10 2023 - Advantage+ shopping campaign Campaign",inactive,,,,"Using ad set budget",0,0,0,0,0,0,Ongoing,"7-day click or 1-day view",,,,,,,0,,,,,
2026-07-07,2026-07-07,"19/7 2023 - MPA RM campaign",inactive,,,,"Using ad set budget",0,0,0,0,0,0,Ongoing,"7-day click or 1-day view",,,,,,,0,,,,,
2026-07-07,2026-07-07,"11/7 2023 - Sales campaign Women - UK MPA",inactive,,,,"Using ad set budget",0,0,0,0,0,0,Ongoing,"7-day click or 1-day view",,,,,,,0,,,,,
2026-07-07,2026-07-07,"23/6 2023 - Sales campaign - UK MPA",inactive,,,,"Using ad set budget",0,0,0,0,0,0,Ongoing,"7-day click or 1-day view",,,,,,,0,,,,,
2026-07-07,2026-07-07,"19/6 2023 - Sales collection video",inactive,,,,"Using ad set budget",0,0,0,0,0,0,Ongoing,"7-day click or 1-day view",,,,,,,0,,,,,
2026-07-07,2026-07-07,"12/5 2023 - Sales campaign - UK MPA",inactive,,,,"Using ad set budget",0,0,0,0,0,0,Ongoing,"7-day click or 1-day view",,,,,,,0,,,,,
2026-07-07,2026-07-07,"8/5 Veltuff - Broad - custom - UK sales",inactive,,,,"Using ad set budget",0,0,0,0,0,0,Ongoing,"7-day click or 1-day view",,,,,,,0,,,,,
2026-07-07,2026-07-07,"3/5 Veltuff - Prospecting Campaign - Sales",inactive,,,,"Using ad set budget",0,0,0,0,0,0,Ongoing,"7-day click or 1-day view",,,,,,,0,,,,,
2026-07-07,2026-07-07,"11/4 Veltuff - Broad - custom - UK sales",inactive,,,,"Using ad set budget",0,0,0,0,0,0,Ongoing,"7-day click or 1-day view",,,,,,,0,,,,,
2026-07-07,2026-07-07,"28/3 Veltuff - Broad - custom - UK RM",inactive,,,,"Using ad set budget",0,0,0,0,0,0,Ongoing,"7-day click or 1-day view",,,,,,,0,,,,,
2026-07-07,2026-07-07,"23/3 Veltuff - Broad - custom - UK sales",inactive,,,,"Using ad set budget",0,0,0,0,0,0,Ongoing,"7-day click or 1-day view",,,,,,,0,,,,,
2026-07-07,2026-07-07,"17/3 Veltuff - Broad - custom - UK sales",inactive,,,,"Using ad set budget",0,0,0,0,0,0,Ongoing,"7-day click or 1-day view",,,,,,,0,,,,,
2026-07-07,2026-07-07,"AS - Prospecting Campaign JAN2023 - SALE - Copy",inactive,,,,"Using ad set budget",0,0,0,0,0,0,Ongoing,"7-day click or 1-day view",,,,,,,0,,,,,
2026-07-07,2026-07-07,"AS - Prospecting Campaign Dec2022",inactive,,,,"Using ad set budget",0,0,0,0,0,0,Ongoing,"7-day click or 1-day view",,,,,,,0,,,,,
2026-07-07,2026-07-07,"AS - RMKT - DEC 2022",inactive,,,,50,Daily,0,0,0,0,0,Ongoing,"7-day click or 1-day view",,,,,,,0,,,,,
2026-07-07,2026-07-07,"Website Retargeting - 2022",inactive,,,,"Using ad set budget",0,0,0,0,0,0,Ongoing,"1-day click",,,,,,,0,,,,,
2026-07-06,2026-07-06,"VD | Sales | Seasonal Best Sellers | DPA",active,,,,506,Daily,0,0,0,0,0,Ongoing,"7-day click or 1-day view",,,,,,,0,,,,,
2026-07-06,2026-07-06,"VD | Sales | Trousers | DPA",active,,,,174,Daily,0,0,0,0,0,Ongoing,"7-day click or 1-day view",,,,,,,0,,,,,
2026-07-06,2026-07-06,"VD | Broad | Awareness",active,15204,reach,6.50092081,196,Daily,98.84,15304,15204,1.006577,6.458442,Ongoing,"7-day click or 1-day view",,,,,9,0.058808,4.706667,113,4,,,6
2026-07-06,2026-07-06,"VD | Retargeting | DPA Broad Remarket",inactive,,,,44,Daily,0,0,0,0,0,Ongoing,"7-day click",,,,,,,0,,,,,
2026-07-06,2026-07-06,"VD | Retargeting | DPA",active,,,,370,Daily,171.05,5270,3848,1.369543,32.457306,Ongoing,"7-day click",,,,,55,1.043643,2.672656,59,46,1,,1
2026-07-06,2026-07-06,"VD | Retargeting | DPA Campaign | Sales",inactive,,,,145,Daily,0,0,0,0,0,Ongoing,"7-day click",,,,,,,0,,,,,
2026-07-06,2026-07-06,"VD | Broad | Prospecting | Sales",active,2,actions:offsite_conversion.fb_pixel_purchase,315.515,370,Daily,631.03,15721,9923,1.584299,40.139304,Ongoing,"7-day click",1.130945,2,713.66,action_values:offsite_conversion.fb_pixel_purchase,228,1.450289,2.198711,911,200,16,6,151
2026-07-06,2026-07-06,"WinterSale | Prospecting | Sales | Advantage+",inactive,,,,"Using ad set budget",0,0,0,0,0,0,Ongoing,"7-day click",,,,,,,0,,,,,
2026-07-06,2026-07-06,"Ongoing | Sales | ProTex1 | Advantage+ | SH",active,,,,327,Daily,186.28,6550,3863,1.695573,28.439695,Ongoing,"7-day click or 1-day view",,,,,53,0.80916,2.910625,55,40,3,2,
2026-07-06,2026-07-06,"Ongoing | Sales | Hi-Vis Only | Advantage+ | SH",active,1,actions:offsite_conversion.fb_pixel_purchase,172.5,300,Daily,172.5,6011,4030,1.491563,28.697388,Ongoing,"7-day click or 1-day view",1.176058,1,202.87,action_values:offsite_conversion.fb_pixel_purchase,54,0.898353,2.653846,57,39,2,4,
2026-07-06,2026-07-06,"Customised Workwear | Awareness | Advantage+ | SH Campaign – Copy",inactive,,,,100,Daily,0,0,0,0,0,Ongoing,"7-day click or 1-day view",,,,,,,0,,,,,
2026-07-06,2026-07-06,"Key Categories | Sales | Advantage+ | SH Campaign",inactive,,,,"Using ad set budget",0,0,0,0,0,0,Ongoing,"7-day click, 1-day view, or 1-day engaged-view",,,,,,,0,,,,,
2026-07-06,2026-07-06,"Customised Workwear | Sales | Advantage+ | SH Campaign",inactive,,,,"Using ad set budget",0,0,0,0,0,0,Ongoing,"7-day click, 1-day view, or 1-day engaged-view",,,,,,,0,,,,,
2026-07-06,2026-07-06,"Ongoing | Retargeting | Sales | Dynamic Abandoned Cart - 30 Days | SH",inactive,,,,6.5,Daily,0,0,0,0,0,Ongoing,"7-day click",,,,,,,0,,,,,
2026-07-06,2026-07-06,"AS 7/1 25 - Purchase - Flexible ad Campaign",inactive,,,,"Using ad set budget",0,0,0,0,0,0,Ongoing,"7-day click, 1-day view, or 1-day engaged-view",,,,,,,0,,,,,
2026-07-06,2026-07-06,"5/6 Michelle Job add - KAM Jylland",inactive,,,,"Using ad set budget",0,0,0,0,0,0,Ongoing,"7-day click or 1-day view",,,,,,,0,,,,,
2026-07-06,2026-07-06,"4/1 2024 - RM - UK Campaign",inactive,,,,100,Daily,0,0,0,0,0,Ongoing,"7-day click",,,,,,,0,,,,,
2026-07-06,2026-07-06,"Ongoing | Prospecting | Sales | Broad | Advantage+ | SH Campaign",inactive,,,,"Using ad set budget",0,0,0,0,0,0,Ongoing,"7-day click or 1-day view",,,,,,,0,,,,,
2026-07-06,2026-07-06,"4/12 2023 - Safety Shoe Sale  Campaign",inactive,,,,"Using ad set budget",0,0,0,0,0,0,Ongoing,"7-day click or 1-day view",,,,,,,0,,,,,
2026-07-06,2026-07-06,"11/10 2023 - Advantage+ shopping campaign Campaign",inactive,,,,"Using ad set budget",0,0,0,0,0,0,Ongoing,"7-day click or 1-day view",,,,,,,0,,,,,
2026-07-06,2026-07-06,"19/7 2023 - MPA RM campaign",inactive,,,,"Using ad set budget",0,0,0,0,0,0,Ongoing,"7-day click or 1-day view",,,,,,,0,,,,,
2026-07-06,2026-07-06,"11/7 2023 - Sales campaign Women - UK MPA",inactive,,,,"Using ad set budget",0,0,0,0,0,0,Ongoing,"7-day click or 1-day view",,,,,,,0,,,,,
2026-07-06,2026-07-06,"23/6 2023 - Sales campaign - UK MPA",inactive,,,,"Using ad set budget",0,0,0,0,0,0,Ongoing,"7-day click or 1-day view",,,,,,,0,,,,,
2026-07-06,2026-07-06,"19/6 2023 - Sales collection video",inactive,,,,"Using ad set budget",0,0,0,0,0,0,Ongoing,"7-day click or 1-day view",,,,,,,0,,,,,
2026-07-06,2026-07-06,"12/5 2023 - Sales campaign - UK MPA",inactive,,,,"Using ad set budget",0,0,0,0,0,0,Ongoing,"7-day click or 1-day view",,,,,,,0,,,,,
2026-07-06,2026-07-06,"8/5 Veltuff - Broad - custom - UK sales",inactive,,,,"Using ad set budget",0,0,0,0,0,0,Ongoing,"7-day click or 1-day view",,,,,,,0,,,,,
2026-07-06,2026-07-06,"3/5 Veltuff - Prospecting Campaign - Sales",inactive,,,,"Using ad set budget",0,0,0,0,0,0,Ongoing,"7-day click or 1-day view",,,,,,,0,,,,,
2026-07-06,2026-07-06,"11/4 Veltuff - Broad - custom - UK sales",inactive,,,,"Using ad set budget",0,0,0,0,0,0,Ongoing,"7-day click or 1-day view",,,,,,,0,,,,,
2026-07-06,2026-07-06,"28/3 Veltuff - Broad - custom - UK RM",inactive,,,,"Using ad set budget",0,0,0,0,0,0,Ongoing,"7-day click or 1-day view",,,,,,,0,,,,,
2026-07-06,2026-07-06,"23/3 Veltuff - Broad - custom - UK sales",inactive,,,,"Using ad set budget",0,0,0,0,0,0,Ongoing,"7-day click or 1-day view",,,,,,,0,,,,,
2026-07-06,2026-07-06,"17/3 Veltuff - Broad - custom - UK sales",inactive,,,,"Using ad set budget",0,0,0,0,0,0,Ongoing,"7-day click or 1-day view",,,,,,,0,,,,,
2026-07-06,2026-07-06,"AS - Prospecting Campaign JAN2023 - SALE - Copy",inactive,,,,"Using ad set budget",0,0,0,0,0,0,Ongoing,"7-day click or 1-day view",,,,,,,0,,,,,
2026-07-06,2026-07-06,"AS - Prospecting Campaign Dec2022",inactive,,,,"Using ad set budget",0,0,0,0,0,0,Ongoing,"7-day click or 1-day view",,,,,,,0,,,,,
2026-07-06,2026-07-06,"AS - RMKT - DEC 2022",inactive,,,,50,Daily,0,0,0,0,0,Ongoing,"7-day click or 1-day view",,,,,,,0,,,,,
2026-07-06,2026-07-06,"Website Retargeting - 2022",inactive,,,,"Using ad set budget",0,0,0,0,0,0,Ongoing,"1-day click",,,,,,,0,,,,,
2026-07-05,2026-07-05,"VD | Sales | Seasonal Best Sellers | DPA",active,,,,506,Daily,0,0,0,0,0,Ongoing,"7-day click or 1-day view",,,,,,,0,,,,,
2026-07-05,2026-07-05,"VD | Sales | Trousers | DPA",active,,,,174,Daily,0,0,0,0,0,Ongoing,"7-day click or 1-day view",,,,,,,0,,,,,
2026-07-05,2026-07-05,"VD | Broad | Awareness",active,17163,reach,6.52042184,196,Daily,111.91,17558,17163,1.023015,6.373733,Ongoing,"7-day click or 1-day view",,,,,12,0.068345,4.865652,98,6,,,4
2026-07-05,2026-07-05,"VD | Retargeting | DPA Broad Remarket",inactive,,,,44,Daily,0,0,0,0,0,Ongoing,"7-day click",,,,,,,0,,,,,
2026-07-05,2026-07-05,"VD | Retargeting | DPA",active,1,actions:offsite_conversion.fb_pixel_purchase,191.35,370,Daily,191.35,4504,3002,1.500333,42.484458,Ongoing,"7-day click",0.727306,1,139.17,action_values:offsite_conversion.fb_pixel_purchase,88,1.953819,1.87598,89,83,16,3,
2026-07-05,2026-07-05,"VD | Retargeting | DPA Campaign | Sales",inactive,,,,145,Daily,0,0,0,0,0,Ongoing,"7-day click",,,,,,,0,,,,,
2026-07-05,2026-07-05,"VD | Broad | Prospecting | Sales",active,5,actions:offsite_conversion.fb_pixel_purchase,148.78,370,Daily,743.9,16855,10300,1.636408,44.135271,Ongoing,"7-day click",2.9943,5,2227.46,action_values:offsite_conversion.fb_pixel_purchase,360,2.135865,1.656793,1214,326,29,12,207
2026-07-05,2026-07-05,"WinterSale | Prospecting | Sales | Advantage+",inactive,,,,"Using ad set budget",0,0,0,0,0,0,Ongoing,"7-day click",,,,,,,0,,,,,
2026-07-05,2026-07-05,"Ongoing | Sales | ProTex1 | Advantage+ | SH",active,,,,327,Daily,221.26,5441,3428,1.587223,40.665319,Ongoing,"7-day click or 1-day view",,,,,64,1.176254,2.800759,66,50,10,3,
2026-07-05,2026-07-05,"Ongoing | Sales | Hi-Vis Only | Advantage+ | SH",active,6,actions:offsite_conversion.fb_pixel_purchase,35.98166667,300,Daily,215.89,6392,4448,1.43705,33.775031,Ongoing,"7-day click or 1-day view",9.993006,6,2157.39,action_values:offsite_conversion.fb_pixel_purchase,99,1.548811,1.877304,102,91,7,4,
2026-07-05,2026-07-05,"Customised Workwear | Awareness | Advantage+ | SH Campaign – Copy",inactive,,,,100,Daily,0,0,0,0,0,Ongoing,"7-day click or 1-day view",,,,,,,0,,,,,
2026-07-05,2026-07-05,"Key Categories | Sales | Advantage+ | SH Campaign",inactive,,,,"Using ad set budget",0,0,0,0,0,0,Ongoing,"7-day click, 1-day view, or 1-day engaged-view",,,,,,,0,,,,,
2026-07-05,2026-07-05,"Customised Workwear | Sales | Advantage+ | SH Campaign",inactive,,,,"Using ad set budget",0,0,0,0,0,0,Ongoing,"7-day click, 1-day view, or 1-day engaged-view",,,,,,,0,,,,,
2026-07-05,2026-07-05,"Ongoing | Retargeting | Sales | Dynamic Abandoned Cart - 30 Days | SH",inactive,,,,6.5,Daily,0,0,0,0,0,Ongoing,"7-day click",,,,,,,0,,,,,
2026-07-05,2026-07-05,"AS 7/1 25 - Purchase - Flexible ad Campaign",inactive,,,,"Using ad set budget",0,0,0,0,0,0,Ongoing,"7-day click, 1-day view, or 1-day engaged-view",,,,,,,0,,,,,
2026-07-05,2026-07-05,"5/6 Michelle Job add - KAM Jylland",inactive,,,,"Using ad set budget",0,0,0,0,0,0,Ongoing,"7-day click or 1-day view",,,,,,,0,,,,,
2026-07-05,2026-07-05,"4/1 2024 - RM - UK Campaign",inactive,,,,100,Daily,0,0,0,0,0,Ongoing,"7-day click",,,,,,,0,,,,,
2026-07-05,2026-07-05,"Ongoing | Prospecting | Sales | Broad | Advantage+ | SH Campaign",inactive,,,,"Using ad set budget",0,0,0,0,0,0,Ongoing,"7-day click or 1-day view",,,,,,,0,,,,,
2026-07-05,2026-07-05,"4/12 2023 - Safety Shoe Sale  Campaign",inactive,,,,"Using ad set budget",0,0,0,0,0,0,Ongoing,"7-day click or 1-day view",,,,,,,0,,,,,
2026-07-05,2026-07-05,"11/10 2023 - Advantage+ shopping campaign Campaign",inactive,,,,"Using ad set budget",0,0,0,0,0,0,Ongoing,"7-day click or 1-day view",,,,,,,0,,,,,
2026-07-05,2026-07-05,"19/7 2023 - MPA RM campaign",inactive,,,,"Using ad set budget",0,0,0,0,0,0,Ongoing,"7-day click or 1-day view",,,,,,,0,,,,,
2026-07-05,2026-07-05,"11/7 2023 - Sales campaign Women - UK MPA",inactive,,,,"Using ad set budget",0,0,0,0,0,0,Ongoing,"7-day click or 1-day view",,,,,,,0,,,,,
2026-07-05,2026-07-05,"23/6 2023 - Sales campaign - UK MPA",inactive,,,,"Using ad set budget",0,0,0,0,0,0,Ongoing,"7-day click or 1-day view",,,,,,,0,,,,,
2026-07-05,2026-07-05,"19/6 2023 - Sales collection video",inactive,,,,"Using ad set budget",0,0,0,0,0,0,Ongoing,"7-day click or 1-day view",,,,,,,0,,,,,
2026-07-05,2026-07-05,"12/5 2023 - Sales campaign - UK MPA",inactive,,,,"Using ad set budget",0,0,0,0,0,0,Ongoing,"7-day click or 1-day view",,,,,,,0,,,,,
2026-07-05,2026-07-05,"8/5 Veltuff - Broad - custom - UK sales",inactive,,,,"Using ad set budget",0,0,0,0,0,0,Ongoing,"7-day click or 1-day view",,,,,,,0,,,,,
2026-07-05,2026-07-05,"3/5 Veltuff - Prospecting Campaign - Sales",inactive,,,,"Using ad set budget",0,0,0,0,0,0,Ongoing,"7-day click or 1-day view",,,,,,,0,,,,,
2026-07-05,2026-07-05,"11/4 Veltuff - Broad - custom - UK sales",inactive,,,,"Using ad set budget",0,0,0,0,0,0,Ongoing,"7-day click or 1-day view",,,,,,,0,,,,,
2026-07-05,2026-07-05,"28/3 Veltuff - Broad - custom - UK RM",inactive,,,,"Using ad set budget",0,0,0,0,0,0,Ongoing,"7-day click or 1-day view",,,,,,,0,,,,,
2026-07-05,2026-07-05,"23/3 Veltuff - Broad - custom - UK sales",inactive,,,,"Using ad set budget",0,0,0,0,0,0,Ongoing,"7-day click or 1-day view",,,,,,,0,,,,,
2026-07-05,2026-07-05,"17/3 Veltuff - Broad - custom - UK sales",inactive,,,,"Using ad set budget",0,0,0,0,0,0,Ongoing,"7-day click or 1-day view",,,,,,,0,,,,,
2026-07-05,2026-07-05,"AS - Prospecting Campaign JAN2023 - SALE - Copy",inactive,,,,"Using ad set budget",0,0,0,0,0,0,Ongoing,"7-day click or 1-day view",,,,,,,0,,,,,
2026-07-05,2026-07-05,"AS - Prospecting Campaign Dec2022",inactive,,,,"Using ad set budget",0,0,0,0,0,0,Ongoing,"7-day click or 1-day view",,,,,,,0,,,,,
2026-07-05,2026-07-05,"AS - RMKT - DEC 2022",inactive,,,,50,Daily,0,0,0,0,0,Ongoing,"7-day click or 1-day view",,,,,,,0,,,,,
2026-07-05,2026-07-05,"Website Retargeting - 2022",inactive,,,,"Using ad set budget",0,0,0,0,0,0,Ongoing,"1-day click",,,,,,,0,,,,,
2026-07-04,2026-07-04,"VD | Sales | Seasonal Best Sellers | DPA",active,,,,506,Daily,0,0,0,0,0,Ongoing,"7-day click or 1-day view",,,,,,,0,,,,,
2026-07-04,2026-07-04,"VD | Sales | Trousers | DPA",active,,,,174,Daily,0,0,0,0,0,Ongoing,"7-day click or 1-day view",,,,,,,0,,,,,
2026-07-04,2026-07-04,"VD | Broad | Awareness",active,13948,reach,6.94794953,196,Daily,96.91,14011,13948,1.004517,6.916708,Ongoing,"7-day click or 1-day view",,,,,12,0.085647,3.589259,117,6,,,6
2026-07-04,2026-07-04,"VD | Retargeting | DPA Broad Remarket",inactive,,,,44,Daily,0,0,0,0,0,Ongoing,"7-day click",,,,,,,0,,,,,
2026-07-04,2026-07-04,"VD | Retargeting | DPA",active,2,actions:offsite_conversion.fb_pixel_purchase,69.86,370,Daily,139.72,3062,2201,1.391186,45.630307,Ongoing,"7-day click",11.267893,2,1574.35,action_values:offsite_conversion.fb_pixel_purchase,64,2.090137,1.996,66,59,7,6,
2026-07-04,2026-07-04,"VD | Retargeting | DPA Campaign | Sales",inactive,,,,145,Daily,0,0,0,0,0,Ongoing,"7-day click",,,,,,,0,,,,,
2026-07-04,2026-07-04,"VD | Broad | Prospecting | Sales",active,6,actions:offsite_conversion.fb_pixel_purchase,102.18,370,Daily,613.08,13237,7971,1.660645,46.31563,Ongoing,"7-day click",3.628531,6,2224.58,action_values:offsite_conversion.fb_pixel_purchase,301,2.273929,1.703,816,288,27,15,152
2026-07-04,2026-07-04,"WinterSale | Prospecting | Sales | Advantage+",inactive,,,,"Using ad set budget",0,0,0,0,0,0,Ongoing,"7-day click",,,,,,,0,,,,,
2026-07-04,2026-07-04,"Ongoing | Sales | ProTex1 | Advantage+ | SH",active,1,actions:offsite_conversion.fb_pixel_purchase,160.85,327,Daily,160.85,4239,2838,1.493658,37.94527,Ongoing,"7-day click or 1-day view",1.758098,1,282.79,action_values:offsite_conversion.fb_pixel_purchase,55,1.297476,2.437121,55,44,4,1,
2026-07-04,2026-07-04,"Ongoing | Sales | Hi-Vis Only | Advantage+ | SH",active,3,actions:offsite_conversion.fb_pixel_purchase,57.20333333,300,Daily,171.61,5614,4088,1.373288,30.568222,Ongoing,"7-day click or 1-day view",11.320669,3,1942.74,action_values:offsite_conversion.fb_pixel_purchase,85,1.514072,1.733434,94,77,19,5,
2026-07-04,2026-07-04,"Customised Workwear | Awareness | Advantage+ | SH Campaign – Copy",inactive,,,,100,Daily,0,0,0,0,0,Ongoing,"7-day click or 1-day view",,,,,,,0,,,,,
2026-07-04,2026-07-04,"Key Categories | Sales | Advantage+ | SH Campaign",inactive,,,,"Using ad set budget",0,0,0,0,0,0,Ongoing,"7-day click, 1-day view, or 1-day engaged-view",,,,,,,0,,,,,
2026-07-04,2026-07-04,"Customised Workwear | Sales | Advantage+ | SH Campaign",inactive,,,,"Using ad set budget",0,0,0,0,0,0,Ongoing,"7-day click, 1-day view, or 1-day engaged-view",,,,,,,0,,,,,
2026-07-04,2026-07-04,"Ongoing | Retargeting | Sales | Dynamic Abandoned Cart - 30 Days | SH",inactive,,,,6.5,Daily,0,0,0,0,0,Ongoing,"7-day click",,,,,,,0,,,,,
2026-07-04,2026-07-04,"AS 7/1 25 - Purchase - Flexible ad Campaign",inactive,,,,"Using ad set budget",0,0,0,0,0,0,Ongoing,"7-day click, 1-day view, or 1-day engaged-view",,,,,,,0,,,,,
2026-07-04,2026-07-04,"5/6 Michelle Job add - KAM Jylland",inactive,,,,"Using ad set budget",0,0,0,0,0,0,Ongoing,"7-day click or 1-day view",,,,,,,0,,,,,
2026-07-04,2026-07-04,"4/1 2024 - RM - UK Campaign",inactive,,,,100,Daily,0,0,0,0,0,Ongoing,"7-day click",,,,,,,0,,,,,
2026-07-04,2026-07-04,"Ongoing | Prospecting | Sales | Broad | Advantage+ | SH Campaign",inactive,,,,"Using ad set budget",0,0,0,0,0,0,Ongoing,"7-day click or 1-day view",,,,,,,0,,,,,
2026-07-04,2026-07-04,"4/12 2023 - Safety Shoe Sale  Campaign",inactive,,,,"Using ad set budget",0,0,0,0,0,0,Ongoing,"7-day click or 1-day view",,,,,,,0,,,,,
2026-07-04,2026-07-04,"11/10 2023 - Advantage+ shopping campaign Campaign",inactive,,,,"Using ad set budget",0,0,0,0,0,0,Ongoing,"7-day click or 1-day view",,,,,,,0,,,,,
2026-07-04,2026-07-04,"19/7 2023 - MPA RM campaign",inactive,,,,"Using ad set budget",0,0,0,0,0,0,Ongoing,"7-day click or 1-day view",,,,,,,0,,,,,
2026-07-04,2026-07-04,"11/7 2023 - Sales campaign Women - UK MPA",inactive,,,,"Using ad set budget",0,0,0,0,0,0,Ongoing,"7-day click or 1-day view",,,,,,,0,,,,,
2026-07-04,2026-07-04,"23/6 2023 - Sales campaign - UK MPA",inactive,,,,"Using ad set budget",0,0,0,0,0,0,Ongoing,"7-day click or 1-day view",,,,,,,0,,,,,
2026-07-04,2026-07-04,"19/6 2023 - Sales collection video",inactive,,,,"Using ad set budget",0,0,0,0,0,0,Ongoing,"7-day click or 1-day view",,,,,,,0,,,,,
2026-07-04,2026-07-04,"12/5 2023 - Sales campaign - UK MPA",inactive,,,,"Using ad set budget",0,0,0,0,0,0,Ongoing,"7-day click or 1-day view",,,,,,,0,,,,,
2026-07-04,2026-07-04,"8/5 Veltuff - Broad - custom - UK sales",inactive,,,,"Using ad set budget",0,0,0,0,0,0,Ongoing,"7-day click or 1-day view",,,,,,,0,,,,,
2026-07-04,2026-07-04,"3/5 Veltuff - Prospecting Campaign - Sales",inactive,,,,"Using ad set budget",0,0,0,0,0,0,Ongoing,"7-day click or 1-day view",,,,,,,0,,,,,
2026-07-04,2026-07-04,"11/4 Veltuff - Broad - custom - UK sales",inactive,,,,"Using ad set budget",0,0,0,0,0,0,Ongoing,"7-day click or 1-day view",,,,,,,0,,,,,
2026-07-04,2026-07-04,"28/3 Veltuff - Broad - custom - UK RM",inactive,,,,"Using ad set budget",0,0,0,0,0,0,Ongoing,"7-day click or 1-day view",,,,,,,0,,,,,
2026-07-04,2026-07-04,"23/3 Veltuff - Broad - custom - UK sales",inactive,,,,"Using ad set budget",0,0,0,0,0,0,Ongoing,"7-day click or 1-day view",,,,,,,0,,,,,
2026-07-04,2026-07-04,"17/3 Veltuff - Broad - custom - UK sales",inactive,,,,"Using ad set budget",0,0,0,0,0,0,Ongoing,"7-day click or 1-day view",,,,,,,0,,,,,
2026-07-04,2026-07-04,"AS - Prospecting Campaign JAN2023 - SALE - Copy",inactive,,,,"Using ad set budget",0,0,0,0,0,0,Ongoing,"7-day click or 1-day view",,,,,,,0,,,,,
2026-07-04,2026-07-04,"AS - Prospecting Campaign Dec2022",inactive,,,,"Using ad set budget",0,0,0,0,0,0,Ongoing,"7-day click or 1-day view",,,,,,,0,,,,,
2026-07-04,2026-07-04,"AS - RMKT - DEC 2022",inactive,,,,50,Daily,0,0,0,0,0,Ongoing,"7-day click or 1-day view",,,,,,,0,,,,,
2026-07-04,2026-07-04,"Website Retargeting - 2022",inactive,,,,"Using ad set budget",0,0,0,0,0,0,Ongoing,"1-day click",,,,,,,0,,,,,
2026-07-03,2026-07-03,"VD | Sales | Seasonal Best Sellers | DPA",active,,,,506,Daily,0,0,0,0,0,Ongoing,"7-day click or 1-day view",,,,,,,0,,,,,
2026-07-03,2026-07-03,"VD | Sales | Trousers | DPA",active,,,,174,Daily,0,0,0,0,0,Ongoing,"7-day click or 1-day view",,,,,,,0,,,,,
2026-07-03,2026-07-03,"VD | Broad | Awareness",active,11942,reach,8.02043209,196,Daily,95.78,13026,11942,1.090772,7.352986,Ongoing,"7-day click or 1-day view",,,,,10,0.07677,3.683846,227,7,,,14
2026-07-03,2026-07-03,"VD | Retargeting | DPA Broad Remarket",inactive,,,,44,Daily,0,0,0,0,0,Ongoing,"7-day click",,,,,,,0,,,,,
2026-07-03,2026-07-03,"VD | Retargeting | DPA",active,2,actions:offsite_conversion.fb_pixel_purchase,76.385,370,Daily,152.77,3682,2755,1.336479,41.491037,Ongoing,"7-day click",4.821955,2,736.65,action_values:offsite_conversion.fb_pixel_purchase,72,1.955459,1.933797,76,65,10,3,2
2026-07-03,2026-07-03,"VD | Retargeting | DPA Campaign | Sales",inactive,,,,145,Daily,0,0,0,0,0,Ongoing,"7-day click",,,,,,,0,,,,,
2026-07-03,2026-07-03,"VD | Broad | Prospecting | Sales",active,6,actions:offsite_conversion.fb_pixel_purchase,102.58833333,370,Daily,615.53,13745,8194,1.677447,44.782103,Ongoing,"7-day click",4.285413,6,2637.8,action_values:offsite_conversion.fb_pixel_purchase,317,2.306293,1.663595,898,275,30,15,166
2026-07-03,2026-07-03,"WinterSale | Prospecting | Sales | Advantage+",inactive,,,,"Using ad set budget",0,0,0,0,0,0,Ongoing,"7-day click",,,,,,,0,,,,,
2026-07-03,2026-07-03,"Ongoing | Sales | ProTex1 | Advantage+ | SH",active,4,actions:offsite_conversion.fb_pixel_purchase,43.8,327,Daily,175.2,4353,2572,1.692457,40.248105,Ongoing,"7-day click or 1-day view",12.692979,4,2223.81,action_values:offsite_conversion.fb_pixel_purchase,43,0.987824,3.30566,46,42,12,4,
2026-07-03,2026-07-03,"Ongoing | Sales | Hi-Vis Only | Advantage+ | SH",active,1,actions:offsite_conversion.fb_pixel_purchase,172.89,300,Daily,172.89,5248,3617,1.450926,32.943979,Ongoing,"7-day click or 1-day view",1.359188,1,234.99,action_values:offsite_conversion.fb_pixel_purchase,89,1.695884,1.746364,89,83,11,8,
2026-07-03,2026-07-03,"Customised Workwear | Awareness | Advantage+ | SH Campaign – Copy",inactive,,,,100,Daily,0,0,0,0,0,Ongoing,"7-day click or 1-day view",,,,,,,0,,,,,
2026-07-03,2026-07-03,"Key Categories | Sales | Advantage+ | SH Campaign",inactive,,,,"Using ad set budget",0,0,0,0,0,0,Ongoing,"7-day click, 1-day view, or 1-day engaged-view",,,,,,,0,,,,,
2026-07-03,2026-07-03,"Customised Workwear | Sales | Advantage+ | SH Campaign",inactive,,,,"Using ad set budget",0,0,0,0,0,0,Ongoing,"7-day click, 1-day view, or 1-day engaged-view",,,,,,,0,,,,,
2026-07-03,2026-07-03,"Ongoing | Retargeting | Sales | Dynamic Abandoned Cart - 30 Days | SH",inactive,,,,6.5,Daily,0,0,0,0,0,Ongoing,"7-day click",,,,,,,0,,,,,
2026-07-03,2026-07-03,"AS 7/1 25 - Purchase - Flexible ad Campaign",inactive,,,,"Using ad set budget",0,0,0,0,0,0,Ongoing,"7-day click, 1-day view, or 1-day engaged-view",,,,,,,0,,,,,
2026-07-03,2026-07-03,"5/6 Michelle Job add - KAM Jylland",inactive,,,,"Using ad set budget",0,0,0,0,0,0,Ongoing,"7-day click or 1-day view",,,,,,,0,,,,,
2026-07-03,2026-07-03,"4/1 2024 - RM - UK Campaign",inactive,,,,100,Daily,0,0,0,0,0,Ongoing,"7-day click",,,,,,,0,,,,,
2026-07-03,2026-07-03,"Ongoing | Prospecting | Sales | Broad | Advantage+ | SH Campaign",inactive,,,,"Using ad set budget",0,0,0,0,0,0,Ongoing,"7-day click or 1-day view",,,,,,,0,,,,,
2026-07-03,2026-07-03,"4/12 2023 - Safety Shoe Sale  Campaign",inactive,,,,"Using ad set budget",0,0,0,0,0,0,Ongoing,"7-day click or 1-day view",,,,,,,0,,,,,
2026-07-03,2026-07-03,"11/10 2023 - Advantage+ shopping campaign Campaign",inactive,,,,"Using ad set budget",0,0,0,0,0,0,Ongoing,"7-day click or 1-day view",,,,,,,0,,,,,
2026-07-03,2026-07-03,"19/7 2023 - MPA RM campaign",inactive,,,,"Using ad set budget",0,0,0,0,0,0,Ongoing,"7-day click or 1-day view",,,,,,,0,,,,,
2026-07-03,2026-07-03,"11/7 2023 - Sales campaign Women - UK MPA",inactive,,,,"Using ad set budget",0,0,0,0,0,0,Ongoing,"7-day click or 1-day view",,,,,,,0,,,,,
2026-07-03,2026-07-03,"23/6 2023 - Sales campaign - UK MPA",inactive,,,,"Using ad set budget",0,0,0,0,0,0,Ongoing,"7-day click or 1-day view",,,,,,,0,,,,,
2026-07-03,2026-07-03,"19/6 2023 - Sales collection video",inactive,,,,"Using ad set budget",0,0,0,0,0,0,Ongoing,"7-day click or 1-day view",,,,,,,0,,,,,
2026-07-03,2026-07-03,"12/5 2023 - Sales campaign - UK MPA",inactive,,,,"Using ad set budget",0,0,0,0,0,0,Ongoing,"7-day click or 1-day view",,,,,,,0,,,,,
2026-07-03,2026-07-03,"8/5 Veltuff - Broad - custom - UK sales",inactive,,,,"Using ad set budget",0,0,0,0,0,0,Ongoing,"7-day click or 1-day view",,,,,,,0,,,,,
2026-07-03,2026-07-03,"3/5 Veltuff - Prospecting Campaign - Sales",inactive,,,,"Using ad set budget",0,0,0,0,0,0,Ongoing,"7-day click or 1-day view",,,,,,,0,,,,,
2026-07-03,2026-07-03,"11/4 Veltuff - Broad - custom - UK sales",inactive,,,,"Using ad set budget",0,0,0,0,0,0,Ongoing,"7-day click or 1-day view",,,,,,,0,,,,,
2026-07-03,2026-07-03,"28/3 Veltuff - Broad - custom - UK RM",inactive,,,,"Using ad set budget",0,0,0,0,0,0,Ongoing,"7-day click or 1-day view",,,,,,,0,,,,,
2026-07-03,2026-07-03,"23/3 Veltuff - Broad - custom - UK sales",inactive,,,,"Using ad set budget",0,0,0,0,0,0,Ongoing,"7-day click or 1-day view",,,,,,,0,,,,,
2026-07-03,2026-07-03,"17/3 Veltuff - Broad - custom - UK sales",inactive,,,,"Using ad set budget",0,0,0,0,0,0,Ongoing,"7-day click or 1-day view",,,,,,,0,,,,,
2026-07-03,2026-07-03,"AS - Prospecting Campaign JAN2023 - SALE - Copy",inactive,,,,"Using ad set budget",0,0,0,0,0,0,Ongoing,"7-day click or 1-day view",,,,,,,0,,,,,
2026-07-03,2026-07-03,"AS - Prospecting Campaign Dec2022",inactive,,,,"Using ad set budget",0,0,0,0,0,0,Ongoing,"7-day click or 1-day view",,,,,,,0,,,,,
2026-07-03,2026-07-03,"AS - RMKT - DEC 2022",inactive,,,,50,Daily,0,0,0,0,0,Ongoing,"7-day click or 1-day view",,,,,,,0,,,,,
2026-07-03,2026-07-03,"Website Retargeting - 2022",inactive,,,,"Using ad set budget",0,0,0,0,0,0,Ongoing,"1-day click",,,,,,,0,,,,,
2026-07-02,2026-07-02,"VD | Sales | Seasonal Best Sellers | DPA",active,,,,506,Daily,0,0,0,0,0,Ongoing,"7-day click or 1-day view",,,,,,,0,,,,,
2026-07-02,2026-07-02,"VD | Sales | Trousers | DPA",active,,,,174,Daily,0,0,0,0,0,Ongoing,"7-day click or 1-day view",,,,,,,0,,,,,
2026-07-02,2026-07-02,"VD | Broad | Awareness",active,11012,reach,8.47166727,196,Daily,93.29,13022,11012,1.182528,7.16403,Ongoing,"7-day click or 1-day view",,,,,10,0.076793,5.487647,851,4,,,51
2026-07-02,2026-07-02,"VD | Retargeting | DPA Broad Remarket",inactive,,,,44,Daily,0,0,0,0,0,Ongoing,"7-day click",,,,,,,0,,,,,
2026-07-02,2026-07-02,"VD | Retargeting | DPA",active,2,actions:offsite_conversion.fb_pixel_purchase,93.3,370,Daily,186.6,4399,3198,1.375547,42.418732,Ongoing,"7-day click",7.700107,2,1436.84,action_values:offsite_conversion.fb_pixel_purchase,96,2.182314,1.594872,97,90,4,1,
2026-07-02,2026-07-02,"VD | Retargeting | DPA Campaign | Sales",inactive,,,,145,Daily,0,0,0,0,0,Ongoing,"7-day click",,,,,,,0,,,,,
2026-07-02,2026-07-02,"VD | Broad | Prospecting | Sales",active,4,actions:offsite_conversion.fb_pixel_purchase,178.9,370,Daily,715.6,20559,14145,1.453446,34.80714,Ongoing,"7-day click",3.877529,4,2774.76,action_values:offsite_conversion.fb_pixel_purchase,416,2.023445,1.386822,1339,364,28,7,245
2026-07-02,2026-07-02,"WinterSale | Prospecting | Sales | Advantage+",inactive,,,,"Using ad set budget",0,0,0,0,0,0,Ongoing,"7-day click",,,,,,,0,,,,,
2026-07-02,2026-07-02,"Ongoing | Sales | ProTex1 | Advantage+ | SH",active,2,actions:offsite_conversion.fb_pixel_purchase,95.09,327,Daily,190.18,4870,2870,1.696864,39.051335,Ongoing,"7-day click or 1-day view",4.023609,2,765.21,action_values:offsite_conversion.fb_pixel_purchase,63,1.293635,2.641389,63,51,13,1,
2026-07-02,2026-07-02,"Ongoing | Sales | Hi-Vis Only | Advantage+ | SH",active,,,,300,Daily,184.64,6326,4759,1.329271,29.18748,Ongoing,"7-day click or 1-day view",,,,,80,1.264622,1.865051,86,73,3,,
2026-07-02,2026-07-02,"Customised Workwear | Awareness | Advantage+ | SH Campaign – Copy",inactive,,,,100,Daily,0,0,0,0,0,Ongoing,"7-day click or 1-day view",,,,,,,0,,,,,
2026-07-02,2026-07-02,"Key Categories | Sales | Advantage+ | SH Campaign",inactive,,,,"Using ad set budget",0,0,0,0,0,0,Ongoing,"7-day click, 1-day view, or 1-day engaged-view",,,,,,,0,,,,,
2026-07-02,2026-07-02,"Customised Workwear | Sales | Advantage+ | SH Campaign",inactive,,,,"Using ad set budget",0,0,0,0,0,0,Ongoing,"7-day click, 1-day view, or 1-day engaged-view",,,,,,,0,,,,,
2026-07-02,2026-07-02,"Ongoing | Retargeting | Sales | Dynamic Abandoned Cart - 30 Days | SH",inactive,,,,6.5,Daily,0,0,0,0,0,Ongoing,"7-day click",,,,,,,0,,,,,
2026-07-02,2026-07-02,"AS 7/1 25 - Purchase - Flexible ad Campaign",inactive,,,,"Using ad set budget",0,0,0,0,0,0,Ongoing,"7-day click, 1-day view, or 1-day engaged-view",,,,,,,0,,,,,
2026-07-02,2026-07-02,"5/6 Michelle Job add - KAM Jylland",inactive,,,,"Using ad set budget",0,0,0,0,0,0,Ongoing,"7-day click or 1-day view",,,,,,,0,,,,,
2026-07-02,2026-07-02,"4/1 2024 - RM - UK Campaign",inactive,,,,100,Daily,0,0,0,0,0,Ongoing,"7-day click",,,,,,,0,,,,,
2026-07-02,2026-07-02,"Ongoing | Prospecting | Sales | Broad | Advantage+ | SH Campaign",inactive,,,,"Using ad set budget",0,0,0,0,0,0,Ongoing,"7-day click or 1-day view",,,,,,,0,,,,,
2026-07-02,2026-07-02,"4/12 2023 - Safety Shoe Sale  Campaign",inactive,,,,"Using ad set budget",0,0,0,0,0,0,Ongoing,"7-day click or 1-day view",,,,,,,0,,,,,
2026-07-02,2026-07-02,"11/10 2023 - Advantage+ shopping campaign Campaign",inactive,,,,"Using ad set budget",0,0,0,0,0,0,Ongoing,"7-day click or 1-day view",,,,,,,0,,,,,
2026-07-02,2026-07-02,"19/7 2023 - MPA RM campaign",inactive,,,,"Using ad set budget",0,0,0,0,0,0,Ongoing,"7-day click or 1-day view",,,,,,,0,,,,,
2026-07-02,2026-07-02,"11/7 2023 - Sales campaign Women - UK MPA",inactive,,,,"Using ad set budget",0,0,0,0,0,0,Ongoing,"7-day click or 1-day view",,,,,,,0,,,,,
2026-07-02,2026-07-02,"23/6 2023 - Sales campaign - UK MPA",inactive,,,,"Using ad set budget",0,0,0,0,0,0,Ongoing,"7-day click or 1-day view",,,,,,,0,,,,,
2026-07-02,2026-07-02,"19/6 2023 - Sales collection video",inactive,,,,"Using ad set budget",0,0,0,0,0,0,Ongoing,"7-day click or 1-day view",,,,,,,0,,,,,
2026-07-02,2026-07-02,"12/5 2023 - Sales campaign - UK MPA",inactive,,,,"Using ad set budget",0,0,0,0,0,0,Ongoing,"7-day click or 1-day view",,,,,,,0,,,,,
2026-07-02,2026-07-02,"8/5 Veltuff - Broad - custom - UK sales",inactive,,,,"Using ad set budget",0,0,0,0,0,0,Ongoing,"7-day click or 1-day view",,,,,,,0,,,,,
2026-07-02,2026-07-02,"3/5 Veltuff - Prospecting Campaign - Sales",inactive,,,,"Using ad set budget",0,0,0,0,0,0,Ongoing,"7-day click or 1-day view",,,,,,,0,,,,,
2026-07-02,2026-07-02,"11/4 Veltuff - Broad - custom - UK sales",inactive,,,,"Using ad set budget",0,0,0,0,0,0,Ongoing,"7-day click or 1-day view",,,,,,,0,,,,,
2026-07-02,2026-07-02,"28/3 Veltuff - Broad - custom - UK RM",inactive,,,,"Using ad set budget",0,0,0,0,0,0,Ongoing,"7-day click or 1-day view",,,,,,,0,,,,,
2026-07-02,2026-07-02,"23/3 Veltuff - Broad - custom - UK sales",inactive,,,,"Using ad set budget",0,0,0,0,0,0,Ongoing,"7-day click or 1-day view",,,,,,,0,,,,,
2026-07-02,2026-07-02,"17/3 Veltuff - Broad - custom - UK sales",inactive,,,,"Using ad set budget",0,0,0,0,0,0,Ongoing,"7-day click or 1-day view",,,,,,,0,,,,,
2026-07-02,2026-07-02,"AS - Prospecting Campaign JAN2023 - SALE - Copy",inactive,,,,"Using ad set budget",0,0,0,0,0,0,Ongoing,"7-day click or 1-day view",,,,,,,0,,,,,
2026-07-02,2026-07-02,"AS - Prospecting Campaign Dec2022",inactive,,,,"Using ad set budget",0,0,0,0,0,0,Ongoing,"7-day click or 1-day view",,,,,,,0,,,,,
2026-07-02,2026-07-02,"AS - RMKT - DEC 2022",inactive,,,,50,Daily,0,0,0,0,0,Ongoing,"7-day click or 1-day view",,,,,,,0,,,,,
2026-07-02,2026-07-02,"Website Retargeting - 2022",inactive,,,,"Using ad set budget",0,0,0,0,0,0,Ongoing,"1-day click",,,,,,,0,,,,,
2026-07-01,2026-07-01,"VD | Sales | Seasonal Best Sellers | DPA",active,,,,506,Daily,0,0,0,0,0,Ongoing,"7-day click or 1-day view",,,,,,,0,,,,,
2026-07-01,2026-07-01,"VD | Sales | Trousers | DPA",active,,,,174,Daily,0,0,0,0,0,Ongoing,"7-day click or 1-day view",,,,,,,0,,,,,
2026-07-01,2026-07-01,"VD | Broad | Awareness",active,14270,reach,7.33917309,196,Daily,104.73,15515,14270,1.087246,6.750242,Ongoing,"7-day click or 1-day view",,,,,14,0.090235,6.160588,1074,7,,,62
2026-07-01,2026-07-01,"VD | Retargeting | DPA Broad Remarket",inactive,,,,44,Daily,0,0,0,0,0,Ongoing,"7-day click",,,,,,,0,,,,,
2026-07-01,2026-07-01,"VD | Retargeting | DPA",active,2,actions:offsite_conversion.fb_pixel_purchase,94.05,370,Daily,188.1,4524,3115,1.452327,41.578249,Ongoing,"7-day click",2.763052,2,519.73,action_values:offsite_conversion.fb_pixel_purchase,90,1.98939,1.774528,95,79,7,2,
2026-07-01,2026-07-01,"VD | Retargeting | DPA Campaign | Sales",inactive,,,,145,Daily,0,0,0,0,0,Ongoing,"7-day click",,,,,,,0,,,,,
2026-07-01,2026-07-01,"VD | Broad | Prospecting | Sales",active,5,actions:offsite_conversion.fb_pixel_purchase,136.318,370,Daily,681.59,18825,12378,1.520843,36.20664,Ongoing,"7-day click",5.275694,5,3595.86,action_values:offsite_conversion.fb_pixel_purchase,355,1.88579,1.566874,917,304,17,12,136
2026-07-01,2026-07-01,"WinterSale | Prospecting | Sales | Advantage+",inactive,,,,"Using ad set budget",0,0,0,0,0,0,Ongoing,"7-day click",,,,,,,0,,,,,
2026-07-01,2026-07-01,"Ongoing | Sales | ProTex1 | Advantage+ | SH",active,3,actions:offsite_conversion.fb_pixel_purchase,67.34333333,327,Daily,202.03,5414,3468,1.56113,37.316217,Ongoing,"7-day click or 1-day view",6.1823,3,1249.01,action_values:offsite_conversion.fb_pixel_purchase,56,1.034355,2.927971,58,48,10,3,
2026-07-01,2026-07-01,"Ongoing | Sales | Hi-Vis Only | Advantage+ | SH",active,2,actions:offsite_conversion.fb_pixel_purchase,102.765,300,Daily,205.53,6969,4919,1.416751,29.492036,Ongoing,"7-day click or 1-day view",4.550917,2,935.35,action_values:offsite_conversion.fb_pixel_purchase,118,1.693213,1.593256,125,114,2,3,
2026-07-01,2026-07-01,"Customised Workwear | Awareness | Advantage+ | SH Campaign – Copy",inactive,,,,100,Daily,0,0,0,0,0,Ongoing,"7-day click or 1-day view",,,,,,,0,,,,,
2026-07-01,2026-07-01,"Key Categories | Sales | Advantage+ | SH Campaign",inactive,,,,"Using ad set budget",0,0,0,0,0,0,Ongoing,"7-day click, 1-day view, or 1-day engaged-view",,,,,,,0,,,,,
2026-07-01,2026-07-01,"Customised Workwear | Sales | Advantage+ | SH Campaign",inactive,,,,"Using ad set budget",0,0,0,0,0,0,Ongoing,"7-day click, 1-day view, or 1-day engaged-view",,,,,,,0,,,,,
2026-07-01,2026-07-01,"Ongoing | Retargeting | Sales | Dynamic Abandoned Cart - 30 Days | SH",inactive,,,,6.5,Daily,0,0,0,0,0,Ongoing,"7-day click",,,,,,,0,,,,,
2026-07-01,2026-07-01,"AS 7/1 25 - Purchase - Flexible ad Campaign",inactive,,,,"Using ad set budget",0,0,0,0,0,0,Ongoing,"7-day click, 1-day view, or 1-day engaged-view",,,,,,,0,,,,,
2026-07-01,2026-07-01,"5/6 Michelle Job add - KAM Jylland",inactive,,,,"Using ad set budget",0,0,0,0,0,0,Ongoing,"7-day click or 1-day view",,,,,,,0,,,,,
2026-07-01,2026-07-01,"4/1 2024 - RM - UK Campaign",inactive,,,,100,Daily,0,0,0,0,0,Ongoing,"7-day click",,,,,,,0,,,,,
2026-07-01,2026-07-01,"Ongoing | Prospecting | Sales | Broad | Advantage+ | SH Campaign",inactive,,,,"Using ad set budget",0,0,0,0,0,0,Ongoing,"7-day click or 1-day view",,,,,,,0,,,,,
2026-07-01,2026-07-01,"4/12 2023 - Safety Shoe Sale  Campaign",inactive,,,,"Using ad set budget",0,0,0,0,0,0,Ongoing,"7-day click or 1-day view",,,,,,,0,,,,,
2026-07-01,2026-07-01,"11/10 2023 - Advantage+ shopping campaign Campaign",inactive,,,,"Using ad set budget",0,0,0,0,0,0,Ongoing,"7-day click or 1-day view",,,,,,,0,,,,,
2026-07-01,2026-07-01,"19/7 2023 - MPA RM campaign",inactive,,,,"Using ad set budget",0,0,0,0,0,0,Ongoing,"7-day click or 1-day view",,,,,,,0,,,,,
2026-07-01,2026-07-01,"11/7 2023 - Sales campaign Women - UK MPA",inactive,,,,"Using ad set budget",0,0,0,0,0,0,Ongoing,"7-day click or 1-day view",,,,,,,0,,,,,
2026-07-01,2026-07-01,"23/6 2023 - Sales campaign - UK MPA",inactive,,,,"Using ad set budget",0,0,0,0,0,0,Ongoing,"7-day click or 1-day view",,,,,,,0,,,,,
2026-07-01,2026-07-01,"19/6 2023 - Sales collection video",inactive,,,,"Using ad set budget",0,0,0,0,0,0,Ongoing,"7-day click or 1-day view",,,,,,,0,,,,,
2026-07-01,2026-07-01,"12/5 2023 - Sales campaign - UK MPA",inactive,,,,"Using ad set budget",0,0,0,0,0,0,Ongoing,"7-day click or 1-day view",,,,,,,0,,,,,
2026-07-01,2026-07-01,"8/5 Veltuff - Broad - custom - UK sales",inactive,,,,"Using ad set budget",0,0,0,0,0,0,Ongoing,"7-day click or 1-day view",,,,,,,0,,,,,
2026-07-01,2026-07-01,"3/5 Veltuff - Prospecting Campaign - Sales",inactive,,,,"Using ad set budget",0,0,0,0,0,0,Ongoing,"7-day click or 1-day view",,,,,,,0,,,,,
2026-07-01,2026-07-01,"11/4 Veltuff - Broad - custom - UK sales",inactive,,,,"Using ad set budget",0,0,0,0,0,0,Ongoing,"7-day click or 1-day view",,,,,,,0,,,,,
2026-07-01,2026-07-01,"28/3 Veltuff - Broad - custom - UK RM",inactive,,,,"Using ad set budget",0,0,0,0,0,0,Ongoing,"7-day click or 1-day view",,,,,,,0,,,,,
2026-07-01,2026-07-01,"23/3 Veltuff - Broad - custom - UK sales",inactive,,,,"Using ad set budget",0,0,0,0,0,0,Ongoing,"7-day click or 1-day view",,,,,,,0,,,,,
2026-07-01,2026-07-01,"17/3 Veltuff - Broad - custom - UK sales",inactive,,,,"Using ad set budget",0,0,0,0,0,0,Ongoing,"7-day click or 1-day view",,,,,,,0,,,,,
2026-07-01,2026-07-01,"AS - Prospecting Campaign JAN2023 - SALE - Copy",inactive,,,,"Using ad set budget",0,0,0,0,0,0,Ongoing,"7-day click or 1-day view",,,,,,,0,,,,,
2026-07-01,2026-07-01,"AS - Prospecting Campaign Dec2022",inactive,,,,"Using ad set budget",0,0,0,0,0,0,Ongoing,"7-day click or 1-day view",,,,,,,0,,,,,
2026-07-01,2026-07-01,"AS - RMKT - DEC 2022",inactive,,,,50,Daily,0,0,0,0,0,Ongoing,"7-day click or 1-day view",,,,,,,0,,,,,
2026-07-01,2026-07-01,"Website Retargeting - 2022",inactive,,,,"Using ad set budget",0,0,0,0,0,0,Ongoing,"1-day click",,,,,,,0,,,,,
2026-06-30,2026-06-30,"VD | Sales | Seasonal Best Sellers | DPA",active,,,,506,Daily,0,0,0,0,0,Ongoing,"7-day click or 1-day view",,,,,,,0,,,,,
2026-06-30,2026-06-30,"VD | Sales | Trousers | DPA",active,,,,174,Daily,0,0,0,0,0,Ongoing,"7-day click or 1-day view",,,,,,,0,,,,,
2026-06-30,2026-06-30,"VD | Broad | Awareness",active,13608,reach,6.98118754,196,Daily,95,13873,13608,1.019474,6.847834,Ongoing,"7-day click or 1-day view",,,,,6,0.043249,6.333333,150,,,,5
2026-06-30,2026-06-30,"VD | Retargeting | DPA Broad Remarket",inactive,,,,44,Daily,0,0,0,0,0,Ongoing,"7-day click",,,,,,,0,,,,,
2026-06-30,2026-06-30,"VD | Retargeting | DPA",active,1,actions:offsite_conversion.fb_pixel_purchase,189.77,370,Daily,189.77,4715,3342,1.410832,40.248144,Ongoing,"7-day click",1.6823,1,319.25,action_values:offsite_conversion.fb_pixel_purchase,49,1.039236,3.162833,51,43,2,3,
2026-06-30,2026-06-30,"VD | Retargeting | DPA Campaign | Sales",inactive,,,,145,Daily,0,0,0,0,0,Ongoing,"7-day click",,,,,,,0,,,,,
2026-06-30,2026-06-30,"VD | Broad | Prospecting | Sales",active,8,actions:offsite_conversion.fb_pixel_purchase,84.815,370,Daily,678.52,16618,11020,1.507985,40.830425,Ongoing,"7-day click",4.143842,8,2811.68,action_values:offsite_conversion.fb_pixel_purchase,311,1.871465,1.771593,739,277,30,16,126
2026-06-30,2026-06-30,"WinterSale | Prospecting | Sales | Advantage+",inactive,,,,"Using ad set budget",0,0,0,0,0,0,Ongoing,"7-day click",,,,,,,0,,,,,
2026-06-30,2026-06-30,"Ongoing | Sales | ProTex1 | Advantage+ | SH",active,4,actions:offsite_conversion.fb_pixel_purchase,56.765,327,Daily,227.06,6205,3747,1.655991,36.59307,Ongoing,"7-day click or 1-day view",10.193693,4,2314.58,action_values:offsite_conversion.fb_pixel_purchase,54,0.870266,3.604127,54,59,5,3,
2026-06-30,2026-06-30,"Ongoing | Sales | Hi-Vis Only | Advantage+ | SH",active,2,actions:offsite_conversion.fb_pixel_purchase,116.155,300,Daily,232.31,7248,5249,1.380834,32.0516,Ongoing,"7-day click or 1-day view",2.795187,2,649.35,action_values:offsite_conversion.fb_pixel_purchase,87,1.200331,2.171122,93,80,5,3,
2026-06-30,2026-06-30,"Customised Workwear | Awareness | Advantage+ | SH Campaign – Copy",inactive,,,,100,Daily,0,0,0,0,0,Ongoing,"7-day click or 1-day view",,,,,,,0,,,,,
2026-06-30,2026-06-30,"Key Categories | Sales | Advantage+ | SH Campaign",inactive,,,,"Using ad set budget",0,0,0,0,0,0,Ongoing,"7-day click, 1-day view, or 1-day engaged-view",,,,,,,0,,,,,
2026-06-30,2026-06-30,"Customised Workwear | Sales | Advantage+ | SH Campaign",inactive,,,,"Using ad set budget",0,0,0,0,0,0,Ongoing,"7-day click, 1-day view, or 1-day engaged-view",,,,,,,0,,,,,
2026-06-30,2026-06-30,"Ongoing | Retargeting | Sales | Dynamic Abandoned Cart - 30 Days | SH",inactive,,,,6.5,Daily,0,0,0,0,0,Ongoing,"7-day click",,,,,,,0,,,,,
2026-06-30,2026-06-30,"AS 7/1 25 - Purchase - Flexible ad Campaign",inactive,,,,"Using ad set budget",0,0,0,0,0,0,Ongoing,"7-day click, 1-day view, or 1-day engaged-view",,,,,,,0,,,,,
2026-06-30,2026-06-30,"5/6 Michelle Job add - KAM Jylland",inactive,,,,"Using ad set budget",0,0,0,0,0,0,Ongoing,"7-day click or 1-day view",,,,,,,0,,,,,
2026-06-30,2026-06-30,"4/1 2024 - RM - UK Campaign",inactive,,,,100,Daily,0,0,0,0,0,Ongoing,"7-day click",,,,,,,0,,,,,
2026-06-30,2026-06-30,"Ongoing | Prospecting | Sales | Broad | Advantage+ | SH Campaign",inactive,,,,"Using ad set budget",0,0,0,0,0,0,Ongoing,"7-day click or 1-day view",,,,,,,0,,,,,
2026-06-30,2026-06-30,"4/12 2023 - Safety Shoe Sale  Campaign",inactive,,,,"Using ad set budget",0,0,0,0,0,0,Ongoing,"7-day click or 1-day view",,,,,,,0,,,,,
2026-06-30,2026-06-30,"11/10 2023 - Advantage+ shopping campaign Campaign",inactive,,,,"Using ad set budget",0,0,0,0,0,0,Ongoing,"7-day click or 1-day view",,,,,,,0,,,,,
2026-06-30,2026-06-30,"19/7 2023 - MPA RM campaign",inactive,,,,"Using ad set budget",0,0,0,0,0,0,Ongoing,"7-day click or 1-day view",,,,,,,0,,,,,
2026-06-30,2026-06-30,"11/7 2023 - Sales campaign Women - UK MPA",inactive,,,,"Using ad set budget",0,0,0,0,0,0,Ongoing,"7-day click or 1-day view",,,,,,,0,,,,,
2026-06-30,2026-06-30,"23/6 2023 - Sales campaign - UK MPA",inactive,,,,"Using ad set budget",0,0,0,0,0,0,Ongoing,"7-day click or 1-day view",,,,,,,0,,,,,
2026-06-30,2026-06-30,"19/6 2023 - Sales collection video",inactive,,,,"Using ad set budget",0,0,0,0,0,0,Ongoing,"7-day click or 1-day view",,,,,,,0,,,,,
2026-06-30,2026-06-30,"12/5 2023 - Sales campaign - UK MPA",inactive,,,,"Using ad set budget",0,0,0,0,0,0,Ongoing,"7-day click or 1-day view",,,,,,,0,,,,,
2026-06-30,2026-06-30,"8/5 Veltuff - Broad - custom - UK sales",inactive,,,,"Using ad set budget",0,0,0,0,0,0,Ongoing,"7-day click or 1-day view",,,,,,,0,,,,,
2026-06-30,2026-06-30,"3/5 Veltuff - Prospecting Campaign - Sales",inactive,,,,"Using ad set budget",0,0,0,0,0,0,Ongoing,"7-day click or 1-day view",,,,,,,0,,,,,
2026-06-30,2026-06-30,"11/4 Veltuff - Broad - custom - UK sales",inactive,,,,"Using ad set budget",0,0,0,0,0,0,Ongoing,"7-day click or 1-day view",,,,,,,0,,,,,
2026-06-30,2026-06-30,"28/3 Veltuff - Broad - custom - UK RM",inactive,,,,"Using ad set budget",0,0,0,0,0,0,Ongoing,"7-day click or 1-day view",,,,,,,0,,,,,
2026-06-30,2026-06-30,"23/3 Veltuff - Broad - custom - UK sales",inactive,,,,"Using ad set budget",0,0,0,0,0,0,Ongoing,"7-day click or 1-day view",,,,,,,0,,,,,
2026-06-30,2026-06-30,"17/3 Veltuff - Broad - custom - UK sales",inactive,,,,"Using ad set budget",0,0,0,0,0,0,Ongoing,"7-day click or 1-day view",,,,,,,0,,,,,
2026-06-30,2026-06-30,"AS - Prospecting Campaign JAN2023 - SALE - Copy",inactive,,,,"Using ad set budget",0,0,0,0,0,0,Ongoing,"7-day click or 1-day view",,,,,,,0,,,,,
2026-06-30,2026-06-30,"AS - Prospecting Campaign Dec2022",inactive,,,,"Using ad set budget",0,0,0,0,0,0,Ongoing,"7-day click or 1-day view",,,,,,,0,,,,,
2026-06-30,2026-06-30,"AS - RMKT - DEC 2022",inactive,,,,50,Daily,0,0,0,0,0,Ongoing,"7-day click or 1-day view",,,,,,,0,,,,,
2026-06-30,2026-06-30,"Website Retargeting - 2022",inactive,,,,"Using ad set budget",0,0,0,0,0,0,Ongoing,"1-day click",,,,,,,0,,,,,
2026-06-29,2026-06-29,"VD | Sales | Seasonal Best Sellers | DPA",active,,,,506,Daily,0,0,0,0,0,Ongoing,"7-day click or 1-day view",,,,,,,0,,,,,
2026-06-29,2026-06-29,"VD | Sales | Trousers | DPA",active,,,,174,Daily,0,0,0,0,0,Ongoing,"7-day click or 1-day view",,,,,,,0,,,,,
2026-06-29,2026-06-29,"VD | Broad | Awareness",active,12586,reach,8.23216272,196,Daily,103.61,12846,12586,1.020658,8.065546,Ongoing,"7-day click or 1-day view",,,,,9,0.070061,4.709545,506,5,,,36
2026-06-29,2026-06-29,"VD | Retargeting | DPA Broad Remarket",inactive,,,,44,Daily,0,0,0,0,0,Ongoing,"7-day click",,,,,,,0,,,,,
2026-06-29,2026-06-29,"VD | Retargeting | DPA",active,2,actions:offsite_conversion.fb_pixel_purchase,81.765,370,Daily,163.53,3821,2845,1.343058,42.797697,Ongoing,"7-day click",1.919036,2,313.82,action_values:offsite_conversion.fb_pixel_purchase,61,1.596441,2.096538,61,59,3,6,
2026-06-29,2026-06-29,"VD | Retargeting | DPA Campaign | Sales",inactive,,,,145,Daily,0,0,0,0,0,Ongoing,"7-day click",,,,,,,0,,,,,
2026-06-29,2026-06-29,"VD | Broad | Prospecting | Sales",active,7,actions:offsite_conversion.fb_pixel_purchase,91.76,370,Daily,642.32,14132,9580,1.475157,45.451458,Ongoing,"7-day click",5.35912,7,3442.27,action_values:offsite_conversion.fb_pixel_purchase,249,1.761959,2.17,739,220,23,21,131
2026-06-29,2026-06-29,"WinterSale | Prospecting | Sales | Advantage+",inactive,,,,"Using ad set budget",0,0,0,0,0,0,Ongoing,"7-day click",,,,,,,0,,,,,
2026-06-29,2026-06-29,"Ongoing | Sales | ProTex1 | Advantage+ | SH",active,2,actions:offsite_conversion.fb_pixel_purchase,106.595,327,Daily,213.19,5455,3456,1.578414,39.081577,Ongoing,"7-day click or 1-day view",4.299873,2,916.69,action_values:offsite_conversion.fb_pixel_purchase,46,0.843263,3.61339,46,43,10,11,
2026-06-29,2026-06-29,"Ongoing | Sales | Hi-Vis Only | Advantage+ | SH",active,2,actions:offsite_conversion.fb_pixel_purchase,91.03,300,Daily,182.06,4208,2832,1.485876,43.265209,Ongoing,"7-day click or 1-day view",3.353235,2,610.49,action_values:offsite_conversion.fb_pixel_purchase,61,1.44962,2.717313,65,57,10,4,1
2026-06-29,2026-06-29,"Customised Workwear | Awareness | Advantage+ | SH Campaign – Copy",inactive,,,,100,Daily,0,0,0,0,0,Ongoing,"7-day click or 1-day view",,,,,,,0,,,,,
2026-06-29,2026-06-29,"Key Categories | Sales | Advantage+ | SH Campaign",inactive,,,,"Using ad set budget",0,0,0,0,0,0,Ongoing,"7-day click, 1-day view, or 1-day engaged-view",,,,,,,0,,,,,
2026-06-29,2026-06-29,"Customised Workwear | Sales | Advantage+ | SH Campaign",inactive,,,,"Using ad set budget",0,0,0,0,0,0,Ongoing,"7-day click, 1-day view, or 1-day engaged-view",,,,,,,0,,,,,
2026-06-29,2026-06-29,"Ongoing | Retargeting | Sales | Dynamic Abandoned Cart - 30 Days | SH",inactive,,,,6.5,Daily,0,0,0,0,0,Ongoing,"7-day click",,,,,,,0,,,,,
2026-06-29,2026-06-29,"AS 7/1 25 - Purchase - Flexible ad Campaign",inactive,,,,"Using ad set budget",0,0,0,0,0,0,Ongoing,"7-day click, 1-day view, or 1-day engaged-view",,,,,,,0,,,,,
2026-06-29,2026-06-29,"5/6 Michelle Job add - KAM Jylland",inactive,,,,"Using ad set budget",0,0,0,0,0,0,Ongoing,"7-day click or 1-day view",,,,,,,0,,,,,
2026-06-29,2026-06-29,"4/1 2024 - RM - UK Campaign",inactive,,,,100,Daily,0,0,0,0,0,Ongoing,"7-day click",,,,,,,0,,,,,
2026-06-29,2026-06-29,"Ongoing | Prospecting | Sales | Broad | Advantage+ | SH Campaign",inactive,,,,"Using ad set budget",0,0,0,0,0,0,Ongoing,"7-day click or 1-day view",,,,,,,0,,,,,
2026-06-29,2026-06-29,"4/12 2023 - Safety Shoe Sale  Campaign",inactive,,,,"Using ad set budget",0,0,0,0,0,0,Ongoing,"7-day click or 1-day view",,,,,,,0,,,,,
2026-06-29,2026-06-29,"11/10 2023 - Advantage+ shopping campaign Campaign",inactive,,,,"Using ad set budget",0,0,0,0,0,0,Ongoing,"7-day click or 1-day view",,,,,,,0,,,,,
2026-06-29,2026-06-29,"19/7 2023 - MPA RM campaign",inactive,,,,"Using ad set budget",0,0,0,0,0,0,Ongoing,"7-day click or 1-day view",,,,,,,0,,,,,
2026-06-29,2026-06-29,"11/7 2023 - Sales campaign Women - UK MPA",inactive,,,,"Using ad set budget",0,0,0,0,0,0,Ongoing,"7-day click or 1-day view",,,,,,,0,,,,,
2026-06-29,2026-06-29,"23/6 2023 - Sales campaign - UK MPA",inactive,,,,"Using ad set budget",0,0,0,0,0,0,Ongoing,"7-day click or 1-day view",,,,,,,0,,,,,
2026-06-29,2026-06-29,"19/6 2023 - Sales collection video",inactive,,,,"Using ad set budget",0,0,0,0,0,0,Ongoing,"7-day click or 1-day view",,,,,,,0,,,,,
2026-06-29,2026-06-29,"12/5 2023 - Sales campaign - UK MPA",inactive,,,,"Using ad set budget",0,0,0,0,0,0,Ongoing,"7-day click or 1-day view",,,,,,,0,,,,,
2026-06-29,2026-06-29,"8/5 Veltuff - Broad - custom - UK sales",inactive,,,,"Using ad set budget",0,0,0,0,0,0,Ongoing,"7-day click or 1-day view",,,,,,,0,,,,,
2026-06-29,2026-06-29,"3/5 Veltuff - Prospecting Campaign - Sales",inactive,,,,"Using ad set budget",0,0,0,0,0,0,Ongoing,"7-day click or 1-day view",,,,,,,0,,,,,
2026-06-29,2026-06-29,"11/4 Veltuff - Broad - custom - UK sales",inactive,,,,"Using ad set budget",0,0,0,0,0,0,Ongoing,"7-day click or 1-day view",,,,,,,0,,,,,
2026-06-29,2026-06-29,"28/3 Veltuff - Broad - custom - UK RM",inactive,,,,"Using ad set budget",0,0,0,0,0,0,Ongoing,"7-day click or 1-day view",,,,,,,0,,,,,
2026-06-29,2026-06-29,"23/3 Veltuff - Broad - custom - UK sales",inactive,,,,"Using ad set budget",0,0,0,0,0,0,Ongoing,"7-day click or 1-day view",,,,,,,0,,,,,
2026-06-29,2026-06-29,"17/3 Veltuff - Broad - custom - UK sales",inactive,,,,"Using ad set budget",0,0,0,0,0,0,Ongoing,"7-day click or 1-day view",,,,,,,0,,,,,
2026-06-29,2026-06-29,"AS - Prospecting Campaign JAN2023 - SALE - Copy",inactive,,,,"Using ad set budget",0,0,0,0,0,0,Ongoing,"7-day click or 1-day view",,,,,,,0,,,,,
2026-06-29,2026-06-29,"AS - Prospecting Campaign Dec2022",inactive,,,,"Using ad set budget",0,0,0,0,0,0,Ongoing,"7-day click or 1-day view",,,,,,,0,,,,,
2026-06-29,2026-06-29,"AS - RMKT - DEC 2022",inactive,,,,50,Daily,0,0,0,0,0,Ongoing,"7-day click or 1-day view",,,,,,,0,,,,,
2026-06-29,2026-06-29,"Website Retargeting - 2022",inactive,,,,"Using ad set budget",0,0,0,0,0,0,Ongoing,"1-day click",,,,,,,0,,,,,
