"Reporting starts","Reporting ends","Campaign name","Campaign delivery",Results,"Result indicator","Cost per results","Ad set budget","Ad set budget type","Amount spent (DKK)",Impressions,Reach,Frequency,"CPM (cost per 1,000 impressions) (DKK)",Ends,"Attribution setting","Purchase ROAS (return on ad spend)",Purchases,"Results value","Result value indicator","Link clicks","CTR (link click-through rate)","CPC (all) (DKK)","Post engagements","Landing page views","Adds to cart","Checkouts initiated",ThruPlays
2026-06-28,2026-06-28,"VD | Broad | Awareness",active,12969,reach,8.53342586,196,Daily,110.67,13505,12969,1.041329,8.194743,Ongoing,"7-day click or 1-day view",,,,,11,0.081451,6.51,473,9,,,25
2026-06-28,2026-06-28,"VD | Retargeting | DPA Broad Remarket",inactive,,,,44,Daily,0,0,0,0,0,Ongoing,"7-day click",,,,,,,0,,,,,
2026-06-28,2026-06-28,"VD | Retargeting | DPA",active,,,,370,Daily,204.39,4472,2937,1.522642,45.704383,Ongoing,"7-day click",,,,,75,1.677102,2.376628,76,71,8,3,
2026-06-28,2026-06-28,"VD | Retargeting | DPA Campaign | Sales",inactive,,,,145,Daily,0,0,0,0,0,Ongoing,"7-day click",,,,,,,0,,,,,
2026-06-28,2026-06-28,"VD | Broad | Prospecting | Sales",active,5,actions:offsite_conversion.fb_pixel_purchase,136.88,370,Daily,684.4,15662,9929,1.5774,43.698123,Ongoing,"7-day click",1.680333,5,1150.02,action_values:offsite_conversion.fb_pixel_purchase,317,2.024007,1.719598,664,287,29,10,110
2026-06-28,2026-06-28,"Warehouse Clearance | Prospecting | Sales | Advantage+",inactive,,,,"Using ad set budget",0,0,0,0,0,0,2026-03-29,"7-day click",,,,,,,0,,,,,
2026-06-28,2026-06-28,"WinterSale | Prospecting | Sales | Advantage+",inactive,,,,"Using ad set budget",0,0,0,0,0,0,Ongoing,"7-day click",,,,,,,0,,,,,
2026-06-28,2026-06-28,"Ongoing | Sales | ProTex1 | Advantage+ | SH",active,3,actions:offsite_conversion.fb_pixel_purchase,77.14333333,327,Daily,231.43,5743,3655,1.571272,40.297754,Ongoing,"7-day click or 1-day view",16.200363,3,3749.25,action_values:offsite_conversion.fb_pixel_purchase,72,1.2537,2.629886,74,61,7,4,
2026-06-28,2026-06-28,"Ongoing | Sales | Hi-Vis Only | Advantage+ | SH",active,1,actions:offsite_conversion.fb_pixel_purchase,250.75,300,Daily,250.75,6718,4510,1.489579,37.325097,Ongoing,"7-day click or 1-day view",3.109831,1,779.79,action_values:offsite_conversion.fb_pixel_purchase,126,1.875558,1.638889,130,116,5,5,1
2026-06-28,2026-06-28,"Customised Workwear | Awareness | Advantage+ | SH Campaign – Copy",inactive,,,,100,Daily,0,0,0,0,0,Ongoing,"7-day click or 1-day view",,,,,,,0,,,,,
2026-06-28,2026-06-28,"Key Categories | Sales | Advantage+ | SH Campaign",inactive,,,,"Using ad set budget",0,0,0,0,0,0,Ongoing,"7-day click, 1-day view, or 1-day engaged-view",,,,,,,0,,,,,
2026-06-28,2026-06-28,"Customised Workwear | Sales | Advantage+ | SH Campaign",inactive,,,,"Using ad set budget",0,0,0,0,0,0,Ongoing,"7-day click, 1-day view, or 1-day engaged-view",,,,,,,0,,,,,
2026-06-28,2026-06-28,"Ongoing | Retargeting | Sales | Dynamic Abandoned Cart - 30 Days | SH",inactive,,,,6.5,Daily,0,0,0,0,0,Ongoing,"7-day click",,,,,,,0,,,,,
2026-06-28,2026-06-28,"AS 7/1 25 - Purchase - Flexible ad Campaign",inactive,,,,"Using ad set budget",0,0,0,0,0,0,Ongoing,"7-day click, 1-day view, or 1-day engaged-view",,,,,,,0,,,,,
2026-06-28,2026-06-28,"5/6 Michelle Job add - KAM Jylland",inactive,,,,"Using ad set budget",0,0,0,0,0,0,Ongoing,"7-day click or 1-day view",,,,,,,0,,,,,
2026-06-28,2026-06-28,"4/1 2024 - RM - UK Campaign",inactive,,,,100,Daily,0,0,0,0,0,Ongoing,"7-day click",,,,,,,0,,,,,
2026-06-28,2026-06-28,"Ongoing | Prospecting | Sales | Broad | Advantage+ | SH Campaign",inactive,,,,"Using ad set budget",0,0,0,0,0,0,Ongoing,"7-day click or 1-day view",,,,,,,0,,,,,
2026-06-28,2026-06-28,"4/12 2023 - Safety Shoe Sale  Campaign",inactive,,,,"Using ad set budget",0,0,0,0,0,0,Ongoing,"7-day click or 1-day view",,,,,,,0,,,,,
2026-06-28,2026-06-28,"11/10 2023 - Advantage+ shopping campaign Campaign",inactive,,,,"Using ad set budget",0,0,0,0,0,0,Ongoing,"7-day click or 1-day view",,,,,,,0,,,,,
2026-06-28,2026-06-28,"19/7 2023 - MPA RM campaign",inactive,,,,"Using ad set budget",0,0,0,0,0,0,Ongoing,"7-day click or 1-day view",,,,,,,0,,,,,
2026-06-28,2026-06-28,"11/7 2023 - Sales campaign Women - UK MPA",inactive,,,,"Using ad set budget",0,0,0,0,0,0,Ongoing,"7-day click or 1-day view",,,,,,,0,,,,,
2026-06-28,2026-06-28,"23/6 2023 - Sales campaign - UK MPA",inactive,,,,"Using ad set budget",0,0,0,0,0,0,Ongoing,"7-day click or 1-day view",,,,,,,0,,,,,
2026-06-28,2026-06-28,"19/6 2023 - Sales collection video",inactive,,,,"Using ad set budget",0,0,0,0,0,0,Ongoing,"7-day click or 1-day view",,,,,,,0,,,,,
2026-06-28,2026-06-28,"12/5 2023 - Sales campaign - UK MPA",inactive,,,,"Using ad set budget",0,0,0,0,0,0,Ongoing,"7-day click or 1-day view",,,,,,,0,,,,,
2026-06-28,2026-06-28,"8/5 Veltuff - Broad - custom - UK sales",inactive,,,,"Using ad set budget",0,0,0,0,0,0,Ongoing,"7-day click or 1-day view",,,,,,,0,,,,,
2026-06-28,2026-06-28,"3/5 Veltuff - Prospecting Campaign - Sales",inactive,,,,"Using ad set budget",0,0,0,0,0,0,Ongoing,"7-day click or 1-day view",,,,,,,0,,,,,
2026-06-28,2026-06-28,"11/4 Veltuff - Broad - custom - UK sales",inactive,,,,"Using ad set budget",0,0,0,0,0,0,Ongoing,"7-day click or 1-day view",,,,,,,0,,,,,
2026-06-28,2026-06-28,"28/3 Veltuff - Broad - custom - UK RM",inactive,,,,"Using ad set budget",0,0,0,0,0,0,Ongoing,"7-day click or 1-day view",,,,,,,0,,,,,
2026-06-28,2026-06-28,"23/3 Veltuff - Broad - custom - UK sales",inactive,,,,"Using ad set budget",0,0,0,0,0,0,Ongoing,"7-day click or 1-day view",,,,,,,0,,,,,
2026-06-28,2026-06-28,"17/3 Veltuff - Broad - custom - UK sales",inactive,,,,"Using ad set budget",0,0,0,0,0,0,Ongoing,"7-day click or 1-day view",,,,,,,0,,,,,
2026-06-28,2026-06-28,"AS - Prospecting Campaign JAN2023 - SALE - Copy",inactive,,,,"Using ad set budget",0,0,0,0,0,0,Ongoing,"7-day click or 1-day view",,,,,,,0,,,,,
2026-06-28,2026-06-28,"AS - Prospecting Campaign Dec2022",inactive,,,,"Using ad set budget",0,0,0,0,0,0,Ongoing,"7-day click or 1-day view",,,,,,,0,,,,,
2026-06-28,2026-06-28,"AS - RMKT - DEC 2022",inactive,,,,50,Daily,0,0,0,0,0,Ongoing,"7-day click or 1-day view",,,,,,,0,,,,,
2026-06-28,2026-06-28,"Website Retargeting - 2022",inactive,,,,"Using ad set budget",0,0,0,0,0,0,Ongoing,"1-day click",,,,,,,0,,,,,
2026-06-27,2026-06-27,"VD | Broad | Awareness",active,8994,reach,8.1498777,196,Daily,73.3,8997,8994,1.000334,8.14716,Ongoing,"7-day click or 1-day view",,,,,5,0.055574,4.311765,281,1,,,12
2026-06-27,2026-06-27,"VD | Retargeting | DPA Broad Remarket",inactive,,,,44,Daily,0,0,0,0,0,Ongoing,"7-day click",,,,,,,0,,,,,
2026-06-27,2026-06-27,"VD | Retargeting | DPA",active,1,actions:offsite_conversion.fb_pixel_purchase,101.35,370,Daily,101.35,2325,1657,1.403138,43.591398,Ongoing,"7-day click",2.47923,1,251.27,action_values:offsite_conversion.fb_pixel_purchase,47,2.021505,1.809821,48,40,7,2,
2026-06-27,2026-06-27,"VD | Retargeting | DPA Campaign | Sales",inactive,,,,145,Daily,0,0,0,0,0,Ongoing,"7-day click",,,,,,,0,,,,,
2026-06-27,2026-06-27,"VD | Broad | Prospecting | Sales",active,6,actions:offsite_conversion.fb_pixel_purchase,91.7,370,Daily,550.2,12054,7989,1.508825,45.644599,Ongoing,"7-day click",3.716449,6,2044.79,action_values:offsite_conversion.fb_pixel_purchase,242,2.007632,1.958007,565,233,25,17,85
2026-06-27,2026-06-27,"Warehouse Clearance | Prospecting | Sales | Advantage+",inactive,,,,"Using ad set budget",0,0,0,0,0,0,2026-03-29,"7-day click",,,,,,,0,,,,,
2026-06-27,2026-06-27,"WinterSale | Prospecting | Sales | Advantage+",inactive,,,,"Using ad set budget",0,0,0,0,0,0,Ongoing,"7-day click",,,,,,,0,,,,,
2026-06-27,2026-06-27,"Ongoing | Sales | ProTex1 | Advantage+ | SH",active,3,actions:offsite_conversion.fb_pixel_purchase,58.17333333,327,Daily,174.52,4500,2886,1.559252,38.782222,Ongoing,"7-day click or 1-day view",18.215964,3,3179.05,action_values:offsite_conversion.fb_pixel_purchase,49,1.088889,2.908667,49,43,11,4,
2026-06-27,2026-06-27,"Ongoing | Sales | Hi-Vis Only | Advantage+ | SH",active,3,actions:offsite_conversion.fb_pixel_purchase,55.96666667,300,Daily,167.9,4187,2682,1.561148,40.10031,Ongoing,"7-day click or 1-day view",6.739547,3,1131.57,action_values:offsite_conversion.fb_pixel_purchase,71,1.695725,1.99881,77,64,11,4,
2026-06-27,2026-06-27,"Customised Workwear | Awareness | Advantage+ | SH Campaign – Copy",inactive,,,,100,Daily,0,0,0,0,0,Ongoing,"7-day click or 1-day view",,,,,,,0,,,,,
2026-06-27,2026-06-27,"Key Categories | Sales | Advantage+ | SH Campaign",inactive,,,,"Using ad set budget",0,0,0,0,0,0,Ongoing,"7-day click, 1-day view, or 1-day engaged-view",,,,,,,0,,,,,
2026-06-27,2026-06-27,"Customised Workwear | Sales | Advantage+ | SH Campaign",inactive,,,,"Using ad set budget",0,0,0,0,0,0,Ongoing,"7-day click, 1-day view, or 1-day engaged-view",,,,,,,0,,,,,
2026-06-27,2026-06-27,"Ongoing | Retargeting | Sales | Dynamic Abandoned Cart - 30 Days | SH",inactive,,,,6.5,Daily,0,0,0,0,0,Ongoing,"7-day click",,,,,,,0,,,,,
2026-06-27,2026-06-27,"AS 7/1 25 - Purchase - Flexible ad Campaign",inactive,,,,"Using ad set budget",0,0,0,0,0,0,Ongoing,"7-day click, 1-day view, or 1-day engaged-view",,,,,,,0,,,,,
2026-06-27,2026-06-27,"5/6 Michelle Job add - KAM Jylland",inactive,,,,"Using ad set budget",0,0,0,0,0,0,Ongoing,"7-day click or 1-day view",,,,,,,0,,,,,
2026-06-27,2026-06-27,"4/1 2024 - RM - UK Campaign",inactive,,,,100,Daily,0,0,0,0,0,Ongoing,"7-day click",,,,,,,0,,,,,
2026-06-27,2026-06-27,"Ongoing | Prospecting | Sales | Broad | Advantage+ | SH Campaign",inactive,,,,"Using ad set budget",0,0,0,0,0,0,Ongoing,"7-day click or 1-day view",,,,,,,0,,,,,
2026-06-27,2026-06-27,"4/12 2023 - Safety Shoe Sale  Campaign",inactive,,,,"Using ad set budget",0,0,0,0,0,0,Ongoing,"7-day click or 1-day view",,,,,,,0,,,,,
2026-06-27,2026-06-27,"11/10 2023 - Advantage+ shopping campaign Campaign",inactive,,,,"Using ad set budget",0,0,0,0,0,0,Ongoing,"7-day click or 1-day view",,,,,,,0,,,,,
2026-06-27,2026-06-27,"19/7 2023 - MPA RM campaign",inactive,,,,"Using ad set budget",0,0,0,0,0,0,Ongoing,"7-day click or 1-day view",,,,,,,0,,,,,
2026-06-27,2026-06-27,"11/7 2023 - Sales campaign Women - UK MPA",inactive,,,,"Using ad set budget",0,0,0,0,0,0,Ongoing,"7-day click or 1-day view",,,,,,,0,,,,,
2026-06-27,2026-06-27,"23/6 2023 - Sales campaign - UK MPA",inactive,,,,"Using ad set budget",0,0,0,0,0,0,Ongoing,"7-day click or 1-day view",,,,,,,0,,,,,
2026-06-27,2026-06-27,"19/6 2023 - Sales collection video",inactive,,,,"Using ad set budget",0,0,0,0,0,0,Ongoing,"7-day click or 1-day view",,,,,,,0,,,,,
2026-06-27,2026-06-27,"12/5 2023 - Sales campaign - UK MPA",inactive,,,,"Using ad set budget",0,0,0,0,0,0,Ongoing,"7-day click or 1-day view",,,,,,,0,,,,,
2026-06-27,2026-06-27,"8/5 Veltuff - Broad - custom - UK sales",inactive,,,,"Using ad set budget",0,0,0,0,0,0,Ongoing,"7-day click or 1-day view",,,,,,,0,,,,,
2026-06-27,2026-06-27,"3/5 Veltuff - Prospecting Campaign - Sales",inactive,,,,"Using ad set budget",0,0,0,0,0,0,Ongoing,"7-day click or 1-day view",,,,,,,0,,,,,
2026-06-27,2026-06-27,"11/4 Veltuff - Broad - custom - UK sales",inactive,,,,"Using ad set budget",0,0,0,0,0,0,Ongoing,"7-day click or 1-day view",,,,,,,0,,,,,
2026-06-27,2026-06-27,"28/3 Veltuff - Broad - custom - UK RM",inactive,,,,"Using ad set budget",0,0,0,0,0,0,Ongoing,"7-day click or 1-day view",,,,,,,0,,,,,
2026-06-27,2026-06-27,"23/3 Veltuff - Broad - custom - UK sales",inactive,,,,"Using ad set budget",0,0,0,0,0,0,Ongoing,"7-day click or 1-day view",,,,,,,0,,,,,
2026-06-27,2026-06-27,"17/3 Veltuff - Broad - custom - UK sales",inactive,,,,"Using ad set budget",0,0,0,0,0,0,Ongoing,"7-day click or 1-day view",,,,,,,0,,,,,
2026-06-27,2026-06-27,"AS - Prospecting Campaign JAN2023 - SALE - Copy",inactive,,,,"Using ad set budget",0,0,0,0,0,0,Ongoing,"7-day click or 1-day view",,,,,,,0,,,,,
2026-06-27,2026-06-27,"AS - Prospecting Campaign Dec2022",inactive,,,,"Using ad set budget",0,0,0,0,0,0,Ongoing,"7-day click or 1-day view",,,,,,,0,,,,,
2026-06-27,2026-06-27,"AS - RMKT - DEC 2022",inactive,,,,50,Daily,0,0,0,0,0,Ongoing,"7-day click or 1-day view",,,,,,,0,,,,,
2026-06-27,2026-06-27,"Website Retargeting - 2022",inactive,,,,"Using ad set budget",0,0,0,0,0,0,Ongoing,"1-day click",,,,,,,0,,,,,
2026-06-26,2026-06-26,"VD | Broad | Awareness",active,13265,reach,6.14398794,196,Daily,81.5,13413,13265,1.011157,6.076195,Ongoing,"7-day click or 1-day view",,,,,12,0.089465,4.527778,266,7,,,13
2026-06-26,2026-06-26,"VD | Retargeting | DPA Broad Remarket",inactive,,,,44,Daily,0,0,0,0,0,Ongoing,"7-day click",,,,,,,0,,,,,
2026-06-26,2026-06-26,"VD | Retargeting | DPA",active,2,actions:offsite_conversion.fb_pixel_purchase,81.77,370,Daily,163.54,2975,1957,1.520184,54.971429,Ongoing,"7-day click",4.743855,2,775.81,action_values:offsite_conversion.fb_pixel_purchase,61,2.05042,2.555313,61,54,7,4,
2026-06-26,2026-06-26,"VD | Retargeting | DPA Campaign | Sales",inactive,,,,145,Daily,0,0,0,0,0,Ongoing,"7-day click",,,,,,,0,,,,,
2026-06-26,2026-06-26,"VD | Broad | Prospecting | Sales",active,3,actions:offsite_conversion.fb_pixel_purchase,193.86333333,370,Daily,581.59,13356,8971,1.488797,43.545223,Ongoing,"7-day click",1.621761,3,943.2,action_values:offsite_conversion.fb_pixel_purchase,266,1.991614,1.906852,568,226,12,14,86
2026-06-26,2026-06-26,"Warehouse Clearance | Prospecting | Sales | Advantage+",inactive,,,,"Using ad set budget",0,0,0,0,0,0,2026-03-29,"7-day click",,,,,,,0,,,,,
2026-06-26,2026-06-26,"WinterSale | Prospecting | Sales | Advantage+",inactive,,,,"Using ad set budget",0,0,0,0,0,0,Ongoing,"7-day click",,,,,,,0,,,,,
2026-06-26,2026-06-26,"Ongoing | Sales | ProTex1 | Advantage+ | SH",active,6,actions:offsite_conversion.fb_pixel_purchase,32.94166667,327,Daily,197.65,4341,2339,1.855921,45.530984,Ongoing,"7-day click or 1-day view",24.623779,6,4866.89,action_values:offsite_conversion.fb_pixel_purchase,50,1.151808,3.294167,50,41,11,8,
2026-06-26,2026-06-26,"Ongoing | Sales | Hi-Vis Only | Advantage+ | SH",active,3,actions:offsite_conversion.fb_pixel_purchase,63.96666667,300,Daily,191.9,4608,2837,1.624251,41.644965,Ongoing,"7-day click or 1-day view",5.972173,3,1146.06,action_values:offsite_conversion.fb_pixel_purchase,71,1.540799,2.492208,80,64,10,3,1
2026-06-26,2026-06-26,"Customised Workwear | Awareness | Advantage+ | SH Campaign – Copy",inactive,,,,100,Daily,0,0,0,0,0,Ongoing,"7-day click or 1-day view",,,,,,,0,,,,,
2026-06-26,2026-06-26,"Key Categories | Sales | Advantage+ | SH Campaign",inactive,,,,"Using ad set budget",0,0,0,0,0,0,Ongoing,"7-day click, 1-day view, or 1-day engaged-view",,,,,,,0,,,,,
2026-06-26,2026-06-26,"Customised Workwear | Sales | Advantage+ | SH Campaign",inactive,,,,"Using ad set budget",0,0,0,0,0,0,Ongoing,"7-day click, 1-day view, or 1-day engaged-view",,,,,,,0,,,,,
2026-06-26,2026-06-26,"Ongoing | Retargeting | Sales | Dynamic Abandoned Cart - 30 Days | SH",inactive,,,,6.5,Daily,0,0,0,0,0,Ongoing,"7-day click",,,,,,,0,,,,,
2026-06-26,2026-06-26,"AS 7/1 25 - Purchase - Flexible ad Campaign",inactive,,,,"Using ad set budget",0,0,0,0,0,0,Ongoing,"7-day click, 1-day view, or 1-day engaged-view",,,,,,,0,,,,,
2026-06-26,2026-06-26,"5/6 Michelle Job add - KAM Jylland",inactive,,,,"Using ad set budget",0,0,0,0,0,0,Ongoing,"7-day click or 1-day view",,,,,,,0,,,,,
2026-06-26,2026-06-26,"4/1 2024 - RM - UK Campaign",inactive,,,,100,Daily,0,0,0,0,0,Ongoing,"7-day click",,,,,,,0,,,,,
2026-06-26,2026-06-26,"Ongoing | Prospecting | Sales | Broad | Advantage+ | SH Campaign",inactive,,,,"Using ad set budget",0,0,0,0,0,0,Ongoing,"7-day click or 1-day view",,,,,,,0,,,,,
2026-06-26,2026-06-26,"4/12 2023 - Safety Shoe Sale  Campaign",inactive,,,,"Using ad set budget",0,0,0,0,0,0,Ongoing,"7-day click or 1-day view",,,,,,,0,,,,,
2026-06-26,2026-06-26,"11/10 2023 - Advantage+ shopping campaign Campaign",inactive,,,,"Using ad set budget",0,0,0,0,0,0,Ongoing,"7-day click or 1-day view",,,,,,,0,,,,,
2026-06-26,2026-06-26,"19/7 2023 - MPA RM campaign",inactive,,,,"Using ad set budget",0,0,0,0,0,0,Ongoing,"7-day click or 1-day view",,,,,,,0,,,,,
2026-06-26,2026-06-26,"11/7 2023 - Sales campaign Women - UK MPA",inactive,,,,"Using ad set budget",0,0,0,0,0,0,Ongoing,"7-day click or 1-day view",,,,,,,0,,,,,
2026-06-26,2026-06-26,"23/6 2023 - Sales campaign - UK MPA",inactive,,,,"Using ad set budget",0,0,0,0,0,0,Ongoing,"7-day click or 1-day view",,,,,,,0,,,,,
2026-06-26,2026-06-26,"19/6 2023 - Sales collection video",inactive,,,,"Using ad set budget",0,0,0,0,0,0,Ongoing,"7-day click or 1-day view",,,,,,,0,,,,,
2026-06-26,2026-06-26,"12/5 2023 - Sales campaign - UK MPA",inactive,,,,"Using ad set budget",0,0,0,0,0,0,Ongoing,"7-day click or 1-day view",,,,,,,0,,,,,
2026-06-26,2026-06-26,"8/5 Veltuff - Broad - custom - UK sales",inactive,,,,"Using ad set budget",0,0,0,0,0,0,Ongoing,"7-day click or 1-day view",,,,,,,0,,,,,
2026-06-26,2026-06-26,"3/5 Veltuff - Prospecting Campaign - Sales",inactive,,,,"Using ad set budget",0,0,0,0,0,0,Ongoing,"7-day click or 1-day view",,,,,,,0,,,,,
2026-06-26,2026-06-26,"11/4 Veltuff - Broad - custom - UK sales",inactive,,,,"Using ad set budget",0,0,0,0,0,0,Ongoing,"7-day click or 1-day view",,,,,,,0,,,,,
2026-06-26,2026-06-26,"28/3 Veltuff - Broad - custom - UK RM",inactive,,,,"Using ad set budget",0,0,0,0,0,0,Ongoing,"7-day click or 1-day view",,,,,,,0,,,,,
2026-06-26,2026-06-26,"23/3 Veltuff - Broad - custom - UK sales",inactive,,,,"Using ad set budget",0,0,0,0,0,0,Ongoing,"7-day click or 1-day view",,,,,,,0,,,,,
2026-06-26,2026-06-26,"17/3 Veltuff - Broad - custom - UK sales",inactive,,,,"Using ad set budget",0,0,0,0,0,0,Ongoing,"7-day click or 1-day view",,,,,,,0,,,,,
2026-06-26,2026-06-26,"AS - Prospecting Campaign JAN2023 - SALE - Copy",inactive,,,,"Using ad set budget",0,0,0,0,0,0,Ongoing,"7-day click or 1-day view",,,,,,,0,,,,,
2026-06-26,2026-06-26,"AS - Prospecting Campaign Dec2022",inactive,,,,"Using ad set budget",0,0,0,0,0,0,Ongoing,"7-day click or 1-day view",,,,,,,0,,,,,
2026-06-26,2026-06-26,"AS - RMKT - DEC 2022",inactive,,,,50,Daily,0,0,0,0,0,Ongoing,"7-day click or 1-day view",,,,,,,0,,,,,
2026-06-26,2026-06-26,"Website Retargeting - 2022",inactive,,,,"Using ad set budget",0,0,0,0,0,0,Ongoing,"1-day click",,,,,,,0,,,,,
2026-06-25,2026-06-25,"VD | Broad | Awareness",active,13304,reach,6.73105833,196,Daily,89.55,13646,13304,1.025707,6.562363,Ongoing,"7-day click or 1-day view",,,,,10,0.073282,4.713158,516,5,,,35
2026-06-25,2026-06-25,"VD | Retargeting | DPA Broad Remarket",inactive,,,,44,Daily,0,0,0,0,0,Ongoing,"7-day click",,,,,,,0,,,,,
2026-06-25,2026-06-25,"VD | Retargeting | DPA",active,2,actions:offsite_conversion.fb_pixel_purchase,104.625,370,Daily,209.25,4163,2853,1.459166,50.264233,Ongoing,"7-day click",2.418877,2,506.15,action_values:offsite_conversion.fb_pixel_purchase,71,1.705501,2.377841,99,58,12,6,12
2026-06-25,2026-06-25,"VD | Retargeting | DPA Campaign | Sales",inactive,,,,145,Daily,0,0,0,0,0,Ongoing,"7-day click",,,,,,,0,,,,,
2026-06-25,2026-06-25,"VD | Broad | Prospecting | Sales",active,3,actions:offsite_conversion.fb_pixel_purchase,204.99666667,370,Daily,614.99,15530,10360,1.499035,39.600129,Ongoing,"7-day click",2.904681,3,1786.35,action_values:offsite_conversion.fb_pixel_purchase,306,1.97038,1.601536,570,260,12,8,66
2026-06-25,2026-06-25,"Warehouse Clearance | Prospecting | Sales | Advantage+",inactive,,,,"Using ad set budget",0,0,0,0,0,0,2026-03-29,"7-day click",,,,,,,0,,,,,
2026-06-25,2026-06-25,"WinterSale | Prospecting | Sales | Advantage+",inactive,,,,"Using ad set budget",0,0,0,0,0,0,Ongoing,"7-day click",,,,,,,0,,,,,
2026-06-25,2026-06-25,"Ongoing | Sales | ProTex1 | Advantage+ | SH",active,4,actions:offsite_conversion.fb_pixel_purchase,51.9525,327,Daily,207.81,5876,3721,1.579145,35.365895,Ongoing,"7-day click or 1-day view",10.040758,4,2086.57,action_values:offsite_conversion.fb_pixel_purchase,50,0.850919,3.406721,52,44,10,5,
2026-06-25,2026-06-25,"Ongoing | Sales | Hi-Vis Only | Advantage+ | SH",active,3,actions:offsite_conversion.fb_pixel_purchase,70.04,300,Daily,210.12,5311,3336,1.592026,39.563171,Ongoing,"7-day click or 1-day view",6.585618,3,1383.77,action_values:offsite_conversion.fb_pixel_purchase,80,1.506308,2.1012,83,73,,3,
2026-06-25,2026-06-25,"Customised Workwear | Awareness | Advantage+ | SH Campaign – Copy",inactive,,,,100,Daily,0,0,0,0,0,Ongoing,"7-day click or 1-day view",,,,,,,0,,,,,
2026-06-25,2026-06-25,"Key Categories | Sales | Advantage+ | SH Campaign",inactive,,,,"Using ad set budget",0,0,0,0,0,0,Ongoing,"7-day click, 1-day view, or 1-day engaged-view",,,,,,,0,,,,,
2026-06-25,2026-06-25,"Customised Workwear | Sales | Advantage+ | SH Campaign",inactive,,,,"Using ad set budget",0,0,0,0,0,0,Ongoing,"7-day click, 1-day view, or 1-day engaged-view",,,,,,,0,,,,,
2026-06-25,2026-06-25,"Ongoing | Retargeting | Sales | Dynamic Abandoned Cart - 30 Days | SH",inactive,,,,6.5,Daily,0,0,0,0,0,Ongoing,"7-day click",,,,,,,0,,,,,
2026-06-25,2026-06-25,"AS 7/1 25 - Purchase - Flexible ad Campaign",inactive,,,,"Using ad set budget",0,0,0,0,0,0,Ongoing,"7-day click, 1-day view, or 1-day engaged-view",,,,,,,0,,,,,
2026-06-25,2026-06-25,"5/6 Michelle Job add - KAM Jylland",inactive,,,,"Using ad set budget",0,0,0,0,0,0,Ongoing,"7-day click or 1-day view",,,,,,,0,,,,,
2026-06-25,2026-06-25,"4/1 2024 - RM - UK Campaign",inactive,,,,100,Daily,0,0,0,0,0,Ongoing,"7-day click",,,,,,,0,,,,,
2026-06-25,2026-06-25,"Ongoing | Prospecting | Sales | Broad | Advantage+ | SH Campaign",inactive,,,,"Using ad set budget",0,0,0,0,0,0,Ongoing,"7-day click or 1-day view",,,,,,,0,,,,,
2026-06-25,2026-06-25,"4/12 2023 - Safety Shoe Sale  Campaign",inactive,,,,"Using ad set budget",0,0,0,0,0,0,Ongoing,"7-day click or 1-day view",,,,,,,0,,,,,
2026-06-25,2026-06-25,"11/10 2023 - Advantage+ shopping campaign Campaign",inactive,,,,"Using ad set budget",0,0,0,0,0,0,Ongoing,"7-day click or 1-day view",,,,,,,0,,,,,
2026-06-25,2026-06-25,"19/7 2023 - MPA RM campaign",inactive,,,,"Using ad set budget",0,0,0,0,0,0,Ongoing,"7-day click or 1-day view",,,,,,,0,,,,,
2026-06-25,2026-06-25,"11/7 2023 - Sales campaign Women - UK MPA",inactive,,,,"Using ad set budget",0,0,0,0,0,0,Ongoing,"7-day click or 1-day view",,,,,,,0,,,,,
2026-06-25,2026-06-25,"23/6 2023 - Sales campaign - UK MPA",inactive,,,,"Using ad set budget",0,0,0,0,0,0,Ongoing,"7-day click or 1-day view",,,,,,,0,,,,,
2026-06-25,2026-06-25,"19/6 2023 - Sales collection video",inactive,,,,"Using ad set budget",0,0,0,0,0,0,Ongoing,"7-day click or 1-day view",,,,,,,0,,,,,
2026-06-25,2026-06-25,"12/5 2023 - Sales campaign - UK MPA",inactive,,,,"Using ad set budget",0,0,0,0,0,0,Ongoing,"7-day click or 1-day view",,,,,,,0,,,,,
2026-06-25,2026-06-25,"8/5 Veltuff - Broad - custom - UK sales",inactive,,,,"Using ad set budget",0,0,0,0,0,0,Ongoing,"7-day click or 1-day view",,,,,,,0,,,,,
2026-06-25,2026-06-25,"3/5 Veltuff - Prospecting Campaign - Sales",inactive,,,,"Using ad set budget",0,0,0,0,0,0,Ongoing,"7-day click or 1-day view",,,,,,,0,,,,,
2026-06-25,2026-06-25,"11/4 Veltuff - Broad - custom - UK sales",inactive,,,,"Using ad set budget",0,0,0,0,0,0,Ongoing,"7-day click or 1-day view",,,,,,,0,,,,,
2026-06-25,2026-06-25,"28/3 Veltuff - Broad - custom - UK RM",inactive,,,,"Using ad set budget",0,0,0,0,0,0,Ongoing,"7-day click or 1-day view",,,,,,,0,,,,,
2026-06-25,2026-06-25,"23/3 Veltuff - Broad - custom - UK sales",inactive,,,,"Using ad set budget",0,0,0,0,0,0,Ongoing,"7-day click or 1-day view",,,,,,,0,,,,,
2026-06-25,2026-06-25,"17/3 Veltuff - Broad - custom - UK sales",inactive,,,,"Using ad set budget",0,0,0,0,0,0,Ongoing,"7-day click or 1-day view",,,,,,,0,,,,,
2026-06-25,2026-06-25,"AS - Prospecting Campaign JAN2023 - SALE - Copy",inactive,,,,"Using ad set budget",0,0,0,0,0,0,Ongoing,"7-day click or 1-day view",,,,,,,0,,,,,
2026-06-25,2026-06-25,"AS - Prospecting Campaign Dec2022",inactive,,,,"Using ad set budget",0,0,0,0,0,0,Ongoing,"7-day click or 1-day view",,,,,,,0,,,,,
2026-06-25,2026-06-25,"AS - RMKT - DEC 2022",inactive,,,,50,Daily,0,0,0,0,0,Ongoing,"7-day click or 1-day view",,,,,,,0,,,,,
2026-06-25,2026-06-25,"Website Retargeting - 2022",inactive,,,,"Using ad set budget",0,0,0,0,0,0,Ongoing,"1-day click",,,,,,,0,,,,,
2026-06-24,2026-06-24,"VD | Broad | Awareness",active,25769,reach,5.97733711,196,Daily,154.03,27355,25769,1.061547,5.63078,Ongoing,"7-day click or 1-day view",,,,,35,0.127947,3.85075,414,20,1,,26
2026-06-24,2026-06-24,"VD | Retargeting | DPA Broad Remarket",inactive,,,,44,Daily,0,0,0,0,0,Ongoing,"7-day click",,,,,,,0,,,,,
2026-06-24,2026-06-24,"VD | Retargeting | DPA",active,3,actions:offsite_conversion.fb_pixel_purchase,68.55333333,370,Daily,205.66,4567,3264,1.399203,45.03175,Ongoing,"7-day click",2.902266,3,596.88,action_values:offsite_conversion.fb_pixel_purchase,72,1.576527,2.508049,155,65,11,2,33
2026-06-24,2026-06-24,"VD | Retargeting | DPA Campaign | Sales",inactive,,,,145,Daily,0,0,0,0,0,Ongoing,"7-day click",,,,,,,0,,,,,
2026-06-24,2026-06-24,"VD | Broad | Prospecting | Sales",active,6,actions:offsite_conversion.fb_pixel_purchase,115.235,370,Daily,691.41,16567,10902,1.519629,41.73417,Ongoing,"7-day click",3.41184,6,2358.98,action_values:offsite_conversion.fb_pixel_purchase,307,1.853081,1.763801,661,259,23,12,72
2026-06-24,2026-06-24,"Warehouse Clearance | Prospecting | Sales | Advantage+",inactive,,,,"Using ad set budget",0,0,0,0,0,0,2026-03-29,"7-day click",,,,,,,0,,,,,
2026-06-24,2026-06-24,"WinterSale | Prospecting | Sales | Advantage+",inactive,,,,"Using ad set budget",0,0,0,0,0,0,Ongoing,"7-day click",,,,,,,0,,,,,
2026-06-24,2026-06-24,"Ongoing | Sales | ProTex1 | Advantage+ | SH",active,1,actions:offsite_conversion.fb_pixel_purchase,222.69,327,Daily,222.69,6595,3907,1.687996,33.76649,Ongoing,"7-day click or 1-day view",2.916206,1,649.41,action_values:offsite_conversion.fb_pixel_purchase,62,0.940106,3.092917,62,47,5,2,
2026-06-24,2026-06-24,"Ongoing | Sales | Hi-Vis Only | Advantage+ | SH",active,4,actions:offsite_conversion.fb_pixel_purchase,55.2075,300,Daily,220.83,5519,3360,1.64256,40.012683,Ongoing,"7-day click or 1-day view",8.807816,4,1945.03,action_values:offsite_conversion.fb_pixel_purchase,75,1.358942,2.481236,87,68,6,4,
2026-06-24,2026-06-24,"Customised Workwear | Awareness | Advantage+ | SH Campaign – Copy",inactive,,,,100,Daily,0,0,0,0,0,Ongoing,"7-day click or 1-day view",,,,,,,0,,,,,
2026-06-24,2026-06-24,"Key Categories | Sales | Advantage+ | SH Campaign",inactive,,,,"Using ad set budget",0,0,0,0,0,0,Ongoing,"7-day click, 1-day view, or 1-day engaged-view",,,,,,,0,,,,,
2026-06-24,2026-06-24,"Customised Workwear | Sales | Advantage+ | SH Campaign",inactive,,,,"Using ad set budget",0,0,0,0,0,0,Ongoing,"7-day click, 1-day view, or 1-day engaged-view",,,,,,,0,,,,,
2026-06-24,2026-06-24,"Ongoing | Retargeting | Sales | Dynamic Abandoned Cart - 30 Days | SH",inactive,,,,6.5,Daily,0,0,0,0,0,Ongoing,"7-day click",,,,,,,0,,,,,
2026-06-24,2026-06-24,"AS 7/1 25 - Purchase - Flexible ad Campaign",inactive,,,,"Using ad set budget",0,0,0,0,0,0,Ongoing,"7-day click, 1-day view, or 1-day engaged-view",,,,,,,0,,,,,
2026-06-24,2026-06-24,"5/6 Michelle Job add - KAM Jylland",inactive,,,,"Using ad set budget",0,0,0,0,0,0,Ongoing,"7-day click or 1-day view",,,,,,,0,,,,,
2026-06-24,2026-06-24,"4/1 2024 - RM - UK Campaign",inactive,,,,100,Daily,0,0,0,0,0,Ongoing,"7-day click",,,,,,,0,,,,,
2026-06-24,2026-06-24,"Ongoing | Prospecting | Sales | Broad | Advantage+ | SH Campaign",inactive,,,,"Using ad set budget",0,0,0,0,0,0,Ongoing,"7-day click or 1-day view",,,,,,,0,,,,,
2026-06-24,2026-06-24,"4/12 2023 - Safety Shoe Sale  Campaign",inactive,,,,"Using ad set budget",0,0,0,0,0,0,Ongoing,"7-day click or 1-day view",,,,,,,0,,,,,
2026-06-24,2026-06-24,"11/10 2023 - Advantage+ shopping campaign Campaign",inactive,,,,"Using ad set budget",0,0,0,0,0,0,Ongoing,"7-day click or 1-day view",,,,,,,0,,,,,
2026-06-24,2026-06-24,"19/7 2023 - MPA RM campaign",inactive,,,,"Using ad set budget",0,0,0,0,0,0,Ongoing,"7-day click or 1-day view",,,,,,,0,,,,,
2026-06-24,2026-06-24,"11/7 2023 - Sales campaign Women - UK MPA",inactive,,,,"Using ad set budget",0,0,0,0,0,0,Ongoing,"7-day click or 1-day view",,,,,,,0,,,,,
2026-06-24,2026-06-24,"23/6 2023 - Sales campaign - UK MPA",inactive,,,,"Using ad set budget",0,0,0,0,0,0,Ongoing,"7-day click or 1-day view",,,,,,,0,,,,,
2026-06-24,2026-06-24,"19/6 2023 - Sales collection video",inactive,,,,"Using ad set budget",0,0,0,0,0,0,Ongoing,"7-day click or 1-day view",,,,,,,0,,,,,
2026-06-24,2026-06-24,"12/5 2023 - Sales campaign - UK MPA",inactive,,,,"Using ad set budget",0,0,0,0,0,0,Ongoing,"7-day click or 1-day view",,,,,,,0,,,,,
2026-06-24,2026-06-24,"8/5 Veltuff - Broad - custom - UK sales",inactive,,,,"Using ad set budget",0,0,0,0,0,0,Ongoing,"7-day click or 1-day view",,,,,,,0,,,,,
2026-06-24,2026-06-24,"3/5 Veltuff - Prospecting Campaign - Sales",inactive,,,,"Using ad set budget",0,0,0,0,0,0,Ongoing,"7-day click or 1-day view",,,,,,,0,,,,,
2026-06-24,2026-06-24,"11/4 Veltuff - Broad - custom - UK sales",inactive,,,,"Using ad set budget",0,0,0,0,0,0,Ongoing,"7-day click or 1-day view",,,,,,,0,,,,,
2026-06-24,2026-06-24,"28/3 Veltuff - Broad - custom - UK RM",inactive,,,,"Using ad set budget",0,0,0,0,0,0,Ongoing,"7-day click or 1-day view",,,,,,,0,,,,,
2026-06-24,2026-06-24,"23/3 Veltuff - Broad - custom - UK sales",inactive,,,,"Using ad set budget",0,0,0,0,0,0,Ongoing,"7-day click or 1-day view",,,,,,,0,,,,,
2026-06-24,2026-06-24,"17/3 Veltuff - Broad - custom - UK sales",inactive,,,,"Using ad set budget",0,0,0,0,0,0,Ongoing,"7-day click or 1-day view",,,,,,,0,,,,,
2026-06-24,2026-06-24,"AS - Prospecting Campaign JAN2023 - SALE - Copy",inactive,,,,"Using ad set budget",0,0,0,0,0,0,Ongoing,"7-day click or 1-day view",,,,,,,0,,,,,
2026-06-24,2026-06-24,"AS - Prospecting Campaign Dec2022",inactive,,,,"Using ad set budget",0,0,0,0,0,0,Ongoing,"7-day click or 1-day view",,,,,,,0,,,,,
2026-06-24,2026-06-24,"AS - RMKT - DEC 2022",inactive,,,,50,Daily,0,0,0,0,0,Ongoing,"7-day click or 1-day view",,,,,,,0,,,,,
2026-06-24,2026-06-24,"Website Retargeting - 2022",inactive,,,,"Using ad set budget",0,0,0,0,0,0,Ongoing,"1-day click",,,,,,,0,,,,,
2026-06-23,2026-06-23,"VD | Broad | Awareness",active,11813,reach,8.14695674,196,Daily,96.24,12528,11813,1.060527,7.681992,Ongoing,"7-day click or 1-day view",,,,,12,0.095785,4.812,351,5,,,17
2026-06-23,2026-06-23,"VD | Retargeting | DPA Broad Remarket",inactive,,,,44,Daily,0,0,0,0,0,Ongoing,"7-day click",,,,,,,0,,,,,
2026-06-23,2026-06-23,"VD | Retargeting | DPA",active,2,actions:offsite_conversion.fb_pixel_purchase,87.415,370,Daily,174.83,3327,2233,1.489924,52.548843,Ongoing,"7-day click",3.004919,2,525.35,action_values:offsite_conversion.fb_pixel_purchase,47,1.412684,3.067193,265,32,4,1,101
2026-06-23,2026-06-23,"VD | Retargeting | DPA Campaign | Sales",inactive,,,,145,Daily,0,0,0,0,0,Ongoing,"7-day click",,,,,,,0,,,,,
2026-06-23,2026-06-23,"VD | Broad | Prospecting | Sales",active,5,actions:offsite_conversion.fb_pixel_purchase,130.616,370,Daily,653.08,16184,10888,1.486407,40.353435,Ongoing,"7-day click",3.34276,5,2183.09,action_values:offsite_conversion.fb_pixel_purchase,300,1.853683,1.746203,645,263,33,13,80
2026-06-23,2026-06-23,"Warehouse Clearance | Prospecting | Sales | Advantage+",inactive,,,,"Using ad set budget",0,0,0,0,0,0,2026-03-29,"7-day click",,,,,,,0,,,,,
2026-06-23,2026-06-23,"WinterSale | Prospecting | Sales | Advantage+",inactive,,,,"Using ad set budget",0,0,0,0,0,0,Ongoing,"7-day click",,,,,,,0,,,,,
2026-06-23,2026-06-23,"Ongoing | Sales | ProTex1 | Advantage+ | SH",active,2,actions:offsite_conversion.fb_pixel_purchase,108.01,327,Daily,216.02,6561,3680,1.78288,32.924859,Ongoing,"7-day click or 1-day view",5.246505,2,1133.35,action_values:offsite_conversion.fb_pixel_purchase,51,0.777321,3.428889,52,40,1,1,
2026-06-23,2026-06-23,"Ongoing | Sales | Hi-Vis Only | Advantage+ | SH",active,2,actions:offsite_conversion.fb_pixel_purchase,103.61,300,Daily,207.22,5186,2916,1.778464,39.957578,Ongoing,"7-day click or 1-day view",2.249638,2,466.17,action_values:offsite_conversion.fb_pixel_purchase,58,1.118396,2.918592,71,53,4,5,1
2026-06-23,2026-06-23,"Customised Workwear | Awareness | Advantage+ | SH Campaign – Copy",inactive,,,,100,Daily,0,0,0,0,0,Ongoing,"7-day click or 1-day view",,,,,,,0,,,,,
2026-06-23,2026-06-23,"Key Categories | Sales | Advantage+ | SH Campaign",inactive,,,,"Using ad set budget",0,0,0,0,0,0,Ongoing,"7-day click, 1-day view, or 1-day engaged-view",,,,,,,0,,,,,
2026-06-23,2026-06-23,"Customised Workwear | Sales | Advantage+ | SH Campaign",inactive,,,,"Using ad set budget",0,0,0,0,0,0,Ongoing,"7-day click, 1-day view, or 1-day engaged-view",,,,,,,0,,,,,
2026-06-23,2026-06-23,"Ongoing | Retargeting | Sales | Dynamic Abandoned Cart - 30 Days | SH",inactive,,,,6.5,Daily,0,0,0,0,0,Ongoing,"7-day click",,,,,,,0,,,,,
2026-06-23,2026-06-23,"AS 7/1 25 - Purchase - Flexible ad Campaign",inactive,,,,"Using ad set budget",0,0,0,0,0,0,Ongoing,"7-day click, 1-day view, or 1-day engaged-view",,,,,,,0,,,,,
2026-06-23,2026-06-23,"5/6 Michelle Job add - KAM Jylland",inactive,,,,"Using ad set budget",0,0,0,0,0,0,Ongoing,"7-day click or 1-day view",,,,,,,0,,,,,
2026-06-23,2026-06-23,"4/1 2024 - RM - UK Campaign",inactive,,,,100,Daily,0,0,0,0,0,Ongoing,"7-day click",,,,,,,0,,,,,
2026-06-23,2026-06-23,"Ongoing | Prospecting | Sales | Broad | Advantage+ | SH Campaign",inactive,,,,"Using ad set budget",0,0,0,0,0,0,Ongoing,"7-day click or 1-day view",,,,,,,0,,,,,
2026-06-23,2026-06-23,"4/12 2023 - Safety Shoe Sale  Campaign",inactive,,,,"Using ad set budget",0,0,0,0,0,0,Ongoing,"7-day click or 1-day view",,,,,,,0,,,,,
2026-06-23,2026-06-23,"11/10 2023 - Advantage+ shopping campaign Campaign",inactive,,,,"Using ad set budget",0,0,0,0,0,0,Ongoing,"7-day click or 1-day view",,,,,,,0,,,,,
2026-06-23,2026-06-23,"19/7 2023 - MPA RM campaign",inactive,,,,"Using ad set budget",0,0,0,0,0,0,Ongoing,"7-day click or 1-day view",,,,,,,0,,,,,
2026-06-23,2026-06-23,"11/7 2023 - Sales campaign Women - UK MPA",inactive,,,,"Using ad set budget",0,0,0,0,0,0,Ongoing,"7-day click or 1-day view",,,,,,,0,,,,,
2026-06-23,2026-06-23,"23/6 2023 - Sales campaign - UK MPA",inactive,,,,"Using ad set budget",0,0,0,0,0,0,Ongoing,"7-day click or 1-day view",,,,,,,0,,,,,
2026-06-23,2026-06-23,"19/6 2023 - Sales collection video",inactive,,,,"Using ad set budget",0,0,0,0,0,0,Ongoing,"7-day click or 1-day view",,,,,,,0,,,,,
2026-06-23,2026-06-23,"12/5 2023 - Sales campaign - UK MPA",inactive,,,,"Using ad set budget",0,0,0,0,0,0,Ongoing,"7-day click or 1-day view",,,,,,,0,,,,,
2026-06-23,2026-06-23,"8/5 Veltuff - Broad - custom - UK sales",inactive,,,,"Using ad set budget",0,0,0,0,0,0,Ongoing,"7-day click or 1-day view",,,,,,,0,,,,,
2026-06-23,2026-06-23,"3/5 Veltuff - Prospecting Campaign - Sales",inactive,,,,"Using ad set budget",0,0,0,0,0,0,Ongoing,"7-day click or 1-day view",,,,,,,0,,,,,
2026-06-23,2026-06-23,"11/4 Veltuff - Broad - custom - UK sales",inactive,,,,"Using ad set budget",0,0,0,0,0,0,Ongoing,"7-day click or 1-day view",,,,,,,0,,,,,
2026-06-23,2026-06-23,"28/3 Veltuff - Broad - custom - UK RM",inactive,,,,"Using ad set budget",0,0,0,0,0,0,Ongoing,"7-day click or 1-day view",,,,,,,0,,,,,
2026-06-23,2026-06-23,"23/3 Veltuff - Broad - custom - UK sales",inactive,,,,"Using ad set budget",0,0,0,0,0,0,Ongoing,"7-day click or 1-day view",,,,,,,0,,,,,
2026-06-23,2026-06-23,"17/3 Veltuff - Broad - custom - UK sales",inactive,,,,"Using ad set budget",0,0,0,0,0,0,Ongoing,"7-day click or 1-day view",,,,,,,0,,,,,
2026-06-23,2026-06-23,"AS - Prospecting Campaign JAN2023 - SALE - Copy",inactive,,,,"Using ad set budget",0,0,0,0,0,0,Ongoing,"7-day click or 1-day view",,,,,,,0,,,,,
2026-06-23,2026-06-23,"AS - Prospecting Campaign Dec2022",inactive,,,,"Using ad set budget",0,0,0,0,0,0,Ongoing,"7-day click or 1-day view",,,,,,,0,,,,,
2026-06-23,2026-06-23,"AS - RMKT - DEC 2022",inactive,,,,50,Daily,0,0,0,0,0,Ongoing,"7-day click or 1-day view",,,,,,,0,,,,,
2026-06-23,2026-06-23,"Website Retargeting - 2022",inactive,,,,"Using ad set budget",0,0,0,0,0,0,Ongoing,"1-day click",,,,,,,0,,,,,
2026-06-22,2026-06-22,"VD | Broad | Awareness",active,11952,reach,8.07145248,196,Daily,96.47,12873,11952,1.077058,7.49398,Ongoing,"7-day click or 1-day view",,,,,4,0.031073,9.647,1150,2,,,66
2026-06-22,2026-06-22,"VD | Retargeting | DPA Broad Remarket",inactive,,,,44,Daily,0,0,0,0,0,Ongoing,"7-day click",,,,,,,0,,,,,
2026-06-22,2026-06-22,"VD | Retargeting | DPA",active,3,actions:offsite_conversion.fb_pixel_purchase,52.47,370,Daily,157.41,3386,2448,1.38317,46.488482,Ongoing,"7-day click",4.828029,3,759.98,action_values:offsite_conversion.fb_pixel_purchase,60,1.772002,1.967625,174,57,9,6,51
2026-06-22,2026-06-22,"VD | Retargeting | DPA Campaign | Sales",inactive,,,,145,Daily,0,0,0,0,0,Ongoing,"7-day click",,,,,,,0,,,,,
2026-06-22,2026-06-22,"VD | Broad | Prospecting | Sales",active,3,actions:offsite_conversion.fb_pixel_purchase,209.08,370,Daily,627.24,16805,11649,1.442613,37.324606,Ongoing,"7-day click",1.833445,3,1150.01,action_values:offsite_conversion.fb_pixel_purchase,315,1.874442,1.500574,443,274,31,6,28
2026-06-22,2026-06-22,"Warehouse Clearance | Prospecting | Sales | Advantage+",inactive,,,,"Using ad set budget",0,0,0,0,0,0,2026-03-29,"7-day click",,,,,,,0,,,,,
2026-06-22,2026-06-22,"WinterSale | Prospecting | Sales | Advantage+",inactive,,,,"Using ad set budget",0,0,0,0,0,0,Ongoing,"7-day click",,,,,,,0,,,,,
2026-06-22,2026-06-22,"Ongoing | Sales | ProTex1 | Advantage+ | SH",active,5,actions:offsite_conversion.fb_pixel_purchase,35.368,327,Daily,176.84,5376,3955,1.359292,32.894345,Ongoing,"7-day click or 1-day view",16.340873,5,2889.72,action_values:offsite_conversion.fb_pixel_purchase,44,0.818452,2.852258,48,49,13,5,
2026-06-22,2026-06-22,"Ongoing | Sales | Hi-Vis Only | Advantage+ | SH",active,2,actions:offsite_conversion.fb_pixel_purchase,103.79,300,Daily,207.58,5865,3679,1.594183,35.393009,Ongoing,"7-day click or 1-day view",3.273389,2,679.49,action_values:offsite_conversion.fb_pixel_purchase,55,0.937766,3.402951,66,48,5,4,1
2026-06-22,2026-06-22,"Customised Workwear | Awareness | Advantage+ | SH Campaign – Copy",inactive,,,,100,Daily,0,0,0,0,0,Ongoing,"7-day click or 1-day view",,,,,,,0,,,,,
2026-06-22,2026-06-22,"Key Categories | Sales | Advantage+ | SH Campaign",inactive,,,,"Using ad set budget",0,0,0,0,0,0,Ongoing,"7-day click, 1-day view, or 1-day engaged-view",,,,,,,0,,,,,
2026-06-22,2026-06-22,"Customised Workwear | Sales | Advantage+ | SH Campaign",inactive,,,,"Using ad set budget",0,0,0,0,0,0,Ongoing,"7-day click, 1-day view, or 1-day engaged-view",,,,,,,0,,,,,
2026-06-22,2026-06-22,"Ongoing | Retargeting | Sales | Dynamic Abandoned Cart - 30 Days | SH",inactive,,,,6.5,Daily,0,0,0,0,0,Ongoing,"7-day click",,,,,,,0,,,,,
2026-06-22,2026-06-22,"AS 7/1 25 - Purchase - Flexible ad Campaign",inactive,,,,"Using ad set budget",0,0,0,0,0,0,Ongoing,"7-day click, 1-day view, or 1-day engaged-view",,,,,,,0,,,,,
2026-06-22,2026-06-22,"5/6 Michelle Job add - KAM Jylland",inactive,,,,"Using ad set budget",0,0,0,0,0,0,Ongoing,"7-day click or 1-day view",,,,,,,0,,,,,
2026-06-22,2026-06-22,"4/1 2024 - RM - UK Campaign",inactive,,,,100,Daily,0,0,0,0,0,Ongoing,"7-day click",,,,,,,0,,,,,
2026-06-22,2026-06-22,"Ongoing | Prospecting | Sales | Broad | Advantage+ | SH Campaign",inactive,,,,"Using ad set budget",0,0,0,0,0,0,Ongoing,"7-day click or 1-day view",,,,,,,0,,,,,
2026-06-22,2026-06-22,"4/12 2023 - Safety Shoe Sale  Campaign",inactive,,,,"Using ad set budget",0,0,0,0,0,0,Ongoing,"7-day click or 1-day view",,,,,,,0,,,,,
2026-06-22,2026-06-22,"11/10 2023 - Advantage+ shopping campaign Campaign",inactive,,,,"Using ad set budget",0,0,0,0,0,0,Ongoing,"7-day click or 1-day view",,,,,,,0,,,,,
2026-06-22,2026-06-22,"19/7 2023 - MPA RM campaign",inactive,,,,"Using ad set budget",0,0,0,0,0,0,Ongoing,"7-day click or 1-day view",,,,,,,0,,,,,
2026-06-22,2026-06-22,"11/7 2023 - Sales campaign Women - UK MPA",inactive,,,,"Using ad set budget",0,0,0,0,0,0,Ongoing,"7-day click or 1-day view",,,,,,,0,,,,,
2026-06-22,2026-06-22,"23/6 2023 - Sales campaign - UK MPA",inactive,,,,"Using ad set budget",0,0,0,0,0,0,Ongoing,"7-day click or 1-day view",,,,,,,0,,,,,
2026-06-22,2026-06-22,"19/6 2023 - Sales collection video",inactive,,,,"Using ad set budget",0,0,0,0,0,0,Ongoing,"7-day click or 1-day view",,,,,,,0,,,,,
2026-06-22,2026-06-22,"12/5 2023 - Sales campaign - UK MPA",inactive,,,,"Using ad set budget",0,0,0,0,0,0,Ongoing,"7-day click or 1-day view",,,,,,,0,,,,,
2026-06-22,2026-06-22,"8/5 Veltuff - Broad - custom - UK sales",inactive,,,,"Using ad set budget",0,0,0,0,0,0,Ongoing,"7-day click or 1-day view",,,,,,,0,,,,,
2026-06-22,2026-06-22,"3/5 Veltuff - Prospecting Campaign - Sales",inactive,,,,"Using ad set budget",0,0,0,0,0,0,Ongoing,"7-day click or 1-day view",,,,,,,0,,,,,
2026-06-22,2026-06-22,"11/4 Veltuff - Broad - custom - UK sales",inactive,,,,"Using ad set budget",0,0,0,0,0,0,Ongoing,"7-day click or 1-day view",,,,,,,0,,,,,
2026-06-22,2026-06-22,"28/3 Veltuff - Broad - custom - UK RM",inactive,,,,"Using ad set budget",0,0,0,0,0,0,Ongoing,"7-day click or 1-day view",,,,,,,0,,,,,
2026-06-22,2026-06-22,"23/3 Veltuff - Broad - custom - UK sales",inactive,,,,"Using ad set budget",0,0,0,0,0,0,Ongoing,"7-day click or 1-day view",,,,,,,0,,,,,
2026-06-22,2026-06-22,"17/3 Veltuff - Broad - custom - UK sales",inactive,,,,"Using ad set budget",0,0,0,0,0,0,Ongoing,"7-day click or 1-day view",,,,,,,0,,,,,
2026-06-22,2026-06-22,"AS - Prospecting Campaign JAN2023 - SALE - Copy",inactive,,,,"Using ad set budget",0,0,0,0,0,0,Ongoing,"7-day click or 1-day view",,,,,,,0,,,,,
2026-06-22,2026-06-22,"AS - Prospecting Campaign Dec2022",inactive,,,,"Using ad set budget",0,0,0,0,0,0,Ongoing,"7-day click or 1-day view",,,,,,,0,,,,,
2026-06-22,2026-06-22,"AS - RMKT - DEC 2022",inactive,,,,50,Daily,0,0,0,0,0,Ongoing,"7-day click or 1-day view",,,,,,,0,,,,,
2026-06-22,2026-06-22,"Website Retargeting - 2022",inactive,,,,"Using ad set budget",0,0,0,0,0,0,Ongoing,"1-day click",,,,,,,0,,,,,
2026-06-21,2026-06-21,"VD | Broad | Awareness",active,14678,reach,7.41994822,196,Daily,108.91,15739,14678,1.072285,6.919753,Ongoing,"7-day click or 1-day view",,,,,16,0.101658,4.188846,951,8,,,64
2026-06-21,2026-06-21,"VD | Retargeting | DPA Broad Remarket",inactive,,,,44,Daily,0,0,0,0,0,Ongoing,"7-day click",,,,,,,0,,,,,
2026-06-21,2026-06-21,"VD | Retargeting | DPA",active,1,actions:offsite_conversion.fb_pixel_purchase,212.94,370,Daily,212.94,4052,2965,1.36661,52.551826,Ongoing,"7-day click",0.968818,1,206.3,action_values:offsite_conversion.fb_pixel_purchase,85,2.09773,2.028,145,74,9,5,29
2026-06-21,2026-06-21,"VD | Retargeting | DPA Campaign | Sales",inactive,,,,145,Daily,0,0,0,0,0,Ongoing,"7-day click",,,,,,,0,,,,,
2026-06-21,2026-06-21,"VD | Broad | Prospecting | Sales",active,6,actions:offsite_conversion.fb_pixel_purchase,109.37333333,370,Daily,656.24,15935,10528,1.513583,41.182303,Ongoing,"7-day click",4.404364,6,2890.32,action_values:offsite_conversion.fb_pixel_purchase,345,2.165046,1.573717,562,307,21,8,50
2026-06-21,2026-06-21,"Warehouse Clearance | Prospecting | Sales | Advantage+",inactive,,,,"Using ad set budget",0,0,0,0,0,0,2026-03-29,"7-day click",,,,,,,0,,,,,
2026-06-21,2026-06-21,"WinterSale | Prospecting | Sales | Advantage+",inactive,,,,"Using ad set budget",0,0,0,0,0,0,Ongoing,"7-day click",,,,,,,0,,,,,
2026-06-21,2026-06-21,"Ongoing | Sales | ProTex1 | Advantage+ | SH",active,1,actions:offsite_conversion.fb_pixel_purchase,204.47,327,Daily,204.47,5455,3588,1.520346,37.483043,Ongoing,"7-day click or 1-day view",1.555191,1,317.99,action_values:offsite_conversion.fb_pixel_purchase,61,1.11824,2.726267,64,54,2,,
2026-06-21,2026-06-21,"Ongoing | Sales | Hi-Vis Only | Advantage+ | SH",active,3,actions:offsite_conversion.fb_pixel_purchase,64.80333333,300,Daily,194.41,5078,3262,1.556714,38.284758,Ongoing,"7-day click or 1-day view",5.341803,3,1038.5,action_values:offsite_conversion.fb_pixel_purchase,80,1.575423,2.136374,82,67,9,7,1
2026-06-21,2026-06-21,"Customised Workwear | Awareness | Advantage+ | SH Campaign – Copy",inactive,,,,100,Daily,0,0,0,0,0,Ongoing,"7-day click or 1-day view",,,,,,,0,,,,,
2026-06-21,2026-06-21,"Key Categories | Sales | Advantage+ | SH Campaign",inactive,,,,"Using ad set budget",0,0,0,0,0,0,Ongoing,"7-day click, 1-day view, or 1-day engaged-view",,,,,,,0,,,,,
2026-06-21,2026-06-21,"Customised Workwear | Sales | Advantage+ | SH Campaign",inactive,,,,"Using ad set budget",0,0,0,0,0,0,Ongoing,"7-day click, 1-day view, or 1-day engaged-view",,,,,,,0,,,,,
2026-06-21,2026-06-21,"Ongoing | Retargeting | Sales | Dynamic Abandoned Cart - 30 Days | SH",inactive,,,,6.5,Daily,0,0,0,0,0,Ongoing,"7-day click",,,,,,,0,,,,,
2026-06-21,2026-06-21,"AS 7/1 25 - Purchase - Flexible ad Campaign",inactive,,,,"Using ad set budget",0,0,0,0,0,0,Ongoing,"7-day click, 1-day view, or 1-day engaged-view",,,,,,,0,,,,,
2026-06-21,2026-06-21,"5/6 Michelle Job add - KAM Jylland",inactive,,,,"Using ad set budget",0,0,0,0,0,0,Ongoing,"7-day click or 1-day view",,,,,,,0,,,,,
2026-06-21,2026-06-21,"4/1 2024 - RM - UK Campaign",inactive,,,,100,Daily,0,0,0,0,0,Ongoing,"7-day click",,,,,,,0,,,,,
2026-06-21,2026-06-21,"Ongoing | Prospecting | Sales | Broad | Advantage+ | SH Campaign",inactive,,,,"Using ad set budget",0,0,0,0,0,0,Ongoing,"7-day click or 1-day view",,,,,,,0,,,,,
2026-06-21,2026-06-21,"4/12 2023 - Safety Shoe Sale  Campaign",inactive,,,,"Using ad set budget",0,0,0,0,0,0,Ongoing,"7-day click or 1-day view",,,,,,,0,,,,,
2026-06-21,2026-06-21,"11/10 2023 - Advantage+ shopping campaign Campaign",inactive,,,,"Using ad set budget",0,0,0,0,0,0,Ongoing,"7-day click or 1-day view",,,,,,,0,,,,,
2026-06-21,2026-06-21,"19/7 2023 - MPA RM campaign",inactive,,,,"Using ad set budget",0,0,0,0,0,0,Ongoing,"7-day click or 1-day view",,,,,,,0,,,,,
2026-06-21,2026-06-21,"11/7 2023 - Sales campaign Women - UK MPA",inactive,,,,"Using ad set budget",0,0,0,0,0,0,Ongoing,"7-day click or 1-day view",,,,,,,0,,,,,
2026-06-21,2026-06-21,"23/6 2023 - Sales campaign - UK MPA",inactive,,,,"Using ad set budget",0,0,0,0,0,0,Ongoing,"7-day click or 1-day view",,,,,,,0,,,,,
2026-06-21,2026-06-21,"19/6 2023 - Sales collection video",inactive,,,,"Using ad set budget",0,0,0,0,0,0,Ongoing,"7-day click or 1-day view",,,,,,,0,,,,,
2026-06-21,2026-06-21,"12/5 2023 - Sales campaign - UK MPA",inactive,,,,"Using ad set budget",0,0,0,0,0,0,Ongoing,"7-day click or 1-day view",,,,,,,0,,,,,
2026-06-21,2026-06-21,"8/5 Veltuff - Broad - custom - UK sales",inactive,,,,"Using ad set budget",0,0,0,0,0,0,Ongoing,"7-day click or 1-day view",,,,,,,0,,,,,
2026-06-21,2026-06-21,"3/5 Veltuff - Prospecting Campaign - Sales",inactive,,,,"Using ad set budget",0,0,0,0,0,0,Ongoing,"7-day click or 1-day view",,,,,,,0,,,,,
2026-06-21,2026-06-21,"11/4 Veltuff - Broad - custom - UK sales",inactive,,,,"Using ad set budget",0,0,0,0,0,0,Ongoing,"7-day click or 1-day view",,,,,,,0,,,,,
2026-06-21,2026-06-21,"28/3 Veltuff - Broad - custom - UK RM",inactive,,,,"Using ad set budget",0,0,0,0,0,0,Ongoing,"7-day click or 1-day view",,,,,,,0,,,,,
2026-06-21,2026-06-21,"23/3 Veltuff - Broad - custom - UK sales",inactive,,,,"Using ad set budget",0,0,0,0,0,0,Ongoing,"7-day click or 1-day view",,,,,,,0,,,,,
2026-06-21,2026-06-21,"17/3 Veltuff - Broad - custom - UK sales",inactive,,,,"Using ad set budget",0,0,0,0,0,0,Ongoing,"7-day click or 1-day view",,,,,,,0,,,,,
2026-06-21,2026-06-21,"AS - Prospecting Campaign JAN2023 - SALE - Copy",inactive,,,,"Using ad set budget",0,0,0,0,0,0,Ongoing,"7-day click or 1-day view",,,,,,,0,,,,,
2026-06-21,2026-06-21,"AS - Prospecting Campaign Dec2022",inactive,,,,"Using ad set budget",0,0,0,0,0,0,Ongoing,"7-day click or 1-day view",,,,,,,0,,,,,
2026-06-21,2026-06-21,"AS - RMKT - DEC 2022",inactive,,,,50,Daily,0,0,0,0,0,Ongoing,"7-day click or 1-day view",,,,,,,0,,,,,
2026-06-21,2026-06-21,"Website Retargeting - 2022",inactive,,,,"Using ad set budget",0,0,0,0,0,0,Ongoing,"1-day click",,,,,,,0,,,,,
2026-06-20,2026-06-20,"VD | Broad | Awareness",active,12412,reach,9.03641637,196,Daily,112.16,13618,12412,1.097164,8.236158,Ongoing,"7-day click or 1-day view",,,,,9,0.066089,4.4864,732,4,,,41
2026-06-20,2026-06-20,"VD | Retargeting | DPA Broad Remarket",inactive,,,,44,Daily,0,0,0,0,0,Ongoing,"7-day click",,,,,,,0,,,,,
2026-06-20,2026-06-20,"VD | Retargeting | DPA",active,1,actions:offsite_conversion.fb_pixel_purchase,197.96,370,Daily,197.96,4467,3491,1.279576,44.316096,Ongoing,"7-day click",1.212366,1,240,action_values:offsite_conversion.fb_pixel_purchase,71,1.589434,2.22427,191,60,4,2,42
2026-06-20,2026-06-20,"VD | Retargeting | DPA Campaign | Sales",inactive,,,,145,Daily,0,0,0,0,0,Ongoing,"7-day click",,,,,,,0,,,,,
2026-06-20,2026-06-20,"VD | Broad | Prospecting | Sales",active,3,actions:offsite_conversion.fb_pixel_purchase,161.22666667,370,Daily,483.68,10586,7192,1.471913,45.690535,Ongoing,"7-day click",1.454722,3,703.62,action_values:offsite_conversion.fb_pixel_purchase,259,2.446628,1.634054,436,233,19,12,51
2026-06-20,2026-06-20,"Warehouse Clearance | Prospecting | Sales | Advantage+",inactive,,,,"Using ad set budget",0,0,0,0,0,0,2026-03-29,"7-day click",,,,,,,0,,,,,
2026-06-20,2026-06-20,"WinterSale | Prospecting | Sales | Advantage+",inactive,,,,"Using ad set budget",0,0,0,0,0,0,Ongoing,"7-day click",,,,,,,0,,,,,
2026-06-20,2026-06-20,"Ongoing | Sales | ProTex1 | Advantage+ | SH",active,1,actions:offsite_conversion.fb_pixel_purchase,173.9,327,Daily,173.9,4300,2936,1.464578,40.44186,Ongoing,"7-day click or 1-day view",2.423232,1,421.4,action_values:offsite_conversion.fb_pixel_purchase,61,1.418605,2.288158,61,55,8,1,
2026-06-20,2026-06-20,"Ongoing | Sales | Hi-Vis Only | Advantage+ | SH",active,4,actions:offsite_conversion.fb_pixel_purchase,39.1275,300,Daily,156.51,3759,2485,1.512676,41.636073,Ongoing,"7-day click or 1-day view",19.296019,4,3020.02,action_values:offsite_conversion.fb_pixel_purchase,65,1.729183,2.17375,68,62,7,5,
2026-06-20,2026-06-20,"Customised Workwear | Awareness | Advantage+ | SH Campaign – Copy",inactive,,,,100,Daily,0,0,0,0,0,Ongoing,"7-day click or 1-day view",,,,,,,0,,,,,
2026-06-20,2026-06-20,"Key Categories | Sales | Advantage+ | SH Campaign",inactive,,,,"Using ad set budget",0,0,0,0,0,0,Ongoing,"7-day click, 1-day view, or 1-day engaged-view",,,,,,,0,,,,,
2026-06-20,2026-06-20,"Customised Workwear | Sales | Advantage+ | SH Campaign",inactive,,,,"Using ad set budget",0,0,0,0,0,0,Ongoing,"7-day click, 1-day view, or 1-day engaged-view",,,,,,,0,,,,,
2026-06-20,2026-06-20,"Ongoing | Retargeting | Sales | Dynamic Abandoned Cart - 30 Days | SH",inactive,,,,6.5,Daily,0,0,0,0,0,Ongoing,"7-day click",,,,,,,0,,,,,
2026-06-20,2026-06-20,"AS 7/1 25 - Purchase - Flexible ad Campaign",inactive,,,,"Using ad set budget",0,0,0,0,0,0,Ongoing,"7-day click, 1-day view, or 1-day engaged-view",,,,,,,0,,,,,
2026-06-20,2026-06-20,"5/6 Michelle Job add - KAM Jylland",inactive,,,,"Using ad set budget",0,0,0,0,0,0,Ongoing,"7-day click or 1-day view",,,,,,,0,,,,,
2026-06-20,2026-06-20,"4/1 2024 - RM - UK Campaign",inactive,,,,100,Daily,0,0,0,0,0,Ongoing,"7-day click",,,,,,,0,,,,,
2026-06-20,2026-06-20,"Ongoing | Prospecting | Sales | Broad | Advantage+ | SH Campaign",inactive,,,,"Using ad set budget",0,0,0,0,0,0,Ongoing,"7-day click or 1-day view",,,,,,,0,,,,,
2026-06-20,2026-06-20,"4/12 2023 - Safety Shoe Sale  Campaign",inactive,,,,"Using ad set budget",0,0,0,0,0,0,Ongoing,"7-day click or 1-day view",,,,,,,0,,,,,
2026-06-20,2026-06-20,"11/10 2023 - Advantage+ shopping campaign Campaign",inactive,,,,"Using ad set budget",0,0,0,0,0,0,Ongoing,"7-day click or 1-day view",,,,,,,0,,,,,
2026-06-20,2026-06-20,"19/7 2023 - MPA RM campaign",inactive,,,,"Using ad set budget",0,0,0,0,0,0,Ongoing,"7-day click or 1-day view",,,,,,,0,,,,,
2026-06-20,2026-06-20,"11/7 2023 - Sales campaign Women - UK MPA",inactive,,,,"Using ad set budget",0,0,0,0,0,0,Ongoing,"7-day click or 1-day view",,,,,,,0,,,,,
2026-06-20,2026-06-20,"23/6 2023 - Sales campaign - UK MPA",inactive,,,,"Using ad set budget",0,0,0,0,0,0,Ongoing,"7-day click or 1-day view",,,,,,,0,,,,,
2026-06-20,2026-06-20,"19/6 2023 - Sales collection video",inactive,,,,"Using ad set budget",0,0,0,0,0,0,Ongoing,"7-day click or 1-day view",,,,,,,0,,,,,
2026-06-20,2026-06-20,"12/5 2023 - Sales campaign - UK MPA",inactive,,,,"Using ad set budget",0,0,0,0,0,0,Ongoing,"7-day click or 1-day view",,,,,,,0,,,,,
2026-06-20,2026-06-20,"8/5 Veltuff - Broad - custom - UK sales",inactive,,,,"Using ad set budget",0,0,0,0,0,0,Ongoing,"7-day click or 1-day view",,,,,,,0,,,,,
2026-06-20,2026-06-20,"3/5 Veltuff - Prospecting Campaign - Sales",inactive,,,,"Using ad set budget",0,0,0,0,0,0,Ongoing,"7-day click or 1-day view",,,,,,,0,,,,,
2026-06-20,2026-06-20,"11/4 Veltuff - Broad - custom - UK sales",inactive,,,,"Using ad set budget",0,0,0,0,0,0,Ongoing,"7-day click or 1-day view",,,,,,,0,,,,,
2026-06-20,2026-06-20,"28/3 Veltuff - Broad - custom - UK RM",inactive,,,,"Using ad set budget",0,0,0,0,0,0,Ongoing,"7-day click or 1-day view",,,,,,,0,,,,,
2026-06-20,2026-06-20,"23/3 Veltuff - Broad - custom - UK sales",inactive,,,,"Using ad set budget",0,0,0,0,0,0,Ongoing,"7-day click or 1-day view",,,,,,,0,,,,,
2026-06-20,2026-06-20,"17/3 Veltuff - Broad - custom - UK sales",inactive,,,,"Using ad set budget",0,0,0,0,0,0,Ongoing,"7-day click or 1-day view",,,,,,,0,,,,,
2026-06-20,2026-06-20,"AS - Prospecting Campaign JAN2023 - SALE - Copy",inactive,,,,"Using ad set budget",0,0,0,0,0,0,Ongoing,"7-day click or 1-day view",,,,,,,0,,,,,
2026-06-20,2026-06-20,"AS - Prospecting Campaign Dec2022",inactive,,,,"Using ad set budget",0,0,0,0,0,0,Ongoing,"7-day click or 1-day view",,,,,,,0,,,,,
2026-06-20,2026-06-20,"AS - RMKT - DEC 2022",inactive,,,,50,Daily,0,0,0,0,0,Ongoing,"7-day click or 1-day view",,,,,,,0,,,,,
2026-06-20,2026-06-20,"Website Retargeting - 2022",inactive,,,,"Using ad set budget",0,0,0,0,0,0,Ongoing,"1-day click",,,,,,,0,,,,,
2026-06-19,2026-06-19,"VD | Broad | Awareness",active,11175,reach,8.53422819,196,Daily,95.37,11980,11175,1.072036,7.960768,Ongoing,"7-day click or 1-day view",,,,,4,0.033389,8.67,608,4,,,47
2026-06-19,2026-06-19,"VD | Retargeting | DPA Broad Remarket",inactive,,,,44,Daily,0,0,0,0,0,Ongoing,"7-day click",,,,,,,0,,,,,
2026-06-19,2026-06-19,"VD | Retargeting | DPA",active,,,,370,Daily,143.24,2910,2168,1.342251,49.223368,Ongoing,"7-day click",,,,,88,3.024055,1.540215,122,76,6,2,17
2026-06-19,2026-06-19,"VD | Retargeting | DPA Campaign | Sales",inactive,,,,145,Daily,0,0,0,0,0,Ongoing,"7-day click",,,,,,,0,,,,,
2026-06-19,2026-06-19,"VD | Broad | Prospecting | Sales",active,6,actions:offsite_conversion.fb_pixel_purchase,89.6,370,Daily,537.6,12165,7758,1.568059,44.192355,Ongoing,"7-day click",3.061496,6,1645.86,action_values:offsite_conversion.fb_pixel_purchase,287,2.359227,1.604776,632,262,25,14,102
2026-06-19,2026-06-19,"Warehouse Clearance | Prospecting | Sales | Advantage+",inactive,,,,"Using ad set budget",0,0,0,0,0,0,2026-03-29,"7-day click",,,,,,,0,,,,,
2026-06-19,2026-06-19,"WinterSale | Prospecting | Sales | Advantage+",inactive,,,,"Using ad set budget",0,0,0,0,0,0,Ongoing,"7-day click",,,,,,,0,,,,,
2026-06-19,2026-06-19,"Ongoing | Sales | ProTex1 | Advantage+ | SH",active,3,actions:offsite_conversion.fb_pixel_purchase,57.64333333,327,Daily,172.93,4342,2827,1.535904,39.827269,Ongoing,"7-day click or 1-day view",41.556121,3,7186.3,action_values:offsite_conversion.fb_pixel_purchase,58,1.33579,2.275395,61,50,4,2,
2026-06-19,2026-06-19,"Ongoing | Sales | Hi-Vis Only | Advantage+ | SH",active,2,actions:offsite_conversion.fb_pixel_purchase,84.3,300,Daily,168.6,3775,2372,1.591484,44.662252,Ongoing,"7-day click or 1-day view",2.214472,2,373.36,action_values:offsite_conversion.fb_pixel_purchase,55,1.456954,2.374648,60,49,4,5,3
2026-06-19,2026-06-19,"Customised Workwear | Awareness | Advantage+ | SH Campaign – Copy",inactive,,,,100,Daily,0,0,0,0,0,Ongoing,"7-day click or 1-day view",,,,,,,0,,,,,
2026-06-19,2026-06-19,"Key Categories | Sales | Advantage+ | SH Campaign",inactive,,,,"Using ad set budget",0,0,0,0,0,0,Ongoing,"7-day click, 1-day view, or 1-day engaged-view",,,,,,,0,,,,,
2026-06-19,2026-06-19,"Customised Workwear | Sales | Advantage+ | SH Campaign",inactive,,,,"Using ad set budget",0,0,0,0,0,0,Ongoing,"7-day click, 1-day view, or 1-day engaged-view",,,,,,,0,,,,,
2026-06-19,2026-06-19,"Ongoing | Retargeting | Sales | Dynamic Abandoned Cart - 30 Days | SH",inactive,,,,6.5,Daily,0,0,0,0,0,Ongoing,"7-day click",,,,,,,0,,,,,
2026-06-19,2026-06-19,"AS 7/1 25 - Purchase - Flexible ad Campaign",inactive,,,,"Using ad set budget",0,0,0,0,0,0,Ongoing,"7-day click, 1-day view, or 1-day engaged-view",,,,,,,0,,,,,
2026-06-19,2026-06-19,"5/6 Michelle Job add - KAM Jylland",inactive,,,,"Using ad set budget",0,0,0,0,0,0,Ongoing,"7-day click or 1-day view",,,,,,,0,,,,,
2026-06-19,2026-06-19,"4/1 2024 - RM - UK Campaign",inactive,,,,100,Daily,0,0,0,0,0,Ongoing,"7-day click",,,,,,,0,,,,,
2026-06-19,2026-06-19,"Ongoing | Prospecting | Sales | Broad | Advantage+ | SH Campaign",inactive,,,,"Using ad set budget",0,0,0,0,0,0,Ongoing,"7-day click or 1-day view",,,,,,,0,,,,,
2026-06-19,2026-06-19,"4/12 2023 - Safety Shoe Sale  Campaign",inactive,,,,"Using ad set budget",0,0,0,0,0,0,Ongoing,"7-day click or 1-day view",,,,,,,0,,,,,
2026-06-19,2026-06-19,"11/10 2023 - Advantage+ shopping campaign Campaign",inactive,,,,"Using ad set budget",0,0,0,0,0,0,Ongoing,"7-day click or 1-day view",,,,,,,0,,,,,
2026-06-19,2026-06-19,"19/7 2023 - MPA RM campaign",inactive,,,,"Using ad set budget",0,0,0,0,0,0,Ongoing,"7-day click or 1-day view",,,,,,,0,,,,,
2026-06-19,2026-06-19,"11/7 2023 - Sales campaign Women - UK MPA",inactive,,,,"Using ad set budget",0,0,0,0,0,0,Ongoing,"7-day click or 1-day view",,,,,,,0,,,,,
2026-06-19,2026-06-19,"23/6 2023 - Sales campaign - UK MPA",inactive,,,,"Using ad set budget",0,0,0,0,0,0,Ongoing,"7-day click or 1-day view",,,,,,,0,,,,,
2026-06-19,2026-06-19,"19/6 2023 - Sales collection video",inactive,,,,"Using ad set budget",0,0,0,0,0,0,Ongoing,"7-day click or 1-day view",,,,,,,0,,,,,
2026-06-19,2026-06-19,"12/5 2023 - Sales campaign - UK MPA",inactive,,,,"Using ad set budget",0,0,0,0,0,0,Ongoing,"7-day click or 1-day view",,,,,,,0,,,,,
2026-06-19,2026-06-19,"8/5 Veltuff - Broad - custom - UK sales",inactive,,,,"Using ad set budget",0,0,0,0,0,0,Ongoing,"7-day click or 1-day view",,,,,,,0,,,,,
2026-06-19,2026-06-19,"3/5 Veltuff - Prospecting Campaign - Sales",inactive,,,,"Using ad set budget",0,0,0,0,0,0,Ongoing,"7-day click or 1-day view",,,,,,,0,,,,,
2026-06-19,2026-06-19,"11/4 Veltuff - Broad - custom - UK sales",inactive,,,,"Using ad set budget",0,0,0,0,0,0,Ongoing,"7-day click or 1-day view",,,,,,,0,,,,,
2026-06-19,2026-06-19,"28/3 Veltuff - Broad - custom - UK RM",inactive,,,,"Using ad set budget",0,0,0,0,0,0,Ongoing,"7-day click or 1-day view",,,,,,,0,,,,,
2026-06-19,2026-06-19,"23/3 Veltuff - Broad - custom - UK sales",inactive,,,,"Using ad set budget",0,0,0,0,0,0,Ongoing,"7-day click or 1-day view",,,,,,,0,,,,,
2026-06-19,2026-06-19,"17/3 Veltuff - Broad - custom - UK sales",inactive,,,,"Using ad set budget",0,0,0,0,0,0,Ongoing,"7-day click or 1-day view",,,,,,,0,,,,,
2026-06-19,2026-06-19,"AS - Prospecting Campaign JAN2023 - SALE - Copy",inactive,,,,"Using ad set budget",0,0,0,0,0,0,Ongoing,"7-day click or 1-day view",,,,,,,0,,,,,
2026-06-19,2026-06-19,"AS - Prospecting Campaign Dec2022",inactive,,,,"Using ad set budget",0,0,0,0,0,0,Ongoing,"7-day click or 1-day view",,,,,,,0,,,,,
2026-06-19,2026-06-19,"AS - RMKT - DEC 2022",inactive,,,,50,Daily,0,0,0,0,0,Ongoing,"7-day click or 1-day view",,,,,,,0,,,,,
2026-06-19,2026-06-19,"Website Retargeting - 2022",inactive,,,,"Using ad set budget",0,0,0,0,0,0,Ongoing,"1-day click",,,,,,,0,,,,,
2026-06-18,2026-06-18,"VD | Broad | Awareness",active,14027,reach,7.40999501,196,Daily,103.94,15001,14027,1.069438,6.928871,Ongoing,"7-day click or 1-day view",,,,,14,0.093327,4.330833,584,7,,,30
2026-06-18,2026-06-18,"VD | Retargeting | DPA Broad Remarket",inactive,,,,44,Daily,0,0,0,0,0,Ongoing,"7-day click",,,,,,,0,,,,,
2026-06-18,2026-06-18,"VD | Retargeting | DPA",active,2,actions:offsite_conversion.fb_pixel_purchase,78.94,370,Daily,157.88,3446,2511,1.372362,45.815438,Ongoing,"7-day click",8.962376,2,1414.98,action_values:offsite_conversion.fb_pixel_purchase,68,1.973302,1.998481,94,52,7,3,8
2026-06-18,2026-06-18,"VD | Retargeting | DPA Campaign | Sales",inactive,,,,145,Daily,0,0,0,0,0,Ongoing,"7-day click",,,,,,,0,,,,,
2026-06-18,2026-06-18,"VD | Broad | Prospecting | Sales",active,6,actions:offsite_conversion.fb_pixel_purchase,108.205,370,Daily,649.23,14419,9214,1.564901,45.026007,Ongoing,"7-day click",3.027833,6,1965.76,action_values:offsite_conversion.fb_pixel_purchase,382,2.649282,1.369684,911,336,42,16,136
2026-06-18,2026-06-18,"Warehouse Clearance | Prospecting | Sales | Advantage+",inactive,,,,"Using ad set budget",0,0,0,0,0,0,2026-03-29,"7-day click",,,,,,,0,,,,,
2026-06-18,2026-06-18,"WinterSale | Prospecting | Sales | Advantage+",inactive,,,,"Using ad set budget",0,0,0,0,0,0,Ongoing,"7-day click",,,,,,,0,,,,,
2026-06-18,2026-06-18,"Ongoing | Sales | ProTex1 | Advantage+ | SH",active,4,actions:offsite_conversion.fb_pixel_purchase,56.19,327,Daily,224.76,5414,3642,1.486546,41.514592,Ongoing,"7-day click or 1-day view",5.767396,4,1296.28,action_values:offsite_conversion.fb_pixel_purchase,64,1.18212,2.918961,67,60,10,7,
2026-06-18,2026-06-18,"Ongoing | Sales | Hi-Vis Only | Advantage+ | SH",active,4,actions:offsite_conversion.fb_pixel_purchase,53.755,300,Daily,215.02,4554,2813,1.618912,47.215635,Ongoing,"7-day click or 1-day view",10.273137,4,2208.93,action_values:offsite_conversion.fb_pixel_purchase,79,1.734739,2.389111,89,64,14,6,1
2026-06-18,2026-06-18,"Customised Workwear | Awareness | Advantage+ | SH Campaign – Copy",inactive,,,,100,Daily,0,0,0,0,0,Ongoing,"7-day click or 1-day view",,,,,,,0,,,,,
2026-06-18,2026-06-18,"Key Categories | Sales | Advantage+ | SH Campaign",inactive,,,,"Using ad set budget",0,0,0,0,0,0,Ongoing,"7-day click, 1-day view, or 1-day engaged-view",,,,,,,0,,,,,
2026-06-18,2026-06-18,"Customised Workwear | Sales | Advantage+ | SH Campaign",inactive,,,,"Using ad set budget",0,0,0,0,0,0,Ongoing,"7-day click, 1-day view, or 1-day engaged-view",,,,,,,0,,,,,
2026-06-18,2026-06-18,"Ongoing | Retargeting | Sales | Dynamic Abandoned Cart - 30 Days | SH",inactive,,,,6.5,Daily,0,0,0,0,0,Ongoing,"7-day click",,,,,,,0,,,,,
2026-06-18,2026-06-18,"AS 7/1 25 - Purchase - Flexible ad Campaign",inactive,,,,"Using ad set budget",0,0,0,0,0,0,Ongoing,"7-day click, 1-day view, or 1-day engaged-view",,,,,,,0,,,,,
2026-06-18,2026-06-18,"5/6 Michelle Job add - KAM Jylland",inactive,,,,"Using ad set budget",0,0,0,0,0,0,Ongoing,"7-day click or 1-day view",,,,,,,0,,,,,
2026-06-18,2026-06-18,"4/1 2024 - RM - UK Campaign",inactive,,,,100,Daily,0,0,0,0,0,Ongoing,"7-day click",,,,,,,0,,,,,
2026-06-18,2026-06-18,"Ongoing | Prospecting | Sales | Broad | Advantage+ | SH Campaign",inactive,,,,"Using ad set budget",0,0,0,0,0,0,Ongoing,"7-day click or 1-day view",,,,,,,0,,,,,
2026-06-18,2026-06-18,"4/12 2023 - Safety Shoe Sale  Campaign",inactive,,,,"Using ad set budget",0,0,0,0,0,0,Ongoing,"7-day click or 1-day view",,,,,,,0,,,,,
2026-06-18,2026-06-18,"11/10 2023 - Advantage+ shopping campaign Campaign",inactive,,,,"Using ad set budget",0,0,0,0,0,0,Ongoing,"7-day click or 1-day view",,,,,,,0,,,,,
2026-06-18,2026-06-18,"19/7 2023 - MPA RM campaign",inactive,,,,"Using ad set budget",0,0,0,0,0,0,Ongoing,"7-day click or 1-day view",,,,,,,0,,,,,
2026-06-18,2026-06-18,"11/7 2023 - Sales campaign Women - UK MPA",inactive,,,,"Using ad set budget",0,0,0,0,0,0,Ongoing,"7-day click or 1-day view",,,,,,,0,,,,,
2026-06-18,2026-06-18,"23/6 2023 - Sales campaign - UK MPA",inactive,,,,"Using ad set budget",0,0,0,0,0,0,Ongoing,"7-day click or 1-day view",,,,,,,0,,,,,
2026-06-18,2026-06-18,"19/6 2023 - Sales collection video",inactive,,,,"Using ad set budget",0,0,0,0,0,0,Ongoing,"7-day click or 1-day view",,,,,,,0,,,,,
2026-06-18,2026-06-18,"12/5 2023 - Sales campaign - UK MPA",inactive,,,,"Using ad set budget",0,0,0,0,0,0,Ongoing,"7-day click or 1-day view",,,,,,,0,,,,,
2026-06-18,2026-06-18,"8/5 Veltuff - Broad - custom - UK sales",inactive,,,,"Using ad set budget",0,0,0,0,0,0,Ongoing,"7-day click or 1-day view",,,,,,,0,,,,,
2026-06-18,2026-06-18,"3/5 Veltuff - Prospecting Campaign - Sales",inactive,,,,"Using ad set budget",0,0,0,0,0,0,Ongoing,"7-day click or 1-day view",,,,,,,0,,,,,
2026-06-18,2026-06-18,"11/4 Veltuff - Broad - custom - UK sales",inactive,,,,"Using ad set budget",0,0,0,0,0,0,Ongoing,"7-day click or 1-day view",,,,,,,0,,,,,
2026-06-18,2026-06-18,"28/3 Veltuff - Broad - custom - UK RM",inactive,,,,"Using ad set budget",0,0,0,0,0,0,Ongoing,"7-day click or 1-day view",,,,,,,0,,,,,
2026-06-18,2026-06-18,"23/3 Veltuff - Broad - custom - UK sales",inactive,,,,"Using ad set budget",0,0,0,0,0,0,Ongoing,"7-day click or 1-day view",,,,,,,0,,,,,
2026-06-18,2026-06-18,"17/3 Veltuff - Broad - custom - UK sales",inactive,,,,"Using ad set budget",0,0,0,0,0,0,Ongoing,"7-day click or 1-day view",,,,,,,0,,,,,
2026-06-18,2026-06-18,"AS - Prospecting Campaign JAN2023 - SALE - Copy",inactive,,,,"Using ad set budget",0,0,0,0,0,0,Ongoing,"7-day click or 1-day view",,,,,,,0,,,,,
2026-06-18,2026-06-18,"AS - Prospecting Campaign Dec2022",inactive,,,,"Using ad set budget",0,0,0,0,0,0,Ongoing,"7-day click or 1-day view",,,,,,,0,,,,,
2026-06-18,2026-06-18,"AS - RMKT - DEC 2022",inactive,,,,50,Daily,0,0,0,0,0,Ongoing,"7-day click or 1-day view",,,,,,,0,,,,,
2026-06-18,2026-06-18,"Website Retargeting - 2022",inactive,,,,"Using ad set budget",0,0,0,0,0,0,Ongoing,"1-day click",,,,,,,0,,,,,
2026-06-17,2026-06-17,"VD | Broad | Awareness",active,10167,reach,8.39087243,196,Daily,85.31,10936,10167,1.075637,7.800841,Ongoing,"7-day click or 1-day view",,,,,5,0.045721,6.093571,429,6,,,36
2026-06-17,2026-06-17,"VD | Retargeting | DPA Broad Remarket",inactive,,,,44,Daily,0,0,0,0,0,Ongoing,"7-day click",,,,,,,0,,,,,
2026-06-17,2026-06-17,"VD | Retargeting | DPA",active,3,actions:offsite_conversion.fb_pixel_purchase,59.79666667,370,Daily,179.39,3275,2287,1.432007,54.775573,Ongoing,"7-day click",4.171024,3,748.24,action_values:offsite_conversion.fb_pixel_purchase,64,1.954198,2.457397,66,59,16,3,
2026-06-17,2026-06-17,"VD | Retargeting | DPA Campaign | Sales",inactive,,,,145,Daily,0,0,0,0,0,Ongoing,"7-day click",,,,,,,0,,,,,
2026-06-17,2026-06-17,"VD | Broad | Prospecting | Sales",active,7,actions:offsite_conversion.fb_pixel_purchase,85.88428571,370,Daily,601.19,14976,10767,1.390917,40.143563,Ongoing,"7-day click",8.538665,7,5133.36,action_values:offsite_conversion.fb_pixel_purchase,330,2.203526,1.529746,705,291,16,6,98
2026-06-17,2026-06-17,"Warehouse Clearance | Prospecting | Sales | Advantage+",inactive,,,,"Using ad set budget",0,0,0,0,0,0,2026-03-29,"7-day click",,,,,,,0,,,,,
2026-06-17,2026-06-17,"WinterSale | Prospecting | Sales | Advantage+",inactive,,,,"Using ad set budget",0,0,0,0,0,0,Ongoing,"7-day click",,,,,,,0,,,,,
2026-06-17,2026-06-17,"Ongoing | Sales | ProTex1 | Advantage+ | SH",active,3,actions:offsite_conversion.fb_pixel_purchase,60.52333333,327,Daily,181.57,4585,3196,1.434606,39.600872,Ongoing,"7-day click or 1-day view",7.616897,3,1383,action_values:offsite_conversion.fb_pixel_purchase,56,1.221374,2.557324,56,51,10,2,
2026-06-17,2026-06-17,"Ongoing | Sales | Hi-Vis Only | Advantage+ | SH",active,2,actions:offsite_conversion.fb_pixel_purchase,111.415,300,Daily,222.83,5060,3058,1.654676,44.037549,Ongoing,"7-day click or 1-day view",2.050487,2,456.91,action_values:offsite_conversion.fb_pixel_purchase,82,1.620553,2.345579,99,75,17,8,3
2026-06-17,2026-06-17,"Customised Workwear | Awareness | Advantage+ | SH Campaign – Copy",inactive,,,,100,Daily,0,0,0,0,0,Ongoing,"7-day click or 1-day view",,,,,,,0,,,,,
2026-06-17,2026-06-17,"Key Categories | Sales | Advantage+ | SH Campaign",inactive,,,,"Using ad set budget",0,0,0,0,0,0,Ongoing,"7-day click, 1-day view, or 1-day engaged-view",,,,,,,0,,,,,
2026-06-17,2026-06-17,"Customised Workwear | Sales | Advantage+ | SH Campaign",inactive,,,,"Using ad set budget",0,0,0,0,0,0,Ongoing,"7-day click, 1-day view, or 1-day engaged-view",,,,,,,0,,,,,
2026-06-17,2026-06-17,"Ongoing | Retargeting | Sales | Dynamic Abandoned Cart - 30 Days | SH",inactive,,,,6.5,Daily,0,0,0,0,0,Ongoing,"7-day click",,,,,,,0,,,,,
2026-06-17,2026-06-17,"AS 7/1 25 - Purchase - Flexible ad Campaign",inactive,,,,"Using ad set budget",0,0,0,0,0,0,Ongoing,"7-day click, 1-day view, or 1-day engaged-view",,,,,,,0,,,,,
2026-06-17,2026-06-17,"5/6 Michelle Job add - KAM Jylland",inactive,,,,"Using ad set budget",0,0,0,0,0,0,Ongoing,"7-day click or 1-day view",,,,,,,0,,,,,
2026-06-17,2026-06-17,"4/1 2024 - RM - UK Campaign",inactive,,,,100,Daily,0,0,0,0,0,Ongoing,"7-day click",,,,,,,0,,,,,
2026-06-17,2026-06-17,"Ongoing | Prospecting | Sales | Broad | Advantage+ | SH Campaign",inactive,,,,"Using ad set budget",0,0,0,0,0,0,Ongoing,"7-day click or 1-day view",,,,,,,0,,,,,
2026-06-17,2026-06-17,"4/12 2023 - Safety Shoe Sale  Campaign",inactive,,,,"Using ad set budget",0,0,0,0,0,0,Ongoing,"7-day click or 1-day view",,,,,,,0,,,,,
2026-06-17,2026-06-17,"11/10 2023 - Advantage+ shopping campaign Campaign",inactive,,,,"Using ad set budget",0,0,0,0,0,0,Ongoing,"7-day click or 1-day view",,,,,,,0,,,,,
2026-06-17,2026-06-17,"19/7 2023 - MPA RM campaign",inactive,,,,"Using ad set budget",0,0,0,0,0,0,Ongoing,"7-day click or 1-day view",,,,,,,0,,,,,
2026-06-17,2026-06-17,"11/7 2023 - Sales campaign Women - UK MPA",inactive,,,,"Using ad set budget",0,0,0,0,0,0,Ongoing,"7-day click or 1-day view",,,,,,,0,,,,,
2026-06-17,2026-06-17,"23/6 2023 - Sales campaign - UK MPA",inactive,,,,"Using ad set budget",0,0,0,0,0,0,Ongoing,"7-day click or 1-day view",,,,,,,0,,,,,
2026-06-17,2026-06-17,"19/6 2023 - Sales collection video",inactive,,,,"Using ad set budget",0,0,0,0,0,0,Ongoing,"7-day click or 1-day view",,,,,,,0,,,,,
2026-06-17,2026-06-17,"12/5 2023 - Sales campaign - UK MPA",inactive,,,,"Using ad set budget",0,0,0,0,0,0,Ongoing,"7-day click or 1-day view",,,,,,,0,,,,,
2026-06-17,2026-06-17,"8/5 Veltuff - Broad - custom - UK sales",inactive,,,,"Using ad set budget",0,0,0,0,0,0,Ongoing,"7-day click or 1-day view",,,,,,,0,,,,,
2026-06-17,2026-06-17,"3/5 Veltuff - Prospecting Campaign - Sales",inactive,,,,"Using ad set budget",0,0,0,0,0,0,Ongoing,"7-day click or 1-day view",,,,,,,0,,,,,
2026-06-17,2026-06-17,"11/4 Veltuff - Broad - custom - UK sales",inactive,,,,"Using ad set budget",0,0,0,0,0,0,Ongoing,"7-day click or 1-day view",,,,,,,0,,,,,
2026-06-17,2026-06-17,"28/3 Veltuff - Broad - custom - UK RM",inactive,,,,"Using ad set budget",0,0,0,0,0,0,Ongoing,"7-day click or 1-day view",,,,,,,0,,,,,
2026-06-17,2026-06-17,"23/3 Veltuff - Broad - custom - UK sales",inactive,,,,"Using ad set budget",0,0,0,0,0,0,Ongoing,"7-day click or 1-day view",,,,,,,0,,,,,
2026-06-17,2026-06-17,"17/3 Veltuff - Broad - custom - UK sales",inactive,,,,"Using ad set budget",0,0,0,0,0,0,Ongoing,"7-day click or 1-day view",,,,,,,0,,,,,
2026-06-17,2026-06-17,"AS - Prospecting Campaign JAN2023 - SALE - Copy",inactive,,,,"Using ad set budget",0,0,0,0,0,0,Ongoing,"7-day click or 1-day view",,,,,,,0,,,,,
2026-06-17,2026-06-17,"AS - Prospecting Campaign Dec2022",inactive,,,,"Using ad set budget",0,0,0,0,0,0,Ongoing,"7-day click or 1-day view",,,,,,,0,,,,,
2026-06-17,2026-06-17,"AS - RMKT - DEC 2022",inactive,,,,50,Daily,0,0,0,0,0,Ongoing,"7-day click or 1-day view",,,,,,,0,,,,,
2026-06-17,2026-06-17,"Website Retargeting - 2022",inactive,,,,"Using ad set budget",0,0,0,0,0,0,Ongoing,"1-day click",,,,,,,0,,,,,
2026-06-16,2026-06-16,"VD | Broad | Awareness",active,16638,reach,5.29450655,196,Daily,88.09,17100,16638,1.027768,5.151462,Ongoing,"7-day click or 1-day view",,,,,19,0.111111,4.636316,122,12,,,13
2026-06-16,2026-06-16,"VD | Retargeting | DPA Broad Remarket",inactive,,,,44,Daily,0,0,0,0,0,Ongoing,"7-day click",,,,,,,0,,,,,
2026-06-16,2026-06-16,"VD | Retargeting | DPA",active,2,actions:offsite_conversion.fb_pixel_purchase,84.95,370,Daily,169.9,4199,3003,1.398268,40.462015,Ongoing,"7-day click",3.856386,2,655.2,action_values:offsite_conversion.fb_pixel_purchase,78,1.857585,1.788421,80,71,13,3,
2026-06-16,2026-06-16,"VD | Retargeting | DPA Campaign | Sales",inactive,,,,145,Daily,0,0,0,0,0,Ongoing,"7-day click",,,,,,,0,,,,,
2026-06-16,2026-06-16,"VD | Broad | Prospecting | Sales",active,3,actions:offsite_conversion.fb_pixel_purchase,207.53,370,Daily,622.59,14564,9601,1.516925,42.748558,Ongoing,"7-day click",1.874958,3,1167.33,action_values:offsite_conversion.fb_pixel_purchase,317,2.1766,1.642718,756,282,31,11,114
2026-06-16,2026-06-16,"Warehouse Clearance | Prospecting | Sales | Advantage+",inactive,,,,"Using ad set budget",0,0,0,0,0,0,2026-03-29,"7-day click",,,,,,,0,,,,,
2026-06-16,2026-06-16,"WinterSale | Prospecting | Sales | Advantage+",inactive,,,,"Using ad set budget",0,0,0,0,0,0,Ongoing,"7-day click",,,,,,,0,,,,,
2026-06-16,2026-06-16,"Ongoing | Sales | ProTex1 | Advantage+ | SH",active,1,actions:offsite_conversion.fb_pixel_purchase,186.96,327,Daily,186.96,5242,3314,1.581774,35.665776,Ongoing,"7-day click or 1-day view",1.429076,1,267.18,action_values:offsite_conversion.fb_pixel_purchase,58,1.106448,2.526486,58,41,3,2,
2026-06-16,2026-06-16,"Ongoing | Sales | Hi-Vis Only | Advantage+ | SH",active,2,actions:offsite_conversion.fb_pixel_purchase,93.36,300,Daily,186.72,5110,3177,1.608436,36.540117,Ongoing,"7-day click or 1-day view",5.961761,2,1113.18,action_values:offsite_conversion.fb_pixel_purchase,74,1.448141,2.222857,79,63,4,3,
2026-06-16,2026-06-16,"Customised Workwear | Awareness | Advantage+ | SH Campaign – Copy",inactive,,,,100,Daily,0,0,0,0,0,Ongoing,"7-day click or 1-day view",,,,,,,0,,,,,
2026-06-16,2026-06-16,"Key Categories | Sales | Advantage+ | SH Campaign",inactive,,,,"Using ad set budget",0,0,0,0,0,0,Ongoing,"7-day click, 1-day view, or 1-day engaged-view",,,,,,,0,,,,,
2026-06-16,2026-06-16,"Customised Workwear | Sales | Advantage+ | SH Campaign",inactive,,,,"Using ad set budget",0,0,0,0,0,0,Ongoing,"7-day click, 1-day view, or 1-day engaged-view",,,,,,,0,,,,,
2026-06-16,2026-06-16,"Ongoing | Retargeting | Sales | Dynamic Abandoned Cart - 30 Days | SH",inactive,,,,6.5,Daily,0,0,0,0,0,Ongoing,"7-day click",,,,,,,0,,,,,
2026-06-16,2026-06-16,"AS 7/1 25 - Purchase - Flexible ad Campaign",inactive,,,,"Using ad set budget",0,0,0,0,0,0,Ongoing,"7-day click, 1-day view, or 1-day engaged-view",,,,,,,0,,,,,
2026-06-16,2026-06-16,"5/6 Michelle Job add - KAM Jylland",inactive,,,,"Using ad set budget",0,0,0,0,0,0,Ongoing,"7-day click or 1-day view",,,,,,,0,,,,,
2026-06-16,2026-06-16,"4/1 2024 - RM - UK Campaign",inactive,,,,100,Daily,0,0,0,0,0,Ongoing,"7-day click",,,,,,,0,,,,,
2026-06-16,2026-06-16,"Ongoing | Prospecting | Sales | Broad | Advantage+ | SH Campaign",inactive,,,,"Using ad set budget",0,0,0,0,0,0,Ongoing,"7-day click or 1-day view",,,,,,,0,,,,,
2026-06-16,2026-06-16,"4/12 2023 - Safety Shoe Sale  Campaign",inactive,,,,"Using ad set budget",0,0,0,0,0,0,Ongoing,"7-day click or 1-day view",,,,,,,0,,,,,
2026-06-16,2026-06-16,"11/10 2023 - Advantage+ shopping campaign Campaign",inactive,,,,"Using ad set budget",0,0,0,0,0,0,Ongoing,"7-day click or 1-day view",,,,,,,0,,,,,
2026-06-16,2026-06-16,"19/7 2023 - MPA RM campaign",inactive,,,,"Using ad set budget",0,0,0,0,0,0,Ongoing,"7-day click or 1-day view",,,,,,,0,,,,,
2026-06-16,2026-06-16,"11/7 2023 - Sales campaign Women - UK MPA",inactive,,,,"Using ad set budget",0,0,0,0,0,0,Ongoing,"7-day click or 1-day view",,,,,,,0,,,,,
2026-06-16,2026-06-16,"23/6 2023 - Sales campaign - UK MPA",inactive,,,,"Using ad set budget",0,0,0,0,0,0,Ongoing,"7-day click or 1-day view",,,,,,,0,,,,,
2026-06-16,2026-06-16,"19/6 2023 - Sales collection video",inactive,,,,"Using ad set budget",0,0,0,0,0,0,Ongoing,"7-day click or 1-day view",,,,,,,0,,,,,
2026-06-16,2026-06-16,"12/5 2023 - Sales campaign - UK MPA",inactive,,,,"Using ad set budget",0,0,0,0,0,0,Ongoing,"7-day click or 1-day view",,,,,,,0,,,,,
2026-06-16,2026-06-16,"8/5 Veltuff - Broad - custom - UK sales",inactive,,,,"Using ad set budget",0,0,0,0,0,0,Ongoing,"7-day click or 1-day view",,,,,,,0,,,,,
2026-06-16,2026-06-16,"3/5 Veltuff - Prospecting Campaign - Sales",inactive,,,,"Using ad set budget",0,0,0,0,0,0,Ongoing,"7-day click or 1-day view",,,,,,,0,,,,,
2026-06-16,2026-06-16,"11/4 Veltuff - Broad - custom - UK sales",inactive,,,,"Using ad set budget",0,0,0,0,0,0,Ongoing,"7-day click or 1-day view",,,,,,,0,,,,,
2026-06-16,2026-06-16,"28/3 Veltuff - Broad - custom - UK RM",inactive,,,,"Using ad set budget",0,0,0,0,0,0,Ongoing,"7-day click or 1-day view",,,,,,,0,,,,,
2026-06-16,2026-06-16,"23/3 Veltuff - Broad - custom - UK sales",inactive,,,,"Using ad set budget",0,0,0,0,0,0,Ongoing,"7-day click or 1-day view",,,,,,,0,,,,,
2026-06-16,2026-06-16,"17/3 Veltuff - Broad - custom - UK sales",inactive,,,,"Using ad set budget",0,0,0,0,0,0,Ongoing,"7-day click or 1-day view",,,,,,,0,,,,,
2026-06-16,2026-06-16,"AS - Prospecting Campaign JAN2023 - SALE - Copy",inactive,,,,"Using ad set budget",0,0,0,0,0,0,Ongoing,"7-day click or 1-day view",,,,,,,0,,,,,
2026-06-16,2026-06-16,"AS - Prospecting Campaign Dec2022",inactive,,,,"Using ad set budget",0,0,0,0,0,0,Ongoing,"7-day click or 1-day view",,,,,,,0,,,,,
2026-06-16,2026-06-16,"AS - RMKT - DEC 2022",inactive,,,,50,Daily,0,0,0,0,0,Ongoing,"7-day click or 1-day view",,,,,,,0,,,,,
2026-06-16,2026-06-16,"Website Retargeting - 2022",inactive,,,,"Using ad set budget",0,0,0,0,0,0,Ongoing,"1-day click",,,,,,,0,,,,,
2026-06-15,2026-06-15,"VD | Broad | Awareness",active,13397,reach,5.77666642,196,Daily,77.39,13451,13397,1.004031,5.753476,Ongoing,"7-day click or 1-day view",,,,,12,0.089213,5.159333,246,8,1,,15
2026-06-15,2026-06-15,"VD | Retargeting | DPA Broad Remarket",inactive,,,,44,Daily,0,0,0,0,0,Ongoing,"7-day click",,,,,,,0,,,,,
2026-06-15,2026-06-15,"VD | Retargeting | DPA",active,2,actions:offsite_conversion.fb_pixel_purchase,136.665,370,Daily,273.33,7615,5249,1.450753,35.893631,Ongoing,"7-day click",2.579117,2,704.95,action_values:offsite_conversion.fb_pixel_purchase,135,1.772817,1.626964,140,117,15,4,
2026-06-15,2026-06-15,"VD | Retargeting | DPA Campaign | Sales",inactive,,,,145,Daily,0,0,0,0,0,Ongoing,"7-day click",,,,,,,0,,,,,
2026-06-15,2026-06-15,"VD | Broad | Prospecting | Sales",active,4,actions:offsite_conversion.fb_pixel_purchase,157.2425,370,Daily,628.97,13901,8963,1.550932,45.246385,Ongoing,"7-day click",2.717173,4,1709.02,action_values:offsite_conversion.fb_pixel_purchase,337,2.424286,1.52293,700,297,21,10,102
2026-06-15,2026-06-15,"Warehouse Clearance | Prospecting | Sales | Advantage+",inactive,,,,"Using ad set budget",0,0,0,0,0,0,2026-03-29,"7-day click",,,,,,,0,,,,,
2026-06-15,2026-06-15,"WinterSale | Prospecting | Sales | Advantage+",inactive,,,,"Using ad set budget",0,0,0,0,0,0,Ongoing,"7-day click",,,,,,,0,,,,,
2026-06-15,2026-06-15,"Ongoing | Sales | ProTex1 | Advantage+ | SH",active,2,actions:offsite_conversion.fb_pixel_purchase,98.47,327,Daily,196.94,6854,5239,1.308265,28.733586,Ongoing,"7-day click or 1-day view",2.104143,2,414.39,action_values:offsite_conversion.fb_pixel_purchase,58,0.846221,2.591316,60,55,8,3,
2026-06-15,2026-06-15,"Ongoing | Sales | Hi-Vis Only | Advantage+ | SH",active,5,actions:offsite_conversion.fb_pixel_purchase,37.812,300,Daily,189.06,6193,4678,1.323856,30.528016,Ongoing,"7-day click or 1-day view",11.061832,5,2091.35,action_values:offsite_conversion.fb_pixel_purchase,59,0.952689,2.780294,65,46,13,7,
2026-06-15,2026-06-15,"Customised Workwear | Awareness | Advantage+ | SH Campaign – Copy",inactive,,,,100,Daily,0,0,0,0,0,Ongoing,"7-day click or 1-day view",,,,,,,0,,,,,
2026-06-15,2026-06-15,"Key Categories | Sales | Advantage+ | SH Campaign",inactive,,,,"Using ad set budget",0,0,0,0,0,0,Ongoing,"7-day click, 1-day view, or 1-day engaged-view",,,,,,,0,,,,,
2026-06-15,2026-06-15,"Customised Workwear | Sales | Advantage+ | SH Campaign",inactive,,,,"Using ad set budget",0,0,0,0,0,0,Ongoing,"7-day click, 1-day view, or 1-day engaged-view",,,,,,,0,,,,,
2026-06-15,2026-06-15,"Ongoing | Retargeting | Sales | Dynamic Abandoned Cart - 30 Days | SH",inactive,,,,6.5,Daily,0,0,0,0,0,Ongoing,"7-day click",,,,,,,0,,,,,
2026-06-15,2026-06-15,"AS 7/1 25 - Purchase - Flexible ad Campaign",inactive,,,,"Using ad set budget",0,0,0,0,0,0,Ongoing,"7-day click, 1-day view, or 1-day engaged-view",,,,,,,0,,,,,
2026-06-15,2026-06-15,"5/6 Michelle Job add - KAM Jylland",inactive,,,,"Using ad set budget",0,0,0,0,0,0,Ongoing,"7-day click or 1-day view",,,,,,,0,,,,,
2026-06-15,2026-06-15,"4/1 2024 - RM - UK Campaign",inactive,,,,100,Daily,0,0,0,0,0,Ongoing,"7-day click",,,,,,,0,,,,,
2026-06-15,2026-06-15,"Ongoing | Prospecting | Sales | Broad | Advantage+ | SH Campaign",inactive,,,,"Using ad set budget",0,0,0,0,0,0,Ongoing,"7-day click or 1-day view",,,,,,,0,,,,,
2026-06-15,2026-06-15,"4/12 2023 - Safety Shoe Sale  Campaign",inactive,,,,"Using ad set budget",0,0,0,0,0,0,Ongoing,"7-day click or 1-day view",,,,,,,0,,,,,
2026-06-15,2026-06-15,"11/10 2023 - Advantage+ shopping campaign Campaign",inactive,,,,"Using ad set budget",0,0,0,0,0,0,Ongoing,"7-day click or 1-day view",,,,,,,0,,,,,
2026-06-15,2026-06-15,"19/7 2023 - MPA RM campaign",inactive,,,,"Using ad set budget",0,0,0,0,0,0,Ongoing,"7-day click or 1-day view",,,,,,,0,,,,,
2026-06-15,2026-06-15,"11/7 2023 - Sales campaign Women - UK MPA",inactive,,,,"Using ad set budget",0,0,0,0,0,0,Ongoing,"7-day click or 1-day view",,,,,,,0,,,,,
2026-06-15,2026-06-15,"23/6 2023 - Sales campaign - UK MPA",inactive,,,,"Using ad set budget",0,0,0,0,0,0,Ongoing,"7-day click or 1-day view",,,,,,,0,,,,,
2026-06-15,2026-06-15,"19/6 2023 - Sales collection video",inactive,,,,"Using ad set budget",0,0,0,0,0,0,Ongoing,"7-day click or 1-day view",,,,,,,0,,,,,
2026-06-15,2026-06-15,"12/5 2023 - Sales campaign - UK MPA",inactive,,,,"Using ad set budget",0,0,0,0,0,0,Ongoing,"7-day click or 1-day view",,,,,,,0,,,,,
2026-06-15,2026-06-15,"8/5 Veltuff - Broad - custom - UK sales",inactive,,,,"Using ad set budget",0,0,0,0,0,0,Ongoing,"7-day click or 1-day view",,,,,,,0,,,,,
2026-06-15,2026-06-15,"3/5 Veltuff - Prospecting Campaign - Sales",inactive,,,,"Using ad set budget",0,0,0,0,0,0,Ongoing,"7-day click or 1-day view",,,,,,,0,,,,,
2026-06-15,2026-06-15,"11/4 Veltuff - Broad - custom - UK sales",inactive,,,,"Using ad set budget",0,0,0,0,0,0,Ongoing,"7-day click or 1-day view",,,,,,,0,,,,,
2026-06-15,2026-06-15,"28/3 Veltuff - Broad - custom - UK RM",inactive,,,,"Using ad set budget",0,0,0,0,0,0,Ongoing,"7-day click or 1-day view",,,,,,,0,,,,,
2026-06-15,2026-06-15,"23/3 Veltuff - Broad - custom - UK sales",inactive,,,,"Using ad set budget",0,0,0,0,0,0,Ongoing,"7-day click or 1-day view",,,,,,,0,,,,,
2026-06-15,2026-06-15,"17/3 Veltuff - Broad - custom - UK sales",inactive,,,,"Using ad set budget",0,0,0,0,0,0,Ongoing,"7-day click or 1-day view",,,,,,,0,,,,,
2026-06-15,2026-06-15,"AS - Prospecting Campaign JAN2023 - SALE - Copy",inactive,,,,"Using ad set budget",0,0,0,0,0,0,Ongoing,"7-day click or 1-day view",,,,,,,0,,,,,
2026-06-15,2026-06-15,"AS - Prospecting Campaign Dec2022",inactive,,,,"Using ad set budget",0,0,0,0,0,0,Ongoing,"7-day click or 1-day view",,,,,,,0,,,,,
2026-06-15,2026-06-15,"AS - RMKT - DEC 2022",inactive,,,,50,Daily,0,0,0,0,0,Ongoing,"7-day click or 1-day view",,,,,,,0,,,,,
2026-06-15,2026-06-15,"Website Retargeting - 2022",inactive,,,,"Using ad set budget",0,0,0,0,0,0,Ongoing,"1-day click",,,,,,,0,,,,,
2026-06-14,2026-06-14,"VD | Broad | Awareness",active,25436,reach,5.39275043,196,Daily,137.17,25438,25436,1.000079,5.392326,Ongoing,"7-day click or 1-day view",2.017205,1,,,19,0.074691,4.424839,608,16,3,1,46
2026-06-14,2026-06-14,"VD | Retargeting | DPA Broad Remarket",inactive,,,,44,Daily,0,0,0,0,0,Ongoing,"7-day click",,,,,,,0,,,,,
2026-06-14,2026-06-14,"VD | Retargeting | DPA",active,4,actions:offsite_conversion.fb_pixel_purchase,136.445,370,Daily,545.78,14137,9709,1.456072,38.606494,Ongoing,"7-day click",3.309209,4,1806.1,action_values:offsite_conversion.fb_pixel_purchase,249,1.761336,1.843851,303,217,13,11,9
2026-06-14,2026-06-14,"VD | Retargeting | DPA Campaign | Sales",inactive,,,,145,Daily,0,0,0,0,0,Ongoing,"7-day click",,,,,,,0,,,,,
2026-06-14,2026-06-14,"VD | Broad | Prospecting | Sales",active,11,actions:offsite_conversion.fb_pixel_purchase,55.25,370,Daily,607.75,12916,8537,1.512944,47.054042,Ongoing,"7-day click",5.681366,11,3452.85,action_values:offsite_conversion.fb_pixel_purchase,368,2.849179,1.387557,1015,331,32,24,213
2026-06-14,2026-06-14,"Warehouse Clearance | Prospecting | Sales | Advantage+",inactive,,,,"Using ad set budget",0,0,0,0,0,0,2026-03-29,"7-day click",,,,,,,0,,,,,
2026-06-14,2026-06-14,"WinterSale | Prospecting | Sales | Advantage+",inactive,,,,"Using ad set budget",0,0,0,0,0,0,Ongoing,"7-day click",,,,,,,0,,,,,
2026-06-14,2026-06-14,"Ongoing | Sales | ProTex1 | Advantage+ | SH",active,1,actions:offsite_conversion.fb_pixel_purchase,157.47,327,Daily,157.47,3506,2514,1.39459,44.914432,Ongoing,"7-day click or 1-day view",3.465295,1,545.68,action_values:offsite_conversion.fb_pixel_purchase,44,1.254991,2.715,46,40,11,1,
2026-06-14,2026-06-14,"Ongoing | Sales | Hi-Vis Only | Advantage+ | SH",active,6,actions:offsite_conversion.fb_pixel_purchase,28.50666667,300,Daily,171.04,3635,2219,1.638125,47.053645,Ongoing,"7-day click or 1-day view",28.000058,6,4789.13,action_values:offsite_conversion.fb_pixel_purchase,50,1.375516,2.631385,57,43,17,7,1
2026-06-14,2026-06-14,"Customised Workwear | Awareness | Advantage+ | SH Campaign – Copy",inactive,,,,100,Daily,0,0,0,0,0,Ongoing,"7-day click or 1-day view",,,,,,,0,,,,,
2026-06-14,2026-06-14,"Key Categories | Sales | Advantage+ | SH Campaign",inactive,,,,"Using ad set budget",0,0,0,0,0,0,Ongoing,"7-day click, 1-day view, or 1-day engaged-view",,,,,,,0,,,,,
2026-06-14,2026-06-14,"Customised Workwear | Sales | Advantage+ | SH Campaign",inactive,,,,"Using ad set budget",0,0,0,0,0,0,Ongoing,"7-day click, 1-day view, or 1-day engaged-view",,,,,,,0,,,,,
2026-06-14,2026-06-14,"Ongoing | Retargeting | Sales | Dynamic Abandoned Cart - 30 Days | SH",inactive,,,,6.5,Daily,0,0,0,0,0,Ongoing,"7-day click",,,,,,,0,,,,,
2026-06-14,2026-06-14,"AS 7/1 25 - Purchase - Flexible ad Campaign",inactive,,,,"Using ad set budget",0,0,0,0,0,0,Ongoing,"7-day click, 1-day view, or 1-day engaged-view",,,,,,,0,,,,,
2026-06-14,2026-06-14,"5/6 Michelle Job add - KAM Jylland",inactive,,,,"Using ad set budget",0,0,0,0,0,0,Ongoing,"7-day click or 1-day view",,,,,,,0,,,,,
2026-06-14,2026-06-14,"4/1 2024 - RM - UK Campaign",inactive,,,,100,Daily,0,0,0,0,0,Ongoing,"7-day click",,,,,,,0,,,,,
2026-06-14,2026-06-14,"Ongoing | Prospecting | Sales | Broad | Advantage+ | SH Campaign",inactive,,,,"Using ad set budget",0,0,0,0,0,0,Ongoing,"7-day click or 1-day view",,,,,,,0,,,,,
2026-06-14,2026-06-14,"4/12 2023 - Safety Shoe Sale  Campaign",inactive,,,,"Using ad set budget",0,0,0,0,0,0,Ongoing,"7-day click or 1-day view",,,,,,,0,,,,,
2026-06-14,2026-06-14,"11/10 2023 - Advantage+ shopping campaign Campaign",inactive,,,,"Using ad set budget",0,0,0,0,0,0,Ongoing,"7-day click or 1-day view",,,,,,,0,,,,,
2026-06-14,2026-06-14,"19/7 2023 - MPA RM campaign",inactive,,,,"Using ad set budget",0,0,0,0,0,0,Ongoing,"7-day click or 1-day view",,,,,,,0,,,,,
2026-06-14,2026-06-14,"11/7 2023 - Sales campaign Women - UK MPA",inactive,,,,"Using ad set budget",0,0,0,0,0,0,Ongoing,"7-day click or 1-day view",,,,,,,0,,,,,
2026-06-14,2026-06-14,"23/6 2023 - Sales campaign - UK MPA",inactive,,,,"Using ad set budget",0,0,0,0,0,0,Ongoing,"7-day click or 1-day view",,,,,,,0,,,,,
2026-06-14,2026-06-14,"19/6 2023 - Sales collection video",inactive,,,,"Using ad set budget",0,0,0,0,0,0,Ongoing,"7-day click or 1-day view",,,,,,,0,,,,,
2026-06-14,2026-06-14,"12/5 2023 - Sales campaign - UK MPA",inactive,,,,"Using ad set budget",0,0,0,0,0,0,Ongoing,"7-day click or 1-day view",,,,,,,0,,,,,
2026-06-14,2026-06-14,"8/5 Veltuff - Broad - custom - UK sales",inactive,,,,"Using ad set budget",0,0,0,0,0,0,Ongoing,"7-day click or 1-day view",,,,,,,0,,,,,
2026-06-14,2026-06-14,"3/5 Veltuff - Prospecting Campaign - Sales",inactive,,,,"Using ad set budget",0,0,0,0,0,0,Ongoing,"7-day click or 1-day view",,,,,,,0,,,,,
2026-06-14,2026-06-14,"11/4 Veltuff - Broad - custom - UK sales",inactive,,,,"Using ad set budget",0,0,0,0,0,0,Ongoing,"7-day click or 1-day view",,,,,,,0,,,,,
2026-06-14,2026-06-14,"28/3 Veltuff - Broad - custom - UK RM",inactive,,,,"Using ad set budget",0,0,0,0,0,0,Ongoing,"7-day click or 1-day view",,,,,,,0,,,,,
2026-06-14,2026-06-14,"23/3 Veltuff - Broad - custom - UK sales",inactive,,,,"Using ad set budget",0,0,0,0,0,0,Ongoing,"7-day click or 1-day view",,,,,,,0,,,,,
2026-06-14,2026-06-14,"17/3 Veltuff - Broad - custom - UK sales",inactive,,,,"Using ad set budget",0,0,0,0,0,0,Ongoing,"7-day click or 1-day view",,,,,,,0,,,,,
2026-06-14,2026-06-14,"AS - Prospecting Campaign JAN2023 - SALE - Copy",inactive,,,,"Using ad set budget",0,0,0,0,0,0,Ongoing,"7-day click or 1-day view",,,,,,,0,,,,,
2026-06-14,2026-06-14,"AS - Prospecting Campaign Dec2022",inactive,,,,"Using ad set budget",0,0,0,0,0,0,Ongoing,"7-day click or 1-day view",,,,,,,0,,,,,
2026-06-14,2026-06-14,"AS - RMKT - DEC 2022",inactive,,,,50,Daily,0,0,0,0,0,Ongoing,"7-day click or 1-day view",,,,,,,0,,,,,
2026-06-14,2026-06-14,"Website Retargeting - 2022",inactive,,,,"Using ad set budget",0,0,0,0,0,0,Ongoing,"1-day click",,,,,,,0,,,,,
2026-06-13,2026-06-13,"VD | Broad | Awareness",active,12063,reach,5.82276382,196,Daily,70.24,12444,12063,1.031584,5.644487,Ongoing,"7-day click or 1-day view",,,,,12,0.096432,5.017143,87,5,,,7
2026-06-13,2026-06-13,"VD | Retargeting | DPA Broad Remarket",inactive,,,,44,Daily,0,0,0,0,0,Ongoing,"7-day click",,,,,,,0,,,,,
2026-06-13,2026-06-13,"VD | Retargeting | DPA",active,1,actions:offsite_conversion.fb_pixel_purchase,468.31,370,Daily,468.31,11118,6721,1.654218,42.121784,Ongoing,"7-day click",0.86731,1,406.17,action_values:offsite_conversion.fb_pixel_purchase,178,1.601007,2.128682,293,161,15,2,11
2026-06-13,2026-06-13,"VD | Retargeting | DPA Campaign | Sales",inactive,,,,145,Daily,0,0,0,0,0,Ongoing,"7-day click",,,,,,,0,,,,,
2026-06-13,2026-06-13,"VD | Broad | Prospecting | Sales",active,4,actions:offsite_conversion.fb_pixel_purchase,112.2725,370,Daily,449.09,9043,5908,1.530636,49.661617,Ongoing,"7-day click",4.313078,4,1936.96,action_values:offsite_conversion.fb_pixel_purchase,261,2.88621,1.416688,449,235,18,6,57
2026-06-13,2026-06-13,"Warehouse Clearance | Prospecting | Sales | Advantage+",inactive,,,,"Using ad set budget",0,0,0,0,0,0,2026-03-29,"7-day click",,,,,,,0,,,,,
2026-06-13,2026-06-13,"WinterSale | Prospecting | Sales | Advantage+",inactive,,,,"Using ad set budget",0,0,0,0,0,0,Ongoing,"7-day click",,,,,,,0,,,,,
2026-06-13,2026-06-13,"Ongoing | Sales | ProTex1 | Advantage+ | SH",active,1,actions:offsite_conversion.fb_pixel_purchase,132.73,327,Daily,132.73,3045,2195,1.387244,43.589491,Ongoing,"7-day click or 1-day view",1.105929,1,146.79,action_values:offsite_conversion.fb_pixel_purchase,32,1.050903,3.086744,34,27,9,2,
2026-06-13,2026-06-13,"Ongoing | Sales | Hi-Vis Only | Advantage+ | SH",active,1,actions:offsite_conversion.fb_pixel_purchase,139.82,300,Daily,139.82,3054,1946,1.569373,45.78258,Ongoing,"7-day click or 1-day view",8.481905,1,1185.94,action_values:offsite_conversion.fb_pixel_purchase,58,1.899149,2.151077,63,52,3,1,1
2026-06-13,2026-06-13,"Customised Workwear | Awareness | Advantage+ | SH Campaign – Copy",inactive,,,,100,Daily,0,0,0,0,0,Ongoing,"7-day click or 1-day view",,,,,,,0,,,,,
2026-06-13,2026-06-13,"Key Categories | Sales | Advantage+ | SH Campaign",inactive,,,,"Using ad set budget",0,0,0,0,0,0,Ongoing,"7-day click, 1-day view, or 1-day engaged-view",,,,,,,0,,,,,
2026-06-13,2026-06-13,"Customised Workwear | Sales | Advantage+ | SH Campaign",inactive,,,,"Using ad set budget",0,0,0,0,0,0,Ongoing,"7-day click, 1-day view, or 1-day engaged-view",,,,,,,0,,,,,
2026-06-13,2026-06-13,"Ongoing | Retargeting | Sales | Dynamic Abandoned Cart - 30 Days | SH",inactive,,,,6.5,Daily,0,0,0,0,0,Ongoing,"7-day click",,,,,,,0,,,,,
2026-06-13,2026-06-13,"AS 7/1 25 - Purchase - Flexible ad Campaign",inactive,,,,"Using ad set budget",0,0,0,0,0,0,Ongoing,"7-day click, 1-day view, or 1-day engaged-view",,,,,,,0,,,,,
2026-06-13,2026-06-13,"5/6 Michelle Job add - KAM Jylland",inactive,,,,"Using ad set budget",0,0,0,0,0,0,Ongoing,"7-day click or 1-day view",,,,,,,0,,,,,
2026-06-13,2026-06-13,"4/1 2024 - RM - UK Campaign",inactive,,,,100,Daily,0,0,0,0,0,Ongoing,"7-day click",,,,,,,0,,,,,
2026-06-13,2026-06-13,"Ongoing | Prospecting | Sales | Broad | Advantage+ | SH Campaign",inactive,,,,"Using ad set budget",0,0,0,0,0,0,Ongoing,"7-day click or 1-day view",,,,,,,0,,,,,
2026-06-13,2026-06-13,"4/12 2023 - Safety Shoe Sale  Campaign",inactive,,,,"Using ad set budget",0,0,0,0,0,0,Ongoing,"7-day click or 1-day view",,,,,,,0,,,,,
2026-06-13,2026-06-13,"11/10 2023 - Advantage+ shopping campaign Campaign",inactive,,,,"Using ad set budget",0,0,0,0,0,0,Ongoing,"7-day click or 1-day view",,,,,,,0,,,,,
2026-06-13,2026-06-13,"19/7 2023 - MPA RM campaign",inactive,,,,"Using ad set budget",0,0,0,0,0,0,Ongoing,"7-day click or 1-day view",,,,,,,0,,,,,
2026-06-13,2026-06-13,"11/7 2023 - Sales campaign Women - UK MPA",inactive,,,,"Using ad set budget",0,0,0,0,0,0,Ongoing,"7-day click or 1-day view",,,,,,,0,,,,,
2026-06-13,2026-06-13,"23/6 2023 - Sales campaign - UK MPA",inactive,,,,"Using ad set budget",0,0,0,0,0,0,Ongoing,"7-day click or 1-day view",,,,,,,0,,,,,
2026-06-13,2026-06-13,"19/6 2023 - Sales collection video",inactive,,,,"Using ad set budget",0,0,0,0,0,0,Ongoing,"7-day click or 1-day view",,,,,,,0,,,,,
2026-06-13,2026-06-13,"12/5 2023 - Sales campaign - UK MPA",inactive,,,,"Using ad set budget",0,0,0,0,0,0,Ongoing,"7-day click or 1-day view",,,,,,,0,,,,,
2026-06-13,2026-06-13,"8/5 Veltuff - Broad - custom - UK sales",inactive,,,,"Using ad set budget",0,0,0,0,0,0,Ongoing,"7-day click or 1-day view",,,,,,,0,,,,,
2026-06-13,2026-06-13,"3/5 Veltuff - Prospecting Campaign - Sales",inactive,,,,"Using ad set budget",0,0,0,0,0,0,Ongoing,"7-day click or 1-day view",,,,,,,0,,,,,
2026-06-13,2026-06-13,"11/4 Veltuff - Broad - custom - UK sales",inactive,,,,"Using ad set budget",0,0,0,0,0,0,Ongoing,"7-day click or 1-day view",,,,,,,0,,,,,
2026-06-13,2026-06-13,"28/3 Veltuff - Broad - custom - UK RM",inactive,,,,"Using ad set budget",0,0,0,0,0,0,Ongoing,"7-day click or 1-day view",,,,,,,0,,,,,
2026-06-13,2026-06-13,"23/3 Veltuff - Broad - custom - UK sales",inactive,,,,"Using ad set budget",0,0,0,0,0,0,Ongoing,"7-day click or 1-day view",,,,,,,0,,,,,
2026-06-13,2026-06-13,"17/3 Veltuff - Broad - custom - UK sales",inactive,,,,"Using ad set budget",0,0,0,0,0,0,Ongoing,"7-day click or 1-day view",,,,,,,0,,,,,
2026-06-13,2026-06-13,"AS - Prospecting Campaign JAN2023 - SALE - Copy",inactive,,,,"Using ad set budget",0,0,0,0,0,0,Ongoing,"7-day click or 1-day view",,,,,,,0,,,,,
2026-06-13,2026-06-13,"AS - Prospecting Campaign Dec2022",inactive,,,,"Using ad set budget",0,0,0,0,0,0,Ongoing,"7-day click or 1-day view",,,,,,,0,,,,,
2026-06-13,2026-06-13,"AS - RMKT - DEC 2022",inactive,,,,50,Daily,0,0,0,0,0,Ongoing,"7-day click or 1-day view",,,,,,,0,,,,,
2026-06-13,2026-06-13,"Website Retargeting - 2022",inactive,,,,"Using ad set budget",0,0,0,0,0,0,Ongoing,"1-day click",,,,,,,0,,,,,
2026-06-12,2026-06-12,"VD | Broad | Awareness",active,15172,reach,8.5387556,196,Daily,129.55,15512,15172,1.02241,8.351599,Ongoing,"7-day click or 1-day view",,,,,15,0.096699,5.397917,688,8,,,50
2026-06-12,2026-06-12,"VD | Retargeting | DPA Broad Remarket",inactive,,,,44,Daily,0,0,0,0,0,Ongoing,"7-day click",,,,,,,0,,,,,
2026-06-12,2026-06-12,"VD | Retargeting | DPA",active,1,actions:offsite_conversion.fb_pixel_purchase,238.57,370,Daily,238.57,4471,3299,1.355259,53.359427,Ongoing,"7-day click",1.271115,1,303.25,action_values:offsite_conversion.fb_pixel_purchase,140,3.131291,1.634041,165,132,10,5,3
2026-06-12,2026-06-12,"VD | Retargeting | DPA Campaign | Sales",inactive,,,,145,Daily,0,0,0,0,0,Ongoing,"7-day click",,,,,,,0,,,,,
2026-06-12,2026-06-12,"VD | Broad | Prospecting | Sales",active,2,actions:offsite_conversion.fb_pixel_purchase,232.6,370,Daily,465.2,10134,6282,1.613181,45.904875,Ongoing,"7-day click",1.525107,2,709.48,action_values:offsite_conversion.fb_pixel_purchase,214,2.111703,1.735821,305,205,21,10,25
2026-06-12,2026-06-12,"Warehouse Clearance | Prospecting | Sales | Advantage+",inactive,,,,"Using ad set budget",0,0,0,0,0,0,2026-03-29,"7-day click",,,,,,,0,,,,,
2026-06-12,2026-06-12,"WinterSale | Prospecting | Sales | Advantage+",inactive,,,,"Using ad set budget",0,0,0,0,0,0,Ongoing,"7-day click",,,,,,,0,,,,,
2026-06-12,2026-06-12,"Ongoing | Sales | ProTex1 | Advantage+ | SH",active,1,actions:offsite_conversion.fb_pixel_purchase,123.73,327,Daily,123.73,3248,2294,1.415867,38.094212,Ongoing,"7-day click or 1-day view",6.153399,1,761.36,action_values:offsite_conversion.fb_pixel_purchase,36,1.108374,2.749556,38,31,4,,
2026-06-12,2026-06-12,"Ongoing | Sales | Hi-Vis Only | Advantage+ | SH",active,1,actions:offsite_conversion.fb_pixel_purchase,148.9,300,Daily,148.9,3184,2010,1.58408,46.765075,Ongoing,"7-day click or 1-day view",4.650772,1,692.5,action_values:offsite_conversion.fb_pixel_purchase,34,1.067839,3.168085,37,31,1,,
2026-06-12,2026-06-12,"Customised Workwear | Awareness | Advantage+ | SH Campaign – Copy",inactive,,,,100,Daily,0,0,0,0,0,Ongoing,"7-day click or 1-day view",,,,,,,0,,,,,
2026-06-12,2026-06-12,"Key Categories | Sales | Advantage+ | SH Campaign",inactive,,,,"Using ad set budget",0,0,0,0,0,0,Ongoing,"7-day click, 1-day view, or 1-day engaged-view",,,,,,,0,,,,,
2026-06-12,2026-06-12,"Customised Workwear | Sales | Advantage+ | SH Campaign",inactive,,,,"Using ad set budget",0,0,0,0,0,0,Ongoing,"7-day click, 1-day view, or 1-day engaged-view",,,,,,,0,,,,,
2026-06-12,2026-06-12,"Ongoing | Retargeting | Sales | Dynamic Abandoned Cart - 30 Days | SH",inactive,,,,6.5,Daily,0,0,0,0,0,Ongoing,"7-day click",,,,,,,0,,,,,
2026-06-12,2026-06-12,"AS 7/1 25 - Purchase - Flexible ad Campaign",inactive,,,,"Using ad set budget",0,0,0,0,0,0,Ongoing,"7-day click, 1-day view, or 1-day engaged-view",,,,,,,0,,,,,
2026-06-12,2026-06-12,"5/6 Michelle Job add - KAM Jylland",inactive,,,,"Using ad set budget",0,0,0,0,0,0,Ongoing,"7-day click or 1-day view",,,,,,,0,,,,,
2026-06-12,2026-06-12,"4/1 2024 - RM - UK Campaign",inactive,,,,100,Daily,0,0,0,0,0,Ongoing,"7-day click",,,,,,,0,,,,,
2026-06-12,2026-06-12,"Ongoing | Prospecting | Sales | Broad | Advantage+ | SH Campaign",inactive,,,,"Using ad set budget",0,0,0,0,0,0,Ongoing,"7-day click or 1-day view",,,,,,,0,,,,,
2026-06-12,2026-06-12,"4/12 2023 - Safety Shoe Sale  Campaign",inactive,,,,"Using ad set budget",0,0,0,0,0,0,Ongoing,"7-day click or 1-day view",,,,,,,0,,,,,
2026-06-12,2026-06-12,"11/10 2023 - Advantage+ shopping campaign Campaign",inactive,,,,"Using ad set budget",0,0,0,0,0,0,Ongoing,"7-day click or 1-day view",,,,,,,0,,,,,
2026-06-12,2026-06-12,"19/7 2023 - MPA RM campaign",inactive,,,,"Using ad set budget",0,0,0,0,0,0,Ongoing,"7-day click or 1-day view",,,,,,,0,,,,,
2026-06-12,2026-06-12,"11/7 2023 - Sales campaign Women - UK MPA",inactive,,,,"Using ad set budget",0,0,0,0,0,0,Ongoing,"7-day click or 1-day view",,,,,,,0,,,,,
2026-06-12,2026-06-12,"23/6 2023 - Sales campaign - UK MPA",inactive,,,,"Using ad set budget",0,0,0,0,0,0,Ongoing,"7-day click or 1-day view",,,,,,,0,,,,,
2026-06-12,2026-06-12,"19/6 2023 - Sales collection video",inactive,,,,"Using ad set budget",0,0,0,0,0,0,Ongoing,"7-day click or 1-day view",,,,,,,0,,,,,
2026-06-12,2026-06-12,"12/5 2023 - Sales campaign - UK MPA",inactive,,,,"Using ad set budget",0,0,0,0,0,0,Ongoing,"7-day click or 1-day view",,,,,,,0,,,,,
2026-06-12,2026-06-12,"8/5 Veltuff - Broad - custom - UK sales",inactive,,,,"Using ad set budget",0,0,0,0,0,0,Ongoing,"7-day click or 1-day view",,,,,,,0,,,,,
2026-06-12,2026-06-12,"3/5 Veltuff - Prospecting Campaign - Sales",inactive,,,,"Using ad set budget",0,0,0,0,0,0,Ongoing,"7-day click or 1-day view",,,,,,,0,,,,,
2026-06-12,2026-06-12,"11/4 Veltuff - Broad - custom - UK sales",inactive,,,,"Using ad set budget",0,0,0,0,0,0,Ongoing,"7-day click or 1-day view",,,,,,,0,,,,,
2026-06-12,2026-06-12,"28/3 Veltuff - Broad - custom - UK RM",inactive,,,,"Using ad set budget",0,0,0,0,0,0,Ongoing,"7-day click or 1-day view",,,,,,,0,,,,,
2026-06-12,2026-06-12,"23/3 Veltuff - Broad - custom - UK sales",inactive,,,,"Using ad set budget",0,0,0,0,0,0,Ongoing,"7-day click or 1-day view",,,,,,,0,,,,,
2026-06-12,2026-06-12,"17/3 Veltuff - Broad - custom - UK sales",inactive,,,,"Using ad set budget",0,0,0,0,0,0,Ongoing,"7-day click or 1-day view",,,,,,,0,,,,,
2026-06-12,2026-06-12,"AS - Prospecting Campaign JAN2023 - SALE - Copy",inactive,,,,"Using ad set budget",0,0,0,0,0,0,Ongoing,"7-day click or 1-day view",,,,,,,0,,,,,
2026-06-12,2026-06-12,"AS - Prospecting Campaign Dec2022",inactive,,,,"Using ad set budget",0,0,0,0,0,0,Ongoing,"7-day click or 1-day view",,,,,,,0,,,,,
2026-06-12,2026-06-12,"AS - RMKT - DEC 2022",inactive,,,,50,Daily,0,0,0,0,0,Ongoing,"7-day click or 1-day view",,,,,,,0,,,,,
2026-06-12,2026-06-12,"Website Retargeting - 2022",inactive,,,,"Using ad set budget",0,0,0,0,0,0,Ongoing,"1-day click",,,,,,,0,,,,,
2026-06-11,2026-06-11,"VD | Broad | Awareness",active,13120,reach,7.25685976,196,Daily,95.21,14930,13120,1.137957,6.377093,Ongoing,"7-day click or 1-day view",,,,,10,0.066979,6.347333,1340,9,,,68
2026-06-11,2026-06-11,"VD | Retargeting | DPA Broad Remarket",inactive,,,,44,Daily,0,0,0,0,0,Ongoing,"7-day click",,,,,,,0,,,,,
2026-06-11,2026-06-11,"VD | Retargeting | DPA",active,4,actions:offsite_conversion.fb_pixel_purchase,101.585,370,Daily,406.34,9804,6879,1.425207,41.446348,Ongoing,"7-day click",2.41261,4,980.34,action_values:offsite_conversion.fb_pixel_purchase,231,2.356181,1.59349,235,205,9,4,
2026-06-11,2026-06-11,"VD | Retargeting | DPA Campaign | Sales",inactive,,,,145,Daily,0,0,0,0,0,Ongoing,"7-day click",,,,,,,0,,,,,
2026-06-11,2026-06-11,"VD | Broad | Prospecting | Sales",active,7,actions:offsite_conversion.fb_pixel_purchase,71.88285714,370,Daily,503.18,11424,7928,1.440969,44.045868,Ongoing,"7-day click",4.622044,7,2325.72,action_values:offsite_conversion.fb_pixel_purchase,332,2.906162,1.218354,390,292,19,7,12
2026-06-11,2026-06-11,"Warehouse Clearance | Prospecting | Sales | Advantage+",inactive,,,,"Using ad set budget",0,0,0,0,0,0,2026-03-29,"7-day click",,,,,,,0,,,,,
2026-06-11,2026-06-11,"WinterSale | Prospecting | Sales | Advantage+",inactive,,,,"Using ad set budget",0,0,0,0,0,0,Ongoing,"7-day click",,,,,,,0,,,,,
2026-06-11,2026-06-11,"Ongoing | Sales | ProTex1 | Advantage+ | SH",active,2,actions:offsite_conversion.fb_pixel_purchase,75.02,327,Daily,150.04,4148,3022,1.372601,36.171649,Ongoing,"7-day click or 1-day view",4.763663,2,714.74,action_values:offsite_conversion.fb_pixel_purchase,96,2.314368,1.271525,99,89,9,5,
2026-06-11,2026-06-11,"Ongoing | Sales | Hi-Vis Only | Advantage+ | SH",active,,,,300,Daily,171.66,4554,2872,1.585655,37.694335,Ongoing,"7-day click or 1-day view",,,,,77,1.690821,1.845806,90,66,3,1,2
2026-06-11,2026-06-11,"Customised Workwear | Awareness | Advantage+ | SH Campaign – Copy",inactive,,,,100,Daily,0,0,0,0,0,Ongoing,"7-day click or 1-day view",,,,,,,0,,,,,
2026-06-11,2026-06-11,"Key Categories | Sales | Advantage+ | SH Campaign",inactive,,,,"Using ad set budget",0,0,0,0,0,0,Ongoing,"7-day click, 1-day view, or 1-day engaged-view",,,,,,,0,,,,,
2026-06-11,2026-06-11,"Customised Workwear | Sales | Advantage+ | SH Campaign",inactive,,,,"Using ad set budget",0,0,0,0,0,0,Ongoing,"7-day click, 1-day view, or 1-day engaged-view",,,,,,,0,,,,,
2026-06-11,2026-06-11,"Ongoing | Retargeting | Sales | Dynamic Abandoned Cart - 30 Days | SH",inactive,,,,6.5,Daily,0,0,0,0,0,Ongoing,"7-day click",,,,,,,0,,,,,
2026-06-11,2026-06-11,"AS 7/1 25 - Purchase - Flexible ad Campaign",inactive,,,,"Using ad set budget",0,0,0,0,0,0,Ongoing,"7-day click, 1-day view, or 1-day engaged-view",,,,,,,0,,,,,
2026-06-11,2026-06-11,"5/6 Michelle Job add - KAM Jylland",inactive,,,,"Using ad set budget",0,0,0,0,0,0,Ongoing,"7-day click or 1-day view",,,,,,,0,,,,,
2026-06-11,2026-06-11,"4/1 2024 - RM - UK Campaign",inactive,,,,100,Daily,0,0,0,0,0,Ongoing,"7-day click",,,,,,,0,,,,,
2026-06-11,2026-06-11,"Ongoing | Prospecting | Sales | Broad | Advantage+ | SH Campaign",inactive,,,,"Using ad set budget",0,0,0,0,0,0,Ongoing,"7-day click or 1-day view",,,,,,,0,,,,,
2026-06-11,2026-06-11,"4/12 2023 - Safety Shoe Sale  Campaign",inactive,,,,"Using ad set budget",0,0,0,0,0,0,Ongoing,"7-day click or 1-day view",,,,,,,0,,,,,
2026-06-11,2026-06-11,"11/10 2023 - Advantage+ shopping campaign Campaign",inactive,,,,"Using ad set budget",0,0,0,0,0,0,Ongoing,"7-day click or 1-day view",,,,,,,0,,,,,
2026-06-11,2026-06-11,"19/7 2023 - MPA RM campaign",inactive,,,,"Using ad set budget",0,0,0,0,0,0,Ongoing,"7-day click or 1-day view",,,,,,,0,,,,,
2026-06-11,2026-06-11,"11/7 2023 - Sales campaign Women - UK MPA",inactive,,,,"Using ad set budget",0,0,0,0,0,0,Ongoing,"7-day click or 1-day view",,,,,,,0,,,,,
2026-06-11,2026-06-11,"23/6 2023 - Sales campaign - UK MPA",inactive,,,,"Using ad set budget",0,0,0,0,0,0,Ongoing,"7-day click or 1-day view",,,,,,,0,,,,,
2026-06-11,2026-06-11,"19/6 2023 - Sales collection video",inactive,,,,"Using ad set budget",0,0,0,0,0,0,Ongoing,"7-day click or 1-day view",,,,,,,0,,,,,
2026-06-11,2026-06-11,"12/5 2023 - Sales campaign - UK MPA",inactive,,,,"Using ad set budget",0,0,0,0,0,0,Ongoing,"7-day click or 1-day view",,,,,,,0,,,,,
2026-06-11,2026-06-11,"8/5 Veltuff - Broad - custom - UK sales",inactive,,,,"Using ad set budget",0,0,0,0,0,0,Ongoing,"7-day click or 1-day view",,,,,,,0,,,,,
2026-06-11,2026-06-11,"3/5 Veltuff - Prospecting Campaign - Sales",inactive,,,,"Using ad set budget",0,0,0,0,0,0,Ongoing,"7-day click or 1-day view",,,,,,,0,,,,,
2026-06-11,2026-06-11,"11/4 Veltuff - Broad - custom - UK sales",inactive,,,,"Using ad set budget",0,0,0,0,0,0,Ongoing,"7-day click or 1-day view",,,,,,,0,,,,,
2026-06-11,2026-06-11,"28/3 Veltuff - Broad - custom - UK RM",inactive,,,,"Using ad set budget",0,0,0,0,0,0,Ongoing,"7-day click or 1-day view",,,,,,,0,,,,,
2026-06-11,2026-06-11,"23/3 Veltuff - Broad - custom - UK sales",inactive,,,,"Using ad set budget",0,0,0,0,0,0,Ongoing,"7-day click or 1-day view",,,,,,,0,,,,,
2026-06-11,2026-06-11,"17/3 Veltuff - Broad - custom - UK sales",inactive,,,,"Using ad set budget",0,0,0,0,0,0,Ongoing,"7-day click or 1-day view",,,,,,,0,,,,,
2026-06-11,2026-06-11,"AS - Prospecting Campaign JAN2023 - SALE - Copy",inactive,,,,"Using ad set budget",0,0,0,0,0,0,Ongoing,"7-day click or 1-day view",,,,,,,0,,,,,
2026-06-11,2026-06-11,"AS - Prospecting Campaign Dec2022",inactive,,,,"Using ad set budget",0,0,0,0,0,0,Ongoing,"7-day click or 1-day view",,,,,,,0,,,,,
2026-06-11,2026-06-11,"AS - RMKT - DEC 2022",inactive,,,,50,Daily,0,0,0,0,0,Ongoing,"7-day click or 1-day view",,,,,,,0,,,,,
2026-06-11,2026-06-11,"Website Retargeting - 2022",inactive,,,,"Using ad set budget",0,0,0,0,0,0,Ongoing,"1-day click",,,,,,,0,,,,,
2026-06-10,2026-06-10,"VD | Broad | Awareness",active,12389,reach,7.07321011,196,Daily,87.63,12731,12389,1.027605,6.883198,Ongoing,"7-day click or 1-day view",,,,,7,0.054984,5.842,1017,4,,,51
2026-06-10,2026-06-10,"VD | Retargeting | DPA Broad Remarket",inactive,,,,44,Daily,0,0,0,0,0,Ongoing,"7-day click",,,,,,,0,,,,,
2026-06-10,2026-06-10,"VD | Retargeting | DPA",active,4,actions:offsite_conversion.fb_pixel_purchase,96.915,370,Daily,387.66,9840,7118,1.382411,39.396341,Ongoing,"7-day click",4.780813,4,1853.33,action_values:offsite_conversion.fb_pixel_purchase,198,2.012195,1.730625,201,181,18,5,
2026-06-10,2026-06-10,"VD | Retargeting | DPA Campaign | Sales",inactive,,,,145,Daily,0,0,0,0,0,Ongoing,"7-day click",,,,,,,0,,,,,
2026-06-10,2026-06-10,"VD | Broad | Prospecting | Sales",active,3,actions:offsite_conversion.fb_pixel_purchase,173.62,370,Daily,520.86,14541,10307,1.410789,35.820095,Ongoing,"7-day click",1.854606,3,965.99,action_values:offsite_conversion.fb_pixel_purchase,228,1.56798,1.747852,266,205,20,12,17
2026-06-10,2026-06-10,"Warehouse Clearance | Prospecting | Sales | Advantage+",inactive,,,,"Using ad set budget",0,0,0,0,0,0,2026-03-29,"7-day click",,,,,,,0,,,,,
2026-06-10,2026-06-10,"WinterSale | Prospecting | Sales | Advantage+",inactive,,,,"Using ad set budget",0,0,0,0,0,0,Ongoing,"7-day click",,,,,,,0,,,,,
2026-06-10,2026-06-10,"Ongoing | Sales | ProTex1 | Advantage+ | SH",active,1,actions:offsite_conversion.fb_pixel_purchase,163.44,327,Daily,163.44,4508,3134,1.438417,36.255546,Ongoing,"7-day click or 1-day view",1.690651,1,276.32,action_values:offsite_conversion.fb_pixel_purchase,81,1.796806,1.667755,81,72,12,6,
2026-06-10,2026-06-10,"Ongoing | Sales | Hi-Vis Only | Advantage+ | SH",active,1,actions:offsite_conversion.fb_pixel_purchase,117.32,300,Daily,117.32,3340,2307,1.447768,35.125749,Ongoing,"7-day click or 1-day view",2.770201,1,325,action_values:offsite_conversion.fb_pixel_purchase,53,1.586826,1.833125,58,44,11,5,
2026-06-10,2026-06-10,"Customised Workwear | Awareness | Advantage+ | SH Campaign – Copy",inactive,,,,100,Daily,0,0,0,0,0,Ongoing,"7-day click or 1-day view",,,,,,,0,,,,,
2026-06-10,2026-06-10,"Key Categories | Sales | Advantage+ | SH Campaign",inactive,,,,"Using ad set budget",0,0,0,0,0,0,Ongoing,"7-day click, 1-day view, or 1-day engaged-view",,,,,,,0,,,,,
2026-06-10,2026-06-10,"Customised Workwear | Sales | Advantage+ | SH Campaign",inactive,,,,"Using ad set budget",0,0,0,0,0,0,Ongoing,"7-day click, 1-day view, or 1-day engaged-view",,,,,,,0,,,,,
2026-06-10,2026-06-10,"Ongoing | Retargeting | Sales | Dynamic Abandoned Cart - 30 Days | SH",inactive,,,,6.5,Daily,0,0,0,0,0,Ongoing,"7-day click",,,,,,,0,,,,,
2026-06-10,2026-06-10,"AS 7/1 25 - Purchase - Flexible ad Campaign",inactive,,,,"Using ad set budget",0,0,0,0,0,0,Ongoing,"7-day click, 1-day view, or 1-day engaged-view",,,,,,,0,,,,,
2026-06-10,2026-06-10,"5/6 Michelle Job add - KAM Jylland",inactive,,,,"Using ad set budget",0,0,0,0,0,0,Ongoing,"7-day click or 1-day view",,,,,,,0,,,,,
2026-06-10,2026-06-10,"4/1 2024 - RM - UK Campaign",inactive,,,,100,Daily,0,0,0,0,0,Ongoing,"7-day click",,,,,,,0,,,,,
2026-06-10,2026-06-10,"Ongoing | Prospecting | Sales | Broad | Advantage+ | SH Campaign",inactive,,,,"Using ad set budget",0,0,0,0,0,0,Ongoing,"7-day click or 1-day view",,,,,,,0,,,,,
2026-06-10,2026-06-10,"4/12 2023 - Safety Shoe Sale  Campaign",inactive,,,,"Using ad set budget",0,0,0,0,0,0,Ongoing,"7-day click or 1-day view",,,,,,,0,,,,,
2026-06-10,2026-06-10,"11/10 2023 - Advantage+ shopping campaign Campaign",inactive,,,,"Using ad set budget",0,0,0,0,0,0,Ongoing,"7-day click or 1-day view",,,,,,,0,,,,,
2026-06-10,2026-06-10,"19/7 2023 - MPA RM campaign",inactive,,,,"Using ad set budget",0,0,0,0,0,0,Ongoing,"7-day click or 1-day view",,,,,,,0,,,,,
2026-06-10,2026-06-10,"11/7 2023 - Sales campaign Women - UK MPA",inactive,,,,"Using ad set budget",0,0,0,0,0,0,Ongoing,"7-day click or 1-day view",,,,,,,0,,,,,
2026-06-10,2026-06-10,"23/6 2023 - Sales campaign - UK MPA",inactive,,,,"Using ad set budget",0,0,0,0,0,0,Ongoing,"7-day click or 1-day view",,,,,,,0,,,,,
2026-06-10,2026-06-10,"19/6 2023 - Sales collection video",inactive,,,,"Using ad set budget",0,0,0,0,0,0,Ongoing,"7-day click or 1-day view",,,,,,,0,,,,,
2026-06-10,2026-06-10,"12/5 2023 - Sales campaign - UK MPA",inactive,,,,"Using ad set budget",0,0,0,0,0,0,Ongoing,"7-day click or 1-day view",,,,,,,0,,,,,
2026-06-10,2026-06-10,"8/5 Veltuff - Broad - custom - UK sales",inactive,,,,"Using ad set budget",0,0,0,0,0,0,Ongoing,"7-day click or 1-day view",,,,,,,0,,,,,
2026-06-10,2026-06-10,"3/5 Veltuff - Prospecting Campaign - Sales",inactive,,,,"Using ad set budget",0,0,0,0,0,0,Ongoing,"7-day click or 1-day view",,,,,,,0,,,,,
2026-06-10,2026-06-10,"11/4 Veltuff - Broad - custom - UK sales",inactive,,,,"Using ad set budget",0,0,0,0,0,0,Ongoing,"7-day click or 1-day view",,,,,,,0,,,,,
2026-06-10,2026-06-10,"28/3 Veltuff - Broad - custom - UK RM",inactive,,,,"Using ad set budget",0,0,0,0,0,0,Ongoing,"7-day click or 1-day view",,,,,,,0,,,,,
2026-06-10,2026-06-10,"23/3 Veltuff - Broad - custom - UK sales",inactive,,,,"Using ad set budget",0,0,0,0,0,0,Ongoing,"7-day click or 1-day view",,,,,,,0,,,,,
2026-06-10,2026-06-10,"17/3 Veltuff - Broad - custom - UK sales",inactive,,,,"Using ad set budget",0,0,0,0,0,0,Ongoing,"7-day click or 1-day view",,,,,,,0,,,,,
2026-06-10,2026-06-10,"AS - Prospecting Campaign JAN2023 - SALE - Copy",inactive,,,,"Using ad set budget",0,0,0,0,0,0,Ongoing,"7-day click or 1-day view",,,,,,,0,,,,,
2026-06-10,2026-06-10,"AS - Prospecting Campaign Dec2022",inactive,,,,"Using ad set budget",0,0,0,0,0,0,Ongoing,"7-day click or 1-day view",,,,,,,0,,,,,
2026-06-10,2026-06-10,"AS - RMKT - DEC 2022",inactive,,,,50,Daily,0,0,0,0,0,Ongoing,"7-day click or 1-day view",,,,,,,0,,,,,
2026-06-10,2026-06-10,"Website Retargeting - 2022",inactive,,,,"Using ad set budget",0,0,0,0,0,0,Ongoing,"1-day click",,,,,,,0,,,,,
2026-06-09,2026-06-09,"VD | Broad | Awareness",active,32661,reach,3.77147056,196,Daily,123.18,32696,32661,1.001072,3.767433,Ongoing,"7-day click or 1-day view",,,,,38,0.116222,2.932857,548,23,,,23
2026-06-09,2026-06-09,"VD | Retargeting | DPA Broad Remarket",inactive,,,,44,Daily,0,0,0,0,0,Ongoing,"7-day click",,,,,,,0,,,,,
2026-06-09,2026-06-09,"VD | Retargeting | DPA",active,3,actions:offsite_conversion.fb_pixel_purchase,98.47,370,Daily,295.41,7059,5446,1.296181,41.848704,Ongoing,"7-day click",4.068786,3,1201.96,action_values:offsite_conversion.fb_pixel_purchase,117,1.657459,2.125252,120,98,18,5,
2026-06-09,2026-06-09,"VD | Retargeting | DPA Campaign | Sales",inactive,,,,145,Daily,0,0,0,0,0,Ongoing,"7-day click",,,,,,,0,,,,,
2026-06-09,2026-06-09,"VD | Broad | Prospecting | Sales",active,6,actions:offsite_conversion.fb_pixel_purchase,95.43166667,370,Daily,572.59,13772,9175,1.501035,41.576387,Ongoing,"7-day click",9.673204,6,5538.78,action_values:offsite_conversion.fb_pixel_purchase,283,2.054894,1.506816,288,277,36,16,
2026-06-09,2026-06-09,"Warehouse Clearance | Prospecting | Sales | Advantage+",inactive,,,,"Using ad set budget",0,0,0,0,0,0,2026-03-29,"7-day click",,,,,,,0,,,,,
2026-06-09,2026-06-09,"WinterSale | Prospecting | Sales | Advantage+",inactive,,,,"Using ad set budget",0,0,0,0,0,0,Ongoing,"7-day click",,,,,,,0,,,,,
2026-06-09,2026-06-09,"Ongoing | Sales | ProTex1 | Advantage+ | SH",active,4,actions:offsite_conversion.fb_pixel_purchase,40.19,327,Daily,160.76,4440,3219,1.37931,36.207207,Ongoing,"7-day click or 1-day view",11.378266,4,1829.17,action_values:offsite_conversion.fb_pixel_purchase,65,1.463964,1.806292,67,56,17,1,
2026-06-09,2026-06-09,"Ongoing | Sales | Hi-Vis Only | Advantage+ | SH",active,5,actions:offsite_conversion.fb_pixel_purchase,32.474,300,Daily,162.37,4705,3075,1.530081,34.510096,Ongoing,"7-day click or 1-day view",37.950853,5,6162.08,action_values:offsite_conversion.fb_pixel_purchase,59,1.253985,2.353188,75,52,15,5,
2026-06-09,2026-06-09,"Customised Workwear | Awareness | Advantage+ | SH Campaign – Copy",inactive,,,,100,Daily,0,0,0,0,0,Ongoing,"7-day click or 1-day view",,,,,,,0,,,,,
2026-06-09,2026-06-09,"Key Categories | Sales | Advantage+ | SH Campaign",inactive,,,,"Using ad set budget",0,0,0,0,0,0,Ongoing,"7-day click, 1-day view, or 1-day engaged-view",,,,,,,0,,,,,
2026-06-09,2026-06-09,"Customised Workwear | Sales | Advantage+ | SH Campaign",inactive,,,,"Using ad set budget",0,0,0,0,0,0,Ongoing,"7-day click, 1-day view, or 1-day engaged-view",,,,,,,0,,,,,
2026-06-09,2026-06-09,"Ongoing | Retargeting | Sales | Dynamic Abandoned Cart - 30 Days | SH",inactive,,,,6.5,Daily,0,0,0,0,0,Ongoing,"7-day click",,,,,,,0,,,,,
2026-06-09,2026-06-09,"AS 7/1 25 - Purchase - Flexible ad Campaign",inactive,,,,"Using ad set budget",0,0,0,0,0,0,Ongoing,"7-day click, 1-day view, or 1-day engaged-view",,,,,,,0,,,,,
2026-06-09,2026-06-09,"5/6 Michelle Job add - KAM Jylland",inactive,,,,"Using ad set budget",0,0,0,0,0,0,Ongoing,"7-day click or 1-day view",,,,,,,0,,,,,
2026-06-09,2026-06-09,"4/1 2024 - RM - UK Campaign",inactive,,,,100,Daily,0,0,0,0,0,Ongoing,"7-day click",,,,,,,0,,,,,
2026-06-09,2026-06-09,"Ongoing | Prospecting | Sales | Broad | Advantage+ | SH Campaign",inactive,,,,"Using ad set budget",0,0,0,0,0,0,Ongoing,"7-day click or 1-day view",,,,,,,0,,,,,
2026-06-09,2026-06-09,"4/12 2023 - Safety Shoe Sale  Campaign",inactive,,,,"Using ad set budget",0,0,0,0,0,0,Ongoing,"7-day click or 1-day view",,,,,,,0,,,,,
2026-06-09,2026-06-09,"11/10 2023 - Advantage+ shopping campaign Campaign",inactive,,,,"Using ad set budget",0,0,0,0,0,0,Ongoing,"7-day click or 1-day view",,,,,,,0,,,,,
2026-06-09,2026-06-09,"19/7 2023 - MPA RM campaign",inactive,,,,"Using ad set budget",0,0,0,0,0,0,Ongoing,"7-day click or 1-day view",,,,,,,0,,,,,
2026-06-09,2026-06-09,"11/7 2023 - Sales campaign Women - UK MPA",inactive,,,,"Using ad set budget",0,0,0,0,0,0,Ongoing,"7-day click or 1-day view",,,,,,,0,,,,,
2026-06-09,2026-06-09,"23/6 2023 - Sales campaign - UK MPA",inactive,,,,"Using ad set budget",0,0,0,0,0,0,Ongoing,"7-day click or 1-day view",,,,,,,0,,,,,
2026-06-09,2026-06-09,"19/6 2023 - Sales collection video",inactive,,,,"Using ad set budget",0,0,0,0,0,0,Ongoing,"7-day click or 1-day view",,,,,,,0,,,,,
2026-06-09,2026-06-09,"12/5 2023 - Sales campaign - UK MPA",inactive,,,,"Using ad set budget",0,0,0,0,0,0,Ongoing,"7-day click or 1-day view",,,,,,,0,,,,,
2026-06-09,2026-06-09,"8/5 Veltuff - Broad - custom - UK sales",inactive,,,,"Using ad set budget",0,0,0,0,0,0,Ongoing,"7-day click or 1-day view",,,,,,,0,,,,,
2026-06-09,2026-06-09,"3/5 Veltuff - Prospecting Campaign - Sales",inactive,,,,"Using ad set budget",0,0,0,0,0,0,Ongoing,"7-day click or 1-day view",,,,,,,0,,,,,
2026-06-09,2026-06-09,"11/4 Veltuff - Broad - custom - UK sales",inactive,,,,"Using ad set budget",0,0,0,0,0,0,Ongoing,"7-day click or 1-day view",,,,,,,0,,,,,
2026-06-09,2026-06-09,"28/3 Veltuff - Broad - custom - UK RM",inactive,,,,"Using ad set budget",0,0,0,0,0,0,Ongoing,"7-day click or 1-day view",,,,,,,0,,,,,
2026-06-09,2026-06-09,"23/3 Veltuff - Broad - custom - UK sales",inactive,,,,"Using ad set budget",0,0,0,0,0,0,Ongoing,"7-day click or 1-day view",,,,,,,0,,,,,
2026-06-09,2026-06-09,"17/3 Veltuff - Broad - custom - UK sales",inactive,,,,"Using ad set budget",0,0,0,0,0,0,Ongoing,"7-day click or 1-day view",,,,,,,0,,,,,
2026-06-09,2026-06-09,"AS - Prospecting Campaign JAN2023 - SALE - Copy",inactive,,,,"Using ad set budget",0,0,0,0,0,0,Ongoing,"7-day click or 1-day view",,,,,,,0,,,,,
2026-06-09,2026-06-09,"AS - Prospecting Campaign Dec2022",inactive,,,,"Using ad set budget",0,0,0,0,0,0,Ongoing,"7-day click or 1-day view",,,,,,,0,,,,,
2026-06-09,2026-06-09,"AS - RMKT - DEC 2022",inactive,,,,50,Daily,0,0,0,0,0,Ongoing,"7-day click or 1-day view",,,,,,,0,,,,,
2026-06-09,2026-06-09,"Website Retargeting - 2022",inactive,,,,"Using ad set budget",0,0,0,0,0,0,Ongoing,"1-day click",,,,,,,0,,,,,
2026-06-08,2026-06-08,"VD | Broad | Awareness",active,17377,reach,5.34326984,196,Daily,92.85,17534,17377,1.009035,5.295426,Ongoing,"7-day click or 1-day view",,,,,16,0.091251,4.6425,163,9,,,13
2026-06-08,2026-06-08,"VD | Retargeting | DPA Broad Remarket",inactive,,,,44,Daily,0,0,0,0,0,Ongoing,"7-day click",,,,,,,0,,,,,
2026-06-08,2026-06-08,"VD | Retargeting | DPA",active,2,actions:offsite_conversion.fb_pixel_purchase,197.31,370,Daily,394.62,9856,7533,1.308376,40.038555,Ongoing,"7-day click",2.056029,2,811.35,action_values:offsite_conversion.fb_pixel_purchase,194,1.968344,1.897212,198,182,43,5,
2026-06-08,2026-06-08,"VD | Retargeting | DPA Campaign | Sales",inactive,,,,145,Daily,0,0,0,0,0,Ongoing,"7-day click",,,,,,,0,,,,,
2026-06-08,2026-06-08,"VD | Broad | Prospecting | Sales",active,8,actions:offsite_conversion.fb_pixel_purchase,68.9375,370,Daily,551.5,13889,10011,1.387374,39.707682,Ongoing,"7-day click",9.306346,8,5132.45,action_values:offsite_conversion.fb_pixel_purchase,263,1.893585,1.767628,269,253,35,9,
2026-06-08,2026-06-08,"Warehouse Clearance | Prospecting | Sales | Advantage+",inactive,,,,"Using ad set budget",0,0,0,0,0,0,2026-03-29,"7-day click",,,,,,,0,,,,,
2026-06-08,2026-06-08,"WinterSale | Prospecting | Sales | Advantage+",inactive,,,,"Using ad set budget",0,0,0,0,0,0,Ongoing,"7-day click",,,,,,,0,,,,,
2026-06-08,2026-06-08,"Ongoing | Sales | ProTex1 | Advantage+ | SH",active,6,actions:offsite_conversion.fb_pixel_purchase,25.15333333,327,Daily,150.92,4573,3277,1.395484,33.002405,Ongoing,"7-day click or 1-day view",17.605553,6,2657.03,action_values:offsite_conversion.fb_pixel_purchase,60,1.312049,2.067397,63,44,9,5,
2026-06-08,2026-06-08,"Ongoing | Sales | Hi-Vis Only | Advantage+ | SH",active,4,actions:offsite_conversion.fb_pixel_purchase,33.4675,300,Daily,133.87,3845,2544,1.511399,34.816645,Ongoing,"7-day click or 1-day view",11.264585,4,1507.99,action_values:offsite_conversion.fb_pixel_purchase,48,1.248375,2.159194,57,47,8,1,1
2026-06-08,2026-06-08,"Customised Workwear | Awareness | Advantage+ | SH Campaign – Copy",inactive,,,,100,Daily,0,0,0,0,0,Ongoing,"7-day click or 1-day view",,,,,,,0,,,,,
2026-06-08,2026-06-08,"Key Categories | Sales | Advantage+ | SH Campaign",inactive,,,,"Using ad set budget",0,0,0,0,0,0,Ongoing,"7-day click, 1-day view, or 1-day engaged-view",,,,,,,0,,,,,
2026-06-08,2026-06-08,"Customised Workwear | Sales | Advantage+ | SH Campaign",inactive,,,,"Using ad set budget",0,0,0,0,0,0,Ongoing,"7-day click, 1-day view, or 1-day engaged-view",,,,,,,0,,,,,
2026-06-08,2026-06-08,"Ongoing | Retargeting | Sales | Dynamic Abandoned Cart - 30 Days | SH",inactive,,,,6.5,Daily,0,0,0,0,0,Ongoing,"7-day click",,,,,,,0,,,,,
2026-06-08,2026-06-08,"AS 7/1 25 - Purchase - Flexible ad Campaign",inactive,,,,"Using ad set budget",0,0,0,0,0,0,Ongoing,"7-day click, 1-day view, or 1-day engaged-view",,,,,,,0,,,,,
2026-06-08,2026-06-08,"5/6 Michelle Job add - KAM Jylland",inactive,,,,"Using ad set budget",0,0,0,0,0,0,Ongoing,"7-day click or 1-day view",,,,,,,0,,,,,
2026-06-08,2026-06-08,"4/1 2024 - RM - UK Campaign",inactive,,,,100,Daily,0,0,0,0,0,Ongoing,"7-day click",,,,,,,0,,,,,
2026-06-08,2026-06-08,"Ongoing | Prospecting | Sales | Broad | Advantage+ | SH Campaign",inactive,,,,"Using ad set budget",0,0,0,0,0,0,Ongoing,"7-day click or 1-day view",,,,,,,0,,,,,
2026-06-08,2026-06-08,"4/12 2023 - Safety Shoe Sale  Campaign",inactive,,,,"Using ad set budget",0,0,0,0,0,0,Ongoing,"7-day click or 1-day view",,,,,,,0,,,,,
2026-06-08,2026-06-08,"11/10 2023 - Advantage+ shopping campaign Campaign",inactive,,,,"Using ad set budget",0,0,0,0,0,0,Ongoing,"7-day click or 1-day view",,,,,,,0,,,,,
2026-06-08,2026-06-08,"19/7 2023 - MPA RM campaign",inactive,,,,"Using ad set budget",0,0,0,0,0,0,Ongoing,"7-day click or 1-day view",,,,,,,0,,,,,
2026-06-08,2026-06-08,"11/7 2023 - Sales campaign Women - UK MPA",inactive,,,,"Using ad set budget",0,0,0,0,0,0,Ongoing,"7-day click or 1-day view",,,,,,,0,,,,,
2026-06-08,2026-06-08,"23/6 2023 - Sales campaign - UK MPA",inactive,,,,"Using ad set budget",0,0,0,0,0,0,Ongoing,"7-day click or 1-day view",,,,,,,0,,,,,
2026-06-08,2026-06-08,"19/6 2023 - Sales collection video",inactive,,,,"Using ad set budget",0,0,0,0,0,0,Ongoing,"7-day click or 1-day view",,,,,,,0,,,,,
2026-06-08,2026-06-08,"12/5 2023 - Sales campaign - UK MPA",inactive,,,,"Using ad set budget",0,0,0,0,0,0,Ongoing,"7-day click or 1-day view",,,,,,,0,,,,,
2026-06-08,2026-06-08,"8/5 Veltuff - Broad - custom - UK sales",inactive,,,,"Using ad set budget",0,0,0,0,0,0,Ongoing,"7-day click or 1-day view",,,,,,,0,,,,,
2026-06-08,2026-06-08,"3/5 Veltuff - Prospecting Campaign - Sales",inactive,,,,"Using ad set budget",0,0,0,0,0,0,Ongoing,"7-day click or 1-day view",,,,,,,0,,,,,
2026-06-08,2026-06-08,"11/4 Veltuff - Broad - custom - UK sales",inactive,,,,"Using ad set budget",0,0,0,0,0,0,Ongoing,"7-day click or 1-day view",,,,,,,0,,,,,
2026-06-08,2026-06-08,"28/3 Veltuff - Broad - custom - UK RM",inactive,,,,"Using ad set budget",0,0,0,0,0,0,Ongoing,"7-day click or 1-day view",,,,,,,0,,,,,
2026-06-08,2026-06-08,"23/3 Veltuff - Broad - custom - UK sales",inactive,,,,"Using ad set budget",0,0,0,0,0,0,Ongoing,"7-day click or 1-day view",,,,,,,0,,,,,
2026-06-08,2026-06-08,"17/3 Veltuff - Broad - custom - UK sales",inactive,,,,"Using ad set budget",0,0,0,0,0,0,Ongoing,"7-day click or 1-day view",,,,,,,0,,,,,
2026-06-08,2026-06-08,"AS - Prospecting Campaign JAN2023 - SALE - Copy",inactive,,,,"Using ad set budget",0,0,0,0,0,0,Ongoing,"7-day click or 1-day view",,,,,,,0,,,,,
2026-06-08,2026-06-08,"AS - Prospecting Campaign Dec2022",inactive,,,,"Using ad set budget",0,0,0,0,0,0,Ongoing,"7-day click or 1-day view",,,,,,,0,,,,,
2026-06-08,2026-06-08,"AS - RMKT - DEC 2022",inactive,,,,50,Daily,0,0,0,0,0,Ongoing,"7-day click or 1-day view",,,,,,,0,,,,,
2026-06-08,2026-06-08,"Website Retargeting - 2022",inactive,,,,"Using ad set budget",0,0,0,0,0,0,Ongoing,"1-day click",,,,,,,0,,,,,
2026-06-07,2026-06-07,"VD | Broad | Awareness",active,16444,reach,6.14996351,196,Daily,101.13,16444,16444,1,6.149964,Ongoing,"7-day click or 1-day view",,,,,11,0.066894,5.322632,444,9,1,,20
2026-06-07,2026-06-07,"VD | Retargeting | DPA Broad Remarket",inactive,,,,44,Daily,0,0,0,0,0,Ongoing,"7-day click",,,,,,,0,,,,,
2026-06-07,2026-06-07,"VD | Retargeting | DPA",active,4,actions:offsite_conversion.fb_pixel_purchase,108.5225,370,Daily,434.09,11102,8049,1.379302,39.100162,Ongoing,"7-day click",3.741551,4,1624.17,action_values:offsite_conversion.fb_pixel_purchase,212,1.909566,1.786379,221,191,19,9,1
2026-06-07,2026-06-07,"VD | Retargeting | DPA Campaign | Sales",inactive,,,,145,Daily,0,0,0,0,0,Ongoing,"7-day click",,,,,,,0,,,,,
2026-06-07,2026-06-07,"VD | Broad | Prospecting | Sales",active,4,actions:offsite_conversion.fb_pixel_purchase,151.305,370,Daily,605.22,16518,10932,1.510977,36.640029,Ongoing,"7-day click",10.919054,4,6608.43,action_values:offsite_conversion.fb_pixel_purchase,328,1.985713,1.417377,362,304,29,13,9
2026-06-07,2026-06-07,"Warehouse Clearance | Prospecting | Sales | Advantage+",inactive,,,,"Using ad set budget",0,0,0,0,0,0,2026-03-29,"7-day click",,,,,,,0,,,,,
2026-06-07,2026-06-07,"WinterSale | Prospecting | Sales | Advantage+",inactive,,,,"Using ad set budget",0,0,0,0,0,0,Ongoing,"7-day click",,,,,,,0,,,,,
2026-06-07,2026-06-07,"Ongoing | Sales | ProTex1 | Advantage+ | SH",active,2,actions:offsite_conversion.fb_pixel_purchase,83.62,327,Daily,167.24,4606,3395,1.356701,36.309162,Ongoing,"7-day click or 1-day view",5.539883,2,926.49,action_values:offsite_conversion.fb_pixel_purchase,61,1.32436,2.171948,62,49,7,2,
2026-06-07,2026-06-07,"Ongoing | Sales | Hi-Vis Only | Advantage+ | SH",active,,,,300,Daily,175.41,4441,2953,1.503894,39.497861,Ongoing,"7-day click or 1-day view",,,,,74,1.666291,2.088214,94,70,12,10,2
2026-06-07,2026-06-07,"Customised Workwear | Awareness | Advantage+ | SH Campaign – Copy",inactive,,,,100,Daily,0,0,0,0,0,Ongoing,"7-day click or 1-day view",,,,,,,0,,,,,
2026-06-07,2026-06-07,"Key Categories | Sales | Advantage+ | SH Campaign",inactive,,,,"Using ad set budget",0,0,0,0,0,0,Ongoing,"7-day click, 1-day view, or 1-day engaged-view",,,,,,,0,,,,,
2026-06-07,2026-06-07,"Customised Workwear | Sales | Advantage+ | SH Campaign",inactive,,,,"Using ad set budget",0,0,0,0,0,0,Ongoing,"7-day click, 1-day view, or 1-day engaged-view",,,,,,,0,,,,,
2026-06-07,2026-06-07,"Ongoing | Retargeting | Sales | Dynamic Abandoned Cart - 30 Days | SH",inactive,,,,6.5,Daily,0,0,0,0,0,Ongoing,"7-day click",,,,,,,0,,,,,
2026-06-07,2026-06-07,"AS 7/1 25 - Purchase - Flexible ad Campaign",inactive,,,,"Using ad set budget",0,0,0,0,0,0,Ongoing,"7-day click, 1-day view, or 1-day engaged-view",,,,,,,0,,,,,
2026-06-07,2026-06-07,"5/6 Michelle Job add - KAM Jylland",inactive,,,,"Using ad set budget",0,0,0,0,0,0,Ongoing,"7-day click or 1-day view",,,,,,,0,,,,,
2026-06-07,2026-06-07,"4/1 2024 - RM - UK Campaign",inactive,,,,100,Daily,0,0,0,0,0,Ongoing,"7-day click",,,,,,,0,,,,,
2026-06-07,2026-06-07,"Ongoing | Prospecting | Sales | Broad | Advantage+ | SH Campaign",inactive,,,,"Using ad set budget",0,0,0,0,0,0,Ongoing,"7-day click or 1-day view",,,,,,,0,,,,,
2026-06-07,2026-06-07,"4/12 2023 - Safety Shoe Sale  Campaign",inactive,,,,"Using ad set budget",0,0,0,0,0,0,Ongoing,"7-day click or 1-day view",,,,,,,0,,,,,
2026-06-07,2026-06-07,"11/10 2023 - Advantage+ shopping campaign Campaign",inactive,,,,"Using ad set budget",0,0,0,0,0,0,Ongoing,"7-day click or 1-day view",,,,,,,0,,,,,
2026-06-07,2026-06-07,"19/7 2023 - MPA RM campaign",inactive,,,,"Using ad set budget",0,0,0,0,0,0,Ongoing,"7-day click or 1-day view",,,,,,,0,,,,,
2026-06-07,2026-06-07,"11/7 2023 - Sales campaign Women - UK MPA",inactive,,,,"Using ad set budget",0,0,0,0,0,0,Ongoing,"7-day click or 1-day view",,,,,,,0,,,,,
2026-06-07,2026-06-07,"23/6 2023 - Sales campaign - UK MPA",inactive,,,,"Using ad set budget",0,0,0,0,0,0,Ongoing,"7-day click or 1-day view",,,,,,,0,,,,,
2026-06-07,2026-06-07,"19/6 2023 - Sales collection video",inactive,,,,"Using ad set budget",0,0,0,0,0,0,Ongoing,"7-day click or 1-day view",,,,,,,0,,,,,
2026-06-07,2026-06-07,"12/5 2023 - Sales campaign - UK MPA",inactive,,,,"Using ad set budget",0,0,0,0,0,0,Ongoing,"7-day click or 1-day view",,,,,,,0,,,,,
2026-06-07,2026-06-07,"8/5 Veltuff - Broad - custom - UK sales",inactive,,,,"Using ad set budget",0,0,0,0,0,0,Ongoing,"7-day click or 1-day view",,,,,,,0,,,,,
2026-06-07,2026-06-07,"3/5 Veltuff - Prospecting Campaign - Sales",inactive,,,,"Using ad set budget",0,0,0,0,0,0,Ongoing,"7-day click or 1-day view",,,,,,,0,,,,,
2026-06-07,2026-06-07,"11/4 Veltuff - Broad - custom - UK sales",inactive,,,,"Using ad set budget",0,0,0,0,0,0,Ongoing,"7-day click or 1-day view",,,,,,,0,,,,,
2026-06-07,2026-06-07,"28/3 Veltuff - Broad - custom - UK RM",inactive,,,,"Using ad set budget",0,0,0,0,0,0,Ongoing,"7-day click or 1-day view",,,,,,,0,,,,,
2026-06-07,2026-06-07,"23/3 Veltuff - Broad - custom - UK sales",inactive,,,,"Using ad set budget",0,0,0,0,0,0,Ongoing,"7-day click or 1-day view",,,,,,,0,,,,,
2026-06-07,2026-06-07,"17/3 Veltuff - Broad - custom - UK sales",inactive,,,,"Using ad set budget",0,0,0,0,0,0,Ongoing,"7-day click or 1-day view",,,,,,,0,,,,,
2026-06-07,2026-06-07,"AS - Prospecting Campaign JAN2023 - SALE - Copy",inactive,,,,"Using ad set budget",0,0,0,0,0,0,Ongoing,"7-day click or 1-day view",,,,,,,0,,,,,
2026-06-07,2026-06-07,"AS - Prospecting Campaign Dec2022",inactive,,,,"Using ad set budget",0,0,0,0,0,0,Ongoing,"7-day click or 1-day view",,,,,,,0,,,,,
2026-06-07,2026-06-07,"AS - RMKT - DEC 2022",inactive,,,,50,Daily,0,0,0,0,0,Ongoing,"7-day click or 1-day view",,,,,,,0,,,,,
2026-06-07,2026-06-07,"Website Retargeting - 2022",inactive,,,,"Using ad set budget",0,0,0,0,0,0,Ongoing,"1-day click",,,,,,,0,,,,,
2026-06-06,2026-06-06,"VD | Broad | Awareness",active,16474,reach,6.59463397,196,Daily,108.64,16778,16474,1.018453,6.475146,Ongoing,"7-day click or 1-day view",,,,,7,0.041721,5.717895,11,4,,,
2026-06-06,2026-06-06,"VD | Retargeting | DPA Broad Remarket",inactive,,,,44,Daily,0,0,0,0,0,Ongoing,"7-day click",,,,,,,0,,,,,
2026-06-06,2026-06-06,"VD | Retargeting | DPA",active,1,actions:offsite_conversion.fb_pixel_purchase,355.86,370,Daily,355.86,9292,6760,1.374556,38.29746,Ongoing,"7-day click",0.59751,1,212.63,action_values:offsite_conversion.fb_pixel_purchase,180,1.93715,1.735902,189,166,8,6,
2026-06-06,2026-06-06,"VD | Retargeting | DPA Campaign | Sales",inactive,,,,145,Daily,0,0,0,0,0,Ongoing,"7-day click",,,,,,,0,,,,,
2026-06-06,2026-06-06,"VD | Broad | Prospecting | Sales",active,6,actions:offsite_conversion.fb_pixel_purchase,73.545,370,Daily,441.27,11854,8355,1.418791,37.225409,Ongoing,"7-day click",4.389557,6,1936.98,action_values:offsite_conversion.fb_pixel_purchase,351,2.961026,1.097687,359,322,17,9,1
2026-06-06,2026-06-06,"Warehouse Clearance | Prospecting | Sales | Advantage+",inactive,,,,"Using ad set budget",0,0,0,0,0,0,2026-03-29,"7-day click",,,,,,,0,,,,,
2026-06-06,2026-06-06,"WinterSale | Prospecting | Sales | Advantage+",inactive,,,,"Using ad set budget",0,0,0,0,0,0,Ongoing,"7-day click",,,,,,,0,,,,,
2026-06-06,2026-06-06,"Ongoing | Sales | ProTex1 | Advantage+ | SH",active,3,actions:offsite_conversion.fb_pixel_purchase,43.97,327,Daily,131.91,3493,2647,1.319607,37.7641,Ongoing,"7-day click or 1-day view",12.719961,3,1677.89,action_values:offsite_conversion.fb_pixel_purchase,53,1.51732,1.648875,59,55,9,7,
2026-06-06,2026-06-06,"Ongoing | Sales | Hi-Vis Only | Advantage+ | SH",active,3,actions:offsite_conversion.fb_pixel_purchase,46.8,300,Daily,140.4,4122,2950,1.397288,34.061135,Ongoing,"7-day click or 1-day view",7.439957,3,1044.57,action_values:offsite_conversion.fb_pixel_purchase,52,1.261524,1.95,67,50,9,4,4
2026-06-06,2026-06-06,"Customised Workwear | Awareness | Advantage+ | SH Campaign – Copy",inactive,,,,100,Daily,0,0,0,0,0,Ongoing,"7-day click or 1-day view",,,,,,,0,,,,,
2026-06-06,2026-06-06,"Key Categories | Sales | Advantage+ | SH Campaign",inactive,,,,"Using ad set budget",0,0,0,0,0,0,Ongoing,"7-day click, 1-day view, or 1-day engaged-view",,,,,,,0,,,,,
2026-06-06,2026-06-06,"Customised Workwear | Sales | Advantage+ | SH Campaign",inactive,,,,"Using ad set budget",0,0,0,0,0,0,Ongoing,"7-day click, 1-day view, or 1-day engaged-view",,,,,,,0,,,,,
2026-06-06,2026-06-06,"Ongoing | Retargeting | Sales | Dynamic Abandoned Cart - 30 Days | SH",inactive,,,,6.5,Daily,0,0,0,0,0,Ongoing,"7-day click",,,,,,,0,,,,,
2026-06-06,2026-06-06,"AS 7/1 25 - Purchase - Flexible ad Campaign",inactive,,,,"Using ad set budget",0,0,0,0,0,0,Ongoing,"7-day click, 1-day view, or 1-day engaged-view",,,,,,,0,,,,,
2026-06-06,2026-06-06,"5/6 Michelle Job add - KAM Jylland",inactive,,,,"Using ad set budget",0,0,0,0,0,0,Ongoing,"7-day click or 1-day view",,,,,,,0,,,,,
2026-06-06,2026-06-06,"4/1 2024 - RM - UK Campaign",inactive,,,,100,Daily,0,0,0,0,0,Ongoing,"7-day click",,,,,,,0,,,,,
2026-06-06,2026-06-06,"Ongoing | Prospecting | Sales | Broad | Advantage+ | SH Campaign",inactive,,,,"Using ad set budget",0,0,0,0,0,0,Ongoing,"7-day click or 1-day view",,,,,,,0,,,,,
2026-06-06,2026-06-06,"4/12 2023 - Safety Shoe Sale  Campaign",inactive,,,,"Using ad set budget",0,0,0,0,0,0,Ongoing,"7-day click or 1-day view",,,,,,,0,,,,,
2026-06-06,2026-06-06,"11/10 2023 - Advantage+ shopping campaign Campaign",inactive,,,,"Using ad set budget",0,0,0,0,0,0,Ongoing,"7-day click or 1-day view",,,,,,,0,,,,,
2026-06-06,2026-06-06,"19/7 2023 - MPA RM campaign",inactive,,,,"Using ad set budget",0,0,0,0,0,0,Ongoing,"7-day click or 1-day view",,,,,,,0,,,,,
2026-06-06,2026-06-06,"11/7 2023 - Sales campaign Women - UK MPA",inactive,,,,"Using ad set budget",0,0,0,0,0,0,Ongoing,"7-day click or 1-day view",,,,,,,0,,,,,
2026-06-06,2026-06-06,"23/6 2023 - Sales campaign - UK MPA",inactive,,,,"Using ad set budget",0,0,0,0,0,0,Ongoing,"7-day click or 1-day view",,,,,,,0,,,,,
2026-06-06,2026-06-06,"19/6 2023 - Sales collection video",inactive,,,,"Using ad set budget",0,0,0,0,0,0,Ongoing,"7-day click or 1-day view",,,,,,,0,,,,,
2026-06-06,2026-06-06,"12/5 2023 - Sales campaign - UK MPA",inactive,,,,"Using ad set budget",0,0,0,0,0,0,Ongoing,"7-day click or 1-day view",,,,,,,0,,,,,
2026-06-06,2026-06-06,"8/5 Veltuff - Broad - custom - UK sales",inactive,,,,"Using ad set budget",0,0,0,0,0,0,Ongoing,"7-day click or 1-day view",,,,,,,0,,,,,
2026-06-06,2026-06-06,"3/5 Veltuff - Prospecting Campaign - Sales",inactive,,,,"Using ad set budget",0,0,0,0,0,0,Ongoing,"7-day click or 1-day view",,,,,,,0,,,,,
2026-06-06,2026-06-06,"11/4 Veltuff - Broad - custom - UK sales",inactive,,,,"Using ad set budget",0,0,0,0,0,0,Ongoing,"7-day click or 1-day view",,,,,,,0,,,,,
2026-06-06,2026-06-06,"28/3 Veltuff - Broad - custom - UK RM",inactive,,,,"Using ad set budget",0,0,0,0,0,0,Ongoing,"7-day click or 1-day view",,,,,,,0,,,,,
2026-06-06,2026-06-06,"23/3 Veltuff - Broad - custom - UK sales",inactive,,,,"Using ad set budget",0,0,0,0,0,0,Ongoing,"7-day click or 1-day view",,,,,,,0,,,,,
2026-06-06,2026-06-06,"17/3 Veltuff - Broad - custom - UK sales",inactive,,,,"Using ad set budget",0,0,0,0,0,0,Ongoing,"7-day click or 1-day view",,,,,,,0,,,,,
2026-06-06,2026-06-06,"AS - Prospecting Campaign JAN2023 - SALE - Copy",inactive,,,,"Using ad set budget",0,0,0,0,0,0,Ongoing,"7-day click or 1-day view",,,,,,,0,,,,,
2026-06-06,2026-06-06,"AS - Prospecting Campaign Dec2022",inactive,,,,"Using ad set budget",0,0,0,0,0,0,Ongoing,"7-day click or 1-day view",,,,,,,0,,,,,
2026-06-06,2026-06-06,"AS - RMKT - DEC 2022",inactive,,,,50,Daily,0,0,0,0,0,Ongoing,"7-day click or 1-day view",,,,,,,0,,,,,
2026-06-06,2026-06-06,"Website Retargeting - 2022",inactive,,,,"Using ad set budget",0,0,0,0,0,0,Ongoing,"1-day click",,,,,,,0,,,,,
2026-06-05,2026-06-05,"VD | Broad | Awareness",active,10488,reach,7.94908467,196,Daily,83.37,11471,10488,1.093726,7.267893,Ongoing,"7-day click or 1-day view",,,,,5,0.043588,6.413077,392,1,,,25
2026-06-05,2026-06-05,"VD | Retargeting | DPA Broad Remarket",inactive,,,,44,Daily,0,0,0,0,0,Ongoing,"7-day click",,,,,,,0,,,,,
2026-06-05,2026-06-05,"VD | Retargeting | DPA",active,1,actions:offsite_conversion.fb_pixel_purchase,288.79,370,Daily,288.79,6729,4751,1.416333,42.917224,Ongoing,"7-day click",1.582569,1,457.03,action_values:offsite_conversion.fb_pixel_purchase,116,1.723882,2.221462,121,97,18,6,
2026-06-05,2026-06-05,"VD | Retargeting | DPA Campaign | Sales",inactive,,,,145,Daily,0,0,0,0,0,Ongoing,"7-day click",,,,,,,0,,,,,
2026-06-05,2026-06-05,"VD | Broad | Prospecting | Sales",active,4,actions:offsite_conversion.fb_pixel_purchase,127.0275,370,Daily,508.11,11599,7930,1.462673,43.806363,Ongoing,"7-day click",5.442247,4,2765.26,action_values:offsite_conversion.fb_pixel_purchase,271,2.336408,1.512232,321,243,18,8,16
2026-06-05,2026-06-05,"Warehouse Clearance | Prospecting | Sales | Advantage+",inactive,,,,"Using ad set budget",0,0,0,0,0,0,2026-03-29,"7-day click",,,,,,,0,,,,,
2026-06-05,2026-06-05,"WinterSale | Prospecting | Sales | Advantage+",inactive,,,,"Using ad set budget",0,0,0,0,0,0,Ongoing,"7-day click",,,,,,,0,,,,,
2026-06-05,2026-06-05,"Ongoing | Sales | ProTex1 | Advantage+ | SH",active,1,actions:offsite_conversion.fb_pixel_purchase,140.26,327,Daily,140.26,3217,2057,1.563928,43.599627,Ongoing,"7-day click or 1-day view",9.402752,1,1318.83,action_values:offsite_conversion.fb_pixel_purchase,47,1.460989,2.418276,49,40,1,1,
2026-06-05,2026-06-05,"Ongoing | Sales | Hi-Vis Only | Advantage+ | SH",active,4,actions:offsite_conversion.fb_pixel_purchase,33.0125,300,Daily,132.05,3439,2332,1.4747,38.39779,Ongoing,"7-day click or 1-day view",22.026429,4,2908.59,action_values:offsite_conversion.fb_pixel_purchase,57,1.657459,2.000758,57,50,7,3,
2026-06-05,2026-06-05,"Customised Workwear | Awareness | Advantage+ | SH Campaign – Copy",inactive,,,,100,Daily,0,0,0,0,0,Ongoing,"7-day click or 1-day view",,,,,,,0,,,,,
2026-06-05,2026-06-05,"Key Categories | Sales | Advantage+ | SH Campaign",inactive,,,,"Using ad set budget",0,0,0,0,0,0,Ongoing,"7-day click, 1-day view, or 1-day engaged-view",,,,,,,0,,,,,
2026-06-05,2026-06-05,"Customised Workwear | Sales | Advantage+ | SH Campaign",inactive,,,,"Using ad set budget",0,0,0,0,0,0,Ongoing,"7-day click, 1-day view, or 1-day engaged-view",,,,,,,0,,,,,
2026-06-05,2026-06-05,"Ongoing | Retargeting | Sales | Dynamic Abandoned Cart - 30 Days | SH",inactive,,,,6.5,Daily,0,0,0,0,0,Ongoing,"7-day click",,,,,,,0,,,,,
2026-06-05,2026-06-05,"AS 7/1 25 - Purchase - Flexible ad Campaign",inactive,,,,"Using ad set budget",0,0,0,0,0,0,Ongoing,"7-day click, 1-day view, or 1-day engaged-view",,,,,,,0,,,,,
2026-06-05,2026-06-05,"5/6 Michelle Job add - KAM Jylland",inactive,,,,"Using ad set budget",0,0,0,0,0,0,Ongoing,"7-day click or 1-day view",,,,,,,0,,,,,
2026-06-05,2026-06-05,"4/1 2024 - RM - UK Campaign",inactive,,,,100,Daily,0,0,0,0,0,Ongoing,"7-day click",,,,,,,0,,,,,
2026-06-05,2026-06-05,"Ongoing | Prospecting | Sales | Broad | Advantage+ | SH Campaign",inactive,,,,"Using ad set budget",0,0,0,0,0,0,Ongoing,"7-day click or 1-day view",,,,,,,0,,,,,
2026-06-05,2026-06-05,"4/12 2023 - Safety Shoe Sale  Campaign",inactive,,,,"Using ad set budget",0,0,0,0,0,0,Ongoing,"7-day click or 1-day view",,,,,,,0,,,,,
2026-06-05,2026-06-05,"11/10 2023 - Advantage+ shopping campaign Campaign",inactive,,,,"Using ad set budget",0,0,0,0,0,0,Ongoing,"7-day click or 1-day view",,,,,,,0,,,,,
2026-06-05,2026-06-05,"19/7 2023 - MPA RM campaign",inactive,,,,"Using ad set budget",0,0,0,0,0,0,Ongoing,"7-day click or 1-day view",,,,,,,0,,,,,
2026-06-05,2026-06-05,"11/7 2023 - Sales campaign Women - UK MPA",inactive,,,,"Using ad set budget",0,0,0,0,0,0,Ongoing,"7-day click or 1-day view",,,,,,,0,,,,,
2026-06-05,2026-06-05,"23/6 2023 - Sales campaign - UK MPA",inactive,,,,"Using ad set budget",0,0,0,0,0,0,Ongoing,"7-day click or 1-day view",,,,,,,0,,,,,
2026-06-05,2026-06-05,"19/6 2023 - Sales collection video",inactive,,,,"Using ad set budget",0,0,0,0,0,0,Ongoing,"7-day click or 1-day view",,,,,,,0,,,,,
2026-06-05,2026-06-05,"12/5 2023 - Sales campaign - UK MPA",inactive,,,,"Using ad set budget",0,0,0,0,0,0,Ongoing,"7-day click or 1-day view",,,,,,,0,,,,,
2026-06-05,2026-06-05,"8/5 Veltuff - Broad - custom - UK sales",inactive,,,,"Using ad set budget",0,0,0,0,0,0,Ongoing,"7-day click or 1-day view",,,,,,,0,,,,,
2026-06-05,2026-06-05,"3/5 Veltuff - Prospecting Campaign - Sales",inactive,,,,"Using ad set budget",0,0,0,0,0,0,Ongoing,"7-day click or 1-day view",,,,,,,0,,,,,
2026-06-05,2026-06-05,"11/4 Veltuff - Broad - custom - UK sales",inactive,,,,"Using ad set budget",0,0,0,0,0,0,Ongoing,"7-day click or 1-day view",,,,,,,0,,,,,
2026-06-05,2026-06-05,"28/3 Veltuff - Broad - custom - UK RM",inactive,,,,"Using ad set budget",0,0,0,0,0,0,Ongoing,"7-day click or 1-day view",,,,,,,0,,,,,
2026-06-05,2026-06-05,"23/3 Veltuff - Broad - custom - UK sales",inactive,,,,"Using ad set budget",0,0,0,0,0,0,Ongoing,"7-day click or 1-day view",,,,,,,0,,,,,
2026-06-05,2026-06-05,"17/3 Veltuff - Broad - custom - UK sales",inactive,,,,"Using ad set budget",0,0,0,0,0,0,Ongoing,"7-day click or 1-day view",,,,,,,0,,,,,
2026-06-05,2026-06-05,"AS - Prospecting Campaign JAN2023 - SALE - Copy",inactive,,,,"Using ad set budget",0,0,0,0,0,0,Ongoing,"7-day click or 1-day view",,,,,,,0,,,,,
2026-06-05,2026-06-05,"AS - Prospecting Campaign Dec2022",inactive,,,,"Using ad set budget",0,0,0,0,0,0,Ongoing,"7-day click or 1-day view",,,,,,,0,,,,,
2026-06-05,2026-06-05,"AS - RMKT - DEC 2022",inactive,,,,50,Daily,0,0,0,0,0,Ongoing,"7-day click or 1-day view",,,,,,,0,,,,,
2026-06-05,2026-06-05,"Website Retargeting - 2022",inactive,,,,"Using ad set budget",0,0,0,0,0,0,Ongoing,"1-day click",,,,,,,0,,,,,
2026-06-04,2026-06-04,"VD | Broad | Awareness",active,20428,reach,6.09212845,196,Daily,124.45,20987,20428,1.027364,5.929861,Ongoing,"7-day click or 1-day view",,,,,27,0.128651,3.771212,1191,11,,,61
2026-06-04,2026-06-04,"VD | Retargeting | DPA Broad Remarket",inactive,,,,44,Daily,0,0,0,0,0,Ongoing,"7-day click",,,,,,,0,,,,,
2026-06-04,2026-06-04,"VD | Retargeting | DPA",active,4,actions:offsite_conversion.fb_pixel_purchase,95.7825,370,Daily,383.13,11416,9099,1.254643,33.560792,Ongoing,"7-day click",4.304309,4,1649.11,action_values:offsite_conversion.fb_pixel_purchase,197,1.725648,1.695265,206,174,13,8,1
2026-06-04,2026-06-04,"VD | Retargeting | DPA Campaign | Sales",inactive,,,,145,Daily,0,0,0,0,0,Ongoing,"7-day click",,,,,,,0,,,,,
2026-06-04,2026-06-04,"VD | Broad | Prospecting | Sales",active,2,actions:offsite_conversion.fb_pixel_purchase,256.715,370,Daily,513.43,12103,8090,1.496045,42.421714,Ongoing,"7-day click",1.83172,2,940.46,action_values:offsite_conversion.fb_pixel_purchase,200,1.652483,2.013451,205,179,14,7,1
2026-06-04,2026-06-04,"Warehouse Clearance | Prospecting | Sales | Advantage+",inactive,,,,"Using ad set budget",0,0,0,0,0,0,2026-03-29,"7-day click",,,,,,,0,,,,,
2026-06-04,2026-06-04,"WinterSale | Prospecting | Sales | Advantage+",inactive,,,,"Using ad set budget",0,0,0,0,0,0,Ongoing,"7-day click",,,,,,,0,,,,,
2026-06-04,2026-06-04,"Ongoing | Sales | ProTex1 | Advantage+ | SH",active,,,,327,Daily,151.04,3906,2855,1.368126,38.668715,Ongoing,"7-day click or 1-day view",,,,,53,1.356887,1.987368,55,44,2,,
2026-06-04,2026-06-04,"Ongoing | Sales | Hi-Vis Only | Advantage+ | SH",active,2,actions:offsite_conversion.fb_pixel_purchase,76.37,300,Daily,152.74,4095,2822,1.451099,37.299145,Ongoing,"7-day click or 1-day view",20.816747,2,3179.55,action_values:offsite_conversion.fb_pixel_purchase,50,1.221001,2.424444,58,42,9,1,
2026-06-04,2026-06-04,"Customised Workwear | Awareness | Advantage+ | SH Campaign – Copy",inactive,,,,100,Daily,0,0,0,0,0,Ongoing,"7-day click or 1-day view",,,,,,,0,,,,,
2026-06-04,2026-06-04,"Key Categories | Sales | Advantage+ | SH Campaign",inactive,,,,"Using ad set budget",0,0,0,0,0,0,Ongoing,"7-day click, 1-day view, or 1-day engaged-view",,,,,,,0,,,,,
2026-06-04,2026-06-04,"Customised Workwear | Sales | Advantage+ | SH Campaign",inactive,,,,"Using ad set budget",0,0,0,0,0,0,Ongoing,"7-day click, 1-day view, or 1-day engaged-view",,,,,,,0,,,,,
2026-06-04,2026-06-04,"Ongoing | Retargeting | Sales | Dynamic Abandoned Cart - 30 Days | SH",inactive,,,,6.5,Daily,0,0,0,0,0,Ongoing,"7-day click",,,,,,,0,,,,,
2026-06-04,2026-06-04,"AS 7/1 25 - Purchase - Flexible ad Campaign",inactive,,,,"Using ad set budget",0,0,0,0,0,0,Ongoing,"7-day click, 1-day view, or 1-day engaged-view",,,,,,,0,,,,,
2026-06-04,2026-06-04,"5/6 Michelle Job add - KAM Jylland",inactive,,,,"Using ad set budget",0,0,0,0,0,0,Ongoing,"7-day click or 1-day view",,,,,,,0,,,,,
2026-06-04,2026-06-04,"4/1 2024 - RM - UK Campaign",inactive,,,,100,Daily,0,0,0,0,0,Ongoing,"7-day click",,,,,,,0,,,,,
2026-06-04,2026-06-04,"Ongoing | Prospecting | Sales | Broad | Advantage+ | SH Campaign",inactive,,,,"Using ad set budget",0,0,0,0,0,0,Ongoing,"7-day click or 1-day view",,,,,,,0,,,,,
2026-06-04,2026-06-04,"4/12 2023 - Safety Shoe Sale  Campaign",inactive,,,,"Using ad set budget",0,0,0,0,0,0,Ongoing,"7-day click or 1-day view",,,,,,,0,,,,,
2026-06-04,2026-06-04,"11/10 2023 - Advantage+ shopping campaign Campaign",inactive,,,,"Using ad set budget",0,0,0,0,0,0,Ongoing,"7-day click or 1-day view",,,,,,,0,,,,,
2026-06-04,2026-06-04,"19/7 2023 - MPA RM campaign",inactive,,,,"Using ad set budget",0,0,0,0,0,0,Ongoing,"7-day click or 1-day view",,,,,,,0,,,,,
2026-06-04,2026-06-04,"11/7 2023 - Sales campaign Women - UK MPA",inactive,,,,"Using ad set budget",0,0,0,0,0,0,Ongoing,"7-day click or 1-day view",,,,,,,0,,,,,
2026-06-04,2026-06-04,"23/6 2023 - Sales campaign - UK MPA",inactive,,,,"Using ad set budget",0,0,0,0,0,0,Ongoing,"7-day click or 1-day view",,,,,,,0,,,,,
2026-06-04,2026-06-04,"19/6 2023 - Sales collection video",inactive,,,,"Using ad set budget",0,0,0,0,0,0,Ongoing,"7-day click or 1-day view",,,,,,,0,,,,,
2026-06-04,2026-06-04,"12/5 2023 - Sales campaign - UK MPA",inactive,,,,"Using ad set budget",0,0,0,0,0,0,Ongoing,"7-day click or 1-day view",,,,,,,0,,,,,
2026-06-04,2026-06-04,"8/5 Veltuff - Broad - custom - UK sales",inactive,,,,"Using ad set budget",0,0,0,0,0,0,Ongoing,"7-day click or 1-day view",,,,,,,0,,,,,
2026-06-04,2026-06-04,"3/5 Veltuff - Prospecting Campaign - Sales",inactive,,,,"Using ad set budget",0,0,0,0,0,0,Ongoing,"7-day click or 1-day view",,,,,,,0,,,,,
2026-06-04,2026-06-04,"11/4 Veltuff - Broad - custom - UK sales",inactive,,,,"Using ad set budget",0,0,0,0,0,0,Ongoing,"7-day click or 1-day view",,,,,,,0,,,,,
2026-06-04,2026-06-04,"28/3 Veltuff - Broad - custom - UK RM",inactive,,,,"Using ad set budget",0,0,0,0,0,0,Ongoing,"7-day click or 1-day view",,,,,,,0,,,,,
2026-06-04,2026-06-04,"23/3 Veltuff - Broad - custom - UK sales",inactive,,,,"Using ad set budget",0,0,0,0,0,0,Ongoing,"7-day click or 1-day view",,,,,,,0,,,,,
2026-06-04,2026-06-04,"17/3 Veltuff - Broad - custom - UK sales",inactive,,,,"Using ad set budget",0,0,0,0,0,0,Ongoing,"7-day click or 1-day view",,,,,,,0,,,,,
2026-06-04,2026-06-04,"AS - Prospecting Campaign JAN2023 - SALE - Copy",inactive,,,,"Using ad set budget",0,0,0,0,0,0,Ongoing,"7-day click or 1-day view",,,,,,,0,,,,,
2026-06-04,2026-06-04,"AS - Prospecting Campaign Dec2022",inactive,,,,"Using ad set budget",0,0,0,0,0,0,Ongoing,"7-day click or 1-day view",,,,,,,0,,,,,
2026-06-04,2026-06-04,"AS - RMKT - DEC 2022",inactive,,,,50,Daily,0,0,0,0,0,Ongoing,"7-day click or 1-day view",,,,,,,0,,,,,
2026-06-04,2026-06-04,"Website Retargeting - 2022",inactive,,,,"Using ad set budget",0,0,0,0,0,0,Ongoing,"1-day click",,,,,,,0,,,,,
2026-06-03,2026-06-03,"VD | Broad | Awareness",active,14190,reach,7.33121917,196,Daily,104.03,15520,14190,1.093728,6.702964,Ongoing,"7-day click or 1-day view",,,,,12,0.07732,4.728636,737,7,,,50
2026-06-03,2026-06-03,"VD | Retargeting | DPA Broad Remarket",inactive,,,,44,Daily,0,0,0,0,0,Ongoing,"7-day click",,,,,,,0,,,,,
2026-06-03,2026-06-03,"VD | Retargeting | DPA",active,3,actions:offsite_conversion.fb_pixel_purchase,132.42666667,370,Daily,397.28,9405,6654,1.413436,42.241361,Ongoing,"7-day click",2.409283,3,957.16,action_values:offsite_conversion.fb_pixel_purchase,231,2.45614,1.557961,235,198,12,10,
2026-06-03,2026-06-03,"VD | Retargeting | DPA Campaign | Sales",inactive,,,,145,Daily,0,0,0,0,0,Ongoing,"7-day click",,,,,,,0,,,,,
2026-06-03,2026-06-03,"VD | Broad | Prospecting | Sales",active,6,actions:offsite_conversion.fb_pixel_purchase,95.40333333,370,Daily,572.42,14358,10287,1.395742,39.86767,Ongoing,"7-day click",9.966266,6,5704.89,action_values:offsite_conversion.fb_pixel_purchase,276,1.922273,1.612451,279,237,18,9,
2026-06-03,2026-06-03,"Warehouse Clearance | Prospecting | Sales | Advantage+",inactive,,,,"Using ad set budget",0,0,0,0,0,0,2026-03-29,"7-day click",,,,,,,0,,,,,
2026-06-03,2026-06-03,"WinterSale | Prospecting | Sales | Advantage+",inactive,,,,"Using ad set budget",0,0,0,0,0,0,Ongoing,"7-day click",,,,,,,0,,,,,
2026-06-03,2026-06-03,"Ongoing | Sales | ProTex1 | Advantage+ | SH",active,,,,327,Daily,153.07,3672,2603,1.41068,41.68573,Ongoing,"7-day click or 1-day view",,,,,39,1.062092,2.685439,41,30,8,1,
2026-06-03,2026-06-03,"Ongoing | Sales | Hi-Vis Only | Advantage+ | SH",active,3,actions:offsite_conversion.fb_pixel_purchase,50.16333333,300,Daily,150.49,3903,2656,1.469503,38.55752,Ongoing,"7-day click or 1-day view",15.602698,3,2348.05,action_values:offsite_conversion.fb_pixel_purchase,57,1.460415,2.213088,63,48,13,10,
2026-06-03,2026-06-03,"Customised Workwear | Awareness | Advantage+ | SH Campaign – Copy",inactive,,,,100,Daily,0,0,0,0,0,Ongoing,"7-day click or 1-day view",,,,,,,0,,,,,
2026-06-03,2026-06-03,"Key Categories | Sales | Advantage+ | SH Campaign",inactive,,,,"Using ad set budget",0,0,0,0,0,0,Ongoing,"7-day click, 1-day view, or 1-day engaged-view",,,,,,,0,,,,,
2026-06-03,2026-06-03,"Customised Workwear | Sales | Advantage+ | SH Campaign",inactive,,,,"Using ad set budget",0,0,0,0,0,0,Ongoing,"7-day click, 1-day view, or 1-day engaged-view",,,,,,,0,,,,,
2026-06-03,2026-06-03,"Ongoing | Retargeting | Sales | Dynamic Abandoned Cart - 30 Days | SH",inactive,,,,6.5,Daily,0,0,0,0,0,Ongoing,"7-day click",,,,,,,0,,,,,
2026-06-03,2026-06-03,"AS 7/1 25 - Purchase - Flexible ad Campaign",inactive,,,,"Using ad set budget",0,0,0,0,0,0,Ongoing,"7-day click, 1-day view, or 1-day engaged-view",,,,,,,0,,,,,
2026-06-03,2026-06-03,"5/6 Michelle Job add - KAM Jylland",inactive,,,,"Using ad set budget",0,0,0,0,0,0,Ongoing,"7-day click or 1-day view",,,,,,,0,,,,,
2026-06-03,2026-06-03,"4/1 2024 - RM - UK Campaign",inactive,,,,100,Daily,0,0,0,0,0,Ongoing,"7-day click",,,,,,,0,,,,,
2026-06-03,2026-06-03,"Ongoing | Prospecting | Sales | Broad | Advantage+ | SH Campaign",inactive,,,,"Using ad set budget",0,0,0,0,0,0,Ongoing,"7-day click or 1-day view",,,,,,,0,,,,,
2026-06-03,2026-06-03,"4/12 2023 - Safety Shoe Sale  Campaign",inactive,,,,"Using ad set budget",0,0,0,0,0,0,Ongoing,"7-day click or 1-day view",,,,,,,0,,,,,
2026-06-03,2026-06-03,"11/10 2023 - Advantage+ shopping campaign Campaign",inactive,,,,"Using ad set budget",0,0,0,0,0,0,Ongoing,"7-day click or 1-day view",,,,,,,0,,,,,
2026-06-03,2026-06-03,"19/7 2023 - MPA RM campaign",inactive,,,,"Using ad set budget",0,0,0,0,0,0,Ongoing,"7-day click or 1-day view",,,,,,,0,,,,,
2026-06-03,2026-06-03,"11/7 2023 - Sales campaign Women - UK MPA",inactive,,,,"Using ad set budget",0,0,0,0,0,0,Ongoing,"7-day click or 1-day view",,,,,,,0,,,,,
2026-06-03,2026-06-03,"23/6 2023 - Sales campaign - UK MPA",inactive,,,,"Using ad set budget",0,0,0,0,0,0,Ongoing,"7-day click or 1-day view",,,,,,,0,,,,,
2026-06-03,2026-06-03,"19/6 2023 - Sales collection video",inactive,,,,"Using ad set budget",0,0,0,0,0,0,Ongoing,"7-day click or 1-day view",,,,,,,0,,,,,
2026-06-03,2026-06-03,"12/5 2023 - Sales campaign - UK MPA",inactive,,,,"Using ad set budget",0,0,0,0,0,0,Ongoing,"7-day click or 1-day view",,,,,,,0,,,,,
2026-06-03,2026-06-03,"8/5 Veltuff - Broad - custom - UK sales",inactive,,,,"Using ad set budget",0,0,0,0,0,0,Ongoing,"7-day click or 1-day view",,,,,,,0,,,,,
2026-06-03,2026-06-03,"3/5 Veltuff - Prospecting Campaign - Sales",inactive,,,,"Using ad set budget",0,0,0,0,0,0,Ongoing,"7-day click or 1-day view",,,,,,,0,,,,,
2026-06-03,2026-06-03,"11/4 Veltuff - Broad - custom - UK sales",inactive,,,,"Using ad set budget",0,0,0,0,0,0,Ongoing,"7-day click or 1-day view",,,,,,,0,,,,,
2026-06-03,2026-06-03,"28/3 Veltuff - Broad - custom - UK RM",inactive,,,,"Using ad set budget",0,0,0,0,0,0,Ongoing,"7-day click or 1-day view",,,,,,,0,,,,,
2026-06-03,2026-06-03,"23/3 Veltuff - Broad - custom - UK sales",inactive,,,,"Using ad set budget",0,0,0,0,0,0,Ongoing,"7-day click or 1-day view",,,,,,,0,,,,,
2026-06-03,2026-06-03,"17/3 Veltuff - Broad - custom - UK sales",inactive,,,,"Using ad set budget",0,0,0,0,0,0,Ongoing,"7-day click or 1-day view",,,,,,,0,,,,,
2026-06-03,2026-06-03,"AS - Prospecting Campaign JAN2023 - SALE - Copy",inactive,,,,"Using ad set budget",0,0,0,0,0,0,Ongoing,"7-day click or 1-day view",,,,,,,0,,,,,
2026-06-03,2026-06-03,"AS - Prospecting Campaign Dec2022",inactive,,,,"Using ad set budget",0,0,0,0,0,0,Ongoing,"7-day click or 1-day view",,,,,,,0,,,,,
2026-06-03,2026-06-03,"AS - RMKT - DEC 2022",inactive,,,,50,Daily,0,0,0,0,0,Ongoing,"7-day click or 1-day view",,,,,,,0,,,,,
2026-06-03,2026-06-03,"Website Retargeting - 2022",inactive,,,,"Using ad set budget",0,0,0,0,0,0,Ongoing,"1-day click",,,,,,,0,,,,,
2026-06-02,2026-06-02,"VD | Broad | Awareness",active,10266,reach,7.56672511,196,Daily,77.68,10946,10266,1.066238,7.096656,Ongoing,"7-day click or 1-day view",,,,,6,0.054815,5.975385,533,3,,,24
2026-06-02,2026-06-02,"VD | Retargeting | DPA Broad Remarket",inactive,,,,44,Daily,0,0,0,0,0,Ongoing,"7-day click",,,,,,,0,,,,,
2026-06-02,2026-06-02,"VD | Retargeting | DPA",active,3,actions:offsite_conversion.fb_pixel_purchase,126.21,370,Daily,378.63,8627,6098,1.414726,43.888953,Ongoing,"7-day click",4.648179,3,1759.94,action_values:offsite_conversion.fb_pixel_purchase,174,2.016924,2.003333,179,161,10,5,
2026-06-02,2026-06-02,"VD | Retargeting | DPA Campaign | Sales",inactive,,,,145,Daily,0,0,0,0,0,Ongoing,"7-day click",,,,,,,0,,,,,
2026-06-02,2026-06-02,"VD | Broad | Prospecting | Sales",active,,,,370,Daily,518.59,13693,9622,1.423093,37.872636,Ongoing,"7-day click",,,,,242,1.767326,1.751993,322,227,22,2,37
2026-06-02,2026-06-02,"Warehouse Clearance | Prospecting | Sales | Advantage+",inactive,,,,"Using ad set budget",0,0,0,0,0,0,2026-03-29,"7-day click",,,,,,,0,,,,,
2026-06-02,2026-06-02,"WinterSale | Prospecting | Sales | Advantage+",inactive,,,,"Using ad set budget",0,0,0,0,0,0,Ongoing,"7-day click",,,,,,,0,,,,,
2026-06-02,2026-06-02,"Ongoing | Sales | ProTex1 | Advantage+ | SH",active,3,actions:offsite_conversion.fb_pixel_purchase,48.29,327,Daily,144.87,3792,2706,1.40133,38.204114,Ongoing,"7-day click or 1-day view",16.158073,3,2340.82,action_values:offsite_conversion.fb_pixel_purchase,48,1.265823,2.455424,48,47,9,4,
2026-06-02,2026-06-02,"Ongoing | Sales | Hi-Vis Only | Advantage+ | SH",active,2,actions:offsite_conversion.fb_pixel_purchase,74.83,300,Daily,149.66,3707,2535,1.462327,40.372269,Ongoing,"7-day click or 1-day view",4.628157,2,692.65,action_values:offsite_conversion.fb_pixel_purchase,58,1.564608,2.107887,65,50,9,5,3
2026-06-02,2026-06-02,"Customised Workwear | Awareness | Advantage+ | SH Campaign – Copy",inactive,,,,100,Daily,0,0,0,0,0,Ongoing,"7-day click or 1-day view",,,,,,,0,,,,,
2026-06-02,2026-06-02,"Key Categories | Sales | Advantage+ | SH Campaign",inactive,,,,"Using ad set budget",0,0,0,0,0,0,Ongoing,"7-day click, 1-day view, or 1-day engaged-view",,,,,,,0,,,,,
2026-06-02,2026-06-02,"Customised Workwear | Sales | Advantage+ | SH Campaign",inactive,,,,"Using ad set budget",0,0,0,0,0,0,Ongoing,"7-day click, 1-day view, or 1-day engaged-view",,,,,,,0,,,,,
2026-06-02,2026-06-02,"Ongoing | Retargeting | Sales | Dynamic Abandoned Cart - 30 Days | SH",inactive,,,,6.5,Daily,0,0,0,0,0,Ongoing,"7-day click",,,,,,,0,,,,,
2026-06-02,2026-06-02,"AS 7/1 25 - Purchase - Flexible ad Campaign",inactive,,,,"Using ad set budget",0,0,0,0,0,0,Ongoing,"7-day click, 1-day view, or 1-day engaged-view",,,,,,,0,,,,,
2026-06-02,2026-06-02,"5/6 Michelle Job add - KAM Jylland",inactive,,,,"Using ad set budget",0,0,0,0,0,0,Ongoing,"7-day click or 1-day view",,,,,,,0,,,,,
2026-06-02,2026-06-02,"4/1 2024 - RM - UK Campaign",inactive,,,,100,Daily,0,0,0,0,0,Ongoing,"7-day click",,,,,,,0,,,,,
2026-06-02,2026-06-02,"Ongoing | Prospecting | Sales | Broad | Advantage+ | SH Campaign",inactive,,,,"Using ad set budget",0,0,0,0,0,0,Ongoing,"7-day click or 1-day view",,,,,,,0,,,,,
2026-06-02,2026-06-02,"4/12 2023 - Safety Shoe Sale  Campaign",inactive,,,,"Using ad set budget",0,0,0,0,0,0,Ongoing,"7-day click or 1-day view",,,,,,,0,,,,,
2026-06-02,2026-06-02,"11/10 2023 - Advantage+ shopping campaign Campaign",inactive,,,,"Using ad set budget",0,0,0,0,0,0,Ongoing,"7-day click or 1-day view",,,,,,,0,,,,,
2026-06-02,2026-06-02,"19/7 2023 - MPA RM campaign",inactive,,,,"Using ad set budget",0,0,0,0,0,0,Ongoing,"7-day click or 1-day view",,,,,,,0,,,,,
2026-06-02,2026-06-02,"11/7 2023 - Sales campaign Women - UK MPA",inactive,,,,"Using ad set budget",0,0,0,0,0,0,Ongoing,"7-day click or 1-day view",,,,,,,0,,,,,
2026-06-02,2026-06-02,"23/6 2023 - Sales campaign - UK MPA",inactive,,,,"Using ad set budget",0,0,0,0,0,0,Ongoing,"7-day click or 1-day view",,,,,,,0,,,,,
2026-06-02,2026-06-02,"19/6 2023 - Sales collection video",inactive,,,,"Using ad set budget",0,0,0,0,0,0,Ongoing,"7-day click or 1-day view",,,,,,,0,,,,,
2026-06-02,2026-06-02,"12/5 2023 - Sales campaign - UK MPA",inactive,,,,"Using ad set budget",0,0,0,0,0,0,Ongoing,"7-day click or 1-day view",,,,,,,0,,,,,
2026-06-02,2026-06-02,"8/5 Veltuff - Broad - custom - UK sales",inactive,,,,"Using ad set budget",0,0,0,0,0,0,Ongoing,"7-day click or 1-day view",,,,,,,0,,,,,
2026-06-02,2026-06-02,"3/5 Veltuff - Prospecting Campaign - Sales",inactive,,,,"Using ad set budget",0,0,0,0,0,0,Ongoing,"7-day click or 1-day view",,,,,,,0,,,,,
2026-06-02,2026-06-02,"11/4 Veltuff - Broad - custom - UK sales",inactive,,,,"Using ad set budget",0,0,0,0,0,0,Ongoing,"7-day click or 1-day view",,,,,,,0,,,,,
2026-06-02,2026-06-02,"28/3 Veltuff - Broad - custom - UK RM",inactive,,,,"Using ad set budget",0,0,0,0,0,0,Ongoing,"7-day click or 1-day view",,,,,,,0,,,,,
2026-06-02,2026-06-02,"23/3 Veltuff - Broad - custom - UK sales",inactive,,,,"Using ad set budget",0,0,0,0,0,0,Ongoing,"7-day click or 1-day view",,,,,,,0,,,,,
2026-06-02,2026-06-02,"17/3 Veltuff - Broad - custom - UK sales",inactive,,,,"Using ad set budget",0,0,0,0,0,0,Ongoing,"7-day click or 1-day view",,,,,,,0,,,,,
2026-06-02,2026-06-02,"AS - Prospecting Campaign JAN2023 - SALE - Copy",inactive,,,,"Using ad set budget",0,0,0,0,0,0,Ongoing,"7-day click or 1-day view",,,,,,,0,,,,,
2026-06-02,2026-06-02,"AS - Prospecting Campaign Dec2022",inactive,,,,"Using ad set budget",0,0,0,0,0,0,Ongoing,"7-day click or 1-day view",,,,,,,0,,,,,
2026-06-02,2026-06-02,"AS - RMKT - DEC 2022",inactive,,,,50,Daily,0,0,0,0,0,Ongoing,"7-day click or 1-day view",,,,,,,0,,,,,
2026-06-02,2026-06-02,"Website Retargeting - 2022",inactive,,,,"Using ad set budget",0,0,0,0,0,0,Ongoing,"1-day click",,,,,,,0,,,,,
2026-06-01,2026-06-01,"VD | Broad | Awareness",active,13212,reach,7.26082349,196,Daily,95.93,14167,13212,1.072283,6.77137,Ongoing,"7-day click or 1-day view",,,,,7,0.049411,8.720909,16,3,,,
2026-06-01,2026-06-01,"VD | Retargeting | DPA Broad Remarket",inactive,,,,44,Daily,0,0,0,0,0,Ongoing,"7-day click",,,,,,,0,,,,,
2026-06-01,2026-06-01,"VD | Retargeting | DPA",active,4,actions:offsite_conversion.fb_pixel_purchase,95.99,370,Daily,383.96,10561,7908,1.335483,36.356406,Ongoing,"7-day click",6.2924,4,2416.03,action_values:offsite_conversion.fb_pixel_purchase,164,1.552883,2.086739,168,155,17,6,
2026-06-01,2026-06-01,"VD | Retargeting | DPA Campaign | Sales",inactive,,,,145,Daily,0,0,0,0,0,Ongoing,"7-day click",,,,,,,0,,,,,
2026-06-01,2026-06-01,"VD | Broad | Prospecting | Sales",active,2,actions:offsite_conversion.fb_pixel_purchase,263.79,370,Daily,527.58,14475,9950,1.454774,36.447668,Ongoing,"7-day click",0.977729,2,515.83,action_values:offsite_conversion.fb_pixel_purchase,272,1.879102,1.608476,302,256,14,9,11
2026-06-01,2026-06-01,"Warehouse Clearance | Prospecting | Sales | Advantage+",inactive,,,,"Using ad set budget",0,0,0,0,0,0,2026-03-29,"7-day click",,,,,,,0,,,,,
2026-06-01,2026-06-01,"WinterSale | Prospecting | Sales | Advantage+",inactive,,,,"Using ad set budget",0,0,0,0,0,0,Ongoing,"7-day click",,,,,,,0,,,,,
2026-06-01,2026-06-01,"Ongoing | Sales | ProTex1 | Advantage+ | SH",active,2,actions:offsite_conversion.fb_pixel_purchase,74.265,327,Daily,148.53,4007,2749,1.457621,37.067632,Ongoing,"7-day click or 1-day view",4.711035,2,699.73,action_values:offsite_conversion.fb_pixel_purchase,60,1.49738,1.928961,61,47,9,2,
2026-06-01,2026-06-01,"Ongoing | Sales | Hi-Vis Only | Advantage+ | SH",active,1,actions:offsite_conversion.fb_pixel_purchase,156.94,300,Daily,156.94,4161,2791,1.490863,37.716895,Ongoing,"7-day click or 1-day view",1.810501,1,284.14,action_values:offsite_conversion.fb_pixel_purchase,53,1.273732,2.615667,60,45,4,4,3
2026-06-01,2026-06-01,"Customised Workwear | Awareness | Advantage+ | SH Campaign – Copy",inactive,,,,100,Daily,0,0,0,0,0,Ongoing,"7-day click or 1-day view",,,,,,,0,,,,,
2026-06-01,2026-06-01,"Key Categories | Sales | Advantage+ | SH Campaign",inactive,,,,"Using ad set budget",0,0,0,0,0,0,Ongoing,"7-day click, 1-day view, or 1-day engaged-view",,,,,,,0,,,,,
2026-06-01,2026-06-01,"Customised Workwear | Sales | Advantage+ | SH Campaign",inactive,,,,"Using ad set budget",0,0,0,0,0,0,Ongoing,"7-day click, 1-day view, or 1-day engaged-view",,,,,,,0,,,,,
2026-06-01,2026-06-01,"Ongoing | Retargeting | Sales | Dynamic Abandoned Cart - 30 Days | SH",inactive,,,,6.5,Daily,0,0,0,0,0,Ongoing,"7-day click",,,,,,,0,,,,,
2026-06-01,2026-06-01,"AS 7/1 25 - Purchase - Flexible ad Campaign",inactive,,,,"Using ad set budget",0,0,0,0,0,0,Ongoing,"7-day click, 1-day view, or 1-day engaged-view",,,,,,,0,,,,,
2026-06-01,2026-06-01,"5/6 Michelle Job add - KAM Jylland",inactive,,,,"Using ad set budget",0,0,0,0,0,0,Ongoing,"7-day click or 1-day view",,,,,,,0,,,,,
2026-06-01,2026-06-01,"4/1 2024 - RM - UK Campaign",inactive,,,,100,Daily,0,0,0,0,0,Ongoing,"7-day click",,,,,,,0,,,,,
2026-06-01,2026-06-01,"Ongoing | Prospecting | Sales | Broad | Advantage+ | SH Campaign",inactive,,,,"Using ad set budget",0,0,0,0,0,0,Ongoing,"7-day click or 1-day view",,,,,,,0,,,,,
2026-06-01,2026-06-01,"4/12 2023 - Safety Shoe Sale  Campaign",inactive,,,,"Using ad set budget",0,0,0,0,0,0,Ongoing,"7-day click or 1-day view",,,,,,,0,,,,,
2026-06-01,2026-06-01,"11/10 2023 - Advantage+ shopping campaign Campaign",inactive,,,,"Using ad set budget",0,0,0,0,0,0,Ongoing,"7-day click or 1-day view",,,,,,,0,,,,,
2026-06-01,2026-06-01,"19/7 2023 - MPA RM campaign",inactive,,,,"Using ad set budget",0,0,0,0,0,0,Ongoing,"7-day click or 1-day view",,,,,,,0,,,,,
2026-06-01,2026-06-01,"11/7 2023 - Sales campaign Women - UK MPA",inactive,,,,"Using ad set budget",0,0,0,0,0,0,Ongoing,"7-day click or 1-day view",,,,,,,0,,,,,
2026-06-01,2026-06-01,"23/6 2023 - Sales campaign - UK MPA",inactive,,,,"Using ad set budget",0,0,0,0,0,0,Ongoing,"7-day click or 1-day view",,,,,,,0,,,,,
2026-06-01,2026-06-01,"19/6 2023 - Sales collection video",inactive,,,,"Using ad set budget",0,0,0,0,0,0,Ongoing,"7-day click or 1-day view",,,,,,,0,,,,,
2026-06-01,2026-06-01,"12/5 2023 - Sales campaign - UK MPA",inactive,,,,"Using ad set budget",0,0,0,0,0,0,Ongoing,"7-day click or 1-day view",,,,,,,0,,,,,
2026-06-01,2026-06-01,"8/5 Veltuff - Broad - custom - UK sales",inactive,,,,"Using ad set budget",0,0,0,0,0,0,Ongoing,"7-day click or 1-day view",,,,,,,0,,,,,
2026-06-01,2026-06-01,"3/5 Veltuff - Prospecting Campaign - Sales",inactive,,,,"Using ad set budget",0,0,0,0,0,0,Ongoing,"7-day click or 1-day view",,,,,,,0,,,,,
2026-06-01,2026-06-01,"11/4 Veltuff - Broad - custom - UK sales",inactive,,,,"Using ad set budget",0,0,0,0,0,0,Ongoing,"7-day click or 1-day view",,,,,,,0,,,,,
2026-06-01,2026-06-01,"28/3 Veltuff - Broad - custom - UK RM",inactive,,,,"Using ad set budget",0,0,0,0,0,0,Ongoing,"7-day click or 1-day view",,,,,,,0,,,,,
2026-06-01,2026-06-01,"23/3 Veltuff - Broad - custom - UK sales",inactive,,,,"Using ad set budget",0,0,0,0,0,0,Ongoing,"7-day click or 1-day view",,,,,,,0,,,,,
2026-06-01,2026-06-01,"17/3 Veltuff - Broad - custom - UK sales",inactive,,,,"Using ad set budget",0,0,0,0,0,0,Ongoing,"7-day click or 1-day view",,,,,,,0,,,,,
2026-06-01,2026-06-01,"AS - Prospecting Campaign JAN2023 - SALE - Copy",inactive,,,,"Using ad set budget",0,0,0,0,0,0,Ongoing,"7-day click or 1-day view",,,,,,,0,,,,,
2026-06-01,2026-06-01,"AS - Prospecting Campaign Dec2022",inactive,,,,"Using ad set budget",0,0,0,0,0,0,Ongoing,"7-day click or 1-day view",,,,,,,0,,,,,
2026-06-01,2026-06-01,"AS - RMKT - DEC 2022",inactive,,,,50,Daily,0,0,0,0,0,Ongoing,"7-day click or 1-day view",,,,,,,0,,,,,
2026-06-01,2026-06-01,"Website Retargeting - 2022",inactive,,,,"Using ad set budget",0,0,0,0,0,0,Ongoing,"1-day click",,,,,,,0,,,,,
2026-05-31,2026-05-31,"VD | Broad | Awareness",active,13230,reach,7.99924414,196,Daily,105.83,14528,13230,1.09811,7.284554,Ongoing,"7-day click or 1-day view",,,,,9,0.061949,8.140769,10,4,,,
2026-05-31,2026-05-31,"VD | Retargeting | DPA Broad Remarket",inactive,,,,44,Daily,0,0,0,0,0,Ongoing,"7-day click",,,,,,,0,,,,,
2026-05-31,2026-05-31,"VD | Retargeting | DPA",active,5,actions:offsite_conversion.fb_pixel_purchase,87.47,370,Daily,437.35,10483,7533,1.39161,41.719928,Ongoing,"7-day click",3.218818,5,1407.75,action_values:offsite_conversion.fb_pixel_purchase,197,1.879233,2.034186,202,173,19,11,
2026-05-31,2026-05-31,"VD | Retargeting | DPA Campaign | Sales",inactive,,,,145,Daily,0,0,0,0,0,Ongoing,"7-day click",,,,,,,0,,,,,
2026-05-31,2026-05-31,"VD | Broad | Prospecting | Sales",active,5,actions:offsite_conversion.fb_pixel_purchase,118.368,370,Daily,591.84,13920,9455,1.472237,42.517241,Ongoing,"7-day click",3.513382,5,2079.36,action_values:offsite_conversion.fb_pixel_purchase,265,1.903736,1.777297,373,260,16,6,45
2026-05-31,2026-05-31,"Warehouse Clearance | Prospecting | Sales | Advantage+",inactive,,,,"Using ad set budget",0,0,0,0,0,0,2026-03-29,"7-day click",,,,,,,0,,,,,
2026-05-31,2026-05-31,"WinterSale | Prospecting | Sales | Advantage+",inactive,,,,"Using ad set budget",0,0,0,0,0,0,Ongoing,"7-day click",,,,,,,0,,,,,
2026-05-31,2026-05-31,"Ongoing | Sales | ProTex1 | Advantage+ | SH",active,1,actions:offsite_conversion.fb_pixel_purchase,180.02,327,Daily,180.02,4354,2918,1.492118,41.345889,Ongoing,"7-day click or 1-day view",2.200811,1,396.19,action_values:offsite_conversion.fb_pixel_purchase,54,1.240239,2.571714,56,50,3,3,
2026-05-31,2026-05-31,"Ongoing | Sales | Hi-Vis Only | Advantage+ | SH",active,1,actions:offsite_conversion.fb_pixel_purchase,167.7,300,Daily,167.7,3814,2695,1.415213,43.969586,Ongoing,"7-day click or 1-day view",2.672153,1,448.12,action_values:offsite_conversion.fb_pixel_purchase,72,1.887782,2.07037,82,61,2,3,4
2026-05-31,2026-05-31,"Customised Workwear | Awareness | Advantage+ | SH Campaign – Copy",inactive,,,,100,Daily,0,0,0,0,0,Ongoing,"7-day click or 1-day view",,,,,,,0,,,,,
2026-05-31,2026-05-31,"Key Categories | Sales | Advantage+ | SH Campaign",inactive,,,,"Using ad set budget",0,0,0,0,0,0,Ongoing,"7-day click, 1-day view, or 1-day engaged-view",,,,,,,0,,,,,
2026-05-31,2026-05-31,"Customised Workwear | Sales | Advantage+ | SH Campaign",inactive,,,,"Using ad set budget",0,0,0,0,0,0,Ongoing,"7-day click, 1-day view, or 1-day engaged-view",,,,,,,0,,,,,
2026-05-31,2026-05-31,"Ongoing | Retargeting | Sales | Dynamic Abandoned Cart - 30 Days | SH",inactive,,,,6.5,Daily,0,0,0,0,0,Ongoing,"7-day click",,,,,,,0,,,,,
2026-05-31,2026-05-31,"AS 7/1 25 - Purchase - Flexible ad Campaign",inactive,,,,"Using ad set budget",0,0,0,0,0,0,Ongoing,"7-day click, 1-day view, or 1-day engaged-view",,,,,,,0,,,,,
2026-05-31,2026-05-31,"5/6 Michelle Job add - KAM Jylland",inactive,,,,"Using ad set budget",0,0,0,0,0,0,Ongoing,"7-day click or 1-day view",,,,,,,0,,,,,
2026-05-31,2026-05-31,"4/1 2024 - RM - UK Campaign",inactive,,,,100,Daily,0,0,0,0,0,Ongoing,"7-day click",,,,,,,0,,,,,
2026-05-31,2026-05-31,"Ongoing | Prospecting | Sales | Broad | Advantage+ | SH Campaign",inactive,,,,"Using ad set budget",0,0,0,0,0,0,Ongoing,"7-day click or 1-day view",,,,,,,0,,,,,
2026-05-31,2026-05-31,"4/12 2023 - Safety Shoe Sale  Campaign",inactive,,,,"Using ad set budget",0,0,0,0,0,0,Ongoing,"7-day click or 1-day view",,,,,,,0,,,,,
2026-05-31,2026-05-31,"11/10 2023 - Advantage+ shopping campaign Campaign",inactive,,,,"Using ad set budget",0,0,0,0,0,0,Ongoing,"7-day click or 1-day view",,,,,,,0,,,,,
2026-05-31,2026-05-31,"19/7 2023 - MPA RM campaign",inactive,,,,"Using ad set budget",0,0,0,0,0,0,Ongoing,"7-day click or 1-day view",,,,,,,0,,,,,
2026-05-31,2026-05-31,"11/7 2023 - Sales campaign Women - UK MPA",inactive,,,,"Using ad set budget",0,0,0,0,0,0,Ongoing,"7-day click or 1-day view",,,,,,,0,,,,,
2026-05-31,2026-05-31,"23/6 2023 - Sales campaign - UK MPA",inactive,,,,"Using ad set budget",0,0,0,0,0,0,Ongoing,"7-day click or 1-day view",,,,,,,0,,,,,
2026-05-31,2026-05-31,"19/6 2023 - Sales collection video",inactive,,,,"Using ad set budget",0,0,0,0,0,0,Ongoing,"7-day click or 1-day view",,,,,,,0,,,,,
2026-05-31,2026-05-31,"12/5 2023 - Sales campaign - UK MPA",inactive,,,,"Using ad set budget",0,0,0,0,0,0,Ongoing,"7-day click or 1-day view",,,,,,,0,,,,,
2026-05-31,2026-05-31,"8/5 Veltuff - Broad - custom - UK sales",inactive,,,,"Using ad set budget",0,0,0,0,0,0,Ongoing,"7-day click or 1-day view",,,,,,,0,,,,,
2026-05-31,2026-05-31,"3/5 Veltuff - Prospecting Campaign - Sales",inactive,,,,"Using ad set budget",0,0,0,0,0,0,Ongoing,"7-day click or 1-day view",,,,,,,0,,,,,
2026-05-31,2026-05-31,"11/4 Veltuff - Broad - custom - UK sales",inactive,,,,"Using ad set budget",0,0,0,0,0,0,Ongoing,"7-day click or 1-day view",,,,,,,0,,,,,
2026-05-31,2026-05-31,"28/3 Veltuff - Broad - custom - UK RM",inactive,,,,"Using ad set budget",0,0,0,0,0,0,Ongoing,"7-day click or 1-day view",,,,,,,0,,,,,
2026-05-31,2026-05-31,"23/3 Veltuff - Broad - custom - UK sales",inactive,,,,"Using ad set budget",0,0,0,0,0,0,Ongoing,"7-day click or 1-day view",,,,,,,0,,,,,
2026-05-31,2026-05-31,"17/3 Veltuff - Broad - custom - UK sales",inactive,,,,"Using ad set budget",0,0,0,0,0,0,Ongoing,"7-day click or 1-day view",,,,,,,0,,,,,
2026-05-31,2026-05-31,"AS - Prospecting Campaign JAN2023 - SALE - Copy",inactive,,,,"Using ad set budget",0,0,0,0,0,0,Ongoing,"7-day click or 1-day view",,,,,,,0,,,,,
2026-05-31,2026-05-31,"AS - Prospecting Campaign Dec2022",inactive,,,,"Using ad set budget",0,0,0,0,0,0,Ongoing,"7-day click or 1-day view",,,,,,,0,,,,,
2026-05-31,2026-05-31,"AS - RMKT - DEC 2022",inactive,,,,50,Daily,0,0,0,0,0,Ongoing,"7-day click or 1-day view",,,,,,,0,,,,,
2026-05-31,2026-05-31,"Website Retargeting - 2022",inactive,,,,"Using ad set budget",0,0,0,0,0,0,Ongoing,"1-day click",,,,,,,0,,,,,
2026-05-30,2026-05-30,"VD | Broad | Awareness",active,10909,reach,7.36639472,196,Daily,80.36,11546,10909,1.058392,6.959986,Ongoing,"7-day click or 1-day view",,,,,8,0.069288,6.696667,15,4,,,
2026-05-30,2026-05-30,"VD | Retargeting | DPA Broad Remarket",inactive,,,,44,Daily,0,0,0,0,0,Ongoing,"7-day click",,,,,,,0,,,,,
2026-05-30,2026-05-30,"VD | Retargeting | DPA",active,,,,370,Daily,284.38,6524,4946,1.319046,43.589822,Ongoing,"7-day click",,,,,141,2.161251,1.822949,143,132,4,4,
2026-05-30,2026-05-30,"VD | Retargeting | DPA Campaign | Sales",inactive,,,,145,Daily,0,0,0,0,0,Ongoing,"7-day click",,,,,,,0,,,,,
2026-05-30,2026-05-30,"VD | Broad | Prospecting | Sales",active,2,actions:offsite_conversion.fb_pixel_purchase,226.73,370,Daily,453.46,9356,5855,1.59795,48.467294,Ongoing,"7-day click",3.210978,2,1456.05,action_values:offsite_conversion.fb_pixel_purchase,196,2.094912,1.905294,227,176,22,10,11
2026-05-30,2026-05-30,"Warehouse Clearance | Prospecting | Sales | Advantage+",inactive,,,,"Using ad set budget",0,0,0,0,0,0,2026-03-29,"7-day click",,,,,,,0,,,,,
2026-05-30,2026-05-30,"WinterSale | Prospecting | Sales | Advantage+",inactive,,,,"Using ad set budget",0,0,0,0,0,0,Ongoing,"7-day click",,,,,,,0,,,,,
2026-05-30,2026-05-30,"Ongoing | Sales | ProTex1 | Advantage+ | SH",active,3,actions:offsite_conversion.fb_pixel_purchase,46.25666667,327,Daily,138.77,3172,2119,1.496933,43.748424,Ongoing,"7-day click or 1-day view",8.848454,3,1227.9,action_values:offsite_conversion.fb_pixel_purchase,53,1.67087,2.071194,56,44,17,13,
2026-05-30,2026-05-30,"Ongoing | Sales | Hi-Vis Only | Advantage+ | SH",active,2,actions:offsite_conversion.fb_pixel_purchase,76.62,300,Daily,153.24,4148,2759,1.503443,36.943105,Ongoing,"7-day click or 1-day view",6.167711,2,945.14,action_values:offsite_conversion.fb_pixel_purchase,74,1.783992,1.761379,90,68,3,3,2
2026-05-30,2026-05-30,"Customised Workwear | Awareness | Advantage+ | SH Campaign – Copy",inactive,,,,100,Daily,0,0,0,0,0,Ongoing,"7-day click or 1-day view",,,,,,,0,,,,,
2026-05-30,2026-05-30,"Key Categories | Sales | Advantage+ | SH Campaign",inactive,,,,"Using ad set budget",0,0,0,0,0,0,Ongoing,"7-day click, 1-day view, or 1-day engaged-view",,,,,,,0,,,,,
2026-05-30,2026-05-30,"Customised Workwear | Sales | Advantage+ | SH Campaign",inactive,,,,"Using ad set budget",0,0,0,0,0,0,Ongoing,"7-day click, 1-day view, or 1-day engaged-view",,,,,,,0,,,,,
2026-05-30,2026-05-30,"Ongoing | Retargeting | Sales | Dynamic Abandoned Cart - 30 Days | SH",inactive,,,,6.5,Daily,0,0,0,0,0,Ongoing,"7-day click",,,,,,,0,,,,,
2026-05-30,2026-05-30,"AS 7/1 25 - Purchase - Flexible ad Campaign",inactive,,,,"Using ad set budget",0,0,0,0,0,0,Ongoing,"7-day click, 1-day view, or 1-day engaged-view",,,,,,,0,,,,,
2026-05-30,2026-05-30,"5/6 Michelle Job add - KAM Jylland",inactive,,,,"Using ad set budget",0,0,0,0,0,0,Ongoing,"7-day click or 1-day view",,,,,,,0,,,,,
2026-05-30,2026-05-30,"4/1 2024 - RM - UK Campaign",inactive,,,,100,Daily,0,0,0,0,0,Ongoing,"7-day click",,,,,,,0,,,,,
2026-05-30,2026-05-30,"Ongoing | Prospecting | Sales | Broad | Advantage+ | SH Campaign",inactive,,,,"Using ad set budget",0,0,0,0,0,0,Ongoing,"7-day click or 1-day view",,,,,,,0,,,,,
2026-05-30,2026-05-30,"4/12 2023 - Safety Shoe Sale  Campaign",inactive,,,,"Using ad set budget",0,0,0,0,0,0,Ongoing,"7-day click or 1-day view",,,,,,,0,,,,,
2026-05-30,2026-05-30,"11/10 2023 - Advantage+ shopping campaign Campaign",inactive,,,,"Using ad set budget",0,0,0,0,0,0,Ongoing,"7-day click or 1-day view",,,,,,,0,,,,,
2026-05-30,2026-05-30,"19/7 2023 - MPA RM campaign",inactive,,,,"Using ad set budget",0,0,0,0,0,0,Ongoing,"7-day click or 1-day view",,,,,,,0,,,,,
2026-05-30,2026-05-30,"11/7 2023 - Sales campaign Women - UK MPA",inactive,,,,"Using ad set budget",0,0,0,0,0,0,Ongoing,"7-day click or 1-day view",,,,,,,0,,,,,
2026-05-30,2026-05-30,"23/6 2023 - Sales campaign - UK MPA",inactive,,,,"Using ad set budget",0,0,0,0,0,0,Ongoing,"7-day click or 1-day view",,,,,,,0,,,,,
2026-05-30,2026-05-30,"19/6 2023 - Sales collection video",inactive,,,,"Using ad set budget",0,0,0,0,0,0,Ongoing,"7-day click or 1-day view",,,,,,,0,,,,,
2026-05-30,2026-05-30,"12/5 2023 - Sales campaign - UK MPA",inactive,,,,"Using ad set budget",0,0,0,0,0,0,Ongoing,"7-day click or 1-day view",,,,,,,0,,,,,
2026-05-30,2026-05-30,"8/5 Veltuff - Broad - custom - UK sales",inactive,,,,"Using ad set budget",0,0,0,0,0,0,Ongoing,"7-day click or 1-day view",,,,,,,0,,,,,
2026-05-30,2026-05-30,"3/5 Veltuff - Prospecting Campaign - Sales",inactive,,,,"Using ad set budget",0,0,0,0,0,0,Ongoing,"7-day click or 1-day view",,,,,,,0,,,,,
2026-05-30,2026-05-30,"11/4 Veltuff - Broad - custom - UK sales",inactive,,,,"Using ad set budget",0,0,0,0,0,0,Ongoing,"7-day click or 1-day view",,,,,,,0,,,,,
2026-05-30,2026-05-30,"28/3 Veltuff - Broad - custom - UK RM",inactive,,,,"Using ad set budget",0,0,0,0,0,0,Ongoing,"7-day click or 1-day view",,,,,,,0,,,,,
2026-05-30,2026-05-30,"23/3 Veltuff - Broad - custom - UK sales",inactive,,,,"Using ad set budget",0,0,0,0,0,0,Ongoing,"7-day click or 1-day view",,,,,,,0,,,,,
2026-05-30,2026-05-30,"17/3 Veltuff - Broad - custom - UK sales",inactive,,,,"Using ad set budget",0,0,0,0,0,0,Ongoing,"7-day click or 1-day view",,,,,,,0,,,,,
2026-05-30,2026-05-30,"AS - Prospecting Campaign JAN2023 - SALE - Copy",inactive,,,,"Using ad set budget",0,0,0,0,0,0,Ongoing,"7-day click or 1-day view",,,,,,,0,,,,,
2026-05-30,2026-05-30,"AS - Prospecting Campaign Dec2022",inactive,,,,"Using ad set budget",0,0,0,0,0,0,Ongoing,"7-day click or 1-day view",,,,,,,0,,,,,
2026-05-30,2026-05-30,"AS - RMKT - DEC 2022",inactive,,,,50,Daily,0,0,0,0,0,Ongoing,"7-day click or 1-day view",,,,,,,0,,,,,
2026-05-30,2026-05-30,"Website Retargeting - 2022",inactive,,,,"Using ad set budget",0,0,0,0,0,0,Ongoing,"1-day click",,,,,,,0,,,,,
2026-05-29,2026-05-29,"VD | Broad | Awareness",active,16366,reach,5.46559941,196,Daily,89.45,16973,16366,1.037089,5.270135,Ongoing,"7-day click or 1-day view",,,,,22,0.129618,4.065909,42,7,,,2
2026-05-29,2026-05-29,"VD | Retargeting | DPA Broad Remarket",inactive,,,,44,Daily,0,0,0,0,0,Ongoing,"7-day click",,,,,,,0,,,,,
2026-05-29,2026-05-29,"VD | Retargeting | DPA",active,6,actions:offsite_conversion.fb_pixel_purchase,64.42333333,370,Daily,386.54,8938,5942,1.504207,43.246811,Ongoing,"7-day click",8.060641,6,3115.76,action_values:offsite_conversion.fb_pixel_purchase,210,2.349519,1.687948,212,201,24,9,
2026-05-29,2026-05-29,"VD | Retargeting | DPA Campaign | Sales",inactive,,,,145,Daily,0,0,0,0,0,Ongoing,"7-day click",,,,,,,0,,,,,
2026-05-29,2026-05-29,"VD | Broad | Prospecting | Sales",active,9,actions:offsite_conversion.fb_pixel_purchase,59.16333333,370,Daily,532.47,12622,8704,1.450138,42.185866,Ongoing,"7-day click",8.697373,9,4631.09,action_values:offsite_conversion.fb_pixel_purchase,304,2.408493,1.525702,393,267,27,17,37
2026-05-29,2026-05-29,"Warehouse Clearance | Prospecting | Sales | Advantage+",inactive,,,,"Using ad set budget",0,0,0,0,0,0,2026-03-29,"7-day click",,,,,,,0,,,,,
2026-05-29,2026-05-29,"WinterSale | Prospecting | Sales | Advantage+",inactive,,,,"Using ad set budget",0,0,0,0,0,0,Ongoing,"7-day click",,,,,,,0,,,,,
2026-05-29,2026-05-29,"Ongoing | Sales | ProTex1 | Advantage+ | SH",active,2,actions:offsite_conversion.fb_pixel_purchase,70.84,327,Daily,141.68,3770,2329,1.61872,37.580902,Ongoing,"7-day click or 1-day view",6.5,2,920.92,action_values:offsite_conversion.fb_pixel_purchase,50,1.32626,2.285161,51,60,2,2,
2026-05-29,2026-05-29,"Ongoing | Sales | Hi-Vis Only | Advantage+ | SH",active,1,actions:offsite_conversion.fb_pixel_purchase,125.28,300,Daily,125.28,3318,2258,1.469442,37.757685,Ongoing,"7-day click or 1-day view",3.22749,1,404.34,action_values:offsite_conversion.fb_pixel_purchase,60,1.808318,1.842353,76,52,5,2,4
2026-05-29,2026-05-29,"Customised Workwear | Awareness | Advantage+ | SH Campaign – Copy",inactive,,,,100,Daily,0,0,0,0,0,Ongoing,"7-day click or 1-day view",,,,,,,0,,,,,
2026-05-29,2026-05-29,"Key Categories | Sales | Advantage+ | SH Campaign",inactive,,,,"Using ad set budget",0,0,0,0,0,0,Ongoing,"7-day click, 1-day view, or 1-day engaged-view",,,,,,,0,,,,,
2026-05-29,2026-05-29,"Customised Workwear | Sales | Advantage+ | SH Campaign",inactive,,,,"Using ad set budget",0,0,0,0,0,0,Ongoing,"7-day click, 1-day view, or 1-day engaged-view",,,,,,,0,,,,,
2026-05-29,2026-05-29,"Ongoing | Retargeting | Sales | Dynamic Abandoned Cart - 30 Days | SH",inactive,,,,6.5,Daily,0,0,0,0,0,Ongoing,"7-day click",,,,,,,0,,,,,
2026-05-29,2026-05-29,"AS 7/1 25 - Purchase - Flexible ad Campaign",inactive,,,,"Using ad set budget",0,0,0,0,0,0,Ongoing,"7-day click, 1-day view, or 1-day engaged-view",,,,,,,0,,,,,
2026-05-29,2026-05-29,"5/6 Michelle Job add - KAM Jylland",inactive,,,,"Using ad set budget",0,0,0,0,0,0,Ongoing,"7-day click or 1-day view",,,,,,,0,,,,,
2026-05-29,2026-05-29,"4/1 2024 - RM - UK Campaign",inactive,,,,100,Daily,0,0,0,0,0,Ongoing,"7-day click",,,,,,,0,,,,,
2026-05-29,2026-05-29,"Ongoing | Prospecting | Sales | Broad | Advantage+ | SH Campaign",inactive,,,,"Using ad set budget",0,0,0,0,0,0,Ongoing,"7-day click or 1-day view",,,,,,,0,,,,,
2026-05-29,2026-05-29,"4/12 2023 - Safety Shoe Sale  Campaign",inactive,,,,"Using ad set budget",0,0,0,0,0,0,Ongoing,"7-day click or 1-day view",,,,,,,0,,,,,
2026-05-29,2026-05-29,"11/10 2023 - Advantage+ shopping campaign Campaign",inactive,,,,"Using ad set budget",0,0,0,0,0,0,Ongoing,"7-day click or 1-day view",,,,,,,0,,,,,
2026-05-29,2026-05-29,"19/7 2023 - MPA RM campaign",inactive,,,,"Using ad set budget",0,0,0,0,0,0,Ongoing,"7-day click or 1-day view",,,,,,,0,,,,,
2026-05-29,2026-05-29,"11/7 2023 - Sales campaign Women - UK MPA",inactive,,,,"Using ad set budget",0,0,0,0,0,0,Ongoing,"7-day click or 1-day view",,,,,,,0,,,,,
2026-05-29,2026-05-29,"23/6 2023 - Sales campaign - UK MPA",inactive,,,,"Using ad set budget",0,0,0,0,0,0,Ongoing,"7-day click or 1-day view",,,,,,,0,,,,,
2026-05-29,2026-05-29,"19/6 2023 - Sales collection video",inactive,,,,"Using ad set budget",0,0,0,0,0,0,Ongoing,"7-day click or 1-day view",,,,,,,0,,,,,
2026-05-29,2026-05-29,"12/5 2023 - Sales campaign - UK MPA",inactive,,,,"Using ad set budget",0,0,0,0,0,0,Ongoing,"7-day click or 1-day view",,,,,,,0,,,,,
2026-05-29,2026-05-29,"8/5 Veltuff - Broad - custom - UK sales",inactive,,,,"Using ad set budget",0,0,0,0,0,0,Ongoing,"7-day click or 1-day view",,,,,,,0,,,,,
2026-05-29,2026-05-29,"3/5 Veltuff - Prospecting Campaign - Sales",inactive,,,,"Using ad set budget",0,0,0,0,0,0,Ongoing,"7-day click or 1-day view",,,,,,,0,,,,,
2026-05-29,2026-05-29,"11/4 Veltuff - Broad - custom - UK sales",inactive,,,,"Using ad set budget",0,0,0,0,0,0,Ongoing,"7-day click or 1-day view",,,,,,,0,,,,,
2026-05-29,2026-05-29,"28/3 Veltuff - Broad - custom - UK RM",inactive,,,,"Using ad set budget",0,0,0,0,0,0,Ongoing,"7-day click or 1-day view",,,,,,,0,,,,,
2026-05-29,2026-05-29,"23/3 Veltuff - Broad - custom - UK sales",inactive,,,,"Using ad set budget",0,0,0,0,0,0,Ongoing,"7-day click or 1-day view",,,,,,,0,,,,,
2026-05-29,2026-05-29,"17/3 Veltuff - Broad - custom - UK sales",inactive,,,,"Using ad set budget",0,0,0,0,0,0,Ongoing,"7-day click or 1-day view",,,,,,,0,,,,,
2026-05-29,2026-05-29,"AS - Prospecting Campaign JAN2023 - SALE - Copy",inactive,,,,"Using ad set budget",0,0,0,0,0,0,Ongoing,"7-day click or 1-day view",,,,,,,0,,,,,
2026-05-29,2026-05-29,"AS - Prospecting Campaign Dec2022",inactive,,,,"Using ad set budget",0,0,0,0,0,0,Ongoing,"7-day click or 1-day view",,,,,,,0,,,,,
2026-05-29,2026-05-29,"AS - RMKT - DEC 2022",inactive,,,,50,Daily,0,0,0,0,0,Ongoing,"7-day click or 1-day view",,,,,,,0,,,,,
2026-05-29,2026-05-29,"Website Retargeting - 2022",inactive,,,,"Using ad set budget",0,0,0,0,0,0,Ongoing,"1-day click",,,,,,,0,,,,,
2026-05-28,2026-05-28,"VD | Broad | Awareness",active,15936,reach,5.19452811,196,Daily,82.78,16119,15936,1.011483,5.135554,Ongoing,"7-day click or 1-day view",,,,,20,0.124077,4.139,20,13,,,
2026-05-28,2026-05-28,"VD | Retargeting | DPA Broad Remarket",inactive,,,,44,Daily,0,0,0,0,0,Ongoing,"7-day click",,,,,,,0,,,,,
2026-05-28,2026-05-28,"VD | Retargeting | DPA",active,3,actions:offsite_conversion.fb_pixel_purchase,126.41,370,Daily,379.23,9271,6623,1.399819,40.904972,Ongoing,"7-day click",6.360098,3,2411.94,action_values:offsite_conversion.fb_pixel_purchase,158,1.704239,2.179483,161,152,14,4,
2026-05-28,2026-05-28,"VD | Retargeting | DPA Campaign | Sales",inactive,,,,145,Daily,0,0,0,0,0,Ongoing,"7-day click",,,,,,,0,,,,,
2026-05-28,2026-05-28,"VD | Broad | Prospecting | Sales",active,8,actions:offsite_conversion.fb_pixel_purchase,63.67,370,Daily,509.36,12722,8183,1.554687,40.03773,Ongoing,"7-day click",5.936194,8,3023.66,action_values:offsite_conversion.fb_pixel_purchase,235,1.847194,1.893532,257,213,19,12,4
2026-05-28,2026-05-28,"Warehouse Clearance | Prospecting | Sales | Advantage+",inactive,,,,"Using ad set budget",0,0,0,0,0,0,2026-03-29,"7-day click",,,,,,,0,,,,,
2026-05-28,2026-05-28,"WinterSale | Prospecting | Sales | Advantage+",inactive,,,,"Using ad set budget",0,0,0,0,0,0,Ongoing,"7-day click",,,,,,,0,,,,,
2026-05-28,2026-05-28,"Ongoing | Sales | ProTex1 | Advantage+ | SH",active,2,actions:offsite_conversion.fb_pixel_purchase,49.045,327,Daily,98.09,3309,2409,1.373599,29.643397,Ongoing,"7-day click or 1-day view",18.50576,2,1815.23,action_values:offsite_conversion.fb_pixel_purchase,22,0.664853,3.772692,22,20,7,2,
2026-05-28,2026-05-28,"Ongoing | Sales | Hi-Vis Only | Advantage+ | SH",active,1,actions:offsite_conversion.fb_pixel_purchase,93.59,300,Daily,93.59,2268,1571,1.443666,41.265432,Ongoing,"7-day click or 1-day view",4.789935,1,448.29,action_values:offsite_conversion.fb_pixel_purchase,30,1.322751,2.529459,36,27,4,2,
2026-05-28,2026-05-28,"Customised Workwear | Awareness | Advantage+ | SH Campaign – Copy",inactive,,,,100,Daily,0,0,0,0,0,Ongoing,"7-day click or 1-day view",,,,,,,0,,,,,
2026-05-28,2026-05-28,"Key Categories | Sales | Advantage+ | SH Campaign",inactive,,,,"Using ad set budget",0,0,0,0,0,0,Ongoing,"7-day click, 1-day view, or 1-day engaged-view",,,,,,,0,,,,,
2026-05-28,2026-05-28,"Customised Workwear | Sales | Advantage+ | SH Campaign",inactive,,,,"Using ad set budget",0,0,0,0,0,0,Ongoing,"7-day click, 1-day view, or 1-day engaged-view",,,,,,,0,,,,,
2026-05-28,2026-05-28,"Ongoing | Retargeting | Sales | Dynamic Abandoned Cart - 30 Days | SH",inactive,,,,6.5,Daily,0,0,0,0,0,Ongoing,"7-day click",,,,,,,0,,,,,
2026-05-28,2026-05-28,"AS 7/1 25 - Purchase - Flexible ad Campaign",inactive,,,,"Using ad set budget",0,0,0,0,0,0,Ongoing,"7-day click, 1-day view, or 1-day engaged-view",,,,,,,0,,,,,
2026-05-28,2026-05-28,"5/6 Michelle Job add - KAM Jylland",inactive,,,,"Using ad set budget",0,0,0,0,0,0,Ongoing,"7-day click or 1-day view",,,,,,,0,,,,,
2026-05-28,2026-05-28,"4/1 2024 - RM - UK Campaign",inactive,,,,100,Daily,0,0,0,0,0,Ongoing,"7-day click",,,,,,,0,,,,,
2026-05-28,2026-05-28,"Ongoing | Prospecting | Sales | Broad | Advantage+ | SH Campaign",inactive,,,,"Using ad set budget",0,0,0,0,0,0,Ongoing,"7-day click or 1-day view",,,,,,,0,,,,,
2026-05-28,2026-05-28,"4/12 2023 - Safety Shoe Sale  Campaign",inactive,,,,"Using ad set budget",0,0,0,0,0,0,Ongoing,"7-day click or 1-day view",,,,,,,0,,,,,
2026-05-28,2026-05-28,"11/10 2023 - Advantage+ shopping campaign Campaign",inactive,,,,"Using ad set budget",0,0,0,0,0,0,Ongoing,"7-day click or 1-day view",,,,,,,0,,,,,
2026-05-28,2026-05-28,"19/7 2023 - MPA RM campaign",inactive,,,,"Using ad set budget",0,0,0,0,0,0,Ongoing,"7-day click or 1-day view",,,,,,,0,,,,,
2026-05-28,2026-05-28,"11/7 2023 - Sales campaign Women - UK MPA",inactive,,,,"Using ad set budget",0,0,0,0,0,0,Ongoing,"7-day click or 1-day view",,,,,,,0,,,,,
2026-05-28,2026-05-28,"23/6 2023 - Sales campaign - UK MPA",inactive,,,,"Using ad set budget",0,0,0,0,0,0,Ongoing,"7-day click or 1-day view",,,,,,,0,,,,,
2026-05-28,2026-05-28,"19/6 2023 - Sales collection video",inactive,,,,"Using ad set budget",0,0,0,0,0,0,Ongoing,"7-day click or 1-day view",,,,,,,0,,,,,
2026-05-28,2026-05-28,"12/5 2023 - Sales campaign - UK MPA",inactive,,,,"Using ad set budget",0,0,0,0,0,0,Ongoing,"7-day click or 1-day view",,,,,,,0,,,,,
2026-05-28,2026-05-28,"8/5 Veltuff - Broad - custom - UK sales",inactive,,,,"Using ad set budget",0,0,0,0,0,0,Ongoing,"7-day click or 1-day view",,,,,,,0,,,,,
2026-05-28,2026-05-28,"3/5 Veltuff - Prospecting Campaign - Sales",inactive,,,,"Using ad set budget",0,0,0,0,0,0,Ongoing,"7-day click or 1-day view",,,,,,,0,,,,,
2026-05-28,2026-05-28,"11/4 Veltuff - Broad - custom - UK sales",inactive,,,,"Using ad set budget",0,0,0,0,0,0,Ongoing,"7-day click or 1-day view",,,,,,,0,,,,,
2026-05-28,2026-05-28,"28/3 Veltuff - Broad - custom - UK RM",inactive,,,,"Using ad set budget",0,0,0,0,0,0,Ongoing,"7-day click or 1-day view",,,,,,,0,,,,,
2026-05-28,2026-05-28,"23/3 Veltuff - Broad - custom - UK sales",inactive,,,,"Using ad set budget",0,0,0,0,0,0,Ongoing,"7-day click or 1-day view",,,,,,,0,,,,,
2026-05-28,2026-05-28,"17/3 Veltuff - Broad - custom - UK sales",inactive,,,,"Using ad set budget",0,0,0,0,0,0,Ongoing,"7-day click or 1-day view",,,,,,,0,,,,,
2026-05-28,2026-05-28,"AS - Prospecting Campaign JAN2023 - SALE - Copy",inactive,,,,"Using ad set budget",0,0,0,0,0,0,Ongoing,"7-day click or 1-day view",,,,,,,0,,,,,
2026-05-28,2026-05-28,"AS - Prospecting Campaign Dec2022",inactive,,,,"Using ad set budget",0,0,0,0,0,0,Ongoing,"7-day click or 1-day view",,,,,,,0,,,,,
2026-05-28,2026-05-28,"AS - RMKT - DEC 2022",inactive,,,,50,Daily,0,0,0,0,0,Ongoing,"7-day click or 1-day view",,,,,,,0,,,,,
2026-05-28,2026-05-28,"Website Retargeting - 2022",inactive,,,,"Using ad set budget",0,0,0,0,0,0,Ongoing,"1-day click",,,,,,,0,,,,,
2026-05-27,2026-05-27,"VD | Broad | Awareness",active,18724,reach,6.03823969,196,Daily,113.06,18948,18724,1.011963,5.966857,Ongoing,"7-day click or 1-day view",,,,,32,0.168883,3.325294,36,19,,,
2026-05-27,2026-05-27,"VD | Retargeting | DPA Broad Remarket",inactive,,,,44,Daily,0,0,0,0,0,Ongoing,"7-day click",,,,,,,0,,,,,
2026-05-27,2026-05-27,"VD | Retargeting | DPA",active,2,actions:offsite_conversion.fb_pixel_purchase,161.425,370,Daily,322.85,7727,5200,1.485962,41.782063,Ongoing,"7-day click",2.136441,2,689.75,action_values:offsite_conversion.fb_pixel_purchase,170,2.200078,1.672798,172,150,7,1,1
2026-05-27,2026-05-27,"VD | Retargeting | DPA Campaign | Sales",inactive,,,,145,Daily,0,0,0,0,0,Ongoing,"7-day click",,,,,,,0,,,,,
2026-05-27,2026-05-27,"VD | Broad | Prospecting | Sales",active,1,actions:offsite_conversion.fb_pixel_purchase,499.98,370,Daily,499.98,13638,8772,1.55472,36.660801,Ongoing,"7-day click",1.683987,1,841.96,action_values:offsite_conversion.fb_pixel_purchase,234,1.715794,1.718144,240,195,22,6,1
2026-05-27,2026-05-27,"Warehouse Clearance | Prospecting | Sales | Advantage+",inactive,,,,"Using ad set budget",0,0,0,0,0,0,2026-03-29,"7-day click",,,,,,,0,,,,,
2026-05-27,2026-05-27,"WinterSale | Prospecting | Sales | Advantage+",inactive,,,,"Using ad set budget",0,0,0,0,0,0,Ongoing,"7-day click",,,,,,,0,,,,,
2026-05-27,2026-05-27,"Ongoing | Sales | ProTex1 | Advantage+ | SH",active,1,actions:offsite_conversion.fb_pixel_purchase,58.46,327,Daily,58.46,1520,971,1.565397,38.460526,Ongoing,"7-day click or 1-day view",2.068594,1,120.93,action_values:offsite_conversion.fb_pixel_purchase,19,1.25,2.541739,19,15,3,1,
2026-05-27,2026-05-27,"Ongoing | Sales | Hi-Vis Only | Advantage+ | SH",active,1,actions:offsite_conversion.fb_pixel_purchase,49.38,300,Daily,49.38,1275,869,1.467204,38.729412,Ongoing,"7-day click or 1-day view",2.966383,1,146.48,action_values:offsite_conversion.fb_pixel_purchase,21,1.647059,1.828889,21,16,3,1,
2026-05-27,2026-05-27,"Customised Workwear | Awareness | Advantage+ | SH Campaign – Copy",inactive,,,,100,Daily,0,0,0,0,0,Ongoing,"7-day click or 1-day view",,,,,,,0,,,,,
2026-05-27,2026-05-27,"Key Categories | Sales | Advantage+ | SH Campaign",inactive,,,,"Using ad set budget",0,0,0,0,0,0,Ongoing,"7-day click, 1-day view, or 1-day engaged-view",,,,,,,0,,,,,
2026-05-27,2026-05-27,"Customised Workwear | Sales | Advantage+ | SH Campaign",inactive,,,,"Using ad set budget",0,0,0,0,0,0,Ongoing,"7-day click, 1-day view, or 1-day engaged-view",,,,,,,0,,,,,
2026-05-27,2026-05-27,"Ongoing | Retargeting | Sales | Dynamic Abandoned Cart - 30 Days | SH",inactive,,,,6.5,Daily,0,0,0,0,0,Ongoing,"7-day click",,,,,,,0,,,,,
2026-05-27,2026-05-27,"AS 7/1 25 - Purchase - Flexible ad Campaign",inactive,,,,"Using ad set budget",0,0,0,0,0,0,Ongoing,"7-day click, 1-day view, or 1-day engaged-view",,,,,,,0,,,,,
2026-05-27,2026-05-27,"5/6 Michelle Job add - KAM Jylland",inactive,,,,"Using ad set budget",0,0,0,0,0,0,Ongoing,"7-day click or 1-day view",,,,,,,0,,,,,
2026-05-27,2026-05-27,"4/1 2024 - RM - UK Campaign",inactive,,,,100,Daily,0,0,0,0,0,Ongoing,"7-day click",,,,,,,0,,,,,
2026-05-27,2026-05-27,"Ongoing | Prospecting | Sales | Broad | Advantage+ | SH Campaign",inactive,,,,"Using ad set budget",0,0,0,0,0,0,Ongoing,"7-day click or 1-day view",,,,,,,0,,,,,
2026-05-27,2026-05-27,"4/12 2023 - Safety Shoe Sale  Campaign",inactive,,,,"Using ad set budget",0,0,0,0,0,0,Ongoing,"7-day click or 1-day view",,,,,,,0,,,,,
2026-05-27,2026-05-27,"11/10 2023 - Advantage+ shopping campaign Campaign",inactive,,,,"Using ad set budget",0,0,0,0,0,0,Ongoing,"7-day click or 1-day view",,,,,,,0,,,,,
2026-05-27,2026-05-27,"19/7 2023 - MPA RM campaign",inactive,,,,"Using ad set budget",0,0,0,0,0,0,Ongoing,"7-day click or 1-day view",,,,,,,0,,,,,
2026-05-27,2026-05-27,"11/7 2023 - Sales campaign Women - UK MPA",inactive,,,,"Using ad set budget",0,0,0,0,0,0,Ongoing,"7-day click or 1-day view",,,,,,,0,,,,,
2026-05-27,2026-05-27,"23/6 2023 - Sales campaign - UK MPA",inactive,,,,"Using ad set budget",0,0,0,0,0,0,Ongoing,"7-day click or 1-day view",,,,,,,0,,,,,
2026-05-27,2026-05-27,"19/6 2023 - Sales collection video",inactive,,,,"Using ad set budget",0,0,0,0,0,0,Ongoing,"7-day click or 1-day view",,,,,,,0,,,,,
2026-05-27,2026-05-27,"12/5 2023 - Sales campaign - UK MPA",inactive,,,,"Using ad set budget",0,0,0,0,0,0,Ongoing,"7-day click or 1-day view",,,,,,,0,,,,,
2026-05-27,2026-05-27,"8/5 Veltuff - Broad - custom - UK sales",inactive,,,,"Using ad set budget",0,0,0,0,0,0,Ongoing,"7-day click or 1-day view",,,,,,,0,,,,,
2026-05-27,2026-05-27,"3/5 Veltuff - Prospecting Campaign - Sales",inactive,,,,"Using ad set budget",0,0,0,0,0,0,Ongoing,"7-day click or 1-day view",,,,,,,0,,,,,
2026-05-27,2026-05-27,"11/4 Veltuff - Broad - custom - UK sales",inactive,,,,"Using ad set budget",0,0,0,0,0,0,Ongoing,"7-day click or 1-day view",,,,,,,0,,,,,
2026-05-27,2026-05-27,"28/3 Veltuff - Broad - custom - UK RM",inactive,,,,"Using ad set budget",0,0,0,0,0,0,Ongoing,"7-day click or 1-day view",,,,,,,0,,,,,
2026-05-27,2026-05-27,"23/3 Veltuff - Broad - custom - UK sales",inactive,,,,"Using ad set budget",0,0,0,0,0,0,Ongoing,"7-day click or 1-day view",,,,,,,0,,,,,
2026-05-27,2026-05-27,"17/3 Veltuff - Broad - custom - UK sales",inactive,,,,"Using ad set budget",0,0,0,0,0,0,Ongoing,"7-day click or 1-day view",,,,,,,0,,,,,
2026-05-27,2026-05-27,"AS - Prospecting Campaign JAN2023 - SALE - Copy",inactive,,,,"Using ad set budget",0,0,0,0,0,0,Ongoing,"7-day click or 1-day view",,,,,,,0,,,,,
2026-05-27,2026-05-27,"AS - Prospecting Campaign Dec2022",inactive,,,,"Using ad set budget",0,0,0,0,0,0,Ongoing,"7-day click or 1-day view",,,,,,,0,,,,,
2026-05-27,2026-05-27,"AS - RMKT - DEC 2022",inactive,,,,50,Daily,0,0,0,0,0,Ongoing,"7-day click or 1-day view",,,,,,,0,,,,,
2026-05-27,2026-05-27,"Website Retargeting - 2022",inactive,,,,"Using ad set budget",0,0,0,0,0,0,Ongoing,"1-day click",,,,,,,0,,,,,
2026-05-26,2026-05-26,"VD | Broad | Awareness",active,12152,reach,6.18087558,196,Daily,75.11,12152,12152,1,6.180876,Ongoing,"7-day click or 1-day view",,,,,16,0.131666,4.694375,17,6,1,,
2026-05-26,2026-05-26,"VD | Retargeting | DPA Broad Remarket",inactive,,,,44,Daily,0,0,0,0,0,Ongoing,"7-day click",,,,,,,0,,,,,
2026-05-26,2026-05-26,"VD | Retargeting | DPA",active,1,actions:offsite_conversion.fb_pixel_purchase,141.64,370,Daily,141.64,3019,2135,1.414052,46.916197,Ongoing,"7-day click",1.153488,1,163.38,action_values:offsite_conversion.fb_pixel_purchase,36,1.192448,3.07913,37,34,3,1,
2026-05-26,2026-05-26,"VD | Retargeting | DPA Campaign | Sales",inactive,,,,145,Daily,0,0,0,0,0,Ongoing,"7-day click",,,,,,,0,,,,,
2026-05-26,2026-05-26,"VD | Broad | Prospecting | Sales",active,4,actions:offsite_conversion.fb_pixel_purchase,102.925,370,Daily,411.7,10554,7403,1.425638,39.008907,Ongoing,"7-day click",5.247559,4,2160.42,action_values:offsite_conversion.fb_pixel_purchase,184,1.743415,1.708299,219,171,17,13,16
2026-05-26,2026-05-26,"Warehouse Clearance | Prospecting | Sales | Advantage+",inactive,,,,"Using ad set budget",0,0,0,0,0,0,2026-03-29,"7-day click",,,,,,,0,,,,,
2026-05-26,2026-05-26,"WinterSale | Prospecting | Sales | Advantage+",inactive,,,,"Using ad set budget",0,0,0,0,0,0,Ongoing,"7-day click",,,,,,,0,,,,,
2026-05-26,2026-05-26,"Ongoing | Sales | ProTex1 | Advantage+ | SH",active,4,actions:offsite_conversion.fb_pixel_purchase,14.565,327,Daily,58.26,1627,972,1.673868,35.808236,Ongoing,"7-day click or 1-day view",31.509097,4,1835.72,action_values:offsite_conversion.fb_pixel_purchase,25,1.53657,2.008966,26,23,4,5,
2026-05-26,2026-05-26,"Ongoing | Sales | Hi-Vis Only | Advantage+ | SH",active,2,actions:offsite_conversion.fb_pixel_purchase,27.665,300,Daily,55.33,1660,1034,1.605416,33.331325,Ongoing,"7-day click or 1-day view",5.31032,2,293.82,action_values:offsite_conversion.fb_pixel_purchase,23,1.385542,2.2132,25,19,5,4,
2026-05-26,2026-05-26,"Customised Workwear | Awareness | Advantage+ | SH Campaign – Copy",inactive,,,,100,Daily,0,0,0,0,0,Ongoing,"7-day click or 1-day view",,,,,,,0,,,,,
2026-05-26,2026-05-26,"Key Categories | Sales | Advantage+ | SH Campaign",inactive,,,,"Using ad set budget",0,0,0,0,0,0,Ongoing,"7-day click, 1-day view, or 1-day engaged-view",,,,,,,0,,,,,
2026-05-26,2026-05-26,"Customised Workwear | Sales | Advantage+ | SH Campaign",inactive,,,,"Using ad set budget",0,0,0,0,0,0,Ongoing,"7-day click, 1-day view, or 1-day engaged-view",,,,,,,0,,,,,
2026-05-26,2026-05-26,"Ongoing | Retargeting | Sales | Dynamic Abandoned Cart - 30 Days | SH",inactive,,,,6.5,Daily,0,0,0,0,0,Ongoing,"7-day click",,,,,,,0,,,,,
2026-05-26,2026-05-26,"AS 7/1 25 - Purchase - Flexible ad Campaign",inactive,,,,"Using ad set budget",0,0,0,0,0,0,Ongoing,"7-day click, 1-day view, or 1-day engaged-view",,,,,,,0,,,,,
2026-05-26,2026-05-26,"5/6 Michelle Job add - KAM Jylland",inactive,,,,"Using ad set budget",0,0,0,0,0,0,Ongoing,"7-day click or 1-day view",,,,,,,0,,,,,
2026-05-26,2026-05-26,"4/1 2024 - RM - UK Campaign",inactive,,,,100,Daily,0,0,0,0,0,Ongoing,"7-day click",,,,,,,0,,,,,
2026-05-26,2026-05-26,"Ongoing | Prospecting | Sales | Broad | Advantage+ | SH Campaign",inactive,,,,"Using ad set budget",0,0,0,0,0,0,Ongoing,"7-day click or 1-day view",,,,,,,0,,,,,
2026-05-26,2026-05-26,"4/12 2023 - Safety Shoe Sale  Campaign",inactive,,,,"Using ad set budget",0,0,0,0,0,0,Ongoing,"7-day click or 1-day view",,,,,,,0,,,,,
2026-05-26,2026-05-26,"11/10 2023 - Advantage+ shopping campaign Campaign",inactive,,,,"Using ad set budget",0,0,0,0,0,0,Ongoing,"7-day click or 1-day view",,,,,,,0,,,,,
2026-05-26,2026-05-26,"19/7 2023 - MPA RM campaign",inactive,,,,"Using ad set budget",0,0,0,0,0,0,Ongoing,"7-day click or 1-day view",,,,,,,0,,,,,
2026-05-26,2026-05-26,"11/7 2023 - Sales campaign Women - UK MPA",inactive,,,,"Using ad set budget",0,0,0,0,0,0,Ongoing,"7-day click or 1-day view",,,,,,,0,,,,,
2026-05-26,2026-05-26,"23/6 2023 - Sales campaign - UK MPA",inactive,,,,"Using ad set budget",0,0,0,0,0,0,Ongoing,"7-day click or 1-day view",,,,,,,0,,,,,
2026-05-26,2026-05-26,"19/6 2023 - Sales collection video",inactive,,,,"Using ad set budget",0,0,0,0,0,0,Ongoing,"7-day click or 1-day view",,,,,,,0,,,,,
2026-05-26,2026-05-26,"12/5 2023 - Sales campaign - UK MPA",inactive,,,,"Using ad set budget",0,0,0,0,0,0,Ongoing,"7-day click or 1-day view",,,,,,,0,,,,,
2026-05-26,2026-05-26,"8/5 Veltuff - Broad - custom - UK sales",inactive,,,,"Using ad set budget",0,0,0,0,0,0,Ongoing,"7-day click or 1-day view",,,,,,,0,,,,,
2026-05-26,2026-05-26,"3/5 Veltuff - Prospecting Campaign - Sales",inactive,,,,"Using ad set budget",0,0,0,0,0,0,Ongoing,"7-day click or 1-day view",,,,,,,0,,,,,
2026-05-26,2026-05-26,"11/4 Veltuff - Broad - custom - UK sales",inactive,,,,"Using ad set budget",0,0,0,0,0,0,Ongoing,"7-day click or 1-day view",,,,,,,0,,,,,
2026-05-26,2026-05-26,"28/3 Veltuff - Broad - custom - UK RM",inactive,,,,"Using ad set budget",0,0,0,0,0,0,Ongoing,"7-day click or 1-day view",,,,,,,0,,,,,
2026-05-26,2026-05-26,"23/3 Veltuff - Broad - custom - UK sales",inactive,,,,"Using ad set budget",0,0,0,0,0,0,Ongoing,"7-day click or 1-day view",,,,,,,0,,,,,
2026-05-26,2026-05-26,"17/3 Veltuff - Broad - custom - UK sales",inactive,,,,"Using ad set budget",0,0,0,0,0,0,Ongoing,"7-day click or 1-day view",,,,,,,0,,,,,
2026-05-26,2026-05-26,"AS - Prospecting Campaign JAN2023 - SALE - Copy",inactive,,,,"Using ad set budget",0,0,0,0,0,0,Ongoing,"7-day click or 1-day view",,,,,,,0,,,,,
2026-05-26,2026-05-26,"AS - Prospecting Campaign Dec2022",inactive,,,,"Using ad set budget",0,0,0,0,0,0,Ongoing,"7-day click or 1-day view",,,,,,,0,,,,,
2026-05-26,2026-05-26,"AS - RMKT - DEC 2022",inactive,,,,50,Daily,0,0,0,0,0,Ongoing,"7-day click or 1-day view",,,,,,,0,,,,,
2026-05-26,2026-05-26,"Website Retargeting - 2022",inactive,,,,"Using ad set budget",0,0,0,0,0,0,Ongoing,"1-day click",,,,,,,0,,,,,
2026-05-25,2026-05-25,"VD | Broad | Awareness",active,21580,reach,6.71547729,196,Daily,144.92,21580,21580,1,6.715477,Ongoing,"7-day click or 1-day view",,,,,27,0.125116,4.997241,29,14,,,
2026-05-25,2026-05-25,"VD | Retargeting | DPA Broad Remarket",inactive,,,,44,Daily,0,0,0,0,0,Ongoing,"7-day click",,,,,,,0,,,,,
2026-05-25,2026-05-25,"VD | Retargeting | DPA",active,4,actions:offsite_conversion.fb_pixel_purchase,116.6325,370,Daily,466.53,11958,8728,1.370073,39.014049,Ongoing,"7-day click",2.907166,4,1356.28,action_values:offsite_conversion.fb_pixel_purchase,197,1.647433,2.037249,207,197,8,4,4
2026-05-25,2026-05-25,"VD | Retargeting | DPA Campaign | Sales",inactive,,,,145,Daily,0,0,0,0,0,Ongoing,"7-day click",,,,,,,0,,,,,
2026-05-25,2026-05-25,"VD | Broad | Prospecting | Sales",active,4,actions:offsite_conversion.fb_pixel_purchase,157.5125,370,Daily,630.05,17878,12105,1.47691,35.241638,Ongoing,"7-day click",3.516118,4,2215.33,action_values:offsite_conversion.fb_pixel_purchase,333,1.862624,1.478991,373,301,24,15,14
2026-05-25,2026-05-25,"Warehouse Clearance | Prospecting | Sales | Advantage+",inactive,,,,"Using ad set budget",0,0,0,0,0,0,2026-03-29,"7-day click",,,,,,,0,,,,,
2026-05-25,2026-05-25,"WinterSale | Prospecting | Sales | Advantage+",inactive,,,,"Using ad set budget",0,0,0,0,0,0,Ongoing,"7-day click",,,,,,,0,,,,,
2026-05-25,2026-05-25,"Ongoing | Sales | ProTex1 | Advantage+ | SH",active,,,,327,Daily,55.22,1575,1110,1.418919,35.060317,Ongoing,"7-day click or 1-day view",,,,,15,0.952381,3.248235,16,16,,,
2026-05-25,2026-05-25,"Ongoing | Sales | Hi-Vis Only | Advantage+ | SH",active,,,,300,Daily,42.35,1155,741,1.558704,36.666667,Ongoing,"7-day click or 1-day view",,,,,17,1.471861,2.016667,20,16,1,1,1
2026-05-25,2026-05-25,"Customised Workwear | Awareness | Advantage+ | SH Campaign – Copy",inactive,,,,100,Daily,0,0,0,0,0,Ongoing,"7-day click or 1-day view",,,,,,,0,,,,,
2026-05-25,2026-05-25,"Key Categories | Sales | Advantage+ | SH Campaign",inactive,,,,"Using ad set budget",0,0,0,0,0,0,Ongoing,"7-day click, 1-day view, or 1-day engaged-view",,,,,,,0,,,,,
2026-05-25,2026-05-25,"Customised Workwear | Sales | Advantage+ | SH Campaign",inactive,,,,"Using ad set budget",0,0,0,0,0,0,Ongoing,"7-day click, 1-day view, or 1-day engaged-view",,,,,,,0,,,,,
2026-05-25,2026-05-25,"Ongoing | Retargeting | Sales | Dynamic Abandoned Cart - 30 Days | SH",inactive,,,,6.5,Daily,0,0,0,0,0,Ongoing,"7-day click",,,,,,,0,,,,,
2026-05-25,2026-05-25,"AS 7/1 25 - Purchase - Flexible ad Campaign",inactive,,,,"Using ad set budget",0,0,0,0,0,0,Ongoing,"7-day click, 1-day view, or 1-day engaged-view",,,,,,,0,,,,,
2026-05-25,2026-05-25,"5/6 Michelle Job add - KAM Jylland",inactive,,,,"Using ad set budget",0,0,0,0,0,0,Ongoing,"7-day click or 1-day view",,,,,,,0,,,,,
2026-05-25,2026-05-25,"4/1 2024 - RM - UK Campaign",inactive,,,,100,Daily,0,0,0,0,0,Ongoing,"7-day click",,,,,,,0,,,,,
2026-05-25,2026-05-25,"Ongoing | Prospecting | Sales | Broad | Advantage+ | SH Campaign",inactive,,,,"Using ad set budget",0,0,0,0,0,0,Ongoing,"7-day click or 1-day view",,,,,,,0,,,,,
2026-05-25,2026-05-25,"4/12 2023 - Safety Shoe Sale  Campaign",inactive,,,,"Using ad set budget",0,0,0,0,0,0,Ongoing,"7-day click or 1-day view",,,,,,,0,,,,,
2026-05-25,2026-05-25,"11/10 2023 - Advantage+ shopping campaign Campaign",inactive,,,,"Using ad set budget",0,0,0,0,0,0,Ongoing,"7-day click or 1-day view",,,,,,,0,,,,,
2026-05-25,2026-05-25,"19/7 2023 - MPA RM campaign",inactive,,,,"Using ad set budget",0,0,0,0,0,0,Ongoing,"7-day click or 1-day view",,,,,,,0,,,,,
2026-05-25,2026-05-25,"11/7 2023 - Sales campaign Women - UK MPA",inactive,,,,"Using ad set budget",0,0,0,0,0,0,Ongoing,"7-day click or 1-day view",,,,,,,0,,,,,
2026-05-25,2026-05-25,"23/6 2023 - Sales campaign - UK MPA",inactive,,,,"Using ad set budget",0,0,0,0,0,0,Ongoing,"7-day click or 1-day view",,,,,,,0,,,,,
2026-05-25,2026-05-25,"19/6 2023 - Sales collection video",inactive,,,,"Using ad set budget",0,0,0,0,0,0,Ongoing,"7-day click or 1-day view",,,,,,,0,,,,,
2026-05-25,2026-05-25,"12/5 2023 - Sales campaign - UK MPA",inactive,,,,"Using ad set budget",0,0,0,0,0,0,Ongoing,"7-day click or 1-day view",,,,,,,0,,,,,
2026-05-25,2026-05-25,"8/5 Veltuff - Broad - custom - UK sales",inactive,,,,"Using ad set budget",0,0,0,0,0,0,Ongoing,"7-day click or 1-day view",,,,,,,0,,,,,
2026-05-25,2026-05-25,"3/5 Veltuff - Prospecting Campaign - Sales",inactive,,,,"Using ad set budget",0,0,0,0,0,0,Ongoing,"7-day click or 1-day view",,,,,,,0,,,,,
2026-05-25,2026-05-25,"11/4 Veltuff - Broad - custom - UK sales",inactive,,,,"Using ad set budget",0,0,0,0,0,0,Ongoing,"7-day click or 1-day view",,,,,,,0,,,,,
2026-05-25,2026-05-25,"28/3 Veltuff - Broad - custom - UK RM",inactive,,,,"Using ad set budget",0,0,0,0,0,0,Ongoing,"7-day click or 1-day view",,,,,,,0,,,,,
2026-05-25,2026-05-25,"23/3 Veltuff - Broad - custom - UK sales",inactive,,,,"Using ad set budget",0,0,0,0,0,0,Ongoing,"7-day click or 1-day view",,,,,,,0,,,,,
2026-05-25,2026-05-25,"17/3 Veltuff - Broad - custom - UK sales",inactive,,,,"Using ad set budget",0,0,0,0,0,0,Ongoing,"7-day click or 1-day view",,,,,,,0,,,,,
2026-05-25,2026-05-25,"AS - Prospecting Campaign JAN2023 - SALE - Copy",inactive,,,,"Using ad set budget",0,0,0,0,0,0,Ongoing,"7-day click or 1-day view",,,,,,,0,,,,,
2026-05-25,2026-05-25,"AS - Prospecting Campaign Dec2022",inactive,,,,"Using ad set budget",0,0,0,0,0,0,Ongoing,"7-day click or 1-day view",,,,,,,0,,,,,
2026-05-25,2026-05-25,"AS - RMKT - DEC 2022",inactive,,,,50,Daily,0,0,0,0,0,Ongoing,"7-day click or 1-day view",,,,,,,0,,,,,
2026-05-25,2026-05-25,"Website Retargeting - 2022",inactive,,,,"Using ad set budget",0,0,0,0,0,0,Ongoing,"1-day click",,,,,,,0,,,,,
2026-05-24,2026-05-24,"VD | Broad | Awareness",active,16586,reach,7.42553961,196,Daily,123.16,17207,16586,1.037441,7.157552,Ongoing,"7-day click or 1-day view",,,,,20,0.116232,5.598182,52,13,,,
2026-05-24,2026-05-24,"VD | Retargeting | DPA Broad Remarket",inactive,,,,44,Daily,0,0,0,0,0,Ongoing,"7-day click",,,,,,,0,,,,,
2026-05-24,2026-05-24,"VD | Retargeting | DPA",active,1,actions:offsite_conversion.fb_pixel_purchase,410.19,370,Daily,410.19,8660,5599,1.546705,47.366051,Ongoing,"7-day click",1.433458,1,587.99,action_values:offsite_conversion.fb_pixel_purchase,125,1.443418,2.698618,132,110,3,3,2
2026-05-24,2026-05-24,"VD | Retargeting | DPA Campaign | Sales",inactive,,,,145,Daily,0,0,0,0,0,Ongoing,"7-day click",,,,,,,0,,,,,
2026-05-24,2026-05-24,"VD | Broad | Prospecting | Sales",active,4,actions:offsite_conversion.fb_pixel_purchase,168.0625,370,Daily,672.25,18228,12185,1.495938,36.880075,Ongoing,"7-day click",2.425125,4,1630.29,action_values:offsite_conversion.fb_pixel_purchase,342,1.876234,1.567016,409,304,19,10,34
2026-05-24,2026-05-24,"Warehouse Clearance | Prospecting | Sales | Advantage+",inactive,,,,"Using ad set budget",0,0,0,0,0,0,2026-03-29,"7-day click",,,,,,,0,,,,,
2026-05-24,2026-05-24,"WinterSale | Prospecting | Sales | Advantage+",inactive,,,,"Using ad set budget",0,0,0,0,0,0,Ongoing,"7-day click",,,,,,,0,,,,,
2026-05-24,2026-05-24,"Ongoing | Sales | ProTex1 | Advantage+ | SH",active,1,actions:offsite_conversion.fb_pixel_purchase,54.78,327,Daily,54.78,1419,993,1.429003,38.604651,Ongoing,"7-day click or 1-day view",4.253377,1,233,action_values:offsite_conversion.fb_pixel_purchase,13,0.916138,3.043333,13,12,3,1,
2026-05-24,2026-05-24,"Ongoing | Sales | Hi-Vis Only | Advantage+ | SH",active,,,,300,Daily,52.96,1103,727,1.517194,48.014506,Ongoing,"7-day click or 1-day view",,,,,22,1.99456,2.1184,23,21,,,
2026-05-24,2026-05-24,"Customised Workwear | Awareness | Advantage+ | SH Campaign – Copy",inactive,,,,100,Daily,0,0,0,0,0,Ongoing,"7-day click or 1-day view",,,,,,,0,,,,,
2026-05-24,2026-05-24,"Key Categories | Sales | Advantage+ | SH Campaign",inactive,,,,"Using ad set budget",0,0,0,0,0,0,Ongoing,"7-day click, 1-day view, or 1-day engaged-view",,,,,,,0,,,,,
2026-05-24,2026-05-24,"Customised Workwear | Sales | Advantage+ | SH Campaign",inactive,,,,"Using ad set budget",0,0,0,0,0,0,Ongoing,"7-day click, 1-day view, or 1-day engaged-view",,,,,,,0,,,,,
2026-05-24,2026-05-24,"Ongoing | Retargeting | Sales | Dynamic Abandoned Cart - 30 Days | SH",inactive,,,,6.5,Daily,0,0,0,0,0,Ongoing,"7-day click",,,,,,,0,,,,,
2026-05-24,2026-05-24,"AS 7/1 25 - Purchase - Flexible ad Campaign",inactive,,,,"Using ad set budget",0,0,0,0,0,0,Ongoing,"7-day click, 1-day view, or 1-day engaged-view",,,,,,,0,,,,,
2026-05-24,2026-05-24,"5/6 Michelle Job add - KAM Jylland",inactive,,,,"Using ad set budget",0,0,0,0,0,0,Ongoing,"7-day click or 1-day view",,,,,,,0,,,,,
2026-05-24,2026-05-24,"4/1 2024 - RM - UK Campaign",inactive,,,,100,Daily,0,0,0,0,0,Ongoing,"7-day click",,,,,,,0,,,,,
2026-05-24,2026-05-24,"Ongoing | Prospecting | Sales | Broad | Advantage+ | SH Campaign",inactive,,,,"Using ad set budget",0,0,0,0,0,0,Ongoing,"7-day click or 1-day view",,,,,,,0,,,,,
2026-05-24,2026-05-24,"4/12 2023 - Safety Shoe Sale  Campaign",inactive,,,,"Using ad set budget",0,0,0,0,0,0,Ongoing,"7-day click or 1-day view",,,,,,,0,,,,,
2026-05-24,2026-05-24,"11/10 2023 - Advantage+ shopping campaign Campaign",inactive,,,,"Using ad set budget",0,0,0,0,0,0,Ongoing,"7-day click or 1-day view",,,,,,,0,,,,,
2026-05-24,2026-05-24,"19/7 2023 - MPA RM campaign",inactive,,,,"Using ad set budget",0,0,0,0,0,0,Ongoing,"7-day click or 1-day view",,,,,,,0,,,,,
2026-05-24,2026-05-24,"11/7 2023 - Sales campaign Women - UK MPA",inactive,,,,"Using ad set budget",0,0,0,0,0,0,Ongoing,"7-day click or 1-day view",,,,,,,0,,,,,
2026-05-24,2026-05-24,"23/6 2023 - Sales campaign - UK MPA",inactive,,,,"Using ad set budget",0,0,0,0,0,0,Ongoing,"7-day click or 1-day view",,,,,,,0,,,,,
2026-05-24,2026-05-24,"19/6 2023 - Sales collection video",inactive,,,,"Using ad set budget",0,0,0,0,0,0,Ongoing,"7-day click or 1-day view",,,,,,,0,,,,,
2026-05-24,2026-05-24,"12/5 2023 - Sales campaign - UK MPA",inactive,,,,"Using ad set budget",0,0,0,0,0,0,Ongoing,"7-day click or 1-day view",,,,,,,0,,,,,
2026-05-24,2026-05-24,"8/5 Veltuff - Broad - custom - UK sales",inactive,,,,"Using ad set budget",0,0,0,0,0,0,Ongoing,"7-day click or 1-day view",,,,,,,0,,,,,
2026-05-24,2026-05-24,"3/5 Veltuff - Prospecting Campaign - Sales",inactive,,,,"Using ad set budget",0,0,0,0,0,0,Ongoing,"7-day click or 1-day view",,,,,,,0,,,,,
2026-05-24,2026-05-24,"11/4 Veltuff - Broad - custom - UK sales",inactive,,,,"Using ad set budget",0,0,0,0,0,0,Ongoing,"7-day click or 1-day view",,,,,,,0,,,,,
2026-05-24,2026-05-24,"28/3 Veltuff - Broad - custom - UK RM",inactive,,,,"Using ad set budget",0,0,0,0,0,0,Ongoing,"7-day click or 1-day view",,,,,,,0,,,,,
2026-05-24,2026-05-24,"23/3 Veltuff - Broad - custom - UK sales",inactive,,,,"Using ad set budget",0,0,0,0,0,0,Ongoing,"7-day click or 1-day view",,,,,,,0,,,,,
2026-05-24,2026-05-24,"17/3 Veltuff - Broad - custom - UK sales",inactive,,,,"Using ad set budget",0,0,0,0,0,0,Ongoing,"7-day click or 1-day view",,,,,,,0,,,,,
2026-05-24,2026-05-24,"AS - Prospecting Campaign JAN2023 - SALE - Copy",inactive,,,,"Using ad set budget",0,0,0,0,0,0,Ongoing,"7-day click or 1-day view",,,,,,,0,,,,,
2026-05-24,2026-05-24,"AS - Prospecting Campaign Dec2022",inactive,,,,"Using ad set budget",0,0,0,0,0,0,Ongoing,"7-day click or 1-day view",,,,,,,0,,,,,
2026-05-24,2026-05-24,"AS - RMKT - DEC 2022",inactive,,,,50,Daily,0,0,0,0,0,Ongoing,"7-day click or 1-day view",,,,,,,0,,,,,
2026-05-24,2026-05-24,"Website Retargeting - 2022",inactive,,,,"Using ad set budget",0,0,0,0,0,0,Ongoing,"1-day click",,,,,,,0,,,,,
2026-05-23,2026-05-23,"VD | Broad | Awareness",active,9586,reach,7.08428959,196,Daily,67.91,9979,9586,1.040997,6.805291,Ongoing,"7-day click or 1-day view",,,,,18,0.180379,3.086818,39,12,,,3
2026-05-23,2026-05-23,"VD | Retargeting | DPA Broad Remarket",inactive,,,,44,Daily,0,0,0,0,0,Ongoing,"7-day click",,,,,,,0,,,,,
2026-05-23,2026-05-23,"VD | Retargeting | DPA",active,3,actions:offsite_conversion.fb_pixel_purchase,139.01666667,370,Daily,417.05,9381,6120,1.532843,44.456881,Ongoing,"7-day click",3.453471,3,1440.27,action_values:offsite_conversion.fb_pixel_purchase,145,1.545677,2.230214,157,126,8,5,
2026-05-23,2026-05-23,"VD | Retargeting | DPA Campaign | Sales",inactive,,,,145,Daily,0,0,0,0,0,Ongoing,"7-day click",,,,,,,0,,,,,
2026-05-23,2026-05-23,"VD | Broad | Prospecting | Sales",active,1,actions:offsite_conversion.fb_pixel_purchase,500.27,370,Daily,500.27,12278,8545,1.436864,40.745235,Ongoing,"7-day click",0.405561,1,202.89,action_values:offsite_conversion.fb_pixel_purchase,238,1.938426,1.603429,263,232,8,2,9
2026-05-23,2026-05-23,"Warehouse Clearance | Prospecting | Sales | Advantage+",inactive,,,,"Using ad set budget",0,0,0,0,0,0,2026-03-29,"7-day click",,,,,,,0,,,,,
2026-05-23,2026-05-23,"WinterSale | Prospecting | Sales | Advantage+",inactive,,,,"Using ad set budget",0,0,0,0,0,0,Ongoing,"7-day click",,,,,,,0,,,,,
2026-05-23,2026-05-23,"Ongoing | Sales | ProTex1 | Advantage+ | SH",active,,,,327,Daily,39.45,1183,896,1.320313,33.347422,Ongoing,"7-day click or 1-day view",,,,,7,0.591716,4.383333,8,6,,,
2026-05-23,2026-05-23,"Ongoing | Sales | Hi-Vis Only | Advantage+ | SH",active,1,actions:offsite_conversion.fb_pixel_purchase,37.74,300,Daily,37.74,919,653,1.407351,41.066377,Ongoing,"7-day click or 1-day view",6.173821,1,233,action_values:offsite_conversion.fb_pixel_purchase,14,1.523395,2.695714,16,14,2,1,
2026-05-23,2026-05-23,"Customised Workwear | Awareness | Advantage+ | SH Campaign – Copy",inactive,,,,100,Daily,0,0,0,0,0,Ongoing,"7-day click or 1-day view",,,,,,,0,,,,,
2026-05-23,2026-05-23,"Key Categories | Sales | Advantage+ | SH Campaign",inactive,,,,"Using ad set budget",0,0,0,0,0,0,Ongoing,"7-day click, 1-day view, or 1-day engaged-view",,,,,,,0,,,,,
2026-05-23,2026-05-23,"Customised Workwear | Sales | Advantage+ | SH Campaign",inactive,,,,"Using ad set budget",0,0,0,0,0,0,Ongoing,"7-day click, 1-day view, or 1-day engaged-view",,,,,,,0,,,,,
2026-05-23,2026-05-23,"Ongoing | Retargeting | Sales | Dynamic Abandoned Cart - 30 Days | SH",inactive,,,,6.5,Daily,0,0,0,0,0,Ongoing,"7-day click",,,,,,,0,,,,,
2026-05-23,2026-05-23,"AS 7/1 25 - Purchase - Flexible ad Campaign",inactive,,,,"Using ad set budget",0,0,0,0,0,0,Ongoing,"7-day click, 1-day view, or 1-day engaged-view",,,,,,,0,,,,,
2026-05-23,2026-05-23,"5/6 Michelle Job add - KAM Jylland",inactive,,,,"Using ad set budget",0,0,0,0,0,0,Ongoing,"7-day click or 1-day view",,,,,,,0,,,,,
2026-05-23,2026-05-23,"4/1 2024 - RM - UK Campaign",inactive,,,,100,Daily,0,0,0,0,0,Ongoing,"7-day click",,,,,,,0,,,,,
2026-05-23,2026-05-23,"Ongoing | Prospecting | Sales | Broad | Advantage+ | SH Campaign",inactive,,,,"Using ad set budget",0,0,0,0,0,0,Ongoing,"7-day click or 1-day view",,,,,,,0,,,,,
2026-05-23,2026-05-23,"4/12 2023 - Safety Shoe Sale  Campaign",inactive,,,,"Using ad set budget",0,0,0,0,0,0,Ongoing,"7-day click or 1-day view",,,,,,,0,,,,,
2026-05-23,2026-05-23,"11/10 2023 - Advantage+ shopping campaign Campaign",inactive,,,,"Using ad set budget",0,0,0,0,0,0,Ongoing,"7-day click or 1-day view",,,,,,,0,,,,,
2026-05-23,2026-05-23,"19/7 2023 - MPA RM campaign",inactive,,,,"Using ad set budget",0,0,0,0,0,0,Ongoing,"7-day click or 1-day view",,,,,,,0,,,,,
2026-05-23,2026-05-23,"11/7 2023 - Sales campaign Women - UK MPA",inactive,,,,"Using ad set budget",0,0,0,0,0,0,Ongoing,"7-day click or 1-day view",,,,,,,0,,,,,
2026-05-23,2026-05-23,"23/6 2023 - Sales campaign - UK MPA",inactive,,,,"Using ad set budget",0,0,0,0,0,0,Ongoing,"7-day click or 1-day view",,,,,,,0,,,,,
2026-05-23,2026-05-23,"19/6 2023 - Sales collection video",inactive,,,,"Using ad set budget",0,0,0,0,0,0,Ongoing,"7-day click or 1-day view",,,,,,,0,,,,,
2026-05-23,2026-05-23,"12/5 2023 - Sales campaign - UK MPA",inactive,,,,"Using ad set budget",0,0,0,0,0,0,Ongoing,"7-day click or 1-day view",,,,,,,0,,,,,
2026-05-23,2026-05-23,"8/5 Veltuff - Broad - custom - UK sales",inactive,,,,"Using ad set budget",0,0,0,0,0,0,Ongoing,"7-day click or 1-day view",,,,,,,0,,,,,
2026-05-23,2026-05-23,"3/5 Veltuff - Prospecting Campaign - Sales",inactive,,,,"Using ad set budget",0,0,0,0,0,0,Ongoing,"7-day click or 1-day view",,,,,,,0,,,,,
2026-05-23,2026-05-23,"11/4 Veltuff - Broad - custom - UK sales",inactive,,,,"Using ad set budget",0,0,0,0,0,0,Ongoing,"7-day click or 1-day view",,,,,,,0,,,,,
2026-05-23,2026-05-23,"28/3 Veltuff - Broad - custom - UK RM",inactive,,,,"Using ad set budget",0,0,0,0,0,0,Ongoing,"7-day click or 1-day view",,,,,,,0,,,,,
2026-05-23,2026-05-23,"23/3 Veltuff - Broad - custom - UK sales",inactive,,,,"Using ad set budget",0,0,0,0,0,0,Ongoing,"7-day click or 1-day view",,,,,,,0,,,,,
2026-05-23,2026-05-23,"17/3 Veltuff - Broad - custom - UK sales",inactive,,,,"Using ad set budget",0,0,0,0,0,0,Ongoing,"7-day click or 1-day view",,,,,,,0,,,,,
2026-05-23,2026-05-23,"AS - Prospecting Campaign JAN2023 - SALE - Copy",inactive,,,,"Using ad set budget",0,0,0,0,0,0,Ongoing,"7-day click or 1-day view",,,,,,,0,,,,,
2026-05-23,2026-05-23,"AS - Prospecting Campaign Dec2022",inactive,,,,"Using ad set budget",0,0,0,0,0,0,Ongoing,"7-day click or 1-day view",,,,,,,0,,,,,
2026-05-23,2026-05-23,"AS - RMKT - DEC 2022",inactive,,,,50,Daily,0,0,0,0,0,Ongoing,"7-day click or 1-day view",,,,,,,0,,,,,
2026-05-23,2026-05-23,"Website Retargeting - 2022",inactive,,,,"Using ad set budget",0,0,0,0,0,0,Ongoing,"1-day click",,,,,,,0,,,,,
2026-05-22,2026-05-22,"VD | Broad | Awareness",active,15931,reach,7.10187684,196,Daily,113.14,16963,15931,1.064779,6.669811,Ongoing,"7-day click or 1-day view",,,,,21,0.123799,4.351538,22,12,,,
2026-05-22,2026-05-22,"VD | Retargeting | DPA Broad Remarket",inactive,,,,44,Daily,0,0,0,0,0,Ongoing,"7-day click",,,,,,,0,,,,,
2026-05-22,2026-05-22,"VD | Retargeting | DPA",active,2,actions:offsite_conversion.fb_pixel_purchase,172.165,370,Daily,344.33,7695,5318,1.446973,44.747238,Ongoing,"7-day click",1.930909,2,664.87,action_values:offsite_conversion.fb_pixel_purchase,106,1.377518,2.588947,109,96,15,5,
2026-05-22,2026-05-22,"VD | Retargeting | DPA Campaign | Sales",inactive,,,,145,Daily,0,0,0,0,0,Ongoing,"7-day click",,,,,,,0,,,,,
2026-05-22,2026-05-22,"VD | Broad | Prospecting | Sales",active,3,actions:offsite_conversion.fb_pixel_purchase,190.06,370,Daily,570.18,14200,9288,1.528854,40.153521,Ongoing,"7-day click",1.920604,3,1095.09,action_values:offsite_conversion.fb_pixel_purchase,281,1.978873,1.667193,301,258,16,9,8
2026-05-22,2026-05-22,"Warehouse Clearance | Prospecting | Sales | Advantage+",inactive,,,,"Using ad set budget",0,0,0,0,0,0,2026-03-29,"7-day click",,,,,,,0,,,,,
2026-05-22,2026-05-22,"WinterSale | Prospecting | Sales | Advantage+",inactive,,,,"Using ad set budget",0,0,0,0,0,0,Ongoing,"7-day click",,,,,,,0,,,,,
2026-05-22,2026-05-22,"Ongoing | Sales | ProTex1 | Advantage+ | SH",active,1,actions:offsite_conversion.fb_pixel_purchase,44.15,327,Daily,44.15,1177,814,1.445946,37.51062,Ongoing,"7-day click or 1-day view",6.183465,1,273,action_values:offsite_conversion.fb_pixel_purchase,15,1.274427,2.759375,15,11,,2,
2026-05-22,2026-05-22,"Ongoing | Sales | Hi-Vis Only | Advantage+ | SH",active,2,actions:offsite_conversion.fb_pixel_purchase,22.045,300,Daily,44.09,1164,792,1.469697,37.878007,Ongoing,"7-day click or 1-day view",76.613518,2,3377.89,action_values:offsite_conversion.fb_pixel_purchase,21,1.804124,1.632963,27,20,1,1,1
2026-05-22,2026-05-22,"Customised Workwear | Awareness | Advantage+ | SH Campaign – Copy",inactive,,,,100,Daily,0,0,0,0,0,Ongoing,"7-day click or 1-day view",,,,,,,0,,,,,
2026-05-22,2026-05-22,"Key Categories | Sales | Advantage+ | SH Campaign",inactive,,,,"Using ad set budget",0,0,0,0,0,0,Ongoing,"7-day click, 1-day view, or 1-day engaged-view",,,,,,,0,,,,,
2026-05-22,2026-05-22,"Customised Workwear | Sales | Advantage+ | SH Campaign",inactive,,,,"Using ad set budget",0,0,0,0,0,0,Ongoing,"7-day click, 1-day view, or 1-day engaged-view",,,,,,,0,,,,,
2026-05-22,2026-05-22,"Ongoing | Retargeting | Sales | Dynamic Abandoned Cart - 30 Days | SH",inactive,,,,6.5,Daily,0,0,0,0,0,Ongoing,"7-day click",,,,,,,0,,,,,
2026-05-22,2026-05-22,"AS 7/1 25 - Purchase - Flexible ad Campaign",inactive,,,,"Using ad set budget",0,0,0,0,0,0,Ongoing,"7-day click, 1-day view, or 1-day engaged-view",,,,,,,0,,,,,
2026-05-22,2026-05-22,"5/6 Michelle Job add - KAM Jylland",inactive,,,,"Using ad set budget",0,0,0,0,0,0,Ongoing,"7-day click or 1-day view",,,,,,,0,,,,,
2026-05-22,2026-05-22,"4/1 2024 - RM - UK Campaign",inactive,,,,100,Daily,0,0,0,0,0,Ongoing,"7-day click",,,,,,,0,,,,,
2026-05-22,2026-05-22,"Ongoing | Prospecting | Sales | Broad | Advantage+ | SH Campaign",inactive,,,,"Using ad set budget",0,0,0,0,0,0,Ongoing,"7-day click or 1-day view",,,,,,,0,,,,,
2026-05-22,2026-05-22,"4/12 2023 - Safety Shoe Sale  Campaign",inactive,,,,"Using ad set budget",0,0,0,0,0,0,Ongoing,"7-day click or 1-day view",,,,,,,0,,,,,
2026-05-22,2026-05-22,"11/10 2023 - Advantage+ shopping campaign Campaign",inactive,,,,"Using ad set budget",0,0,0,0,0,0,Ongoing,"7-day click or 1-day view",,,,,,,0,,,,,
2026-05-22,2026-05-22,"19/7 2023 - MPA RM campaign",inactive,,,,"Using ad set budget",0,0,0,0,0,0,Ongoing,"7-day click or 1-day view",,,,,,,0,,,,,
2026-05-22,2026-05-22,"11/7 2023 - Sales campaign Women - UK MPA",inactive,,,,"Using ad set budget",0,0,0,0,0,0,Ongoing,"7-day click or 1-day view",,,,,,,0,,,,,
2026-05-22,2026-05-22,"23/6 2023 - Sales campaign - UK MPA",inactive,,,,"Using ad set budget",0,0,0,0,0,0,Ongoing,"7-day click or 1-day view",,,,,,,0,,,,,
2026-05-22,2026-05-22,"19/6 2023 - Sales collection video",inactive,,,,"Using ad set budget",0,0,0,0,0,0,Ongoing,"7-day click or 1-day view",,,,,,,0,,,,,
2026-05-22,2026-05-22,"12/5 2023 - Sales campaign - UK MPA",inactive,,,,"Using ad set budget",0,0,0,0,0,0,Ongoing,"7-day click or 1-day view",,,,,,,0,,,,,
2026-05-22,2026-05-22,"8/5 Veltuff - Broad - custom - UK sales",inactive,,,,"Using ad set budget",0,0,0,0,0,0,Ongoing,"7-day click or 1-day view",,,,,,,0,,,,,
2026-05-22,2026-05-22,"3/5 Veltuff - Prospecting Campaign - Sales",inactive,,,,"Using ad set budget",0,0,0,0,0,0,Ongoing,"7-day click or 1-day view",,,,,,,0,,,,,
2026-05-22,2026-05-22,"11/4 Veltuff - Broad - custom - UK sales",inactive,,,,"Using ad set budget",0,0,0,0,0,0,Ongoing,"7-day click or 1-day view",,,,,,,0,,,,,
2026-05-22,2026-05-22,"28/3 Veltuff - Broad - custom - UK RM",inactive,,,,"Using ad set budget",0,0,0,0,0,0,Ongoing,"7-day click or 1-day view",,,,,,,0,,,,,
2026-05-22,2026-05-22,"23/3 Veltuff - Broad - custom - UK sales",inactive,,,,"Using ad set budget",0,0,0,0,0,0,Ongoing,"7-day click or 1-day view",,,,,,,0,,,,,
2026-05-22,2026-05-22,"17/3 Veltuff - Broad - custom - UK sales",inactive,,,,"Using ad set budget",0,0,0,0,0,0,Ongoing,"7-day click or 1-day view",,,,,,,0,,,,,
2026-05-22,2026-05-22,"AS - Prospecting Campaign JAN2023 - SALE - Copy",inactive,,,,"Using ad set budget",0,0,0,0,0,0,Ongoing,"7-day click or 1-day view",,,,,,,0,,,,,
2026-05-22,2026-05-22,"AS - Prospecting Campaign Dec2022",inactive,,,,"Using ad set budget",0,0,0,0,0,0,Ongoing,"7-day click or 1-day view",,,,,,,0,,,,,
2026-05-22,2026-05-22,"AS - RMKT - DEC 2022",inactive,,,,50,Daily,0,0,0,0,0,Ongoing,"7-day click or 1-day view",,,,,,,0,,,,,
2026-05-22,2026-05-22,"Website Retargeting - 2022",inactive,,,,"Using ad set budget",0,0,0,0,0,0,Ongoing,"1-day click",,,,,,,0,,,,,
2026-05-21,2026-05-21,"VD | Broad | Awareness",active,12034,reach,6.44174838,196,Daily,77.52,12303,12034,1.022353,6.300902,Ongoing,"7-day click or 1-day view",,,,,13,0.105665,5.168,13,8,,,
2026-05-21,2026-05-21,"VD | Retargeting | DPA Broad Remarket",inactive,,,,44,Daily,0,0,0,0,0,Ongoing,"7-day click",,,,,,,0,,,,,
2026-05-21,2026-05-21,"VD | Retargeting | DPA",active,5,actions:offsite_conversion.fb_pixel_purchase,61.732,370,Daily,308.66,7935,5447,1.456765,38.898551,Ongoing,"7-day click",9.222769,5,2846.7,action_values:offsite_conversion.fb_pixel_purchase,140,1.764335,1.714778,143,122,7,5,
2026-05-21,2026-05-21,"VD | Retargeting | DPA Campaign | Sales",inactive,,,,145,Daily,0,0,0,0,0,Ongoing,"7-day click",,,,,,,0,,,,,
2026-05-21,2026-05-21,"VD | Broad | Prospecting | Sales",active,2,actions:offsite_conversion.fb_pixel_purchase,297.76,370,Daily,595.52,16927,11283,1.500222,35.181662,Ongoing,"7-day click",1.755323,2,1045.33,action_values:offsite_conversion.fb_pixel_purchase,307,1.81367,1.38493,363,279,15,6,17
2026-05-21,2026-05-21,"Warehouse Clearance | Prospecting | Sales | Advantage+",inactive,,,,"Using ad set budget",0,0,0,0,0,0,2026-03-29,"7-day click",,,,,,,0,,,,,
2026-05-21,2026-05-21,"WinterSale | Prospecting | Sales | Advantage+",inactive,,,,"Using ad set budget",0,0,0,0,0,0,Ongoing,"7-day click",,,,,,,0,,,,,
2026-05-21,2026-05-21,"Ongoing | Sales | ProTex1 | Advantage+ | SH",active,1,actions:offsite_conversion.fb_pixel_purchase,50.08,327,Daily,50.08,1429,998,1.431864,35.045486,Ongoing,"7-day click or 1-day view",5.155751,1,258.2,action_values:offsite_conversion.fb_pixel_purchase,17,1.189643,2.384762,17,10,1,5,
2026-05-21,2026-05-21,"Ongoing | Sales | Hi-Vis Only | Advantage+ | SH",active,,,,300,Daily,39.04,1118,775,1.442581,34.919499,Ongoing,"7-day click or 1-day view",,,,,15,1.341682,2.296471,17,14,2,1,1
2026-05-21,2026-05-21,"Customised Workwear | Awareness | Advantage+ | SH Campaign – Copy",inactive,,,,100,Daily,0,0,0,0,0,Ongoing,"7-day click or 1-day view",,,,,,,0,,,,,
2026-05-21,2026-05-21,"Key Categories | Sales | Advantage+ | SH Campaign",inactive,,,,"Using ad set budget",0,0,0,0,0,0,Ongoing,"7-day click, 1-day view, or 1-day engaged-view",,,,,,,0,,,,,
2026-05-21,2026-05-21,"Customised Workwear | Sales | Advantage+ | SH Campaign",inactive,,,,"Using ad set budget",0,0,0,0,0,0,Ongoing,"7-day click, 1-day view, or 1-day engaged-view",,,,,,,0,,,,,
2026-05-21,2026-05-21,"Ongoing | Retargeting | Sales | Dynamic Abandoned Cart - 30 Days | SH",inactive,,,,6.5,Daily,0,0,0,0,0,Ongoing,"7-day click",,,,,,,0,,,,,
2026-05-21,2026-05-21,"AS 7/1 25 - Purchase - Flexible ad Campaign",inactive,,,,"Using ad set budget",0,0,0,0,0,0,Ongoing,"7-day click, 1-day view, or 1-day engaged-view",,,,,,,0,,,,,
2026-05-21,2026-05-21,"5/6 Michelle Job add - KAM Jylland",inactive,,,,"Using ad set budget",0,0,0,0,0,0,Ongoing,"7-day click or 1-day view",,,,,,,0,,,,,
2026-05-21,2026-05-21,"4/1 2024 - RM - UK Campaign",inactive,,,,100,Daily,0,0,0,0,0,Ongoing,"7-day click",,,,,,,0,,,,,
2026-05-21,2026-05-21,"Ongoing | Prospecting | Sales | Broad | Advantage+ | SH Campaign",inactive,,,,"Using ad set budget",0,0,0,0,0,0,Ongoing,"7-day click or 1-day view",,,,,,,0,,,,,
2026-05-21,2026-05-21,"4/12 2023 - Safety Shoe Sale  Campaign",inactive,,,,"Using ad set budget",0,0,0,0,0,0,Ongoing,"7-day click or 1-day view",,,,,,,0,,,,,
2026-05-21,2026-05-21,"11/10 2023 - Advantage+ shopping campaign Campaign",inactive,,,,"Using ad set budget",0,0,0,0,0,0,Ongoing,"7-day click or 1-day view",,,,,,,0,,,,,
2026-05-21,2026-05-21,"19/7 2023 - MPA RM campaign",inactive,,,,"Using ad set budget",0,0,0,0,0,0,Ongoing,"7-day click or 1-day view",,,,,,,0,,,,,
2026-05-21,2026-05-21,"11/7 2023 - Sales campaign Women - UK MPA",inactive,,,,"Using ad set budget",0,0,0,0,0,0,Ongoing,"7-day click or 1-day view",,,,,,,0,,,,,
2026-05-21,2026-05-21,"23/6 2023 - Sales campaign - UK MPA",inactive,,,,"Using ad set budget",0,0,0,0,0,0,Ongoing,"7-day click or 1-day view",,,,,,,0,,,,,
2026-05-21,2026-05-21,"19/6 2023 - Sales collection video",inactive,,,,"Using ad set budget",0,0,0,0,0,0,Ongoing,"7-day click or 1-day view",,,,,,,0,,,,,
2026-05-21,2026-05-21,"12/5 2023 - Sales campaign - UK MPA",inactive,,,,"Using ad set budget",0,0,0,0,0,0,Ongoing,"7-day click or 1-day view",,,,,,,0,,,,,
2026-05-21,2026-05-21,"8/5 Veltuff - Broad - custom - UK sales",inactive,,,,"Using ad set budget",0,0,0,0,0,0,Ongoing,"7-day click or 1-day view",,,,,,,0,,,,,
2026-05-21,2026-05-21,"3/5 Veltuff - Prospecting Campaign - Sales",inactive,,,,"Using ad set budget",0,0,0,0,0,0,Ongoing,"7-day click or 1-day view",,,,,,,0,,,,,
2026-05-21,2026-05-21,"11/4 Veltuff - Broad - custom - UK sales",inactive,,,,"Using ad set budget",0,0,0,0,0,0,Ongoing,"7-day click or 1-day view",,,,,,,0,,,,,
2026-05-21,2026-05-21,"28/3 Veltuff - Broad - custom - UK RM",inactive,,,,"Using ad set budget",0,0,0,0,0,0,Ongoing,"7-day click or 1-day view",,,,,,,0,,,,,
2026-05-21,2026-05-21,"23/3 Veltuff - Broad - custom - UK sales",inactive,,,,"Using ad set budget",0,0,0,0,0,0,Ongoing,"7-day click or 1-day view",,,,,,,0,,,,,
2026-05-21,2026-05-21,"17/3 Veltuff - Broad - custom - UK sales",inactive,,,,"Using ad set budget",0,0,0,0,0,0,Ongoing,"7-day click or 1-day view",,,,,,,0,,,,,
2026-05-21,2026-05-21,"AS - Prospecting Campaign JAN2023 - SALE - Copy",inactive,,,,"Using ad set budget",0,0,0,0,0,0,Ongoing,"7-day click or 1-day view",,,,,,,0,,,,,
2026-05-21,2026-05-21,"AS - Prospecting Campaign Dec2022",inactive,,,,"Using ad set budget",0,0,0,0,0,0,Ongoing,"7-day click or 1-day view",,,,,,,0,,,,,
2026-05-21,2026-05-21,"AS - RMKT - DEC 2022",inactive,,,,50,Daily,0,0,0,0,0,Ongoing,"7-day click or 1-day view",,,,,,,0,,,,,
2026-05-21,2026-05-21,"Website Retargeting - 2022",inactive,,,,"Using ad set budget",0,0,0,0,0,0,Ongoing,"1-day click",,,,,,,0,,,,,
2026-05-20,2026-05-20,"VD | Broad | Awareness",active,11863,reach,6.74281379,196,Daily,79.99,11863,11863,1,6.742814,Ongoing,"7-day click or 1-day view",,,,,23,0.19388,3.1996,23,13,,,
2026-05-20,2026-05-20,"VD | Retargeting | DPA Broad Remarket",inactive,,,,44,Daily,0,0,0,0,0,Ongoing,"7-day click",,,,,,,0,,,,,
2026-05-20,2026-05-20,"VD | Retargeting | DPA",active,4,actions:offsite_conversion.fb_pixel_purchase,110.4425,370,Daily,441.77,12337,8541,1.444444,35.808543,Ongoing,"7-day click",3.44908,4,1523.7,action_values:offsite_conversion.fb_pixel_purchase,221,1.791359,1.589101,232,197,10,3,
2026-05-20,2026-05-20,"VD | Retargeting | DPA Campaign | Sales",inactive,,,,145,Daily,0,0,0,0,0,Ongoing,"7-day click",,,,,,,0,,,,,
2026-05-20,2026-05-20,"VD | Broad | Prospecting | Sales",active,10,actions:offsite_conversion.fb_pixel_purchase,61.724,370,Daily,617.24,16938,11579,1.462821,36.441138,Ongoing,"7-day click",5.63387,10,3477.45,action_values:offsite_conversion.fb_pixel_purchase,362,2.137206,1.359559,399,351,26,21,14
2026-05-20,2026-05-20,"Warehouse Clearance | Prospecting | Sales | Advantage+",inactive,,,,"Using ad set budget",0,0,0,0,0,0,2026-03-29,"7-day click",,,,,,,0,,,,,
2026-05-20,2026-05-20,"WinterSale | Prospecting | Sales | Advantage+",inactive,,,,"Using ad set budget",0,0,0,0,0,0,Ongoing,"7-day click",,,,,,,0,,,,,
2026-05-20,2026-05-20,"Ongoing | Sales | ProTex1 | Advantage+ | SH",active,2,actions:offsite_conversion.fb_pixel_purchase,28.85,327,Daily,57.7,1874,1364,1.3739,30.789755,Ongoing,"7-day click or 1-day view",13.52721,2,780.52,action_values:offsite_conversion.fb_pixel_purchase,30,1.600854,1.479487,35,26,3,3,
2026-05-20,2026-05-20,"Ongoing | Sales | Hi-Vis Only | Advantage+ | SH",active,,,,300,Daily,47.78,1184,783,1.512133,40.35473,Ongoing,"7-day click or 1-day view",,,,,18,1.52027,1.706429,20,21,,,
2026-05-20,2026-05-20,"Customised Workwear | Awareness | Advantage+ | SH Campaign – Copy",inactive,,,,100,Daily,0,0,0,0,0,Ongoing,"7-day click or 1-day view",,,,,,,0,,,,,
2026-05-20,2026-05-20,"Key Categories | Sales | Advantage+ | SH Campaign",inactive,,,,"Using ad set budget",0,0,0,0,0,0,Ongoing,"7-day click, 1-day view, or 1-day engaged-view",,,,,,,0,,,,,
2026-05-20,2026-05-20,"Customised Workwear | Sales | Advantage+ | SH Campaign",inactive,,,,"Using ad set budget",0,0,0,0,0,0,Ongoing,"7-day click, 1-day view, or 1-day engaged-view",,,,,,,0,,,,,
2026-05-20,2026-05-20,"Ongoing | Retargeting | Sales | Dynamic Abandoned Cart - 30 Days | SH",inactive,,,,6.5,Daily,0,0,0,0,0,Ongoing,"7-day click",,,,,,,0,,,,,
2026-05-20,2026-05-20,"AS 7/1 25 - Purchase - Flexible ad Campaign",inactive,,,,"Using ad set budget",0,0,0,0,0,0,Ongoing,"7-day click, 1-day view, or 1-day engaged-view",,,,,,,0,,,,,
2026-05-20,2026-05-20,"5/6 Michelle Job add - KAM Jylland",inactive,,,,"Using ad set budget",0,0,0,0,0,0,Ongoing,"7-day click or 1-day view",,,,,,,0,,,,,
2026-05-20,2026-05-20,"4/1 2024 - RM - UK Campaign",inactive,,,,100,Daily,0,0,0,0,0,Ongoing,"7-day click",,,,,,,0,,,,,
2026-05-20,2026-05-20,"Ongoing | Prospecting | Sales | Broad | Advantage+ | SH Campaign",inactive,,,,"Using ad set budget",0,0,0,0,0,0,Ongoing,"7-day click or 1-day view",,,,,,,0,,,,,
2026-05-20,2026-05-20,"4/12 2023 - Safety Shoe Sale  Campaign",inactive,,,,"Using ad set budget",0,0,0,0,0,0,Ongoing,"7-day click or 1-day view",,,,,,,0,,,,,
2026-05-20,2026-05-20,"11/10 2023 - Advantage+ shopping campaign Campaign",inactive,,,,"Using ad set budget",0,0,0,0,0,0,Ongoing,"7-day click or 1-day view",,,,,,,0,,,,,
2026-05-20,2026-05-20,"19/7 2023 - MPA RM campaign",inactive,,,,"Using ad set budget",0,0,0,0,0,0,Ongoing,"7-day click or 1-day view",,,,,,,0,,,,,
2026-05-20,2026-05-20,"11/7 2023 - Sales campaign Women - UK MPA",inactive,,,,"Using ad set budget",0,0,0,0,0,0,Ongoing,"7-day click or 1-day view",,,,,,,0,,,,,
2026-05-20,2026-05-20,"23/6 2023 - Sales campaign - UK MPA",inactive,,,,"Using ad set budget",0,0,0,0,0,0,Ongoing,"7-day click or 1-day view",,,,,,,0,,,,,
2026-05-20,2026-05-20,"19/6 2023 - Sales collection video",inactive,,,,"Using ad set budget",0,0,0,0,0,0,Ongoing,"7-day click or 1-day view",,,,,,,0,,,,,
2026-05-20,2026-05-20,"12/5 2023 - Sales campaign - UK MPA",inactive,,,,"Using ad set budget",0,0,0,0,0,0,Ongoing,"7-day click or 1-day view",,,,,,,0,,,,,
2026-05-20,2026-05-20,"8/5 Veltuff - Broad - custom - UK sales",inactive,,,,"Using ad set budget",0,0,0,0,0,0,Ongoing,"7-day click or 1-day view",,,,,,,0,,,,,
2026-05-20,2026-05-20,"3/5 Veltuff - Prospecting Campaign - Sales",inactive,,,,"Using ad set budget",0,0,0,0,0,0,Ongoing,"7-day click or 1-day view",,,,,,,0,,,,,
2026-05-20,2026-05-20,"11/4 Veltuff - Broad - custom - UK sales",inactive,,,,"Using ad set budget",0,0,0,0,0,0,Ongoing,"7-day click or 1-day view",,,,,,,0,,,,,
2026-05-20,2026-05-20,"28/3 Veltuff - Broad - custom - UK RM",inactive,,,,"Using ad set budget",0,0,0,0,0,0,Ongoing,"7-day click or 1-day view",,,,,,,0,,,,,
2026-05-20,2026-05-20,"23/3 Veltuff - Broad - custom - UK sales",inactive,,,,"Using ad set budget",0,0,0,0,0,0,Ongoing,"7-day click or 1-day view",,,,,,,0,,,,,
2026-05-20,2026-05-20,"17/3 Veltuff - Broad - custom - UK sales",inactive,,,,"Using ad set budget",0,0,0,0,0,0,Ongoing,"7-day click or 1-day view",,,,,,,0,,,,,
2026-05-20,2026-05-20,"AS - Prospecting Campaign JAN2023 - SALE - Copy",inactive,,,,"Using ad set budget",0,0,0,0,0,0,Ongoing,"7-day click or 1-day view",,,,,,,0,,,,,
2026-05-20,2026-05-20,"AS - Prospecting Campaign Dec2022",inactive,,,,"Using ad set budget",0,0,0,0,0,0,Ongoing,"7-day click or 1-day view",,,,,,,0,,,,,
2026-05-20,2026-05-20,"AS - RMKT - DEC 2022",inactive,,,,50,Daily,0,0,0,0,0,Ongoing,"7-day click or 1-day view",,,,,,,0,,,,,
2026-05-20,2026-05-20,"Website Retargeting - 2022",inactive,,,,"Using ad set budget",0,0,0,0,0,0,Ongoing,"1-day click",,,,,,,0,,,,,
2026-05-19,2026-05-19,"VD | Broad | Awareness",active,15167,reach,7.00797785,196,Daily,106.29,15645,15167,1.031516,6.793864,Ongoing,"7-day click or 1-day view",,,,,26,0.166187,4.088077,42,11,,,1
2026-05-19,2026-05-19,"VD | Retargeting | DPA Broad Remarket",inactive,,,,44,Daily,0,0,0,0,0,Ongoing,"7-day click",,,,,,,0,,,,,
2026-05-19,2026-05-19,"VD | Retargeting | DPA",active,1,actions:offsite_conversion.fb_pixel_purchase,407.2,370,Daily,407.2,12796,9157,1.397401,31.822445,Ongoing,"7-day click",1.079617,1,439.62,action_values:offsite_conversion.fb_pixel_purchase,223,1.742732,1.380339,232,198,13,4,
2026-05-19,2026-05-19,"VD | Retargeting | DPA Campaign | Sales",inactive,,,,145,Daily,0,0,0,0,0,Ongoing,"7-day click",,,,,,,0,,,,,
2026-05-19,2026-05-19,"VD | Broad | Prospecting | Sales",active,2,actions:offsite_conversion.fb_pixel_purchase,320.985,370,Daily,641.97,19437,13432,1.447067,33.028245,Ongoing,"7-day click",1.493668,2,958.89,action_values:offsite_conversion.fb_pixel_purchase,404,2.07851,1.261238,449,367,20,12,9
2026-05-19,2026-05-19,"Warehouse Clearance | Prospecting | Sales | Advantage+",inactive,,,,"Using ad set budget",0,0,0,0,0,0,2026-03-29,"7-day click",,,,,,,0,,,,,
2026-05-19,2026-05-19,"WinterSale | Prospecting | Sales | Advantage+",inactive,,,,"Using ad set budget",0,0,0,0,0,0,Ongoing,"7-day click",,,,,,,0,,,,,
2026-05-19,2026-05-19,"Ongoing | Sales | ProTex1 | Advantage+ | SH",active,1,actions:offsite_conversion.fb_pixel_purchase,60.3,327,Daily,60.3,1918,1301,1.474251,31.438999,Ongoing,"7-day click or 1-day view",4.555721,1,274.71,action_values:offsite_conversion.fb_pixel_purchase,27,1.407716,2.01,28,15,2,2,
2026-05-19,2026-05-19,"Ongoing | Sales | Hi-Vis Only | Advantage+ | SH",active,,,,300,Daily,48.14,1342,896,1.497768,35.871833,Ongoing,"7-day click or 1-day view",,,,,18,1.341282,2.188182,20,15,,,
2026-05-19,2026-05-19,"Customised Workwear | Awareness | Advantage+ | SH Campaign – Copy",inactive,,,,100,Daily,0,0,0,0,0,Ongoing,"7-day click or 1-day view",,,,,,,0,,,,,
2026-05-19,2026-05-19,"Key Categories | Sales | Advantage+ | SH Campaign",inactive,,,,"Using ad set budget",0,0,0,0,0,0,Ongoing,"7-day click, 1-day view, or 1-day engaged-view",,,,,,,0,,,,,
2026-05-19,2026-05-19,"Customised Workwear | Sales | Advantage+ | SH Campaign",inactive,,,,"Using ad set budget",0,0,0,0,0,0,Ongoing,"7-day click, 1-day view, or 1-day engaged-view",,,,,,,0,,,,,
2026-05-19,2026-05-19,"Ongoing | Retargeting | Sales | Dynamic Abandoned Cart - 30 Days | SH",inactive,,,,6.5,Daily,0,0,0,0,0,Ongoing,"7-day click",,,,,,,0,,,,,
2026-05-19,2026-05-19,"AS 7/1 25 - Purchase - Flexible ad Campaign",inactive,,,,"Using ad set budget",0,0,0,0,0,0,Ongoing,"7-day click, 1-day view, or 1-day engaged-view",,,,,,,0,,,,,
2026-05-19,2026-05-19,"5/6 Michelle Job add - KAM Jylland",inactive,,,,"Using ad set budget",0,0,0,0,0,0,Ongoing,"7-day click or 1-day view",,,,,,,0,,,,,
2026-05-19,2026-05-19,"4/1 2024 - RM - UK Campaign",inactive,,,,100,Daily,0,0,0,0,0,Ongoing,"7-day click",,,,,,,0,,,,,
2026-05-19,2026-05-19,"Ongoing | Prospecting | Sales | Broad | Advantage+ | SH Campaign",inactive,,,,"Using ad set budget",0,0,0,0,0,0,Ongoing,"7-day click or 1-day view",,,,,,,0,,,,,
2026-05-19,2026-05-19,"4/12 2023 - Safety Shoe Sale  Campaign",inactive,,,,"Using ad set budget",0,0,0,0,0,0,Ongoing,"7-day click or 1-day view",,,,,,,0,,,,,
2026-05-19,2026-05-19,"11/10 2023 - Advantage+ shopping campaign Campaign",inactive,,,,"Using ad set budget",0,0,0,0,0,0,Ongoing,"7-day click or 1-day view",,,,,,,0,,,,,
2026-05-19,2026-05-19,"19/7 2023 - MPA RM campaign",inactive,,,,"Using ad set budget",0,0,0,0,0,0,Ongoing,"7-day click or 1-day view",,,,,,,0,,,,,
2026-05-19,2026-05-19,"11/7 2023 - Sales campaign Women - UK MPA",inactive,,,,"Using ad set budget",0,0,0,0,0,0,Ongoing,"7-day click or 1-day view",,,,,,,0,,,,,
2026-05-19,2026-05-19,"23/6 2023 - Sales campaign - UK MPA",inactive,,,,"Using ad set budget",0,0,0,0,0,0,Ongoing,"7-day click or 1-day view",,,,,,,0,,,,,
2026-05-19,2026-05-19,"19/6 2023 - Sales collection video",inactive,,,,"Using ad set budget",0,0,0,0,0,0,Ongoing,"7-day click or 1-day view",,,,,,,0,,,,,
2026-05-19,2026-05-19,"12/5 2023 - Sales campaign - UK MPA",inactive,,,,"Using ad set budget",0,0,0,0,0,0,Ongoing,"7-day click or 1-day view",,,,,,,0,,,,,
2026-05-19,2026-05-19,"8/5 Veltuff - Broad - custom - UK sales",inactive,,,,"Using ad set budget",0,0,0,0,0,0,Ongoing,"7-day click or 1-day view",,,,,,,0,,,,,
2026-05-19,2026-05-19,"3/5 Veltuff - Prospecting Campaign - Sales",inactive,,,,"Using ad set budget",0,0,0,0,0,0,Ongoing,"7-day click or 1-day view",,,,,,,0,,,,,
2026-05-19,2026-05-19,"11/4 Veltuff - Broad - custom - UK sales",inactive,,,,"Using ad set budget",0,0,0,0,0,0,Ongoing,"7-day click or 1-day view",,,,,,,0,,,,,
2026-05-19,2026-05-19,"28/3 Veltuff - Broad - custom - UK RM",inactive,,,,"Using ad set budget",0,0,0,0,0,0,Ongoing,"7-day click or 1-day view",,,,,,,0,,,,,
2026-05-19,2026-05-19,"23/3 Veltuff - Broad - custom - UK sales",inactive,,,,"Using ad set budget",0,0,0,0,0,0,Ongoing,"7-day click or 1-day view",,,,,,,0,,,,,
2026-05-19,2026-05-19,"17/3 Veltuff - Broad - custom - UK sales",inactive,,,,"Using ad set budget",0,0,0,0,0,0,Ongoing,"7-day click or 1-day view",,,,,,,0,,,,,
2026-05-19,2026-05-19,"AS - Prospecting Campaign JAN2023 - SALE - Copy",inactive,,,,"Using ad set budget",0,0,0,0,0,0,Ongoing,"7-day click or 1-day view",,,,,,,0,,,,,
2026-05-19,2026-05-19,"AS - Prospecting Campaign Dec2022",inactive,,,,"Using ad set budget",0,0,0,0,0,0,Ongoing,"7-day click or 1-day view",,,,,,,0,,,,,
2026-05-19,2026-05-19,"AS - RMKT - DEC 2022",inactive,,,,50,Daily,0,0,0,0,0,Ongoing,"7-day click or 1-day view",,,,,,,0,,,,,
2026-05-19,2026-05-19,"Website Retargeting - 2022",inactive,,,,"Using ad set budget",0,0,0,0,0,0,Ongoing,"1-day click",,,,,,,0,,,,,
2026-05-18,2026-05-18,"VD | Broad | Awareness",active,18260,reach,6.54216867,196,Daily,119.46,18851,18260,1.032366,6.337064,Ongoing,"7-day click or 1-day view",,,,,26,0.137924,4.11931,59,16,,,2
2026-05-18,2026-05-18,"VD | Retargeting | DPA Broad Remarket",inactive,,,,44,Daily,0,0,0,0,0,Ongoing,"7-day click",,,,,,,0,,,,,
2026-05-18,2026-05-18,"VD | Retargeting | DPA",active,4,actions:offsite_conversion.fb_pixel_purchase,69.1575,370,Daily,276.63,8792,6709,1.310478,31.463831,Ongoing,"7-day click",5.744532,4,1589.11,action_values:offsite_conversion.fb_pixel_purchase,141,1.603731,1.511639,148,132,8,4,
2026-05-18,2026-05-18,"VD | Retargeting | DPA Campaign | Sales",inactive,,,,145,Daily,0,0,0,0,0,Ongoing,"7-day click",,,,,,,0,,,,,
2026-05-18,2026-05-18,"VD | Broad | Prospecting | Sales",active,7,actions:offsite_conversion.fb_pixel_purchase,80.98,370,Daily,566.86,17687,11842,1.493582,32.049528,Ongoing,"7-day click",4.42125,7,2506.23,action_values:offsite_conversion.fb_pixel_purchase,301,1.701815,1.476198,361,274,16,10,29
2026-05-18,2026-05-18,"Warehouse Clearance | Prospecting | Sales | Advantage+",inactive,,,,"Using ad set budget",0,0,0,0,0,0,2026-03-29,"7-day click",,,,,,,0,,,,,
2026-05-18,2026-05-18,"WinterSale | Prospecting | Sales | Advantage+",inactive,,,,"Using ad set budget",0,0,0,0,0,0,Ongoing,"7-day click",,,,,,,0,,,,,
2026-05-18,2026-05-18,"Ongoing | Sales | ProTex1 | Advantage+ | SH",active,3,actions:offsite_conversion.fb_pixel_purchase,13.61333333,327,Daily,40.84,1189,838,1.418854,34.348192,Ongoing,"7-day click or 1-day view",40.964251,3,1672.98,action_values:offsite_conversion.fb_pixel_purchase,19,1.597982,1.856364,19,16,,1,
2026-05-18,2026-05-18,"Ongoing | Sales | Hi-Vis Only | Advantage+ | SH",active,,,,300,Daily,30.3,818,565,1.447788,37.041565,Ongoing,"7-day click or 1-day view",,,,,10,1.222494,2.330769,15,9,,,1
2026-05-18,2026-05-18,"Customised Workwear | Awareness | Advantage+ | SH Campaign – Copy",inactive,,,,100,Daily,0,0,0,0,0,Ongoing,"7-day click or 1-day view",,,,,,,0,,,,,
2026-05-18,2026-05-18,"Key Categories | Sales | Advantage+ | SH Campaign",inactive,,,,"Using ad set budget",0,0,0,0,0,0,Ongoing,"7-day click, 1-day view, or 1-day engaged-view",,,,,,,0,,,,,
2026-05-18,2026-05-18,"Customised Workwear | Sales | Advantage+ | SH Campaign",inactive,,,,"Using ad set budget",0,0,0,0,0,0,Ongoing,"7-day click, 1-day view, or 1-day engaged-view",,,,,,,0,,,,,
2026-05-18,2026-05-18,"Ongoing | Retargeting | Sales | Dynamic Abandoned Cart - 30 Days | SH",inactive,,,,6.5,Daily,0,0,0,0,0,Ongoing,"7-day click",,,,,,,0,,,,,
2026-05-18,2026-05-18,"AS 7/1 25 - Purchase - Flexible ad Campaign",inactive,,,,"Using ad set budget",0,0,0,0,0,0,Ongoing,"7-day click, 1-day view, or 1-day engaged-view",,,,,,,0,,,,,
2026-05-18,2026-05-18,"5/6 Michelle Job add - KAM Jylland",inactive,,,,"Using ad set budget",0,0,0,0,0,0,Ongoing,"7-day click or 1-day view",,,,,,,0,,,,,
2026-05-18,2026-05-18,"4/1 2024 - RM - UK Campaign",inactive,,,,100,Daily,0,0,0,0,0,Ongoing,"7-day click",,,,,,,0,,,,,
2026-05-18,2026-05-18,"Ongoing | Prospecting | Sales | Broad | Advantage+ | SH Campaign",inactive,,,,"Using ad set budget",0,0,0,0,0,0,Ongoing,"7-day click or 1-day view",,,,,,,0,,,,,
2026-05-18,2026-05-18,"4/12 2023 - Safety Shoe Sale  Campaign",inactive,,,,"Using ad set budget",0,0,0,0,0,0,Ongoing,"7-day click or 1-day view",,,,,,,0,,,,,
2026-05-18,2026-05-18,"11/10 2023 - Advantage+ shopping campaign Campaign",inactive,,,,"Using ad set budget",0,0,0,0,0,0,Ongoing,"7-day click or 1-day view",,,,,,,0,,,,,
2026-05-18,2026-05-18,"19/7 2023 - MPA RM campaign",inactive,,,,"Using ad set budget",0,0,0,0,0,0,Ongoing,"7-day click or 1-day view",,,,,,,0,,,,,
2026-05-18,2026-05-18,"11/7 2023 - Sales campaign Women - UK MPA",inactive,,,,"Using ad set budget",0,0,0,0,0,0,Ongoing,"7-day click or 1-day view",,,,,,,0,,,,,
2026-05-18,2026-05-18,"23/6 2023 - Sales campaign - UK MPA",inactive,,,,"Using ad set budget",0,0,0,0,0,0,Ongoing,"7-day click or 1-day view",,,,,,,0,,,,,
2026-05-18,2026-05-18,"19/6 2023 - Sales collection video",inactive,,,,"Using ad set budget",0,0,0,0,0,0,Ongoing,"7-day click or 1-day view",,,,,,,0,,,,,
2026-05-18,2026-05-18,"12/5 2023 - Sales campaign - UK MPA",inactive,,,,"Using ad set budget",0,0,0,0,0,0,Ongoing,"7-day click or 1-day view",,,,,,,0,,,,,
2026-05-18,2026-05-18,"8/5 Veltuff - Broad - custom - UK sales",inactive,,,,"Using ad set budget",0,0,0,0,0,0,Ongoing,"7-day click or 1-day view",,,,,,,0,,,,,
2026-05-18,2026-05-18,"3/5 Veltuff - Prospecting Campaign - Sales",inactive,,,,"Using ad set budget",0,0,0,0,0,0,Ongoing,"7-day click or 1-day view",,,,,,,0,,,,,
2026-05-18,2026-05-18,"11/4 Veltuff - Broad - custom - UK sales",inactive,,,,"Using ad set budget",0,0,0,0,0,0,Ongoing,"7-day click or 1-day view",,,,,,,0,,,,,
2026-05-18,2026-05-18,"28/3 Veltuff - Broad - custom - UK RM",inactive,,,,"Using ad set budget",0,0,0,0,0,0,Ongoing,"7-day click or 1-day view",,,,,,,0,,,,,
2026-05-18,2026-05-18,"23/3 Veltuff - Broad - custom - UK sales",inactive,,,,"Using ad set budget",0,0,0,0,0,0,Ongoing,"7-day click or 1-day view",,,,,,,0,,,,,
2026-05-18,2026-05-18,"17/3 Veltuff - Broad - custom - UK sales",inactive,,,,"Using ad set budget",0,0,0,0,0,0,Ongoing,"7-day click or 1-day view",,,,,,,0,,,,,
2026-05-18,2026-05-18,"AS - Prospecting Campaign JAN2023 - SALE - Copy",inactive,,,,"Using ad set budget",0,0,0,0,0,0,Ongoing,"7-day click or 1-day view",,,,,,,0,,,,,
2026-05-18,2026-05-18,"AS - Prospecting Campaign Dec2022",inactive,,,,"Using ad set budget",0,0,0,0,0,0,Ongoing,"7-day click or 1-day view",,,,,,,0,,,,,
2026-05-18,2026-05-18,"AS - RMKT - DEC 2022",inactive,,,,50,Daily,0,0,0,0,0,Ongoing,"7-day click or 1-day view",,,,,,,0,,,,,
2026-05-18,2026-05-18,"Website Retargeting - 2022",inactive,,,,"Using ad set budget",0,0,0,0,0,0,Ongoing,"1-day click",,,,,,,0,,,,,
2026-05-17,2026-05-17,"VD | Broad | Awareness",active,20475,reach,6.34676435,196,Daily,129.95,20872,20475,1.01939,6.226044,Ongoing,"7-day click or 1-day view",,,,,28,0.134151,4.331667,30,11,,,
2026-05-17,2026-05-17,"VD | Retargeting | DPA Broad Remarket",inactive,,,,44,Daily,0,0,0,0,0,Ongoing,"7-day click",,,,,,,0,,,,,
2026-05-17,2026-05-17,"VD | Retargeting | DPA",active,2,actions:offsite_conversion.fb_pixel_purchase,214.225,370,Daily,428.45,12511,8323,1.503184,34.245864,Ongoing,"7-day click",1.544218,2,661.62,action_values:offsite_conversion.fb_pixel_purchase,280,2.238031,1.492857,287,262,18,3,1
2026-05-17,2026-05-17,"VD | Retargeting | DPA Campaign | Sales",inactive,,,,145,Daily,0,0,0,0,0,Ongoing,"7-day click",,,,,,,0,,,,,
2026-05-17,2026-05-17,"VD | Broad | Prospecting | Sales",active,4,actions:offsite_conversion.fb_pixel_purchase,173.63,370,Daily,694.52,21353,13628,1.566848,32.52564,Ongoing,"7-day click",2.148131,4,1491.92,action_values:offsite_conversion.fb_pixel_purchase,356,1.667213,1.434959,485,327,23,10,49
2026-05-17,2026-05-17,"Warehouse Clearance | Prospecting | Sales | Advantage+",inactive,,,,"Using ad set budget",0,0,0,0,0,0,2026-03-29,"7-day click",,,,,,,0,,,,,
2026-05-17,2026-05-17,"WinterSale | Prospecting | Sales | Advantage+",inactive,,,,"Using ad set budget",0,0,0,0,0,0,Ongoing,"7-day click",,,,,,,0,,,,,
2026-05-17,2026-05-17,"Ongoing | Sales | ProTex1 | Advantage+ | SH",active,,,,327,Daily,30.33,931,591,1.575296,32.577873,Ongoing,"7-day click or 1-day view",,,,,13,1.396348,1.784118,15,14,3,,
2026-05-17,2026-05-17,"Ongoing | Sales | Hi-Vis Only | Advantage+ | SH",active,2,actions:offsite_conversion.fb_pixel_purchase,12.36,300,Daily,24.72,548,368,1.48913,45.109489,Ongoing,"7-day click or 1-day view",30.77589,2,760.78,action_values:offsite_conversion.fb_pixel_purchase,12,2.189781,2.06,13,12,2,2,
2026-05-17,2026-05-17,"Customised Workwear | Awareness | Advantage+ | SH Campaign – Copy",inactive,,,,100,Daily,0,0,0,0,0,Ongoing,"7-day click or 1-day view",,,,,,,0,,,,,
2026-05-17,2026-05-17,"Key Categories | Sales | Advantage+ | SH Campaign",inactive,,,,"Using ad set budget",0,0,0,0,0,0,Ongoing,"7-day click, 1-day view, or 1-day engaged-view",,,,,,,0,,,,,
2026-05-17,2026-05-17,"Customised Workwear | Sales | Advantage+ | SH Campaign",inactive,,,,"Using ad set budget",0,0,0,0,0,0,Ongoing,"7-day click, 1-day view, or 1-day engaged-view",,,,,,,0,,,,,
2026-05-17,2026-05-17,"Ongoing | Retargeting | Sales | Dynamic Abandoned Cart - 30 Days | SH",inactive,,,,6.5,Daily,0,0,0,0,0,Ongoing,"7-day click",,,,,,,0,,,,,
2026-05-17,2026-05-17,"AS 7/1 25 - Purchase - Flexible ad Campaign",inactive,,,,"Using ad set budget",0,0,0,0,0,0,Ongoing,"7-day click, 1-day view, or 1-day engaged-view",,,,,,,0,,,,,
2026-05-17,2026-05-17,"5/6 Michelle Job add - KAM Jylland",inactive,,,,"Using ad set budget",0,0,0,0,0,0,Ongoing,"7-day click or 1-day view",,,,,,,0,,,,,
2026-05-17,2026-05-17,"4/1 2024 - RM - UK Campaign",inactive,,,,100,Daily,0,0,0,0,0,Ongoing,"7-day click",,,,,,,0,,,,,
2026-05-17,2026-05-17,"Ongoing | Prospecting | Sales | Broad | Advantage+ | SH Campaign",inactive,,,,"Using ad set budget",0,0,0,0,0,0,Ongoing,"7-day click or 1-day view",,,,,,,0,,,,,
2026-05-17,2026-05-17,"4/12 2023 - Safety Shoe Sale  Campaign",inactive,,,,"Using ad set budget",0,0,0,0,0,0,Ongoing,"7-day click or 1-day view",,,,,,,0,,,,,
2026-05-17,2026-05-17,"11/10 2023 - Advantage+ shopping campaign Campaign",inactive,,,,"Using ad set budget",0,0,0,0,0,0,Ongoing,"7-day click or 1-day view",,,,,,,0,,,,,
2026-05-17,2026-05-17,"19/7 2023 - MPA RM campaign",inactive,,,,"Using ad set budget",0,0,0,0,0,0,Ongoing,"7-day click or 1-day view",,,,,,,0,,,,,
2026-05-17,2026-05-17,"11/7 2023 - Sales campaign Women - UK MPA",inactive,,,,"Using ad set budget",0,0,0,0,0,0,Ongoing,"7-day click or 1-day view",,,,,,,0,,,,,
2026-05-17,2026-05-17,"23/6 2023 - Sales campaign - UK MPA",inactive,,,,"Using ad set budget",0,0,0,0,0,0,Ongoing,"7-day click or 1-day view",,,,,,,0,,,,,
2026-05-17,2026-05-17,"19/6 2023 - Sales collection video",inactive,,,,"Using ad set budget",0,0,0,0,0,0,Ongoing,"7-day click or 1-day view",,,,,,,0,,,,,
2026-05-17,2026-05-17,"12/5 2023 - Sales campaign - UK MPA",inactive,,,,"Using ad set budget",0,0,0,0,0,0,Ongoing,"7-day click or 1-day view",,,,,,,0,,,,,
2026-05-17,2026-05-17,"8/5 Veltuff - Broad - custom - UK sales",inactive,,,,"Using ad set budget",0,0,0,0,0,0,Ongoing,"7-day click or 1-day view",,,,,,,0,,,,,
2026-05-17,2026-05-17,"3/5 Veltuff - Prospecting Campaign - Sales",inactive,,,,"Using ad set budget",0,0,0,0,0,0,Ongoing,"7-day click or 1-day view",,,,,,,0,,,,,
2026-05-17,2026-05-17,"11/4 Veltuff - Broad - custom - UK sales",inactive,,,,"Using ad set budget",0,0,0,0,0,0,Ongoing,"7-day click or 1-day view",,,,,,,0,,,,,
2026-05-17,2026-05-17,"28/3 Veltuff - Broad - custom - UK RM",inactive,,,,"Using ad set budget",0,0,0,0,0,0,Ongoing,"7-day click or 1-day view",,,,,,,0,,,,,
2026-05-17,2026-05-17,"23/3 Veltuff - Broad - custom - UK sales",inactive,,,,"Using ad set budget",0,0,0,0,0,0,Ongoing,"7-day click or 1-day view",,,,,,,0,,,,,
2026-05-17,2026-05-17,"17/3 Veltuff - Broad - custom - UK sales",inactive,,,,"Using ad set budget",0,0,0,0,0,0,Ongoing,"7-day click or 1-day view",,,,,,,0,,,,,
2026-05-17,2026-05-17,"AS - Prospecting Campaign JAN2023 - SALE - Copy",inactive,,,,"Using ad set budget",0,0,0,0,0,0,Ongoing,"7-day click or 1-day view",,,,,,,0,,,,,
2026-05-17,2026-05-17,"AS - Prospecting Campaign Dec2022",inactive,,,,"Using ad set budget",0,0,0,0,0,0,Ongoing,"7-day click or 1-day view",,,,,,,0,,,,,
2026-05-17,2026-05-17,"AS - RMKT - DEC 2022",inactive,,,,50,Daily,0,0,0,0,0,Ongoing,"7-day click or 1-day view",,,,,,,0,,,,,
2026-05-17,2026-05-17,"Website Retargeting - 2022",inactive,,,,"Using ad set budget",0,0,0,0,0,0,Ongoing,"1-day click",,,,,,,0,,,,,
2026-05-16,2026-05-16,"VD | Broad | Awareness",active,14146,reach,4.73349357,196,Daily,66.96,14146,14146,1,4.733494,Ongoing,"7-day click or 1-day view",,,,,14,0.098968,4.464,14,7,,,
2026-05-16,2026-05-16,"VD | Retargeting | DPA Broad Remarket",inactive,,,,44,Daily,0,0,0,0,0,Ongoing,"7-day click",,,,,,,0,,,,,
2026-05-16,2026-05-16,"VD | Retargeting | DPA",active,3,actions:offsite_conversion.fb_pixel_purchase,110.01666667,370,Daily,330.05,10212,7917,1.289883,32.31982,Ongoing,"7-day click",3.233783,3,1067.31,action_values:offsite_conversion.fb_pixel_purchase,225,2.20329,1.363843,230,217,23,8,
2026-05-16,2026-05-16,"VD | Retargeting | DPA Campaign | Sales",inactive,,,,145,Daily,0,0,0,0,0,Ongoing,"7-day click",,,,,,,0,,,,,
2026-05-16,2026-05-16,"VD | Broad | Prospecting | Sales",active,9,actions:offsite_conversion.fb_pixel_purchase,63.27666667,370,Daily,569.49,16448,10910,1.507608,34.623662,Ongoing,"7-day click",7.43618,9,4234.83,action_values:offsite_conversion.fb_pixel_purchase,296,1.799611,1.526783,452,296,21,12,68
2026-05-16,2026-05-16,"Warehouse Clearance | Prospecting | Sales | Advantage+",inactive,,,,"Using ad set budget",0,0,0,0,0,0,2026-03-29,"7-day click",,,,,,,0,,,,,
2026-05-16,2026-05-16,"WinterSale | Prospecting | Sales | Advantage+",inactive,,,,"Using ad set budget",0,0,0,0,0,0,Ongoing,"7-day click",,,,,,,0,,,,,
2026-05-16,2026-05-16,"Ongoing | Sales | ProTex1 | Advantage+ | SH",active,2,actions:offsite_conversion.fb_pixel_purchase,10.21,327,Daily,20.42,531,390,1.361538,38.455744,Ongoing,"7-day click or 1-day view",90.157689,2,1841.02,action_values:offsite_conversion.fb_pixel_purchase,9,1.694915,1.201176,9,5,1,1,
2026-05-16,2026-05-16,"Ongoing | Sales | Hi-Vis Only | Advantage+ | SH",active,,,,300,Daily,13.2,393,299,1.314381,33.587786,Ongoing,"7-day click or 1-day view",,,,,5,1.272265,2.2,6,4,,,
2026-05-16,2026-05-16,"Customised Workwear | Awareness | Advantage+ | SH Campaign – Copy",inactive,,,,100,Daily,0,0,0,0,0,Ongoing,"7-day click or 1-day view",,,,,,,0,,,,,
2026-05-16,2026-05-16,"Key Categories | Sales | Advantage+ | SH Campaign",inactive,,,,"Using ad set budget",0,0,0,0,0,0,Ongoing,"7-day click, 1-day view, or 1-day engaged-view",,,,,,,0,,,,,
2026-05-16,2026-05-16,"Customised Workwear | Sales | Advantage+ | SH Campaign",inactive,,,,"Using ad set budget",0,0,0,0,0,0,Ongoing,"7-day click, 1-day view, or 1-day engaged-view",,,,,,,0,,,,,
2026-05-16,2026-05-16,"Ongoing | Retargeting | Sales | Dynamic Abandoned Cart - 30 Days | SH",inactive,,,,6.5,Daily,0,0,0,0,0,Ongoing,"7-day click",,,,,,,0,,,,,
2026-05-16,2026-05-16,"AS 7/1 25 - Purchase - Flexible ad Campaign",inactive,,,,"Using ad set budget",0,0,0,0,0,0,Ongoing,"7-day click, 1-day view, or 1-day engaged-view",,,,,,,0,,,,,
2026-05-16,2026-05-16,"5/6 Michelle Job add - KAM Jylland",inactive,,,,"Using ad set budget",0,0,0,0,0,0,Ongoing,"7-day click or 1-day view",,,,,,,0,,,,,
2026-05-16,2026-05-16,"4/1 2024 - RM - UK Campaign",inactive,,,,100,Daily,0,0,0,0,0,Ongoing,"7-day click",,,,,,,0,,,,,
2026-05-16,2026-05-16,"Ongoing | Prospecting | Sales | Broad | Advantage+ | SH Campaign",inactive,,,,"Using ad set budget",0,0,0,0,0,0,Ongoing,"7-day click or 1-day view",,,,,,,0,,,,,
2026-05-16,2026-05-16,"4/12 2023 - Safety Shoe Sale  Campaign",inactive,,,,"Using ad set budget",0,0,0,0,0,0,Ongoing,"7-day click or 1-day view",,,,,,,0,,,,,
2026-05-16,2026-05-16,"11/10 2023 - Advantage+ shopping campaign Campaign",inactive,,,,"Using ad set budget",0,0,0,0,0,0,Ongoing,"7-day click or 1-day view",,,,,,,0,,,,,
2026-05-16,2026-05-16,"19/7 2023 - MPA RM campaign",inactive,,,,"Using ad set budget",0,0,0,0,0,0,Ongoing,"7-day click or 1-day view",,,,,,,0,,,,,
2026-05-16,2026-05-16,"11/7 2023 - Sales campaign Women - UK MPA",inactive,,,,"Using ad set budget",0,0,0,0,0,0,Ongoing,"7-day click or 1-day view",,,,,,,0,,,,,
2026-05-16,2026-05-16,"23/6 2023 - Sales campaign - UK MPA",inactive,,,,"Using ad set budget",0,0,0,0,0,0,Ongoing,"7-day click or 1-day view",,,,,,,0,,,,,
2026-05-16,2026-05-16,"19/6 2023 - Sales collection video",inactive,,,,"Using ad set budget",0,0,0,0,0,0,Ongoing,"7-day click or 1-day view",,,,,,,0,,,,,
2026-05-16,2026-05-16,"12/5 2023 - Sales campaign - UK MPA",inactive,,,,"Using ad set budget",0,0,0,0,0,0,Ongoing,"7-day click or 1-day view",,,,,,,0,,,,,
2026-05-16,2026-05-16,"8/5 Veltuff - Broad - custom - UK sales",inactive,,,,"Using ad set budget",0,0,0,0,0,0,Ongoing,"7-day click or 1-day view",,,,,,,0,,,,,
2026-05-16,2026-05-16,"3/5 Veltuff - Prospecting Campaign - Sales",inactive,,,,"Using ad set budget",0,0,0,0,0,0,Ongoing,"7-day click or 1-day view",,,,,,,0,,,,,
2026-05-16,2026-05-16,"11/4 Veltuff - Broad - custom - UK sales",inactive,,,,"Using ad set budget",0,0,0,0,0,0,Ongoing,"7-day click or 1-day view",,,,,,,0,,,,,
2026-05-16,2026-05-16,"28/3 Veltuff - Broad - custom - UK RM",inactive,,,,"Using ad set budget",0,0,0,0,0,0,Ongoing,"7-day click or 1-day view",,,,,,,0,,,,,
2026-05-16,2026-05-16,"23/3 Veltuff - Broad - custom - UK sales",inactive,,,,"Using ad set budget",0,0,0,0,0,0,Ongoing,"7-day click or 1-day view",,,,,,,0,,,,,
2026-05-16,2026-05-16,"17/3 Veltuff - Broad - custom - UK sales",inactive,,,,"Using ad set budget",0,0,0,0,0,0,Ongoing,"7-day click or 1-day view",,,,,,,0,,,,,
2026-05-16,2026-05-16,"AS - Prospecting Campaign JAN2023 - SALE - Copy",inactive,,,,"Using ad set budget",0,0,0,0,0,0,Ongoing,"7-day click or 1-day view",,,,,,,0,,,,,
2026-05-16,2026-05-16,"AS - Prospecting Campaign Dec2022",inactive,,,,"Using ad set budget",0,0,0,0,0,0,Ongoing,"7-day click or 1-day view",,,,,,,0,,,,,
2026-05-16,2026-05-16,"AS - RMKT - DEC 2022",inactive,,,,50,Daily,0,0,0,0,0,Ongoing,"7-day click or 1-day view",,,,,,,0,,,,,
2026-05-16,2026-05-16,"Website Retargeting - 2022",inactive,,,,"Using ad set budget",0,0,0,0,0,0,Ongoing,"1-day click",,,,,,,0,,,,,
2026-05-15,2026-05-15,"VD | Broad | Awareness",active,21821,reach,5.57032217,196,Daily,121.55,21937,21821,1.005316,5.540867,Ongoing,"7-day click or 1-day view",,,,,26,0.118521,4.501852,26,9,,,
2026-05-15,2026-05-15,"VD | Retargeting | DPA Broad Remarket",inactive,,,,44,Daily,0,0,0,0,0,Ongoing,"7-day click",,,,,,,0,,,,,
2026-05-15,2026-05-15,"VD | Retargeting | DPA",active,4,actions:offsite_conversion.fb_pixel_purchase,114.44,370,Daily,457.76,12901,9374,1.376253,35.482521,Ongoing,"7-day click",2.848632,4,1303.99,action_values:offsite_conversion.fb_pixel_purchase,271,2.100612,1.495948,277,261,14,9,
2026-05-15,2026-05-15,"VD | Retargeting | DPA Campaign | Sales",inactive,,,,145,Daily,0,0,0,0,0,Ongoing,"7-day click",,,,,,,0,,,,,
2026-05-15,2026-05-15,"VD | Broad | Prospecting | Sales",active,4,actions:offsite_conversion.fb_pixel_purchase,160.52,370,Daily,642.08,19147,13342,1.435092,33.534235,Ongoing,"7-day click",2.593571,4,1665.28,action_values:offsite_conversion.fb_pixel_purchase,297,1.551157,1.609223,418,265,20,8,45
2026-05-15,2026-05-15,"Warehouse Clearance | Prospecting | Sales | Advantage+",inactive,,,,"Using ad set budget",0,0,0,0,0,0,2026-03-29,"7-day click",,,,,,,0,,,,,
2026-05-15,2026-05-15,"WinterSale | Prospecting | Sales | Advantage+",inactive,,,,"Using ad set budget",0,0,0,0,0,0,Ongoing,"7-day click",,,,,,,0,,,,,
2026-05-15,2026-05-15,"Ongoing | Sales | ProTex1 | Advantage+ | SH",active,,,,327,Daily,24.86,791,557,1.420108,31.428571,Ongoing,"7-day click or 1-day view",,,,,5,0.632111,4.143333,6,4,1,1,
2026-05-15,2026-05-15,"Ongoing | Sales | Hi-Vis Only | Advantage+ | SH",active,1,actions:offsite_conversion.fb_pixel_purchase,19.31,300,Daily,19.31,538,395,1.362025,35.892193,Ongoing,"7-day click or 1-day view",148.788193,1,2873.1,action_values:offsite_conversion.fb_pixel_purchase,11,2.04461,1.485385,11,9,5,1,
2026-05-15,2026-05-15,"Customised Workwear | Awareness | Advantage+ | SH Campaign – Copy",inactive,,,,100,Daily,0,0,0,0,0,Ongoing,"7-day click or 1-day view",,,,,,,0,,,,,
2026-05-15,2026-05-15,"Key Categories | Sales | Advantage+ | SH Campaign",inactive,,,,"Using ad set budget",0,0,0,0,0,0,Ongoing,"7-day click, 1-day view, or 1-day engaged-view",,,,,,,0,,,,,
2026-05-15,2026-05-15,"Customised Workwear | Sales | Advantage+ | SH Campaign",inactive,,,,"Using ad set budget",0,0,0,0,0,0,Ongoing,"7-day click, 1-day view, or 1-day engaged-view",,,,,,,0,,,,,
2026-05-15,2026-05-15,"Ongoing | Retargeting | Sales | Dynamic Abandoned Cart - 30 Days | SH",inactive,,,,6.5,Daily,0,0,0,0,0,Ongoing,"7-day click",,,,,,,0,,,,,
2026-05-15,2026-05-15,"AS 7/1 25 - Purchase - Flexible ad Campaign",inactive,,,,"Using ad set budget",0,0,0,0,0,0,Ongoing,"7-day click, 1-day view, or 1-day engaged-view",,,,,,,0,,,,,
2026-05-15,2026-05-15,"5/6 Michelle Job add - KAM Jylland",inactive,,,,"Using ad set budget",0,0,0,0,0,0,Ongoing,"7-day click or 1-day view",,,,,,,0,,,,,
2026-05-15,2026-05-15,"4/1 2024 - RM - UK Campaign",inactive,,,,100,Daily,0,0,0,0,0,Ongoing,"7-day click",,,,,,,0,,,,,
2026-05-15,2026-05-15,"Ongoing | Prospecting | Sales | Broad | Advantage+ | SH Campaign",inactive,,,,"Using ad set budget",0,0,0,0,0,0,Ongoing,"7-day click or 1-day view",,,,,,,0,,,,,
2026-05-15,2026-05-15,"4/12 2023 - Safety Shoe Sale  Campaign",inactive,,,,"Using ad set budget",0,0,0,0,0,0,Ongoing,"7-day click or 1-day view",,,,,,,0,,,,,
2026-05-15,2026-05-15,"11/10 2023 - Advantage+ shopping campaign Campaign",inactive,,,,"Using ad set budget",0,0,0,0,0,0,Ongoing,"7-day click or 1-day view",,,,,,,0,,,,,
2026-05-15,2026-05-15,"19/7 2023 - MPA RM campaign",inactive,,,,"Using ad set budget",0,0,0,0,0,0,Ongoing,"7-day click or 1-day view",,,,,,,0,,,,,
2026-05-15,2026-05-15,"11/7 2023 - Sales campaign Women - UK MPA",inactive,,,,"Using ad set budget",0,0,0,0,0,0,Ongoing,"7-day click or 1-day view",,,,,,,0,,,,,
2026-05-15,2026-05-15,"23/6 2023 - Sales campaign - UK MPA",inactive,,,,"Using ad set budget",0,0,0,0,0,0,Ongoing,"7-day click or 1-day view",,,,,,,0,,,,,
2026-05-15,2026-05-15,"19/6 2023 - Sales collection video",inactive,,,,"Using ad set budget",0,0,0,0,0,0,Ongoing,"7-day click or 1-day view",,,,,,,0,,,,,
2026-05-15,2026-05-15,"12/5 2023 - Sales campaign - UK MPA",inactive,,,,"Using ad set budget",0,0,0,0,0,0,Ongoing,"7-day click or 1-day view",,,,,,,0,,,,,
2026-05-15,2026-05-15,"8/5 Veltuff - Broad - custom - UK sales",inactive,,,,"Using ad set budget",0,0,0,0,0,0,Ongoing,"7-day click or 1-day view",,,,,,,0,,,,,
2026-05-15,2026-05-15,"3/5 Veltuff - Prospecting Campaign - Sales",inactive,,,,"Using ad set budget",0,0,0,0,0,0,Ongoing,"7-day click or 1-day view",,,,,,,0,,,,,
2026-05-15,2026-05-15,"11/4 Veltuff - Broad - custom - UK sales",inactive,,,,"Using ad set budget",0,0,0,0,0,0,Ongoing,"7-day click or 1-day view",,,,,,,0,,,,,
2026-05-15,2026-05-15,"28/3 Veltuff - Broad - custom - UK RM",inactive,,,,"Using ad set budget",0,0,0,0,0,0,Ongoing,"7-day click or 1-day view",,,,,,,0,,,,,
2026-05-15,2026-05-15,"23/3 Veltuff - Broad - custom - UK sales",inactive,,,,"Using ad set budget",0,0,0,0,0,0,Ongoing,"7-day click or 1-day view",,,,,,,0,,,,,
2026-05-15,2026-05-15,"17/3 Veltuff - Broad - custom - UK sales",inactive,,,,"Using ad set budget",0,0,0,0,0,0,Ongoing,"7-day click or 1-day view",,,,,,,0,,,,,
2026-05-15,2026-05-15,"AS - Prospecting Campaign JAN2023 - SALE - Copy",inactive,,,,"Using ad set budget",0,0,0,0,0,0,Ongoing,"7-day click or 1-day view",,,,,,,0,,,,,
2026-05-15,2026-05-15,"AS - Prospecting Campaign Dec2022",inactive,,,,"Using ad set budget",0,0,0,0,0,0,Ongoing,"7-day click or 1-day view",,,,,,,0,,,,,
2026-05-15,2026-05-15,"AS - RMKT - DEC 2022",inactive,,,,50,Daily,0,0,0,0,0,Ongoing,"7-day click or 1-day view",,,,,,,0,,,,,
2026-05-15,2026-05-15,"Website Retargeting - 2022",inactive,,,,"Using ad set budget",0,0,0,0,0,0,Ongoing,"1-day click",,,,,,,0,,,,,
2026-05-14,2026-05-14,"VD | Broad | Awareness",active,12319,reach,6.80818248,196,Daily,83.87,13844,12319,1.123793,6.05822,Ongoing,"7-day click or 1-day view",,,,,15,0.10835,3.3548,168,9,,,12
2026-05-14,2026-05-14,"VD | Retargeting | DPA Broad Remarket",inactive,,,,44,Daily,0,0,0,0,0,Ongoing,"7-day click",,,,,,,0,,,,,
2026-05-14,2026-05-14,"VD | Retargeting | DPA",active,2,actions:offsite_conversion.fb_pixel_purchase,179.065,370,Daily,358.13,9151,6172,1.482664,39.135614,Ongoing,"7-day click",2.661938,2,953.32,action_values:offsite_conversion.fb_pixel_purchase,218,2.382253,1.504748,234,202,12,6,2
2026-05-14,2026-05-14,"VD | Retargeting | DPA Campaign | Sales",inactive,,,,145,Daily,0,0,0,0,0,Ongoing,"7-day click",,,,,,,0,,,,,
2026-05-14,2026-05-14,"VD | Broad | Prospecting | Sales",active,4,actions:offsite_conversion.fb_pixel_purchase,158.02,370,Daily,632.08,19188,12656,1.516119,32.941422,Ongoing,"7-day click",2.289362,4,1447.06,action_values:offsite_conversion.fb_pixel_purchase,373,1.943923,1.295246,489,322,25,12,50
2026-05-14,2026-05-14,"Warehouse Clearance | Prospecting | Sales | Advantage+",inactive,,,,"Using ad set budget",0,0,0,0,0,0,2026-03-29,"7-day click",,,,,,,0,,,,,
2026-05-14,2026-05-14,"WinterSale | Prospecting | Sales | Advantage+",inactive,,,,"Using ad set budget",0,0,0,0,0,0,Ongoing,"7-day click",,,,,,,0,,,,,
2026-05-14,2026-05-14,"Ongoing | Sales | ProTex1 | Advantage+ | SH",active,,,,327,Daily,26.86,859,628,1.367834,31.268917,Ongoing,"7-day click or 1-day view",,,,,15,1.746217,1.220909,16,13,5,2,
2026-05-14,2026-05-14,"Ongoing | Sales | Hi-Vis Only | Advantage+ | SH",active,1,actions:offsite_conversion.fb_pixel_purchase,20.19,300,Daily,20.19,707,507,1.394477,28.557284,Ongoing,"7-day click or 1-day view",460.534918,1,9298.2,action_values:offsite_conversion.fb_pixel_purchase,12,1.697313,1.442143,16,13,9,,1
2026-05-14,2026-05-14,"Customised Workwear | Awareness | Advantage+ | SH Campaign – Copy",inactive,,,,100,Daily,0,0,0,0,0,Ongoing,"7-day click or 1-day view",,,,,,,0,,,,,
2026-05-14,2026-05-14,"Key Categories | Sales | Advantage+ | SH Campaign",inactive,,,,"Using ad set budget",0,0,0,0,0,0,Ongoing,"7-day click, 1-day view, or 1-day engaged-view",,,,,,,0,,,,,
2026-05-14,2026-05-14,"Customised Workwear | Sales | Advantage+ | SH Campaign",inactive,,,,"Using ad set budget",0,0,0,0,0,0,Ongoing,"7-day click, 1-day view, or 1-day engaged-view",,,,,,,0,,,,,
2026-05-14,2026-05-14,"Ongoing | Retargeting | Sales | Dynamic Abandoned Cart - 30 Days | SH",inactive,,,,6.5,Daily,0,0,0,0,0,Ongoing,"7-day click",,,,,,,0,,,,,
2026-05-14,2026-05-14,"AS 7/1 25 - Purchase - Flexible ad Campaign",inactive,,,,"Using ad set budget",0,0,0,0,0,0,Ongoing,"7-day click, 1-day view, or 1-day engaged-view",,,,,,,0,,,,,
2026-05-14,2026-05-14,"5/6 Michelle Job add - KAM Jylland",inactive,,,,"Using ad set budget",0,0,0,0,0,0,Ongoing,"7-day click or 1-day view",,,,,,,0,,,,,
2026-05-14,2026-05-14,"4/1 2024 - RM - UK Campaign",inactive,,,,100,Daily,0,0,0,0,0,Ongoing,"7-day click",,,,,,,0,,,,,
2026-05-14,2026-05-14,"Ongoing | Prospecting | Sales | Broad | Advantage+ | SH Campaign",inactive,,,,"Using ad set budget",0,0,0,0,0,0,Ongoing,"7-day click or 1-day view",,,,,,,0,,,,,
2026-05-14,2026-05-14,"4/12 2023 - Safety Shoe Sale  Campaign",inactive,,,,"Using ad set budget",0,0,0,0,0,0,Ongoing,"7-day click or 1-day view",,,,,,,0,,,,,
2026-05-14,2026-05-14,"11/10 2023 - Advantage+ shopping campaign Campaign",inactive,,,,"Using ad set budget",0,0,0,0,0,0,Ongoing,"7-day click or 1-day view",,,,,,,0,,,,,
2026-05-14,2026-05-14,"19/7 2023 - MPA RM campaign",inactive,,,,"Using ad set budget",0,0,0,0,0,0,Ongoing,"7-day click or 1-day view",,,,,,,0,,,,,
2026-05-14,2026-05-14,"11/7 2023 - Sales campaign Women - UK MPA",inactive,,,,"Using ad set budget",0,0,0,0,0,0,Ongoing,"7-day click or 1-day view",,,,,,,0,,,,,
2026-05-14,2026-05-14,"23/6 2023 - Sales campaign - UK MPA",inactive,,,,"Using ad set budget",0,0,0,0,0,0,Ongoing,"7-day click or 1-day view",,,,,,,0,,,,,
2026-05-14,2026-05-14,"19/6 2023 - Sales collection video",inactive,,,,"Using ad set budget",0,0,0,0,0,0,Ongoing,"7-day click or 1-day view",,,,,,,0,,,,,
2026-05-14,2026-05-14,"12/5 2023 - Sales campaign - UK MPA",inactive,,,,"Using ad set budget",0,0,0,0,0,0,Ongoing,"7-day click or 1-day view",,,,,,,0,,,,,
2026-05-14,2026-05-14,"8/5 Veltuff - Broad - custom - UK sales",inactive,,,,"Using ad set budget",0,0,0,0,0,0,Ongoing,"7-day click or 1-day view",,,,,,,0,,,,,
2026-05-14,2026-05-14,"3/5 Veltuff - Prospecting Campaign - Sales",inactive,,,,"Using ad set budget",0,0,0,0,0,0,Ongoing,"7-day click or 1-day view",,,,,,,0,,,,,
2026-05-14,2026-05-14,"11/4 Veltuff - Broad - custom - UK sales",inactive,,,,"Using ad set budget",0,0,0,0,0,0,Ongoing,"7-day click or 1-day view",,,,,,,0,,,,,
2026-05-14,2026-05-14,"28/3 Veltuff - Broad - custom - UK RM",inactive,,,,"Using ad set budget",0,0,0,0,0,0,Ongoing,"7-day click or 1-day view",,,,,,,0,,,,,
2026-05-14,2026-05-14,"23/3 Veltuff - Broad - custom - UK sales",inactive,,,,"Using ad set budget",0,0,0,0,0,0,Ongoing,"7-day click or 1-day view",,,,,,,0,,,,,
2026-05-14,2026-05-14,"17/3 Veltuff - Broad - custom - UK sales",inactive,,,,"Using ad set budget",0,0,0,0,0,0,Ongoing,"7-day click or 1-day view",,,,,,,0,,,,,
2026-05-14,2026-05-14,"AS - Prospecting Campaign JAN2023 - SALE - Copy",inactive,,,,"Using ad set budget",0,0,0,0,0,0,Ongoing,"7-day click or 1-day view",,,,,,,0,,,,,
2026-05-14,2026-05-14,"AS - Prospecting Campaign Dec2022",inactive,,,,"Using ad set budget",0,0,0,0,0,0,Ongoing,"7-day click or 1-day view",,,,,,,0,,,,,
2026-05-14,2026-05-14,"AS - RMKT - DEC 2022",inactive,,,,50,Daily,0,0,0,0,0,Ongoing,"7-day click or 1-day view",,,,,,,0,,,,,
2026-05-14,2026-05-14,"Website Retargeting - 2022",inactive,,,,"Using ad set budget",0,0,0,0,0,0,Ongoing,"1-day click",,,,,,,0,,,,,
2026-05-13,2026-05-13,"VD | Broad | Awareness",active,12802,reach,5.77331667,196,Daily,73.91,13427,12802,1.048821,5.50458,Ongoing,"7-day click or 1-day view",,,,,15,0.111715,4.347647,16,7,,,
2026-05-13,2026-05-13,"VD | Retargeting | DPA Broad Remarket",inactive,,,,44,Daily,0,0,0,0,0,Ongoing,"7-day click",,,,,,,0,,,,,
2026-05-13,2026-05-13,"VD | Retargeting | DPA",active,,,,370,Daily,213.84,5522,3820,1.44555,38.7251,Ongoing,"7-day click",,,,,134,2.426657,1.485,148,119,6,2,3
2026-05-13,2026-05-13,"VD | Retargeting | DPA Campaign | Sales",inactive,,,,145,Daily,0,0,0,0,0,Ongoing,"7-day click",,,,,,,0,,,,,
2026-05-13,2026-05-13,"VD | Broad | Prospecting | Sales",active,9,actions:offsite_conversion.fb_pixel_purchase,87.00111111,370,Daily,783.01,22698,14978,1.515423,34.496872,Ongoing,"7-day click",4.024393,9,3151.14,action_values:offsite_conversion.fb_pixel_purchase,459,2.022205,1.273187,605,429,49,24,65
2026-05-13,2026-05-13,"Warehouse Clearance | Prospecting | Sales | Advantage+",inactive,,,,"Using ad set budget",0,0,0,0,0,0,2026-03-29,"7-day click",,,,,,,0,,,,,
2026-05-13,2026-05-13,"WinterSale | Prospecting | Sales | Advantage+",inactive,,,,"Using ad set budget",0,0,0,0,0,0,Ongoing,"7-day click",,,,,,,0,,,,,
2026-05-13,2026-05-13,"Ongoing | Sales | ProTex1 | Advantage+ | SH",active,,,,327,Daily,30.32,879,584,1.505137,34.493743,Ongoing,"7-day click or 1-day view",,,,,10,1.137656,2.332308,11,8,,,
2026-05-13,2026-05-13,"Ongoing | Sales | Hi-Vis Only | Advantage+ | SH",active,4,actions:offsite_conversion.fb_pixel_purchase,6.415,300,Daily,25.66,764,544,1.404412,33.586387,Ongoing,"7-day click or 1-day view",84.167576,4,2159.74,action_values:offsite_conversion.fb_pixel_purchase,14,1.832461,1.710667,20,11,1,2,1
2026-05-13,2026-05-13,"Customised Workwear | Awareness | Advantage+ | SH Campaign – Copy",inactive,,,,100,Daily,0,0,0,0,0,Ongoing,"7-day click or 1-day view",,,,,,,0,,,,,
2026-05-13,2026-05-13,"Key Categories | Sales | Advantage+ | SH Campaign",inactive,,,,"Using ad set budget",0,0,0,0,0,0,Ongoing,"7-day click, 1-day view, or 1-day engaged-view",,,,,,,0,,,,,
2026-05-13,2026-05-13,"Customised Workwear | Sales | Advantage+ | SH Campaign",inactive,,,,"Using ad set budget",0,0,0,0,0,0,Ongoing,"7-day click, 1-day view, or 1-day engaged-view",,,,,,,0,,,,,
2026-05-13,2026-05-13,"Ongoing | Retargeting | Sales | Dynamic Abandoned Cart - 30 Days | SH",inactive,,,,6.5,Daily,4.26,91,81,1.123457,46.813187,Ongoing,"7-day click",,,,,5,5.494505,0.852,5,5,1,,
2026-05-13,2026-05-13,"AS 7/1 25 - Purchase - Flexible ad Campaign",inactive,,,,"Using ad set budget",0,0,0,0,0,0,Ongoing,"7-day click, 1-day view, or 1-day engaged-view",,,,,,,0,,,,,
2026-05-13,2026-05-13,"5/6 Michelle Job add - KAM Jylland",inactive,,,,"Using ad set budget",0,0,0,0,0,0,Ongoing,"7-day click or 1-day view",,,,,,,0,,,,,
2026-05-13,2026-05-13,"4/1 2024 - RM - UK Campaign",inactive,,,,100,Daily,0,0,0,0,0,Ongoing,"7-day click",,,,,,,0,,,,,
2026-05-13,2026-05-13,"Ongoing | Prospecting | Sales | Broad | Advantage+ | SH Campaign",inactive,,,,"Using ad set budget",0,21.09,639,560,1.141071,33.004695,Ongoing,"7-day click or 1-day view",,,,,26,4.068858,0.8436,27,26,2,1,
2026-05-13,2026-05-13,"4/12 2023 - Safety Shoe Sale  Campaign",inactive,,,,"Using ad set budget",0,0,0,0,0,0,Ongoing,"7-day click or 1-day view",,,,,,,0,,,,,
2026-05-13,2026-05-13,"11/10 2023 - Advantage+ shopping campaign Campaign",inactive,,,,"Using ad set budget",0,0,0,0,0,0,Ongoing,"7-day click or 1-day view",,,,,,,0,,,,,
2026-05-13,2026-05-13,"19/7 2023 - MPA RM campaign",inactive,,,,"Using ad set budget",0,0,0,0,0,0,Ongoing,"7-day click or 1-day view",,,,,,,0,,,,,
2026-05-13,2026-05-13,"11/7 2023 - Sales campaign Women - UK MPA",inactive,,,,"Using ad set budget",0,0,0,0,0,0,Ongoing,"7-day click or 1-day view",,,,,,,0,,,,,
2026-05-13,2026-05-13,"23/6 2023 - Sales campaign - UK MPA",inactive,,,,"Using ad set budget",0,0,0,0,0,0,Ongoing,"7-day click or 1-day view",,,,,,,0,,,,,
2026-05-13,2026-05-13,"19/6 2023 - Sales collection video",inactive,,,,"Using ad set budget",0,0,0,0,0,0,Ongoing,"7-day click or 1-day view",,,,,,,0,,,,,
2026-05-13,2026-05-13,"12/5 2023 - Sales campaign - UK MPA",inactive,,,,"Using ad set budget",0,0,0,0,0,0,Ongoing,"7-day click or 1-day view",,,,,,,0,,,,,
2026-05-13,2026-05-13,"8/5 Veltuff - Broad - custom - UK sales",inactive,,,,"Using ad set budget",0,0,0,0,0,0,Ongoing,"7-day click or 1-day view",,,,,,,0,,,,,
2026-05-13,2026-05-13,"3/5 Veltuff - Prospecting Campaign - Sales",inactive,,,,"Using ad set budget",0,0,0,0,0,0,Ongoing,"7-day click or 1-day view",,,,,,,0,,,,,
2026-05-13,2026-05-13,"11/4 Veltuff - Broad - custom - UK sales",inactive,,,,"Using ad set budget",0,0,0,0,0,0,Ongoing,"7-day click or 1-day view",,,,,,,0,,,,,
2026-05-13,2026-05-13,"28/3 Veltuff - Broad - custom - UK RM",inactive,,,,"Using ad set budget",0,0,0,0,0,0,Ongoing,"7-day click or 1-day view",,,,,,,0,,,,,
2026-05-13,2026-05-13,"23/3 Veltuff - Broad - custom - UK sales",inactive,,,,"Using ad set budget",0,0,0,0,0,0,Ongoing,"7-day click or 1-day view",,,,,,,0,,,,,
2026-05-13,2026-05-13,"17/3 Veltuff - Broad - custom - UK sales",inactive,,,,"Using ad set budget",0,0,0,0,0,0,Ongoing,"7-day click or 1-day view",,,,,,,0,,,,,
2026-05-13,2026-05-13,"AS - Prospecting Campaign JAN2023 - SALE - Copy",inactive,,,,"Using ad set budget",0,0,0,0,0,0,Ongoing,"7-day click or 1-day view",,,,,,,0,,,,,
2026-05-13,2026-05-13,"AS - Prospecting Campaign Dec2022",inactive,,,,"Using ad set budget",0,0,0,0,0,0,Ongoing,"7-day click or 1-day view",,,,,,,0,,,,,
2026-05-13,2026-05-13,"AS - RMKT - DEC 2022",inactive,,,,50,Daily,0,0,0,0,0,Ongoing,"7-day click or 1-day view",,,,,,,0,,,,,
2026-05-13,2026-05-13,"Website Retargeting - 2022",inactive,,,,"Using ad set budget",0,0,0,0,0,0,Ongoing,"1-day click",,,,,,,0,,,,,
2026-05-12,2026-05-12,"VD | Broad | Awareness",active,,,,196,Daily,0,0,0,0,0,Ongoing,"7-day click or 1-day view",,,,,,,0,,,,,
2026-05-12,2026-05-12,"VD | Retargeting | DPA Broad Remarket",inactive,,,,44,Daily,0,0,0,0,0,Ongoing,"7-day click",,,,,,,0,,,,,
2026-05-12,2026-05-12,"VD | Retargeting | DPA",active,2,actions:offsite_conversion.fb_pixel_purchase,81.445,370,Daily,162.89,4516,3380,1.336095,36.069531,Ongoing,"7-day click",10.317331,2,1680.59,action_values:offsite_conversion.fb_pixel_purchase,139,3.077945,1.155248,142,131,14,4,
2026-05-12,2026-05-12,"VD | Retargeting | DPA Campaign | Sales",inactive,,,,145,Daily,0,0,0,0,0,Ongoing,"7-day click",,,,,,,0,,,,,
2026-05-12,2026-05-12,"VD | Broad | Prospecting | Sales",active,10,actions:offsite_conversion.fb_pixel_purchase,114.525,370,Daily,1145.25,32442,20735,1.564601,35.301461,Ongoing,"7-day click",3.554289,10,4070.55,action_values:offsite_conversion.fb_pixel_purchase,610,1.880279,1.42444,825,539,55,26,90
2026-05-12,2026-05-12,"Warehouse Clearance | Prospecting | Sales | Advantage+",inactive,,,,"Using ad set budget",0,0,0,0,0,0,2026-03-29,"7-day click",,,,,,,0,,,,,
2026-05-12,2026-05-12,"WinterSale | Prospecting | Sales | Advantage+",inactive,,,,"Using ad set budget",0,0,0,0,0,0,Ongoing,"7-day click",,,,,,,0,,,,,
2026-05-12,2026-05-12,"Ongoing | Sales | ProTex1 | Advantage+ | SH",active,,,,327,Daily,31.46,918,634,1.44795,34.270153,Ongoing,"7-day click or 1-day view",,,,,9,0.980392,2.621667,9,7,1,,
2026-05-12,2026-05-12,"Ongoing | Sales | Hi-Vis Only | Advantage+ | SH",active,1,actions:offsite_conversion.fb_pixel_purchase,25.52,300,Daily,25.52,877,604,1.451987,29.099202,Ongoing,"7-day click or 1-day view",16.13989,1,411.89,action_values:offsite_conversion.fb_pixel_purchase,20,2.280502,1.501176,20,15,11,1,
2026-05-12,2026-05-12,"Customised Workwear | Awareness | Advantage+ | SH Campaign – Copy",inactive,,,,100,Daily,0,0,0,0,0,Ongoing,"7-day click or 1-day view",,,,,,,0,,,,,
2026-05-12,2026-05-12,"Key Categories | Sales | Advantage+ | SH Campaign",inactive,,,,"Using ad set budget",0,0,0,0,0,0,Ongoing,"7-day click, 1-day view, or 1-day engaged-view",,,,,,,0,,,,,
2026-05-12,2026-05-12,"Customised Workwear | Sales | Advantage+ | SH Campaign",inactive,,,,"Using ad set budget",0,0,0,0,0,0,Ongoing,"7-day click, 1-day view, or 1-day engaged-view",,,,,,,0,,,,,
2026-05-12,2026-05-12,"Ongoing | Retargeting | Sales | Dynamic Abandoned Cart - 30 Days | SH",inactive,,,,6.5,Daily,7.2,232,216,1.074074,31.034483,Ongoing,"7-day click",,,,,2,0.862069,2.4,2,,,,
2026-05-12,2026-05-12,"AS 7/1 25 - Purchase - Flexible ad Campaign",inactive,,,,"Using ad set budget",0,0,0,0,0,0,Ongoing,"7-day click, 1-day view, or 1-day engaged-view",,,,,,,0,,,,,
2026-05-12,2026-05-12,"5/6 Michelle Job add - KAM Jylland",inactive,,,,"Using ad set budget",0,0,0,0,0,0,Ongoing,"7-day click or 1-day view",,,,,,,0,,,,,
2026-05-12,2026-05-12,"4/1 2024 - RM - UK Campaign",inactive,,,,100,Daily,0,0,0,0,0,Ongoing,"7-day click",,,,,,,0,,,,,
2026-05-12,2026-05-12,"Ongoing | Prospecting | Sales | Broad | Advantage+ | SH Campaign",inactive,,,,"Using ad set budget",0,47.2,1759,1472,1.194973,26.833428,Ongoing,"7-day click or 1-day view",,,,,61,3.467879,0.76129,61,58,4,3,
2026-05-12,2026-05-12,"4/12 2023 - Safety Shoe Sale  Campaign",inactive,,,,"Using ad set budget",0,0,0,0,0,0,Ongoing,"7-day click or 1-day view",,,,,,,0,,,,,
2026-05-12,2026-05-12,"11/10 2023 - Advantage+ shopping campaign Campaign",inactive,,,,"Using ad set budget",0,0,0,0,0,0,Ongoing,"7-day click or 1-day view",,,,,,,0,,,,,
2026-05-12,2026-05-12,"19/7 2023 - MPA RM campaign",inactive,,,,"Using ad set budget",0,0,0,0,0,0,Ongoing,"7-day click or 1-day view",,,,,,,0,,,,,
2026-05-12,2026-05-12,"11/7 2023 - Sales campaign Women - UK MPA",inactive,,,,"Using ad set budget",0,0,0,0,0,0,Ongoing,"7-day click or 1-day view",,,,,,,0,,,,,
2026-05-12,2026-05-12,"23/6 2023 - Sales campaign - UK MPA",inactive,,,,"Using ad set budget",0,0,0,0,0,0,Ongoing,"7-day click or 1-day view",,,,,,,0,,,,,
2026-05-12,2026-05-12,"19/6 2023 - Sales collection video",inactive,,,,"Using ad set budget",0,0,0,0,0,0,Ongoing,"7-day click or 1-day view",,,,,,,0,,,,,
2026-05-12,2026-05-12,"12/5 2023 - Sales campaign - UK MPA",inactive,,,,"Using ad set budget",0,0,0,0,0,0,Ongoing,"7-day click or 1-day view",,,,,,,0,,,,,
2026-05-12,2026-05-12,"8/5 Veltuff - Broad - custom - UK sales",inactive,,,,"Using ad set budget",0,0,0,0,0,0,Ongoing,"7-day click or 1-day view",,,,,,,0,,,,,
2026-05-12,2026-05-12,"3/5 Veltuff - Prospecting Campaign - Sales",inactive,,,,"Using ad set budget",0,0,0,0,0,0,Ongoing,"7-day click or 1-day view",,,,,,,0,,,,,
2026-05-12,2026-05-12,"11/4 Veltuff - Broad - custom - UK sales",inactive,,,,"Using ad set budget",0,0,0,0,0,0,Ongoing,"7-day click or 1-day view",,,,,,,0,,,,,
2026-05-12,2026-05-12,"28/3 Veltuff - Broad - custom - UK RM",inactive,,,,"Using ad set budget",0,0,0,0,0,0,Ongoing,"7-day click or 1-day view",,,,,,,0,,,,,
2026-05-12,2026-05-12,"23/3 Veltuff - Broad - custom - UK sales",inactive,,,,"Using ad set budget",0,0,0,0,0,0,Ongoing,"7-day click or 1-day view",,,,,,,0,,,,,
2026-05-12,2026-05-12,"17/3 Veltuff - Broad - custom - UK sales",inactive,,,,"Using ad set budget",0,0,0,0,0,0,Ongoing,"7-day click or 1-day view",,,,,,,0,,,,,
2026-05-12,2026-05-12,"AS - Prospecting Campaign JAN2023 - SALE - Copy",inactive,,,,"Using ad set budget",0,0,0,0,0,0,Ongoing,"7-day click or 1-day view",,,,,,,0,,,,,
2026-05-12,2026-05-12,"AS - Prospecting Campaign Dec2022",inactive,,,,"Using ad set budget",0,0,0,0,0,0,Ongoing,"7-day click or 1-day view",,,,,,,0,,,,,
2026-05-12,2026-05-12,"AS - RMKT - DEC 2022",inactive,,,,50,Daily,0,0,0,0,0,Ongoing,"7-day click or 1-day view",,,,,,,0,,,,,
2026-05-12,2026-05-12,"Website Retargeting - 2022",inactive,,,,"Using ad set budget",0,0,0,0,0,0,Ongoing,"1-day click",,,,,,,0,,,,,
2026-05-11,2026-05-11,"VD | Broad | Awareness",active,,,,196,Daily,0,0,0,0,0,Ongoing,"7-day click or 1-day view",,,,,,,0,,,,,
2026-05-11,2026-05-11,"VD | Retargeting | DPA Broad Remarket",inactive,,,,44,Daily,0,0,0,0,0,Ongoing,"7-day click",,,,,,,0,,,,,
2026-05-11,2026-05-11,"VD | Retargeting | DPA",active,,,,370,Daily,123.97,3456,2035,1.69828,35.870949,Ongoing,"7-day click",,,,,64,1.851852,1.907231,65,64,6,3,
2026-05-11,2026-05-11,"VD | Retargeting | DPA Campaign | Sales",inactive,,,,145,Daily,0,0,0,0,0,Ongoing,"7-day click",,,,,,,0,,,,,
2026-05-11,2026-05-11,"VD | Broad | Prospecting | Sales",active,4,actions:offsite_conversion.fb_pixel_purchase,240.0725,370,Daily,960.29,28338,19151,1.479714,33.887007,Ongoing,"7-day click",2.615699,4,2511.83,action_values:offsite_conversion.fb_pixel_purchase,381,1.344484,1.875566,602,336,27,8,80
2026-05-11,2026-05-11,"Warehouse Clearance | Prospecting | Sales | Advantage+",inactive,,,,"Using ad set budget",0,0,0,0,0,0,2026-03-29,"7-day click",,,,,,,0,,,,,
2026-05-11,2026-05-11,"WinterSale | Prospecting | Sales | Advantage+",inactive,,,,"Using ad set budget",0,0,0,0,0,0,Ongoing,"7-day click",,,,,,,0,,,,,
2026-05-11,2026-05-11,"Ongoing | Sales | ProTex1 | Advantage+ | SH",active,,,,327,Daily,24.97,913,667,1.368816,27.349398,Ongoing,"7-day click or 1-day view",,,,,14,1.533406,1.387222,14,12,,,
2026-05-11,2026-05-11,"Ongoing | Sales | Hi-Vis Only | Advantage+ | SH",active,,,,300,Daily,14.01,499,390,1.279487,28.076152,Ongoing,"7-day click or 1-day view",,,,,5,1.002004,2.802,5,5,3,,
2026-05-11,2026-05-11,"Customised Workwear | Awareness | Advantage+ | SH Campaign – Copy",inactive,,,,100,Daily,0,0,0,0,0,Ongoing,"7-day click or 1-day view",,,,,,,0,,,,,
2026-05-11,2026-05-11,"Key Categories | Sales | Advantage+ | SH Campaign",inactive,,,,"Using ad set budget",0,0,0,0,0,0,Ongoing,"7-day click, 1-day view, or 1-day engaged-view",,,,,,,0,,,,,
2026-05-11,2026-05-11,"Customised Workwear | Sales | Advantage+ | SH Campaign",inactive,,,,"Using ad set budget",0,0,0,0,0,0,Ongoing,"7-day click, 1-day view, or 1-day engaged-view",,,,,,,0,,,,,
2026-05-11,2026-05-11,"Ongoing | Retargeting | Sales | Dynamic Abandoned Cart - 30 Days | SH",inactive,,,,6.5,Daily,6.29,188,173,1.086705,33.457447,Ongoing,"7-day click",,,,,9,4.787234,0.698889,9,9,,,
2026-05-11,2026-05-11,"AS 7/1 25 - Purchase - Flexible ad Campaign",inactive,,,,"Using ad set budget",0,0,0,0,0,0,Ongoing,"7-day click, 1-day view, or 1-day engaged-view",,,,,,,0,,,,,
2026-05-11,2026-05-11,"5/6 Michelle Job add - KAM Jylland",inactive,,,,"Using ad set budget",0,0,0,0,0,0,Ongoing,"7-day click or 1-day view",,,,,,,0,,,,,
2026-05-11,2026-05-11,"4/1 2024 - RM - UK Campaign",inactive,,,,100,Daily,0,0,0,0,0,Ongoing,"7-day click",,,,,,,0,,,,,
2026-05-11,2026-05-11,"Ongoing | Prospecting | Sales | Broad | Advantage+ | SH Campaign",inactive,3,actions:offsite_conversion.fb_pixel_purchase,15.22333333,"Using ad set budget",0,45.67,1544,1345,1.147955,29.579016,Ongoing,"7-day click or 1-day view",32.747756,3,1495.59,action_values:offsite_conversion.fb_pixel_purchase,36,2.331606,1.14175,36,32,6,2,
2026-05-11,2026-05-11,"4/12 2023 - Safety Shoe Sale  Campaign",inactive,,,,"Using ad set budget",0,0,0,0,0,0,Ongoing,"7-day click or 1-day view",,,,,,,0,,,,,
2026-05-11,2026-05-11,"11/10 2023 - Advantage+ shopping campaign Campaign",inactive,,,,"Using ad set budget",0,0,0,0,0,0,Ongoing,"7-day click or 1-day view",,,,,,,0,,,,,
2026-05-11,2026-05-11,"19/7 2023 - MPA RM campaign",inactive,,,,"Using ad set budget",0,0,0,0,0,0,Ongoing,"7-day click or 1-day view",,,,,,,0,,,,,
2026-05-11,2026-05-11,"11/7 2023 - Sales campaign Women - UK MPA",inactive,,,,"Using ad set budget",0,0,0,0,0,0,Ongoing,"7-day click or 1-day view",,,,,,,0,,,,,
2026-05-11,2026-05-11,"23/6 2023 - Sales campaign - UK MPA",inactive,,,,"Using ad set budget",0,0,0,0,0,0,Ongoing,"7-day click or 1-day view",,,,,,,0,,,,,
2026-05-11,2026-05-11,"19/6 2023 - Sales collection video",inactive,,,,"Using ad set budget",0,0,0,0,0,0,Ongoing,"7-day click or 1-day view",,,,,,,0,,,,,
2026-05-11,2026-05-11,"12/5 2023 - Sales campaign - UK MPA",inactive,,,,"Using ad set budget",0,0,0,0,0,0,Ongoing,"7-day click or 1-day view",,,,,,,0,,,,,
2026-05-11,2026-05-11,"8/5 Veltuff - Broad - custom - UK sales",inactive,,,,"Using ad set budget",0,0,0,0,0,0,Ongoing,"7-day click or 1-day view",,,,,,,0,,,,,
2026-05-11,2026-05-11,"3/5 Veltuff - Prospecting Campaign - Sales",inactive,,,,"Using ad set budget",0,0,0,0,0,0,Ongoing,"7-day click or 1-day view",,,,,,,0,,,,,
2026-05-11,2026-05-11,"11/4 Veltuff - Broad - custom - UK sales",inactive,,,,"Using ad set budget",0,0,0,0,0,0,Ongoing,"7-day click or 1-day view",,,,,,,0,,,,,
2026-05-11,2026-05-11,"28/3 Veltuff - Broad - custom - UK RM",inactive,,,,"Using ad set budget",0,0,0,0,0,0,Ongoing,"7-day click or 1-day view",,,,,,,0,,,,,
2026-05-11,2026-05-11,"23/3 Veltuff - Broad - custom - UK sales",inactive,,,,"Using ad set budget",0,0,0,0,0,0,Ongoing,"7-day click or 1-day view",,,,,,,0,,,,,
2026-05-11,2026-05-11,"17/3 Veltuff - Broad - custom - UK sales",inactive,,,,"Using ad set budget",0,0,0,0,0,0,Ongoing,"7-day click or 1-day view",,,,,,,0,,,,,
2026-05-11,2026-05-11,"AS - Prospecting Campaign JAN2023 - SALE - Copy",inactive,,,,"Using ad set budget",0,0,0,0,0,0,Ongoing,"7-day click or 1-day view",,,,,,,0,,,,,
2026-05-11,2026-05-11,"AS - Prospecting Campaign Dec2022",inactive,,,,"Using ad set budget",0,0,0,0,0,0,Ongoing,"7-day click or 1-day view",,,,,,,0,,,,,
2026-05-11,2026-05-11,"AS - RMKT - DEC 2022",inactive,,,,50,Daily,0,0,0,0,0,Ongoing,"7-day click or 1-day view",,,,,,,0,,,,,
2026-05-11,2026-05-11,"Website Retargeting - 2022",inactive,,,,"Using ad set budget",0,0,0,0,0,0,Ongoing,"1-day click",,,,,,,0,,,,,
2026-05-10,2026-05-10,"VD | Broad | Awareness",active,,,,196,Daily,0,0,0,0,0,Ongoing,"7-day click or 1-day view",,,,,,,0,,,,,
2026-05-10,2026-05-10,"VD | Retargeting | DPA Broad Remarket",inactive,,,,44,Daily,0,0,0,0,0,Ongoing,"7-day click",,,,,,,0,,,,,
2026-05-10,2026-05-10,"VD | Retargeting | DPA",active,,,,370,Daily,138.18,3510,2145,1.636364,39.367521,Ongoing,"7-day click",,,,,75,2.136752,1.625647,79,65,2,1,
2026-05-10,2026-05-10,"VD | Retargeting | DPA Campaign | Sales",inactive,,,,145,Daily,0,0,0,0,0,Ongoing,"7-day click",,,,,,,0,,,,,
2026-05-10,2026-05-10,"VD | Broad | Prospecting | Sales",active,6,actions:offsite_conversion.fb_pixel_purchase,69.63666667,370,Daily,417.82,12920,8172,1.581008,32.339009,Ongoing,"7-day click",5.24714,6,2192.36,action_values:offsite_conversion.fb_pixel_purchase,312,2.414861,1.105344,317,295,36,20,
2026-05-10,2026-05-10,"Warehouse Clearance | Prospecting | Sales | Advantage+",inactive,,,,"Using ad set budget",0,0,0,0,0,0,2026-03-29,"7-day click",,,,,,,0,,,,,
2026-05-10,2026-05-10,"WinterSale | Prospecting | Sales | Advantage+",inactive,,,,"Using ad set budget",0,0,0,0,0,0,Ongoing,"7-day click",,,,,,,0,,,,,
2026-05-10,2026-05-10,"Ongoing | Sales | ProTex1 | Advantage+ | SH",active,,,,327,Daily,29.6,1077,775,1.389677,27.483751,Ongoing,"7-day click or 1-day view",,,,,17,1.578459,1.233333,18,16,1,2,
2026-05-10,2026-05-10,"Ongoing | Sales | Hi-Vis Only | Advantage+ | SH",active,1,actions:offsite_conversion.fb_pixel_purchase,21.42,300,Daily,21.42,692,488,1.418033,30.953757,Ongoing,"7-day click or 1-day view",26.996265,1,578.26,action_values:offsite_conversion.fb_pixel_purchase,12,1.734104,1.33875,13,12,1,1,
2026-05-10,2026-05-10,"Customised Workwear | Awareness | Advantage+ | SH Campaign – Copy",inactive,,,,100,Daily,0,0,0,0,0,Ongoing,"7-day click or 1-day view",,,,,,,0,,,,,
2026-05-10,2026-05-10,"Key Categories | Sales | Advantage+ | SH Campaign",inactive,,,,"Using ad set budget",0,0,0,0,0,0,Ongoing,"7-day click, 1-day view, or 1-day engaged-view",,,,,,,0,,,,,
2026-05-10,2026-05-10,"Customised Workwear | Sales | Advantage+ | SH Campaign",inactive,,,,"Using ad set budget",0,0,0,0,0,0,Ongoing,"7-day click, 1-day view, or 1-day engaged-view",,,,,,,0,,,,,
2026-05-10,2026-05-10,"Ongoing | Retargeting | Sales | Dynamic Abandoned Cart - 30 Days | SH",inactive,,,,6.5,Daily,8.49,274,237,1.156118,30.985401,Ongoing,"7-day click",,,,,12,4.379562,0.606429,12,10,8,2,
2026-05-10,2026-05-10,"AS 7/1 25 - Purchase - Flexible ad Campaign",inactive,,,,"Using ad set budget",0,0,0,0,0,0,Ongoing,"7-day click, 1-day view, or 1-day engaged-view",,,,,,,0,,,,,
2026-05-10,2026-05-10,"5/6 Michelle Job add - KAM Jylland",inactive,,,,"Using ad set budget",0,0,0,0,0,0,Ongoing,"7-day click or 1-day view",,,,,,,0,,,,,
2026-05-10,2026-05-10,"4/1 2024 - RM - UK Campaign",inactive,,,,100,Daily,0,0,0,0,0,Ongoing,"7-day click",,,,,,,0,,,,,
2026-05-10,2026-05-10,"Ongoing | Prospecting | Sales | Broad | Advantage+ | SH Campaign",inactive,3,actions:offsite_conversion.fb_pixel_purchase,18.23,"Using ad set budget",0,54.69,2026,1661,1.219747,26.994077,Ongoing,"7-day click or 1-day view",22.395319,3,1224.8,action_values:offsite_conversion.fb_pixel_purchase,48,2.3692,1.031887,50,42,9,4,
2026-05-10,2026-05-10,"4/12 2023 - Safety Shoe Sale  Campaign",inactive,,,,"Using ad set budget",0,0,0,0,0,0,Ongoing,"7-day click or 1-day view",,,,,,,0,,,,,
2026-05-10,2026-05-10,"11/10 2023 - Advantage+ shopping campaign Campaign",inactive,,,,"Using ad set budget",0,0,0,0,0,0,Ongoing,"7-day click or 1-day view",,,,,,,0,,,,,
2026-05-10,2026-05-10,"19/7 2023 - MPA RM campaign",inactive,,,,"Using ad set budget",0,0,0,0,0,0,Ongoing,"7-day click or 1-day view",,,,,,,0,,,,,
2026-05-10,2026-05-10,"11/7 2023 - Sales campaign Women - UK MPA",inactive,,,,"Using ad set budget",0,0,0,0,0,0,Ongoing,"7-day click or 1-day view",,,,,,,0,,,,,
2026-05-10,2026-05-10,"23/6 2023 - Sales campaign - UK MPA",inactive,,,,"Using ad set budget",0,0,0,0,0,0,Ongoing,"7-day click or 1-day view",,,,,,,0,,,,,
2026-05-10,2026-05-10,"19/6 2023 - Sales collection video",inactive,,,,"Using ad set budget",0,0,0,0,0,0,Ongoing,"7-day click or 1-day view",,,,,,,0,,,,,
2026-05-10,2026-05-10,"12/5 2023 - Sales campaign - UK MPA",inactive,,,,"Using ad set budget",0,0,0,0,0,0,Ongoing,"7-day click or 1-day view",,,,,,,0,,,,,
2026-05-10,2026-05-10,"8/5 Veltuff - Broad - custom - UK sales",inactive,,,,"Using ad set budget",0,0,0,0,0,0,Ongoing,"7-day click or 1-day view",,,,,,,0,,,,,
2026-05-10,2026-05-10,"3/5 Veltuff - Prospecting Campaign - Sales",inactive,,,,"Using ad set budget",0,0,0,0,0,0,Ongoing,"7-day click or 1-day view",,,,,,,0,,,,,
2026-05-10,2026-05-10,"11/4 Veltuff - Broad - custom - UK sales",inactive,,,,"Using ad set budget",0,0,0,0,0,0,Ongoing,"7-day click or 1-day view",,,,,,,0,,,,,
2026-05-10,2026-05-10,"28/3 Veltuff - Broad - custom - UK RM",inactive,,,,"Using ad set budget",0,0,0,0,0,0,Ongoing,"7-day click or 1-day view",,,,,,,0,,,,,
2026-05-10,2026-05-10,"23/3 Veltuff - Broad - custom - UK sales",inactive,,,,"Using ad set budget",0,0,0,0,0,0,Ongoing,"7-day click or 1-day view",,,,,,,0,,,,,
2026-05-10,2026-05-10,"17/3 Veltuff - Broad - custom - UK sales",inactive,,,,"Using ad set budget",0,0,0,0,0,0,Ongoing,"7-day click or 1-day view",,,,,,,0,,,,,
2026-05-10,2026-05-10,"AS - Prospecting Campaign JAN2023 - SALE - Copy",inactive,,,,"Using ad set budget",0,0,0,0,0,0,Ongoing,"7-day click or 1-day view",,,,,,,0,,,,,
2026-05-10,2026-05-10,"AS - Prospecting Campaign Dec2022",inactive,,,,"Using ad set budget",0,0,0,0,0,0,Ongoing,"7-day click or 1-day view",,,,,,,0,,,,,
2026-05-10,2026-05-10,"AS - RMKT - DEC 2022",inactive,,,,50,Daily,0,0,0,0,0,Ongoing,"7-day click or 1-day view",,,,,,,0,,,,,
2026-05-10,2026-05-10,"Website Retargeting - 2022",inactive,,,,"Using ad set budget",0,0,0,0,0,0,Ongoing,"1-day click",,,,,,,0,,,,,
2026-05-09,2026-05-09,"VD | Broad | Awareness",active,,,,196,Daily,0,0,0,0,0,Ongoing,"7-day click or 1-day view",,,,,,,0,,,,,
2026-05-09,2026-05-09,"VD | Retargeting | DPA Broad Remarket",inactive,,,,44,Daily,0,0,0,0,0,Ongoing,"7-day click",,,,,,,0,,,,,
2026-05-09,2026-05-09,"VD | Retargeting | DPA",active,1,actions:offsite_conversion.fb_pixel_purchase,86.52,370,Daily,86.52,1883,1290,1.45969,45.947955,Ongoing,"7-day click",7.987286,1,691.06,action_values:offsite_conversion.fb_pixel_purchase,49,2.60223,1.545,51,45,1,1,
2026-05-09,2026-05-09,"VD | Retargeting | DPA Campaign | Sales",inactive,,,,145,Daily,0,0,0,0,0,Ongoing,"7-day click",,,,,,,0,,,,,
2026-05-09,2026-05-09,"VD | Broad | Prospecting | Sales",active,7,actions:offsite_conversion.fb_pixel_purchase,46.80142857,370,Daily,327.61,9618,5903,1.629341,34.062175,Ongoing,"7-day click",12.494307,7,4093.26,action_values:offsite_conversion.fb_pixel_purchase,267,2.776045,0.998811,281,239,34,10,
2026-05-09,2026-05-09,"Warehouse Clearance | Prospecting | Sales | Advantage+",inactive,,,,"Using ad set budget",0,0,0,0,0,0,2026-03-29,"7-day click",,,,,,,0,,,,,
2026-05-09,2026-05-09,"WinterSale | Prospecting | Sales | Advantage+",inactive,,,,"Using ad set budget",0,0,0,0,0,0,Ongoing,"7-day click",,,,,,,0,,,,,
2026-05-09,2026-05-09,"Ongoing | Sales | ProTex1 | Advantage+ | SH",active,1,actions:offsite_conversion.fb_pixel_purchase,24.68,327,Daily,24.68,768,609,1.261084,32.135417,Ongoing,"7-day click or 1-day view",37.089141,1,915.36,action_values:offsite_conversion.fb_pixel_purchase,8,1.041667,1.898462,10,7,2,2,
2026-05-09,2026-05-09,"Ongoing | Sales | Hi-Vis Only | Advantage+ | SH",active,,,,300,Daily,14.78,473,391,1.209719,31.247357,Ongoing,"7-day click or 1-day view",,,,,9,1.902748,1.231667,11,7,1,,
2026-05-09,2026-05-09,"Customised Workwear | Awareness | Advantage+ | SH Campaign – Copy",inactive,,,,100,Daily,0,0,0,0,0,Ongoing,"7-day click or 1-day view",,,,,,,0,,,,,
2026-05-09,2026-05-09,"Key Categories | Sales | Advantage+ | SH Campaign",inactive,,,,"Using ad set budget",0,0,0,0,0,0,Ongoing,"7-day click, 1-day view, or 1-day engaged-view",,,,,,,0,,,,,
2026-05-09,2026-05-09,"Customised Workwear | Sales | Advantage+ | SH Campaign",inactive,,,,"Using ad set budget",0,0,0,0,0,0,Ongoing,"7-day click, 1-day view, or 1-day engaged-view",,,,,,,0,,,,,
2026-05-09,2026-05-09,"Ongoing | Retargeting | Sales | Dynamic Abandoned Cart - 30 Days | SH",inactive,,,,6.5,Daily,5.72,200,185,1.081081,28.6,Ongoing,"7-day click",,,,,14,7,0.381333,14,13,,,
2026-05-09,2026-05-09,"AS 7/1 25 - Purchase - Flexible ad Campaign",inactive,,,,"Using ad set budget",0,0,0,0,0,0,Ongoing,"7-day click, 1-day view, or 1-day engaged-view",,,,,,,0,,,,,
2026-05-09,2026-05-09,"5/6 Michelle Job add - KAM Jylland",inactive,,,,"Using ad set budget",0,0,0,0,0,0,Ongoing,"7-day click or 1-day view",,,,,,,0,,,,,
2026-05-09,2026-05-09,"4/1 2024 - RM - UK Campaign",inactive,,,,100,Daily,0,0,0,0,0,Ongoing,"7-day click",,,,,,,0,,,,,
2026-05-09,2026-05-09,"Ongoing | Prospecting | Sales | Broad | Advantage+ | SH Campaign",inactive,,,,"Using ad set budget",0,39.71,1537,1464,1.049863,25.836044,Ongoing,"7-day click or 1-day view",,,,,40,2.602472,0.882444,41,30,1,,
2026-05-09,2026-05-09,"4/12 2023 - Safety Shoe Sale  Campaign",inactive,,,,"Using ad set budget",0,0,0,0,0,0,Ongoing,"7-day click or 1-day view",,,,,,,0,,,,,
2026-05-09,2026-05-09,"11/10 2023 - Advantage+ shopping campaign Campaign",inactive,,,,"Using ad set budget",0,0,0,0,0,0,Ongoing,"7-day click or 1-day view",,,,,,,0,,,,,
2026-05-09,2026-05-09,"19/7 2023 - MPA RM campaign",inactive,,,,"Using ad set budget",0,0,0,0,0,0,Ongoing,"7-day click or 1-day view",,,,,,,0,,,,,
2026-05-09,2026-05-09,"11/7 2023 - Sales campaign Women - UK MPA",inactive,,,,"Using ad set budget",0,0,0,0,0,0,Ongoing,"7-day click or 1-day view",,,,,,,0,,,,,
2026-05-09,2026-05-09,"23/6 2023 - Sales campaign - UK MPA",inactive,,,,"Using ad set budget",0,0,0,0,0,0,Ongoing,"7-day click or 1-day view",,,,,,,0,,,,,
2026-05-09,2026-05-09,"19/6 2023 - Sales collection video",inactive,,,,"Using ad set budget",0,0,0,0,0,0,Ongoing,"7-day click or 1-day view",,,,,,,0,,,,,
2026-05-09,2026-05-09,"12/5 2023 - Sales campaign - UK MPA",inactive,,,,"Using ad set budget",0,0,0,0,0,0,Ongoing,"7-day click or 1-day view",,,,,,,0,,,,,
2026-05-09,2026-05-09,"8/5 Veltuff - Broad - custom - UK sales",inactive,,,,"Using ad set budget",0,0,0,0,0,0,Ongoing,"7-day click or 1-day view",,,,,,,0,,,,,
2026-05-09,2026-05-09,"3/5 Veltuff - Prospecting Campaign - Sales",inactive,,,,"Using ad set budget",0,0,0,0,0,0,Ongoing,"7-day click or 1-day view",,,,,,,0,,,,,
2026-05-09,2026-05-09,"11/4 Veltuff - Broad - custom - UK sales",inactive,,,,"Using ad set budget",0,0,0,0,0,0,Ongoing,"7-day click or 1-day view",,,,,,,0,,,,,
2026-05-09,2026-05-09,"28/3 Veltuff - Broad - custom - UK RM",inactive,,,,"Using ad set budget",0,0,0,0,0,0,Ongoing,"7-day click or 1-day view",,,,,,,0,,,,,
2026-05-09,2026-05-09,"23/3 Veltuff - Broad - custom - UK sales",inactive,,,,"Using ad set budget",0,0,0,0,0,0,Ongoing,"7-day click or 1-day view",,,,,,,0,,,,,
2026-05-09,2026-05-09,"17/3 Veltuff - Broad - custom - UK sales",inactive,,,,"Using ad set budget",0,0,0,0,0,0,Ongoing,"7-day click or 1-day view",,,,,,,0,,,,,
2026-05-09,2026-05-09,"AS - Prospecting Campaign JAN2023 - SALE - Copy",inactive,,,,"Using ad set budget",0,0,0,0,0,0,Ongoing,"7-day click or 1-day view",,,,,,,0,,,,,
2026-05-09,2026-05-09,"AS - Prospecting Campaign Dec2022",inactive,,,,"Using ad set budget",0,0,0,0,0,0,Ongoing,"7-day click or 1-day view",,,,,,,0,,,,,
2026-05-09,2026-05-09,"AS - RMKT - DEC 2022",inactive,,,,50,Daily,0,0,0,0,0,Ongoing,"7-day click or 1-day view",,,,,,,0,,,,,
2026-05-09,2026-05-09,"Website Retargeting - 2022",inactive,,,,"Using ad set budget",0,0,0,0,0,0,Ongoing,"1-day click",,,,,,,0,,,,,
2026-05-08,2026-05-08,"VD | Broad | Awareness",active,,,,196,Daily,0,0,0,0,0,Ongoing,"7-day click or 1-day view",,,,,,,0,,,,,
2026-05-08,2026-05-08,"VD | Retargeting | DPA Broad Remarket",inactive,,,,44,Daily,0,0,0,0,0,Ongoing,"7-day click",,,,,,,0,,,,,
2026-05-08,2026-05-08,"VD | Retargeting | DPA",active,1,actions:offsite_conversion.fb_pixel_purchase,145.93,370,Daily,145.93,1692,767,2.205997,86.247045,Ongoing,"7-day click",2.182964,1,318.56,action_values:offsite_conversion.fb_pixel_purchase,31,1.832151,3.64825,35,30,1,2,
2026-05-08,2026-05-08,"VD | Retargeting | DPA Campaign | Sales",inactive,,,,145,Daily,0,0,0,0,0,Ongoing,"7-day click",,,,,,,0,,,,,
2026-05-08,2026-05-08,"VD | Broad | Prospecting | Sales",active,3,actions:offsite_conversion.fb_pixel_purchase,176.4,370,Daily,529.2,13761,9573,1.43748,38.456508,Ongoing,"7-day click",6.070522,3,3212.52,action_values:offsite_conversion.fb_pixel_purchase,239,1.736792,1.75814,788,211,25,7,245
2026-05-08,2026-05-08,"Warehouse Clearance | Prospecting | Sales | Advantage+",inactive,,,,"Using ad set budget",0,0,0,0,0,0,2026-03-29,"7-day click",,,,,,,0,,,,,
2026-05-08,2026-05-08,"WinterSale | Prospecting | Sales | Advantage+",inactive,,,,"Using ad set budget",0,0,0,0,0,0,Ongoing,"7-day click",,,,,,,0,,,,,
2026-05-08,2026-05-08,"Ongoing | Sales | ProTex1 | Advantage+ | SH",active,,,,327,Daily,46.83,1327,903,1.469546,35.290128,Ongoing,"7-day click or 1-day view",,,,,20,1.507159,1.95125,21,17,,,
2026-05-08,2026-05-08,"Ongoing | Sales | Hi-Vis Only | Advantage+ | SH",active,1,actions:offsite_conversion.fb_pixel_purchase,38.61,300,Daily,38.61,1100,782,1.40665,35.1,Ongoing,"7-day click or 1-day view",10.895882,1,420.69,action_values:offsite_conversion.fb_pixel_purchase,20,1.818182,1.755,20,18,1,,
2026-05-08,2026-05-08,"Customised Workwear | Awareness | Advantage+ | SH Campaign – Copy",inactive,,,,100,Daily,0,0,0,0,0,Ongoing,"7-day click or 1-day view",,,,,,,0,,,,,
2026-05-08,2026-05-08,"Key Categories | Sales | Advantage+ | SH Campaign",inactive,,,,"Using ad set budget",0,0,0,0,0,0,Ongoing,"7-day click, 1-day view, or 1-day engaged-view",,,,,,,0,,,,,
2026-05-08,2026-05-08,"Customised Workwear | Sales | Advantage+ | SH Campaign",inactive,,,,"Using ad set budget",0,0,0,0,0,0,Ongoing,"7-day click, 1-day view, or 1-day engaged-view",,,,,,,0,,,,,
2026-05-08,2026-05-08,"Ongoing | Retargeting | Sales | Dynamic Abandoned Cart - 30 Days | SH",inactive,,,,6.5,Daily,6.54,227,194,1.170103,28.810573,Ongoing,"7-day click",,,,,5,2.202643,0.934286,5,5,,,
2026-05-08,2026-05-08,"AS 7/1 25 - Purchase - Flexible ad Campaign",inactive,,,,"Using ad set budget",0,0,0,0,0,0,Ongoing,"7-day click, 1-day view, or 1-day engaged-view",,,,,,,0,,,,,
2026-05-08,2026-05-08,"5/6 Michelle Job add - KAM Jylland",inactive,,,,"Using ad set budget",0,0,0,0,0,0,Ongoing,"7-day click or 1-day view",,,,,,,0,,,,,
2026-05-08,2026-05-08,"4/1 2024 - RM - UK Campaign",inactive,,,,100,Daily,0,0,0,0,0,Ongoing,"7-day click",,,,,,,0,,,,,
2026-05-08,2026-05-08,"Ongoing | Prospecting | Sales | Broad | Advantage+ | SH Campaign",inactive,3,actions:offsite_conversion.fb_pixel_purchase,32.02,"Using ad set budget",0,96.06,3298,2518,1.30977,29.126743,Ongoing,"7-day click or 1-day view",12.021133,3,1154.75,action_values:offsite_conversion.fb_pixel_purchase,91,2.759248,0.850089,94,84,10,7,
2026-05-08,2026-05-08,"4/12 2023 - Safety Shoe Sale  Campaign",inactive,,,,"Using ad set budget",0,0,0,0,0,0,Ongoing,"7-day click or 1-day view",,,,,,,0,,,,,
2026-05-08,2026-05-08,"11/10 2023 - Advantage+ shopping campaign Campaign",inactive,,,,"Using ad set budget",0,0,0,0,0,0,Ongoing,"7-day click or 1-day view",,,,,,,0,,,,,
2026-05-08,2026-05-08,"19/7 2023 - MPA RM campaign",inactive,,,,"Using ad set budget",0,0,0,0,0,0,Ongoing,"7-day click or 1-day view",,,,,,,0,,,,,
2026-05-08,2026-05-08,"11/7 2023 - Sales campaign Women - UK MPA",inactive,,,,"Using ad set budget",0,0,0,0,0,0,Ongoing,"7-day click or 1-day view",,,,,,,0,,,,,
2026-05-08,2026-05-08,"23/6 2023 - Sales campaign - UK MPA",inactive,,,,"Using ad set budget",0,0,0,0,0,0,Ongoing,"7-day click or 1-day view",,,,,,,0,,,,,
2026-05-08,2026-05-08,"19/6 2023 - Sales collection video",inactive,,,,"Using ad set budget",0,0,0,0,0,0,Ongoing,"7-day click or 1-day view",,,,,,,0,,,,,
2026-05-08,2026-05-08,"12/5 2023 - Sales campaign - UK MPA",inactive,,,,"Using ad set budget",0,0,0,0,0,0,Ongoing,"7-day click or 1-day view",,,,,,,0,,,,,
2026-05-08,2026-05-08,"8/5 Veltuff - Broad - custom - UK sales",inactive,,,,"Using ad set budget",0,0,0,0,0,0,Ongoing,"7-day click or 1-day view",,,,,,,0,,,,,
2026-05-08,2026-05-08,"3/5 Veltuff - Prospecting Campaign - Sales",inactive,,,,"Using ad set budget",0,0,0,0,0,0,Ongoing,"7-day click or 1-day view",,,,,,,0,,,,,
2026-05-08,2026-05-08,"11/4 Veltuff - Broad - custom - UK sales",inactive,,,,"Using ad set budget",0,0,0,0,0,0,Ongoing,"7-day click or 1-day view",,,,,,,0,,,,,
2026-05-08,2026-05-08,"28/3 Veltuff - Broad - custom - UK RM",inactive,,,,"Using ad set budget",0,0,0,0,0,0,Ongoing,"7-day click or 1-day view",,,,,,,0,,,,,
2026-05-08,2026-05-08,"23/3 Veltuff - Broad - custom - UK sales",inactive,,,,"Using ad set budget",0,0,0,0,0,0,Ongoing,"7-day click or 1-day view",,,,,,,0,,,,,
2026-05-08,2026-05-08,"17/3 Veltuff - Broad - custom - UK sales",inactive,,,,"Using ad set budget",0,0,0,0,0,0,Ongoing,"7-day click or 1-day view",,,,,,,0,,,,,
2026-05-08,2026-05-08,"AS - Prospecting Campaign JAN2023 - SALE - Copy",inactive,,,,"Using ad set budget",0,0,0,0,0,0,Ongoing,"7-day click or 1-day view",,,,,,,0,,,,,
2026-05-08,2026-05-08,"AS - Prospecting Campaign Dec2022",inactive,,,,"Using ad set budget",0,0,0,0,0,0,Ongoing,"7-day click or 1-day view",,,,,,,0,,,,,
2026-05-08,2026-05-08,"AS - RMKT - DEC 2022",inactive,,,,50,Daily,0,0,0,0,0,Ongoing,"7-day click or 1-day view",,,,,,,0,,,,,
2026-05-08,2026-05-08,"Website Retargeting - 2022",inactive,,,,"Using ad set budget",0,0,0,0,0,0,Ongoing,"1-day click",,,,,,,0,,,,,
2026-05-07,2026-05-07,"VD | Broad | Awareness",active,,,,196,Daily,0,0,0,0,0,Ongoing,"7-day click or 1-day view",,,,,,,0,,,,,
2026-05-07,2026-05-07,"VD | Retargeting | DPA Broad Remarket",inactive,,,,44,Daily,0,0,0,0,0,Ongoing,"7-day click",,,,,,,0,,,,,
2026-05-07,2026-05-07,"VD | Retargeting | DPA",active,,,,370,Daily,164.97,963,366,2.631148,171.308411,Ongoing,"7-day click",,,,,11,1.142264,12.69,17,7,1,,
2026-05-07,2026-05-07,"VD | Retargeting | DPA Campaign | Sales",inactive,,,,145,Daily,0,0,0,0,0,Ongoing,"7-day click",,,,,,,0,,,,,
2026-05-07,2026-05-07,"VD | Broad | Prospecting | Sales",active,5,actions:offsite_conversion.fb_pixel_purchase,140.384,370,Daily,701.92,17706,11325,1.563444,39.643059,Ongoing,"7-day click",2.724769,5,1912.57,action_values:offsite_conversion.fb_pixel_purchase,165,0.931888,2.912531,404,157,23,9,99
2026-05-07,2026-05-07,"Warehouse Clearance | Prospecting | Sales | Advantage+",inactive,,,,"Using ad set budget",0,0,0,0,0,0,2026-03-29,"7-day click",,,,,,,0,,,,,
2026-05-07,2026-05-07,"WinterSale | Prospecting | Sales | Advantage+",inactive,,,,"Using ad set budget",0,0,0,0,0,0,Ongoing,"7-day click",,,,,,,0,,,,,
2026-05-07,2026-05-07,"Ongoing | Sales | ProTex1 | Advantage+ | SH",active,2,actions:offsite_conversion.fb_pixel_purchase,31.84,327,Daily,63.68,1799,1154,1.558925,35.397443,Ongoing,"7-day click or 1-day view",25.96027,2,1653.15,action_values:offsite_conversion.fb_pixel_purchase,15,0.833797,3.184,15,15,5,,
2026-05-07,2026-05-07,"Ongoing | Sales | Hi-Vis Only | Advantage+ | SH",active,1,actions:offsite_conversion.fb_pixel_purchase,49.3,300,Daily,49.3,1420,966,1.469979,34.71831,Ongoing,"7-day click or 1-day view",5.777485,1,284.83,action_values:offsite_conversion.fb_pixel_purchase,32,2.253521,1.408571,33,29,2,1,
2026-05-07,2026-05-07,"Customised Workwear | Awareness | Advantage+ | SH Campaign – Copy",inactive,,,,100,Daily,0,0,0,0,0,Ongoing,"7-day click or 1-day view",,,,,,,0,,,,,
2026-05-07,2026-05-07,"Key Categories | Sales | Advantage+ | SH Campaign",inactive,,,,"Using ad set budget",0,0,0,0,0,0,Ongoing,"7-day click, 1-day view, or 1-day engaged-view",,,,,,,0,,,,,
2026-05-07,2026-05-07,"Customised Workwear | Sales | Advantage+ | SH Campaign",inactive,,,,"Using ad set budget",0,0,0,0,0,0,Ongoing,"7-day click, 1-day view, or 1-day engaged-view",,,,,,,0,,,,,
2026-05-07,2026-05-07,"Ongoing | Retargeting | Sales | Dynamic Abandoned Cart - 30 Days | SH",inactive,,,,6.5,Daily,12.33,319,264,1.208333,38.652038,Ongoing,"7-day click",,,,,11,3.448276,1.37,11,10,,,
2026-05-07,2026-05-07,"AS 7/1 25 - Purchase - Flexible ad Campaign",inactive,,,,"Using ad set budget",0,0,0,0,0,0,Ongoing,"7-day click, 1-day view, or 1-day engaged-view",,,,,,,0,,,,,
2026-05-07,2026-05-07,"5/6 Michelle Job add - KAM Jylland",inactive,,,,"Using ad set budget",0,0,0,0,0,0,Ongoing,"7-day click or 1-day view",,,,,,,0,,,,,
2026-05-07,2026-05-07,"4/1 2024 - RM - UK Campaign",inactive,,,,100,Daily,0,0,0,0,0,Ongoing,"7-day click",,,,,,,0,,,,,
2026-05-07,2026-05-07,"Ongoing | Prospecting | Sales | Broad | Advantage+ | SH Campaign",inactive,6,actions:offsite_conversion.fb_pixel_purchase,22.345,"Using ad set budget",0,134.07,4659,3381,1.377995,28.776561,Ongoing,"7-day click or 1-day view",15.254569,6,2045.18,action_values:offsite_conversion.fb_pixel_purchase,139,2.983473,0.853949,145,126,21,10,
2026-05-07,2026-05-07,"4/12 2023 - Safety Shoe Sale  Campaign",inactive,,,,"Using ad set budget",0,0,0,0,0,0,Ongoing,"7-day click or 1-day view",,,,,,,0,,,,,
2026-05-07,2026-05-07,"11/10 2023 - Advantage+ shopping campaign Campaign",inactive,,,,"Using ad set budget",0,0,0,0,0,0,Ongoing,"7-day click or 1-day view",,,,,,,0,,,,,
2026-05-07,2026-05-07,"19/7 2023 - MPA RM campaign",inactive,,,,"Using ad set budget",0,0,0,0,0,0,Ongoing,"7-day click or 1-day view",,,,,,,0,,,,,
2026-05-07,2026-05-07,"11/7 2023 - Sales campaign Women - UK MPA",inactive,,,,"Using ad set budget",0,0,0,0,0,0,Ongoing,"7-day click or 1-day view",,,,,,,0,,,,,
2026-05-07,2026-05-07,"23/6 2023 - Sales campaign - UK MPA",inactive,,,,"Using ad set budget",0,0,0,0,0,0,Ongoing,"7-day click or 1-day view",,,,,,,0,,,,,
2026-05-07,2026-05-07,"19/6 2023 - Sales collection video",inactive,,,,"Using ad set budget",0,0,0,0,0,0,Ongoing,"7-day click or 1-day view",,,,,,,0,,,,,
2026-05-07,2026-05-07,"12/5 2023 - Sales campaign - UK MPA",inactive,,,,"Using ad set budget",0,0,0,0,0,0,Ongoing,"7-day click or 1-day view",,,,,,,0,,,,,
2026-05-07,2026-05-07,"8/5 Veltuff - Broad - custom - UK sales",inactive,,,,"Using ad set budget",0,0,0,0,0,0,Ongoing,"7-day click or 1-day view",,,,,,,0,,,,,
2026-05-07,2026-05-07,"3/5 Veltuff - Prospecting Campaign - Sales",inactive,,,,"Using ad set budget",0,0,0,0,0,0,Ongoing,"7-day click or 1-day view",,,,,,,0,,,,,
2026-05-07,2026-05-07,"11/4 Veltuff - Broad - custom - UK sales",inactive,,,,"Using ad set budget",0,0,0,0,0,0,Ongoing,"7-day click or 1-day view",,,,,,,0,,,,,
2026-05-07,2026-05-07,"28/3 Veltuff - Broad - custom - UK RM",inactive,,,,"Using ad set budget",0,0,0,0,0,0,Ongoing,"7-day click or 1-day view",,,,,,,0,,,,,
2026-05-07,2026-05-07,"23/3 Veltuff - Broad - custom - UK sales",inactive,,,,"Using ad set budget",0,0,0,0,0,0,Ongoing,"7-day click or 1-day view",,,,,,,0,,,,,
2026-05-07,2026-05-07,"17/3 Veltuff - Broad - custom - UK sales",inactive,,,,"Using ad set budget",0,0,0,0,0,0,Ongoing,"7-day click or 1-day view",,,,,,,0,,,,,
2026-05-07,2026-05-07,"AS - Prospecting Campaign JAN2023 - SALE - Copy",inactive,,,,"Using ad set budget",0,0,0,0,0,0,Ongoing,"7-day click or 1-day view",,,,,,,0,,,,,
2026-05-07,2026-05-07,"AS - Prospecting Campaign Dec2022",inactive,,,,"Using ad set budget",0,0,0,0,0,0,Ongoing,"7-day click or 1-day view",,,,,,,0,,,,,
2026-05-07,2026-05-07,"AS - RMKT - DEC 2022",inactive,,,,50,Daily,0,0,0,0,0,Ongoing,"7-day click or 1-day view",,,,,,,0,,,,,
2026-05-07,2026-05-07,"Website Retargeting - 2022",inactive,,,,"Using ad set budget",0,0,0,0,0,0,Ongoing,"1-day click",,,,,,,0,,,,,
2026-05-06,2026-05-06,"VD | Broad | Awareness",active,,,,196,Daily,0,0,0,0,0,Ongoing,"7-day click or 1-day view",,,,,,,0,,,,,
2026-05-06,2026-05-06,"VD | Retargeting | DPA Broad Remarket",inactive,,,,44,Daily,0,0,0,0,0,Ongoing,"7-day click",,,,,,,0,,,,,
2026-05-06,2026-05-06,"VD | Retargeting | DPA",active,,,,370,Daily,129.99,474,66,7.181818,274.240506,Ongoing,"7-day click",,,,,9,1.898734,11.817273,10,6,,,
2026-05-06,2026-05-06,"VD | Retargeting | DPA Campaign | Sales",inactive,,,,145,Daily,0,0,0,0,0,Ongoing,"7-day click",,,,,,,0,,,,,
2026-05-06,2026-05-06,"VD | Broad | Prospecting | Sales",active,1,actions:offsite_conversion.fb_pixel_purchase,655.1,370,Daily,655.1,15937,9638,1.653559,41.105603,Ongoing,"7-day click",0.82308,1,539.2,action_values:offsite_conversion.fb_pixel_purchase,187,1.17337,2.558984,569,153,19,7,154
2026-05-06,2026-05-06,"Warehouse Clearance | Prospecting | Sales | Advantage+",inactive,,,,"Using ad set budget",0,0,0,0,0,0,2026-03-29,"7-day click",,,,,,,0,,,,,
2026-05-06,2026-05-06,"WinterSale | Prospecting | Sales | Advantage+",inactive,,,,"Using ad set budget",0,0,0,0,0,0,Ongoing,"7-day click",,,,,,,0,,,,,
2026-05-06,2026-05-06,"Ongoing | Sales | ProTex1 | Advantage+ | SH",active,,,,327,Daily,75.85,2207,1456,1.515797,34.36792,Ongoing,"7-day click or 1-day view",,,,,32,1.449932,1.85,32,27,2,1,
2026-05-06,2026-05-06,"Ongoing | Sales | Hi-Vis Only | Advantage+ | SH",active,,,,300,Daily,48.92,1426,921,1.548317,34.30575,Ongoing,"7-day click or 1-day view",,,,,17,1.192146,2.446,19,17,2,1,
2026-05-06,2026-05-06,"Customised Workwear | Awareness | Advantage+ | SH Campaign – Copy",inactive,,,,100,Daily,0,0,0,0,0,Ongoing,"7-day click or 1-day view",,,,,,,0,,,,,
2026-05-06,2026-05-06,"Key Categories | Sales | Advantage+ | SH Campaign",inactive,,,,"Using ad set budget",0,0,0,0,0,0,Ongoing,"7-day click, 1-day view, or 1-day engaged-view",,,,,,,0,,,,,
2026-05-06,2026-05-06,"Customised Workwear | Sales | Advantage+ | SH Campaign",inactive,,,,"Using ad set budget",0,0,0,0,0,0,Ongoing,"7-day click, 1-day view, or 1-day engaged-view",,,,,,,0,,,,,
2026-05-06,2026-05-06,"Ongoing | Retargeting | Sales | Dynamic Abandoned Cart - 30 Days | SH",inactive,,,,6.5,Daily,12.3,335,286,1.171329,36.716418,Ongoing,"7-day click",,,,,11,3.283582,1.118182,11,10,,,
2026-05-06,2026-05-06,"AS 7/1 25 - Purchase - Flexible ad Campaign",inactive,,,,"Using ad set budget",0,0,0,0,0,0,Ongoing,"7-day click, 1-day view, or 1-day engaged-view",,,,,,,0,,,,,
2026-05-06,2026-05-06,"5/6 Michelle Job add - KAM Jylland",inactive,,,,"Using ad set budget",0,0,0,0,0,0,Ongoing,"7-day click or 1-day view",,,,,,,0,,,,,
2026-05-06,2026-05-06,"4/1 2024 - RM - UK Campaign",inactive,,,,100,Daily,0,0,0,0,0,Ongoing,"7-day click",,,,,,,0,,,,,
2026-05-06,2026-05-06,"Ongoing | Prospecting | Sales | Broad | Advantage+ | SH Campaign",inactive,,,,"Using ad set budget",0,141.92,5483,3842,1.427121,25.88364,Ongoing,"7-day click or 1-day view",,,,,151,2.753967,0.806364,153,139,11,4,
2026-05-06,2026-05-06,"4/12 2023 - Safety Shoe Sale  Campaign",inactive,,,,"Using ad set budget",0,0,0,0,0,0,Ongoing,"7-day click or 1-day view",,,,,,,0,,,,,
2026-05-06,2026-05-06,"11/10 2023 - Advantage+ shopping campaign Campaign",inactive,,,,"Using ad set budget",0,0,0,0,0,0,Ongoing,"7-day click or 1-day view",,,,,,,0,,,,,
2026-05-06,2026-05-06,"19/7 2023 - MPA RM campaign",inactive,,,,"Using ad set budget",0,0,0,0,0,0,Ongoing,"7-day click or 1-day view",,,,,,,0,,,,,
2026-05-06,2026-05-06,"11/7 2023 - Sales campaign Women - UK MPA",inactive,,,,"Using ad set budget",0,0,0,0,0,0,Ongoing,"7-day click or 1-day view",,,,,,,0,,,,,
2026-05-06,2026-05-06,"23/6 2023 - Sales campaign - UK MPA",inactive,,,,"Using ad set budget",0,0,0,0,0,0,Ongoing,"7-day click or 1-day view",,,,,,,0,,,,,
2026-05-06,2026-05-06,"19/6 2023 - Sales collection video",inactive,,,,"Using ad set budget",0,0,0,0,0,0,Ongoing,"7-day click or 1-day view",,,,,,,0,,,,,
2026-05-06,2026-05-06,"12/5 2023 - Sales campaign - UK MPA",inactive,,,,"Using ad set budget",0,0,0,0,0,0,Ongoing,"7-day click or 1-day view",,,,,,,0,,,,,
2026-05-06,2026-05-06,"8/5 Veltuff - Broad - custom - UK sales",inactive,,,,"Using ad set budget",0,0,0,0,0,0,Ongoing,"7-day click or 1-day view",,,,,,,0,,,,,
2026-05-06,2026-05-06,"3/5 Veltuff - Prospecting Campaign - Sales",inactive,,,,"Using ad set budget",0,0,0,0,0,0,Ongoing,"7-day click or 1-day view",,,,,,,0,,,,,
2026-05-06,2026-05-06,"11/4 Veltuff - Broad - custom - UK sales",inactive,,,,"Using ad set budget",0,0,0,0,0,0,Ongoing,"7-day click or 1-day view",,,,,,,0,,,,,
2026-05-06,2026-05-06,"28/3 Veltuff - Broad - custom - UK RM",inactive,,,,"Using ad set budget",0,0,0,0,0,0,Ongoing,"7-day click or 1-day view",,,,,,,0,,,,,
2026-05-06,2026-05-06,"23/3 Veltuff - Broad - custom - UK sales",inactive,,,,"Using ad set budget",0,0,0,0,0,0,Ongoing,"7-day click or 1-day view",,,,,,,0,,,,,
2026-05-06,2026-05-06,"17/3 Veltuff - Broad - custom - UK sales",inactive,,,,"Using ad set budget",0,0,0,0,0,0,Ongoing,"7-day click or 1-day view",,,,,,,0,,,,,
2026-05-06,2026-05-06,"AS - Prospecting Campaign JAN2023 - SALE - Copy",inactive,,,,"Using ad set budget",0,0,0,0,0,0,Ongoing,"7-day click or 1-day view",,,,,,,0,,,,,
2026-05-06,2026-05-06,"AS - Prospecting Campaign Dec2022",inactive,,,,"Using ad set budget",0,0,0,0,0,0,Ongoing,"7-day click or 1-day view",,,,,,,0,,,,,
2026-05-06,2026-05-06,"AS - RMKT - DEC 2022",inactive,,,,50,Daily,0,0,0,0,0,Ongoing,"7-day click or 1-day view",,,,,,,0,,,,,
2026-05-06,2026-05-06,"Website Retargeting - 2022",inactive,,,,"Using ad set budget",0,0,0,0,0,0,Ongoing,"1-day click",,,,,,,0,,,,,
2026-05-05,2026-05-05,"VD | Broad | Awareness",active,,,,196,Daily,0,0,0,0,0,Ongoing,"7-day click or 1-day view",,,,,,,0,,,,,
2026-05-05,2026-05-05,"VD | Retargeting | DPA Broad Remarket",inactive,,,,44,Daily,0,0,0,0,0,Ongoing,"7-day click",,,,,,,0,,,,,
2026-05-05,2026-05-05,"VD | Retargeting | DPA",active,1,actions:offsite_conversion.fb_pixel_purchase,94.71,370,Daily,94.71,348,53,6.566038,272.155172,Ongoing,"7-day click",8.802661,1,833.7,action_values:offsite_conversion.fb_pixel_purchase,4,1.149425,23.6775,5,4,1,1,
2026-05-05,2026-05-05,"VD | Retargeting | DPA Campaign | Sales",inactive,,,,145,Daily,0,0,0,0,0,Ongoing,"7-day click",,,,,,,0,,,,,
2026-05-05,2026-05-05,"VD | Broad | Prospecting | Sales",active,4,actions:offsite_conversion.fb_pixel_purchase,156.3975,370,Daily,625.59,15911,10312,1.54296,39.318082,Ongoing,"7-day click",2.49753,4,1562.43,action_values:offsite_conversion.fb_pixel_purchase,210,1.319842,2.387748,611,178,7,9,176
2026-05-05,2026-05-05,"Warehouse Clearance | Prospecting | Sales | Advantage+",inactive,,,,"Using ad set budget",0,0,0,0,0,0,2026-03-29,"7-day click",,,,,,,0,,,,,
2026-05-05,2026-05-05,"WinterSale | Prospecting | Sales | Advantage+",inactive,,,,"Using ad set budget",0,0,0,0,0,0,Ongoing,"7-day click",,,,,,,0,,,,,
2026-05-05,2026-05-05,"Ongoing | Sales | ProTex1 | Advantage+ | SH",active,1,actions:offsite_conversion.fb_pixel_purchase,78.39,327,Daily,78.39,2391,1575,1.518095,32.785445,Ongoing,"7-day click or 1-day view",3.407195,1,267.09,action_values:offsite_conversion.fb_pixel_purchase,26,1.087411,2.903333,27,22,15,3,
2026-05-05,2026-05-05,"Ongoing | Sales | Hi-Vis Only | Advantage+ | SH",active,,,,300,Daily,53.4,1577,1053,1.497626,33.861763,Ongoing,"7-day click or 1-day view",,,,,26,1.6487,1.977778,26,18,1,,
2026-05-05,2026-05-05,"Customised Workwear | Awareness | Advantage+ | SH Campaign – Copy",inactive,,,,100,Daily,0,0,0,0,0,Ongoing,"7-day click or 1-day view",,,,,,,0,,,,,
2026-05-05,2026-05-05,"Key Categories | Sales | Advantage+ | SH Campaign",inactive,,,,"Using ad set budget",0,0,0,0,0,0,Ongoing,"7-day click, 1-day view, or 1-day engaged-view",,,,,,,0,,,,,
2026-05-05,2026-05-05,"Customised Workwear | Sales | Advantage+ | SH Campaign",inactive,,,,"Using ad set budget",0,0,0,0,0,0,Ongoing,"7-day click, 1-day view, or 1-day engaged-view",,,,,,,0,,,,,
2026-05-05,2026-05-05,"Ongoing | Retargeting | Sales | Dynamic Abandoned Cart - 30 Days | SH",inactive,,,,6.5,Daily,8.74,261,220,1.186364,33.48659,Ongoing,"7-day click",,,,,9,3.448276,0.971111,9,8,,,
2026-05-05,2026-05-05,"AS 7/1 25 - Purchase - Flexible ad Campaign",inactive,,,,"Using ad set budget",0,0,0,0,0,0,Ongoing,"7-day click, 1-day view, or 1-day engaged-view",,,,,,,0,,,,,
2026-05-05,2026-05-05,"5/6 Michelle Job add - KAM Jylland",inactive,,,,"Using ad set budget",0,0,0,0,0,0,Ongoing,"7-day click or 1-day view",,,,,,,0,,,,,
2026-05-05,2026-05-05,"4/1 2024 - RM - UK Campaign",inactive,,,,100,Daily,0,0,0,0,0,Ongoing,"7-day click",,,,,,,0,,,,,
2026-05-05,2026-05-05,"Ongoing | Prospecting | Sales | Broad | Advantage+ | SH Campaign",inactive,,,,"Using ad set budget",0,121.21,4884,3473,1.406277,24.817772,Ongoing,"7-day click or 1-day view",,,,,141,2.886978,0.752857,144,123,5,1,
2026-05-05,2026-05-05,"4/12 2023 - Safety Shoe Sale  Campaign",inactive,,,,"Using ad set budget",0,0,0,0,0,0,Ongoing,"7-day click or 1-day view",,,,,,,0,,,,,
2026-05-05,2026-05-05,"11/10 2023 - Advantage+ shopping campaign Campaign",inactive,,,,"Using ad set budget",0,0,0,0,0,0,Ongoing,"7-day click or 1-day view",,,,,,,0,,,,,
2026-05-05,2026-05-05,"19/7 2023 - MPA RM campaign",inactive,,,,"Using ad set budget",0,0,0,0,0,0,Ongoing,"7-day click or 1-day view",,,,,,,0,,,,,
2026-05-05,2026-05-05,"11/7 2023 - Sales campaign Women - UK MPA",inactive,,,,"Using ad set budget",0,0,0,0,0,0,Ongoing,"7-day click or 1-day view",,,,,,,0,,,,,
2026-05-05,2026-05-05,"23/6 2023 - Sales campaign - UK MPA",inactive,,,,"Using ad set budget",0,0,0,0,0,0,Ongoing,"7-day click or 1-day view",,,,,,,0,,,,,
2026-05-05,2026-05-05,"19/6 2023 - Sales collection video",inactive,,,,"Using ad set budget",0,0,0,0,0,0,Ongoing,"7-day click or 1-day view",,,,,,,0,,,,,
2026-05-05,2026-05-05,"12/5 2023 - Sales campaign - UK MPA",inactive,,,,"Using ad set budget",0,0,0,0,0,0,Ongoing,"7-day click or 1-day view",,,,,,,0,,,,,
2026-05-05,2026-05-05,"8/5 Veltuff - Broad - custom - UK sales",inactive,,,,"Using ad set budget",0,0,0,0,0,0,Ongoing,"7-day click or 1-day view",,,,,,,0,,,,,
2026-05-05,2026-05-05,"3/5 Veltuff - Prospecting Campaign - Sales",inactive,,,,"Using ad set budget",0,0,0,0,0,0,Ongoing,"7-day click or 1-day view",,,,,,,0,,,,,
2026-05-05,2026-05-05,"11/4 Veltuff - Broad - custom - UK sales",inactive,,,,"Using ad set budget",0,0,0,0,0,0,Ongoing,"7-day click or 1-day view",,,,,,,0,,,,,
2026-05-05,2026-05-05,"28/3 Veltuff - Broad - custom - UK RM",inactive,,,,"Using ad set budget",0,0,0,0,0,0,Ongoing,"7-day click or 1-day view",,,,,,,0,,,,,
2026-05-05,2026-05-05,"23/3 Veltuff - Broad - custom - UK sales",inactive,,,,"Using ad set budget",0,0,0,0,0,0,Ongoing,"7-day click or 1-day view",,,,,,,0,,,,,
2026-05-05,2026-05-05,"17/3 Veltuff - Broad - custom - UK sales",inactive,,,,"Using ad set budget",0,0,0,0,0,0,Ongoing,"7-day click or 1-day view",,,,,,,0,,,,,
2026-05-05,2026-05-05,"AS - Prospecting Campaign JAN2023 - SALE - Copy",inactive,,,,"Using ad set budget",0,0,0,0,0,0,Ongoing,"7-day click or 1-day view",,,,,,,0,,,,,
2026-05-05,2026-05-05,"AS - Prospecting Campaign Dec2022",inactive,,,,"Using ad set budget",0,0,0,0,0,0,Ongoing,"7-day click or 1-day view",,,,,,,0,,,,,
2026-05-05,2026-05-05,"AS - RMKT - DEC 2022",inactive,,,,50,Daily,0,0,0,0,0,Ongoing,"7-day click or 1-day view",,,,,,,0,,,,,
2026-05-05,2026-05-05,"Website Retargeting - 2022",inactive,,,,"Using ad set budget",0,0,0,0,0,0,Ongoing,"1-day click",,,,,,,0,,,,,
2026-05-04,2026-05-04,"VD | Broad | Awareness",active,,,,196,Daily,0,0,0,0,0,Ongoing,"7-day click or 1-day view",,,,,,,0,,,,,
2026-05-04,2026-05-04,"VD | Retargeting | DPA Broad Remarket",inactive,,,,44,Daily,0,0,0,0,0,Ongoing,"7-day click",,,,,,,0,,,,,
2026-05-04,2026-05-04,"VD | Retargeting | DPA",active,1,actions:offsite_conversion.fb_pixel_purchase,76.69,370,Daily,76.69,264,38,6.947368,290.492424,Ongoing,"7-day click",3.605555,1,276.51,action_values:offsite_conversion.fb_pixel_purchase,1,0.378788,76.69,8,,1,1,1
2026-05-04,2026-05-04,"VD | Retargeting | DPA Campaign | Sales",inactive,,,,145,Daily,0,0,0,0,0,Ongoing,"7-day click",,,,,,,0,,,,,
2026-05-04,2026-05-04,"VD | Broad | Prospecting | Sales",active,2,actions:offsite_conversion.fb_pixel_purchase,348.905,370,Daily,697.81,17363,11363,1.52803,40.189483,Ongoing,"7-day click",0.928319,2,647.79,action_values:offsite_conversion.fb_pixel_purchase,213,1.226747,2.510108,660,204,14,8,190
2026-05-04,2026-05-04,"Warehouse Clearance | Prospecting | Sales | Advantage+",inactive,,,,"Using ad set budget",0,0,0,0,0,0,2026-03-29,"7-day click",,,,,,,0,,,,,
2026-05-04,2026-05-04,"WinterSale | Prospecting | Sales | Advantage+",inactive,,,,"Using ad set budget",0,0,0,0,0,0,Ongoing,"7-day click",,,,,,,0,,,,,
2026-05-04,2026-05-04,"Ongoing | Sales | ProTex1 | Advantage+ | SH",active,3,actions:offsite_conversion.fb_pixel_purchase,24.17,327,Daily,72.51,2460,1626,1.512915,29.47561,Ongoing,"7-day click or 1-day view",32.440905,3,2352.29,action_values:offsite_conversion.fb_pixel_purchase,32,1.300813,1.726429,33,26,10,6,
2026-05-04,2026-05-04,"Ongoing | Sales | Hi-Vis Only | Advantage+ | SH",active,1,actions:offsite_conversion.fb_pixel_purchase,55.53,300,Daily,55.53,1549,990,1.564646,35.848935,Ongoing,"7-day click or 1-day view",4.192509,1,232.81,action_values:offsite_conversion.fb_pixel_purchase,16,1.032924,3.085,19,14,2,2,1
2026-05-04,2026-05-04,"Customised Workwear | Awareness | Advantage+ | SH Campaign – Copy",inactive,,,,100,Daily,0,0,0,0,0,Ongoing,"7-day click or 1-day view",,,,,,,0,,,,,
2026-05-04,2026-05-04,"Key Categories | Sales | Advantage+ | SH Campaign",inactive,,,,"Using ad set budget",0,0,0,0,0,0,Ongoing,"7-day click, 1-day view, or 1-day engaged-view",,,,,,,0,,,,,
2026-05-04,2026-05-04,"Customised Workwear | Sales | Advantage+ | SH Campaign",inactive,,,,"Using ad set budget",0,0,0,0,0,0,Ongoing,"7-day click, 1-day view, or 1-day engaged-view",,,,,,,0,,,,,
2026-05-04,2026-05-04,"Ongoing | Retargeting | Sales | Dynamic Abandoned Cart - 30 Days | SH",inactive,,,,6.5,Daily,11.8,305,247,1.234818,38.688525,Ongoing,"7-day click",,,,,4,1.311475,2.36,4,4,,,
2026-05-04,2026-05-04,"AS 7/1 25 - Purchase - Flexible ad Campaign",inactive,,,,"Using ad set budget",0,0,0,0,0,0,Ongoing,"7-day click, 1-day view, or 1-day engaged-view",,,,,,,0,,,,,
2026-05-04,2026-05-04,"5/6 Michelle Job add - KAM Jylland",inactive,,,,"Using ad set budget",0,0,0,0,0,0,Ongoing,"7-day click or 1-day view",,,,,,,0,,,,,
2026-05-04,2026-05-04,"4/1 2024 - RM - UK Campaign",inactive,,,,100,Daily,0,0,0,0,0,Ongoing,"7-day click",,,,,,,0,,,,,
2026-05-04,2026-05-04,"Ongoing | Prospecting | Sales | Broad | Advantage+ | SH Campaign",inactive,4,actions:offsite_conversion.fb_pixel_purchase,32.1875,"Using ad set budget",0,128.75,4690,3442,1.36258,27.452026,Ongoing,"7-day click or 1-day view",7.905709,4,1017.86,action_values:offsite_conversion.fb_pixel_purchase,122,2.601279,0.960821,128,123,12,7,
2026-05-04,2026-05-04,"4/12 2023 - Safety Shoe Sale  Campaign",inactive,,,,"Using ad set budget",0,0,0,0,0,0,Ongoing,"7-day click or 1-day view",,,,,,,0,,,,,
2026-05-04,2026-05-04,"11/10 2023 - Advantage+ shopping campaign Campaign",inactive,,,,"Using ad set budget",0,0,0,0,0,0,Ongoing,"7-day click or 1-day view",,,,,,,0,,,,,
2026-05-04,2026-05-04,"19/7 2023 - MPA RM campaign",inactive,,,,"Using ad set budget",0,0,0,0,0,0,Ongoing,"7-day click or 1-day view",,,,,,,0,,,,,
2026-05-04,2026-05-04,"11/7 2023 - Sales campaign Women - UK MPA",inactive,,,,"Using ad set budget",0,0,0,0,0,0,Ongoing,"7-day click or 1-day view",,,,,,,0,,,,,
2026-05-04,2026-05-04,"23/6 2023 - Sales campaign - UK MPA",inactive,,,,"Using ad set budget",0,0,0,0,0,0,Ongoing,"7-day click or 1-day view",,,,,,,0,,,,,
2026-05-04,2026-05-04,"19/6 2023 - Sales collection video",inactive,,,,"Using ad set budget",0,0,0,0,0,0,Ongoing,"7-day click or 1-day view",,,,,,,0,,,,,
2026-05-04,2026-05-04,"12/5 2023 - Sales campaign - UK MPA",inactive,,,,"Using ad set budget",0,0,0,0,0,0,Ongoing,"7-day click or 1-day view",,,,,,,0,,,,,
2026-05-04,2026-05-04,"8/5 Veltuff - Broad - custom - UK sales",inactive,,,,"Using ad set budget",0,0,0,0,0,0,Ongoing,"7-day click or 1-day view",,,,,,,0,,,,,
2026-05-04,2026-05-04,"3/5 Veltuff - Prospecting Campaign - Sales",inactive,,,,"Using ad set budget",0,0,0,0,0,0,Ongoing,"7-day click or 1-day view",,,,,,,0,,,,,
2026-05-04,2026-05-04,"11/4 Veltuff - Broad - custom - UK sales",inactive,,,,"Using ad set budget",0,0,0,0,0,0,Ongoing,"7-day click or 1-day view",,,,,,,0,,,,,
2026-05-04,2026-05-04,"28/3 Veltuff - Broad - custom - UK RM",inactive,,,,"Using ad set budget",0,0,0,0,0,0,Ongoing,"7-day click or 1-day view",,,,,,,0,,,,,
2026-05-04,2026-05-04,"23/3 Veltuff - Broad - custom - UK sales",inactive,,,,"Using ad set budget",0,0,0,0,0,0,Ongoing,"7-day click or 1-day view",,,,,,,0,,,,,
2026-05-04,2026-05-04,"17/3 Veltuff - Broad - custom - UK sales",inactive,,,,"Using ad set budget",0,0,0,0,0,0,Ongoing,"7-day click or 1-day view",,,,,,,0,,,,,
2026-05-04,2026-05-04,"AS - Prospecting Campaign JAN2023 - SALE - Copy",inactive,,,,"Using ad set budget",0,0,0,0,0,0,Ongoing,"7-day click or 1-day view",,,,,,,0,,,,,
2026-05-04,2026-05-04,"AS - Prospecting Campaign Dec2022",inactive,,,,"Using ad set budget",0,0,0,0,0,0,Ongoing,"7-day click or 1-day view",,,,,,,0,,,,,
2026-05-04,2026-05-04,"AS - RMKT - DEC 2022",inactive,,,,50,Daily,0,0,0,0,0,Ongoing,"7-day click or 1-day view",,,,,,,0,,,,,
2026-05-04,2026-05-04,"Website Retargeting - 2022",inactive,,,,"Using ad set budget",0,0,0,0,0,0,Ongoing,"1-day click",,,,,,,0,,,,,
2026-05-03,2026-05-03,"VD | Broad | Awareness",active,,,,196,Daily,0,0,0,0,0,Ongoing,"7-day click or 1-day view",,,,,,,0,,,,,
2026-05-03,2026-05-03,"VD | Retargeting | DPA Broad Remarket",inactive,,,,44,Daily,0,0,0,0,0,Ongoing,"7-day click",,,,,,,0,,,,,
2026-05-03,2026-05-03,"VD | Retargeting | DPA",active,,,,370,Daily,54.79,117,19,6.157895,468.290598,Ongoing,"7-day click",,,,,2,1.709402,18.263333,3,3,,,
2026-05-03,2026-05-03,"VD | Retargeting | DPA Campaign | Sales",inactive,,,,145,Daily,0,0,0,0,0,Ongoing,"7-day click",,,,,,,0,,,,,
2026-05-03,2026-05-03,"VD | Broad | Prospecting | Sales",active,2,actions:offsite_conversion.fb_pixel_purchase,367.355,370,Daily,734.71,16980,11272,1.506388,43.26914,Ongoing,"7-day click",1.35252,2,993.71,action_values:offsite_conversion.fb_pixel_purchase,220,1.295642,2.605355,378,188,5,3,76
2026-05-03,2026-05-03,"Warehouse Clearance | Prospecting | Sales | Advantage+",inactive,,,,"Using ad set budget",0,0,0,0,0,0,2026-03-29,"7-day click",,,,,,,0,,,,,
2026-05-03,2026-05-03,"WinterSale | Prospecting | Sales | Advantage+",inactive,,,,"Using ad set budget",0,0,0,0,0,0,Ongoing,"7-day click",,,,,,,0,,,,,
2026-05-03,2026-05-03,"Ongoing | Sales | ProTex1 | Advantage+ | SH",active,2,actions:offsite_conversion.fb_pixel_purchase,41.675,327,Daily,83.35,2362,1503,1.571524,35.287892,Ongoing,"7-day click or 1-day view",8.389682,2,699.28,action_values:offsite_conversion.fb_pixel_purchase,37,1.566469,1.984524,39,29,10,5,
2026-05-03,2026-05-03,"Ongoing | Sales | Hi-Vis Only | Advantage+ | SH",active,3,actions:offsite_conversion.fb_pixel_purchase,19.74,300,Daily,59.22,1669,1115,1.496861,35.482325,Ongoing,"7-day click or 1-day view",62.870145,3,3723.17,action_values:offsite_conversion.fb_pixel_purchase,29,1.737567,1.645,32,29,6,2,
2026-05-03,2026-05-03,"Customised Workwear | Awareness | Advantage+ | SH Campaign – Copy",inactive,,,,100,Daily,0,0,0,0,0,Ongoing,"7-day click or 1-day view",,,,,,,0,,,,,
2026-05-03,2026-05-03,"Key Categories | Sales | Advantage+ | SH Campaign",inactive,,,,"Using ad set budget",0,0,0,0,0,0,Ongoing,"7-day click, 1-day view, or 1-day engaged-view",,,,,,,0,,,,,
2026-05-03,2026-05-03,"Customised Workwear | Sales | Advantage+ | SH Campaign",inactive,,,,"Using ad set budget",0,0,0,0,0,0,Ongoing,"7-day click, 1-day view, or 1-day engaged-view",,,,,,,0,,,,,
2026-05-03,2026-05-03,"Ongoing | Retargeting | Sales | Dynamic Abandoned Cart - 30 Days | SH",inactive,1,actions:offsite_conversion.fb_pixel_purchase,12.49,6.5,Daily,12.49,269,227,1.185022,46.431227,Ongoing,"7-day click",22.790232,1,284.65,action_values:offsite_conversion.fb_pixel_purchase,12,4.460967,1.040833,12,12,2,1,
2026-05-03,2026-05-03,"AS 7/1 25 - Purchase - Flexible ad Campaign",inactive,,,,"Using ad set budget",0,0,0,0,0,0,Ongoing,"7-day click, 1-day view, or 1-day engaged-view",,,,,,,0,,,,,
2026-05-03,2026-05-03,"5/6 Michelle Job add - KAM Jylland",inactive,,,,"Using ad set budget",0,0,0,0,0,0,Ongoing,"7-day click or 1-day view",,,,,,,0,,,,,
2026-05-03,2026-05-03,"4/1 2024 - RM - UK Campaign",inactive,,,,100,Daily,0,0,0,0,0,Ongoing,"7-day click",,,,,,,0,,,,,
2026-05-03,2026-05-03,"Ongoing | Prospecting | Sales | Broad | Advantage+ | SH Campaign",inactive,6,actions:offsite_conversion.fb_pixel_purchase,23.425,"Using ad set budget",0,140.55,4082,2746,1.486526,34.431651,Ongoing,"7-day click or 1-day view",14.986197,6,2106.31,action_values:offsite_conversion.fb_pixel_purchase,131,3.209211,0.962671,133,123,19,10,
2026-05-03,2026-05-03,"4/12 2023 - Safety Shoe Sale  Campaign",inactive,,,,"Using ad set budget",0,0,0,0,0,0,Ongoing,"7-day click or 1-day view",,,,,,,0,,,,,
2026-05-03,2026-05-03,"11/10 2023 - Advantage+ shopping campaign Campaign",inactive,,,,"Using ad set budget",0,0,0,0,0,0,Ongoing,"7-day click or 1-day view",,,,,,,0,,,,,
2026-05-03,2026-05-03,"19/7 2023 - MPA RM campaign",inactive,,,,"Using ad set budget",0,0,0,0,0,0,Ongoing,"7-day click or 1-day view",,,,,,,0,,,,,
2026-05-03,2026-05-03,"11/7 2023 - Sales campaign Women - UK MPA",inactive,,,,"Using ad set budget",0,0,0,0,0,0,Ongoing,"7-day click or 1-day view",,,,,,,0,,,,,
2026-05-03,2026-05-03,"23/6 2023 - Sales campaign - UK MPA",inactive,,,,"Using ad set budget",0,0,0,0,0,0,Ongoing,"7-day click or 1-day view",,,,,,,0,,,,,
2026-05-03,2026-05-03,"19/6 2023 - Sales collection video",inactive,,,,"Using ad set budget",0,0,0,0,0,0,Ongoing,"7-day click or 1-day view",,,,,,,0,,,,,
2026-05-03,2026-05-03,"12/5 2023 - Sales campaign - UK MPA",inactive,,,,"Using ad set budget",0,0,0,0,0,0,Ongoing,"7-day click or 1-day view",,,,,,,0,,,,,
2026-05-03,2026-05-03,"8/5 Veltuff - Broad - custom - UK sales",inactive,,,,"Using ad set budget",0,0,0,0,0,0,Ongoing,"7-day click or 1-day view",,,,,,,0,,,,,
2026-05-03,2026-05-03,"3/5 Veltuff - Prospecting Campaign - Sales",inactive,,,,"Using ad set budget",0,0,0,0,0,0,Ongoing,"7-day click or 1-day view",,,,,,,0,,,,,
2026-05-03,2026-05-03,"11/4 Veltuff - Broad - custom - UK sales",inactive,,,,"Using ad set budget",0,0,0,0,0,0,Ongoing,"7-day click or 1-day view",,,,,,,0,,,,,
2026-05-03,2026-05-03,"28/3 Veltuff - Broad - custom - UK RM",inactive,,,,"Using ad set budget",0,0,0,0,0,0,Ongoing,"7-day click or 1-day view",,,,,,,0,,,,,
2026-05-03,2026-05-03,"23/3 Veltuff - Broad - custom - UK sales",inactive,,,,"Using ad set budget",0,0,0,0,0,0,Ongoing,"7-day click or 1-day view",,,,,,,0,,,,,
2026-05-03,2026-05-03,"17/3 Veltuff - Broad - custom - UK sales",inactive,,,,"Using ad set budget",0,0,0,0,0,0,Ongoing,"7-day click or 1-day view",,,,,,,0,,,,,
2026-05-03,2026-05-03,"AS - Prospecting Campaign JAN2023 - SALE - Copy",inactive,,,,"Using ad set budget",0,0,0,0,0,0,Ongoing,"7-day click or 1-day view",,,,,,,0,,,,,
2026-05-03,2026-05-03,"AS - Prospecting Campaign Dec2022",inactive,,,,"Using ad set budget",0,0,0,0,0,0,Ongoing,"7-day click or 1-day view",,,,,,,0,,,,,
2026-05-03,2026-05-03,"AS - RMKT - DEC 2022",inactive,,,,50,Daily,0,0,0,0,0,Ongoing,"7-day click or 1-day view",,,,,,,0,,,,,
2026-05-03,2026-05-03,"Website Retargeting - 2022",inactive,,,,"Using ad set budget",0,0,0,0,0,0,Ongoing,"1-day click",,,,,,,0,,,,,
2026-05-02,2026-05-02,"VD | Broad | Awareness",active,,,,196,Daily,0,0,0,0,0,Ongoing,"7-day click or 1-day view",,,,,,,0,,,,,
2026-05-02,2026-05-02,"VD | Retargeting | DPA Broad Remarket",inactive,,,,44,Daily,0,0,0,0,0,Ongoing,"7-day click",,,,,,,0,,,,,
2026-05-02,2026-05-02,"VD | Retargeting | DPA",active,,,,370,Daily,8.68,32,9,3.555556,271.25,Ongoing,"7-day click",,,,,5,15.625,1.736,6,4,6,2,
2026-05-02,2026-05-02,"VD | Retargeting | DPA Campaign | Sales",inactive,,,,145,Daily,0,0,0,0,0,Ongoing,"7-day click",,,,,,,0,,,,,
2026-05-02,2026-05-02,"VD | Broad | Prospecting | Sales",active,3,actions:offsite_conversion.fb_pixel_purchase,161.42666667,370,Daily,484.28,11748,7265,1.617068,41.222336,Ongoing,"7-day click",2.494425,3,1208,action_values:offsite_conversion.fb_pixel_purchase,130,1.106571,2.815581,286,120,8,8,60
2026-05-02,2026-05-02,"Warehouse Clearance | Prospecting | Sales | Advantage+",inactive,,,,"Using ad set budget",0,0,0,0,0,0,2026-03-29,"7-day click",,,,,,,0,,,,,
2026-05-02,2026-05-02,"WinterSale | Prospecting | Sales | Advantage+",inactive,,,,"Using ad set budget",0,0,0,0,0,0,Ongoing,"7-day click",,,,,,,0,,,,,
2026-05-02,2026-05-02,"Ongoing | Sales | ProTex1 | Advantage+ | SH",active,,,,327,Daily,46.19,1355,931,1.455424,34.088561,Ongoing,"7-day click or 1-day view",,,,,23,1.697417,1.49,24,22,4,1,
2026-05-02,2026-05-02,"Ongoing | Sales | Hi-Vis Only | Advantage+ | SH",active,2,actions:offsite_conversion.fb_pixel_purchase,17.435,300,Daily,34.87,1029,702,1.465812,33.887269,Ongoing,"7-day click or 1-day view",18.328936,2,639.13,action_values:offsite_conversion.fb_pixel_purchase,17,1.652089,1.7435,17,13,2,2,
2026-05-02,2026-05-02,"Customised Workwear | Awareness | Advantage+ | SH Campaign – Copy",inactive,,,,100,Daily,0,0,0,0,0,Ongoing,"7-day click or 1-day view",,,,,,,0,,,,,
2026-05-02,2026-05-02,"Key Categories | Sales | Advantage+ | SH Campaign",inactive,,,,"Using ad set budget",0,0,0,0,0,0,Ongoing,"7-day click, 1-day view, or 1-day engaged-view",,,,,,,0,,,,,
2026-05-02,2026-05-02,"Customised Workwear | Sales | Advantage+ | SH Campaign",inactive,,,,"Using ad set budget",0,0,0,0,0,0,Ongoing,"7-day click, 1-day view, or 1-day engaged-view",,,,,,,0,,,,,
2026-05-02,2026-05-02,"Ongoing | Retargeting | Sales | Dynamic Abandoned Cart - 30 Days | SH",inactive,,,,6.5,Daily,5.74,149,134,1.11194,38.52349,Ongoing,"7-day click",,,,,5,3.355705,1.148,5,5,,,
2026-05-02,2026-05-02,"AS 7/1 25 - Purchase - Flexible ad Campaign",inactive,,,,"Using ad set budget",0,0,0,0,0,0,Ongoing,"7-day click, 1-day view, or 1-day engaged-view",,,,,,,0,,,,,
2026-05-02,2026-05-02,"5/6 Michelle Job add - KAM Jylland",inactive,,,,"Using ad set budget",0,0,0,0,0,0,Ongoing,"7-day click or 1-day view",,,,,,,0,,,,,
2026-05-02,2026-05-02,"4/1 2024 - RM - UK Campaign",inactive,,,,100,Daily,0,0,0,0,0,Ongoing,"7-day click",,,,,,,0,,,,,
2026-05-02,2026-05-02,"Ongoing | Prospecting | Sales | Broad | Advantage+ | SH Campaign",inactive,2,actions:offsite_conversion.fb_pixel_purchase,52.91,"Using ad set budget",0,105.82,3245,2246,1.444791,32.610169,Ongoing,"7-day click or 1-day view",8.243905,2,872.37,action_values:offsite_conversion.fb_pixel_purchase,103,3.174114,0.84656,107,97,14,7,
2026-05-02,2026-05-02,"4/12 2023 - Safety Shoe Sale  Campaign",inactive,,,,"Using ad set budget",0,0,0,0,0,0,Ongoing,"7-day click or 1-day view",,,,,,,0,,,,,
2026-05-02,2026-05-02,"11/10 2023 - Advantage+ shopping campaign Campaign",inactive,,,,"Using ad set budget",0,0,0,0,0,0,Ongoing,"7-day click or 1-day view",,,,,,,0,,,,,
2026-05-02,2026-05-02,"19/7 2023 - MPA RM campaign",inactive,,,,"Using ad set budget",0,0,0,0,0,0,Ongoing,"7-day click or 1-day view",,,,,,,0,,,,,
2026-05-02,2026-05-02,"11/7 2023 - Sales campaign Women - UK MPA",inactive,,,,"Using ad set budget",0,0,0,0,0,0,Ongoing,"7-day click or 1-day view",,,,,,,0,,,,,
2026-05-02,2026-05-02,"23/6 2023 - Sales campaign - UK MPA",inactive,,,,"Using ad set budget",0,0,0,0,0,0,Ongoing,"7-day click or 1-day view",,,,,,,0,,,,,
2026-05-02,2026-05-02,"19/6 2023 - Sales collection video",inactive,,,,"Using ad set budget",0,0,0,0,0,0,Ongoing,"7-day click or 1-day view",,,,,,,0,,,,,
2026-05-02,2026-05-02,"12/5 2023 - Sales campaign - UK MPA",inactive,,,,"Using ad set budget",0,0,0,0,0,0,Ongoing,"7-day click or 1-day view",,,,,,,0,,,,,
2026-05-02,2026-05-02,"8/5 Veltuff - Broad - custom - UK sales",inactive,,,,"Using ad set budget",0,0,0,0,0,0,Ongoing,"7-day click or 1-day view",,,,,,,0,,,,,
2026-05-02,2026-05-02,"3/5 Veltuff - Prospecting Campaign - Sales",inactive,,,,"Using ad set budget",0,0,0,0,0,0,Ongoing,"7-day click or 1-day view",,,,,,,0,,,,,
2026-05-02,2026-05-02,"11/4 Veltuff - Broad - custom - UK sales",inactive,,,,"Using ad set budget",0,0,0,0,0,0,Ongoing,"7-day click or 1-day view",,,,,,,0,,,,,
2026-05-02,2026-05-02,"28/3 Veltuff - Broad - custom - UK RM",inactive,,,,"Using ad set budget",0,0,0,0,0,0,Ongoing,"7-day click or 1-day view",,,,,,,0,,,,,
2026-05-02,2026-05-02,"23/3 Veltuff - Broad - custom - UK sales",inactive,,,,"Using ad set budget",0,0,0,0,0,0,Ongoing,"7-day click or 1-day view",,,,,,,0,,,,,
2026-05-02,2026-05-02,"17/3 Veltuff - Broad - custom - UK sales",inactive,,,,"Using ad set budget",0,0,0,0,0,0,Ongoing,"7-day click or 1-day view",,,,,,,0,,,,,
2026-05-02,2026-05-02,"AS - Prospecting Campaign JAN2023 - SALE - Copy",inactive,,,,"Using ad set budget",0,0,0,0,0,0,Ongoing,"7-day click or 1-day view",,,,,,,0,,,,,
2026-05-02,2026-05-02,"AS - Prospecting Campaign Dec2022",inactive,,,,"Using ad set budget",0,0,0,0,0,0,Ongoing,"7-day click or 1-day view",,,,,,,0,,,,,
2026-05-02,2026-05-02,"AS - RMKT - DEC 2022",inactive,,,,50,Daily,0,0,0,0,0,Ongoing,"7-day click or 1-day view",,,,,,,0,,,,,
2026-05-02,2026-05-02,"Website Retargeting - 2022",inactive,,,,"Using ad set budget",0,0,0,0,0,0,Ongoing,"1-day click",,,,,,,0,,,,,
2026-05-01,2026-05-01,"VD | Broad | Awareness",active,,,,196,Daily,0,0,0,0,0,Ongoing,"7-day click or 1-day view",,,,,,,0,,,,,
2026-05-01,2026-05-01,"VD | Retargeting | DPA Broad Remarket",inactive,,,,44,Daily,0,0,0,0,0,Ongoing,"7-day click",,,,,,,0,,,,,
2026-05-01,2026-05-01,"VD | Retargeting | DPA",active,,,,370,Daily,49.84,478,204,2.343137,104.267782,Ongoing,"7-day click",,,,,2,0.41841,12.46,3,1,1,1,
2026-05-01,2026-05-01,"VD | Retargeting | DPA Campaign | Sales",inactive,,,,145,Daily,0,0,0,0,0,Ongoing,"7-day click",,,,,,,0,,,,,
2026-05-01,2026-05-01,"VD | Broad | Prospecting | Sales",active,1,actions:offsite_conversion.fb_pixel_purchase,625.41,370,Daily,625.41,12473,7847,1.589525,50.141105,Ongoing,"7-day click",0.926896,1,579.69,action_values:offsite_conversion.fb_pixel_purchase,151,1.210615,2.950047,478,133,9,4,148
2026-05-01,2026-05-01,"Warehouse Clearance | Prospecting | Sales | Advantage+",inactive,,,,"Using ad set budget",0,0,0,0,0,0,2026-03-29,"7-day click",,,,,,,0,,,,,
2026-05-01,2026-05-01,"WinterSale | Prospecting | Sales | Advantage+",inactive,,,,"Using ad set budget",0,0,0,0,0,0,Ongoing,"7-day click",,,,,,,0,,,,,
2026-05-01,2026-05-01,"Ongoing | Sales | ProTex1 | Advantage+ | SH",active,2,actions:offsite_conversion.fb_pixel_purchase,32.78,327,Daily,65.56,1785,1112,1.605216,36.728291,Ongoing,"7-day click or 1-day view",9.265101,2,607.42,action_values:offsite_conversion.fb_pixel_purchase,26,1.456583,2.185333,28,22,5,2,
2026-05-01,2026-05-01,"Ongoing | Sales | Hi-Vis Only | Advantage+ | SH",active,4,actions:offsite_conversion.fb_pixel_purchase,11.7375,300,Daily,46.95,1267,819,1.547009,37.056038,Ongoing,"7-day click or 1-day view",67.589137,4,3173.31,action_values:offsite_conversion.fb_pixel_purchase,23,1.815312,1.878,24,23,13,4,
2026-05-01,2026-05-01,"Customised Workwear | Awareness | Advantage+ | SH Campaign – Copy",inactive,,,,100,Daily,0,0,0,0,0,Ongoing,"7-day click or 1-day view",,,,,,,0,,,,,
2026-05-01,2026-05-01,"Key Categories | Sales | Advantage+ | SH Campaign",inactive,,,,"Using ad set budget",0,0,0,0,0,0,Ongoing,"7-day click, 1-day view, or 1-day engaged-view",,,,,,,0,,,,,
2026-05-01,2026-05-01,"Customised Workwear | Sales | Advantage+ | SH Campaign",inactive,,,,"Using ad set budget",0,0,0,0,0,0,Ongoing,"7-day click, 1-day view, or 1-day engaged-view",,,,,,,0,,,,,
2026-05-01,2026-05-01,"Ongoing | Retargeting | Sales | Dynamic Abandoned Cart - 30 Days | SH",inactive,,,,6.5,Daily,10.02,219,178,1.230337,45.753425,Ongoing,"7-day click",,,,,6,2.739726,1.431429,7,6,,,
2026-05-01,2026-05-01,"AS 7/1 25 - Purchase - Flexible ad Campaign",inactive,,,,"Using ad set budget",0,0,0,0,0,0,Ongoing,"7-day click, 1-day view, or 1-day engaged-view",,,,,,,0,,,,,
2026-05-01,2026-05-01,"5/6 Michelle Job add - KAM Jylland",inactive,,,,"Using ad set budget",0,0,0,0,0,0,Ongoing,"7-day click or 1-day view",,,,,,,0,,,,,
2026-05-01,2026-05-01,"4/1 2024 - RM - UK Campaign",inactive,,,,100,Daily,0,0,0,0,0,Ongoing,"7-day click",,,,,,,0,,,,,
2026-05-01,2026-05-01,"Ongoing | Prospecting | Sales | Broad | Advantage+ | SH Campaign",inactive,5,actions:offsite_conversion.fb_pixel_purchase,25.108,"Using ad set budget",0,125.54,3738,2499,1.495798,33.584805,Ongoing,"7-day click or 1-day view",18.910706,5,2374.05,action_values:offsite_conversion.fb_pixel_purchase,94,2.514714,1.091652,95,82,27,7,
2026-05-01,2026-05-01,"4/12 2023 - Safety Shoe Sale  Campaign",inactive,,,,"Using ad set budget",0,0,0,0,0,0,Ongoing,"7-day click or 1-day view",,,,,,,0,,,,,
2026-05-01,2026-05-01,"11/10 2023 - Advantage+ shopping campaign Campaign",inactive,,,,"Using ad set budget",0,0,0,0,0,0,Ongoing,"7-day click or 1-day view",,,,,,,0,,,,,
2026-05-01,2026-05-01,"19/7 2023 - MPA RM campaign",inactive,,,,"Using ad set budget",0,0,0,0,0,0,Ongoing,"7-day click or 1-day view",,,,,,,0,,,,,
2026-05-01,2026-05-01,"11/7 2023 - Sales campaign Women - UK MPA",inactive,,,,"Using ad set budget",0,0,0,0,0,0,Ongoing,"7-day click or 1-day view",,,,,,,0,,,,,
2026-05-01,2026-05-01,"23/6 2023 - Sales campaign - UK MPA",inactive,,,,"Using ad set budget",0,0,0,0,0,0,Ongoing,"7-day click or 1-day view",,,,,,,0,,,,,
2026-05-01,2026-05-01,"19/6 2023 - Sales collection video",inactive,,,,"Using ad set budget",0,0,0,0,0,0,Ongoing,"7-day click or 1-day view",,,,,,,0,,,,,
2026-05-01,2026-05-01,"12/5 2023 - Sales campaign - UK MPA",inactive,,,,"Using ad set budget",0,0,0,0,0,0,Ongoing,"7-day click or 1-day view",,,,,,,0,,,,,
2026-05-01,2026-05-01,"8/5 Veltuff - Broad - custom - UK sales",inactive,,,,"Using ad set budget",0,0,0,0,0,0,Ongoing,"7-day click or 1-day view",,,,,,,0,,,,,
2026-05-01,2026-05-01,"3/5 Veltuff - Prospecting Campaign - Sales",inactive,,,,"Using ad set budget",0,0,0,0,0,0,Ongoing,"7-day click or 1-day view",,,,,,,0,,,,,
2026-05-01,2026-05-01,"11/4 Veltuff - Broad - custom - UK sales",inactive,,,,"Using ad set budget",0,0,0,0,0,0,Ongoing,"7-day click or 1-day view",,,,,,,0,,,,,
2026-05-01,2026-05-01,"28/3 Veltuff - Broad - custom - UK RM",inactive,,,,"Using ad set budget",0,0,0,0,0,0,Ongoing,"7-day click or 1-day view",,,,,,,0,,,,,
2026-05-01,2026-05-01,"23/3 Veltuff - Broad - custom - UK sales",inactive,,,,"Using ad set budget",0,0,0,0,0,0,Ongoing,"7-day click or 1-day view",,,,,,,0,,,,,
2026-05-01,2026-05-01,"17/3 Veltuff - Broad - custom - UK sales",inactive,,,,"Using ad set budget",0,0,0,0,0,0,Ongoing,"7-day click or 1-day view",,,,,,,0,,,,,
2026-05-01,2026-05-01,"AS - Prospecting Campaign JAN2023 - SALE - Copy",inactive,,,,"Using ad set budget",0,0,0,0,0,0,Ongoing,"7-day click or 1-day view",,,,,,,0,,,,,
2026-05-01,2026-05-01,"AS - Prospecting Campaign Dec2022",inactive,,,,"Using ad set budget",0,0,0,0,0,0,Ongoing,"7-day click or 1-day view",,,,,,,0,,,,,
2026-05-01,2026-05-01,"AS - RMKT - DEC 2022",inactive,,,,50,Daily,0,0,0,0,0,Ongoing,"7-day click or 1-day view",,,,,,,0,,,,,
2026-05-01,2026-05-01,"Website Retargeting - 2022",inactive,,,,"Using ad set budget",0,0,0,0,0,0,Ongoing,"1-day click",,,,,,,0,,,,,
2026-04-30,2026-04-30,"VD | Broad | Awareness",active,,,,196,Daily,0,0,0,0,0,Ongoing,"7-day click or 1-day view",,,,,,,0,,,,,
2026-04-30,2026-04-30,"VD | Retargeting | DPA Broad Remarket",inactive,,,,44,Daily,0,0,0,0,0,Ongoing,"7-day click",,,,,,,0,,,,,
2026-04-30,2026-04-30,"VD | Retargeting | DPA",active,,,,370,Daily,93.3,890,270,3.296296,104.831461,Ongoing,"7-day click",,,,,8,0.898876,9.33,8,4,,,
2026-04-30,2026-04-30,"VD | Retargeting | DPA Campaign | Sales",inactive,,,,145,Daily,0,0,0,0,0,Ongoing,"7-day click",,,,,,,0,,,,,
2026-04-30,2026-04-30,"VD | Broad | Prospecting | Sales",active,2,actions:offsite_conversion.fb_pixel_purchase,352.035,370,Daily,704.07,15689,10354,1.51526,44.876665,Ongoing,"7-day click",1.12388,2,791.29,action_values:offsite_conversion.fb_pixel_purchase,163,1.038944,3.088026,725,149,22,4,266
2026-04-30,2026-04-30,"Warehouse Clearance | Prospecting | Sales | Advantage+",inactive,,,,"Using ad set budget",0,0,0,0,0,0,2026-03-29,"7-day click",,,,,,,0,,,,,
2026-04-30,2026-04-30,"WinterSale | Prospecting | Sales | Advantage+",inactive,,,,"Using ad set budget",0,0,0,0,0,0,Ongoing,"7-day click",,,,,,,0,,,,,
2026-04-30,2026-04-30,"Ongoing | Sales | ProTex1 | Advantage+ | SH",active,,,,327,Daily,112.71,2792,1808,1.544248,40.368911,Ongoing,"7-day click or 1-day view",,,,,36,1.289398,2.749024,37,32,4,2,
2026-04-30,2026-04-30,"Ongoing | Sales | Hi-Vis Only | Advantage+ | SH",active,1,actions:offsite_conversion.fb_pixel_purchase,87.33,300,Daily,87.33,2055,1337,1.537023,42.49635,Ongoing,"7-day click or 1-day view",5.130768,1,448.07,action_values:offsite_conversion.fb_pixel_purchase,45,2.189781,1.712353,47,37,6,1,
2026-04-30,2026-04-30,"Customised Workwear | Awareness | Advantage+ | SH Campaign – Copy",inactive,,,,100,Daily,0,0,0,0,0,Ongoing,"7-day click or 1-day view",,,,,,,0,,,,,
2026-04-30,2026-04-30,"Key Categories | Sales | Advantage+ | SH Campaign",inactive,,,,"Using ad set budget",0,0,0,0,0,0,Ongoing,"7-day click, 1-day view, or 1-day engaged-view",,,,,,,0,,,,,
2026-04-30,2026-04-30,"Customised Workwear | Sales | Advantage+ | SH Campaign",inactive,,,,"Using ad set budget",0,0,0,0,0,0,Ongoing,"7-day click, 1-day view, or 1-day engaged-view",,,,,,,0,,,,,
2026-04-30,2026-04-30,"Ongoing | Retargeting | Sales | Dynamic Abandoned Cart - 30 Days | SH",inactive,,,,6.5,Daily,14.94,334,281,1.188612,44.730539,Ongoing,"7-day click",,,,,13,3.892216,0.996,13,11,,,
2026-04-30,2026-04-30,"AS 7/1 25 - Purchase - Flexible ad Campaign",inactive,,,,"Using ad set budget",0,0,0,0,0,0,Ongoing,"7-day click, 1-day view, or 1-day engaged-view",,,,,,,0,,,,,
2026-04-30,2026-04-30,"5/6 Michelle Job add - KAM Jylland",inactive,,,,"Using ad set budget",0,0,0,0,0,0,Ongoing,"7-day click or 1-day view",,,,,,,0,,,,,
2026-04-30,2026-04-30,"4/1 2024 - RM - UK Campaign",inactive,,,,100,Daily,0,0,0,0,0,Ongoing,"7-day click",,,,,,,0,,,,,
2026-04-30,2026-04-30,"Ongoing | Prospecting | Sales | Broad | Advantage+ | SH Campaign",inactive,4,actions:offsite_conversion.fb_pixel_purchase,40.4075,"Using ad set budget",0,161.63,4959,3673,1.350123,32.593265,Ongoing,"7-day click or 1-day view",6.474169,4,1046.42,action_values:offsite_conversion.fb_pixel_purchase,114,2.298851,1.146312,117,100,14,3,1
2026-04-30,2026-04-30,"4/12 2023 - Safety Shoe Sale  Campaign",inactive,,,,"Using ad set budget",0,0,0,0,0,0,Ongoing,"7-day click or 1-day view",,,,,,,0,,,,,
2026-04-30,2026-04-30,"11/10 2023 - Advantage+ shopping campaign Campaign",inactive,,,,"Using ad set budget",0,0,0,0,0,0,Ongoing,"7-day click or 1-day view",,,,,,,0,,,,,
2026-04-30,2026-04-30,"19/7 2023 - MPA RM campaign",inactive,,,,"Using ad set budget",0,0,0,0,0,0,Ongoing,"7-day click or 1-day view",,,,,,,0,,,,,
2026-04-30,2026-04-30,"11/7 2023 - Sales campaign Women - UK MPA",inactive,,,,"Using ad set budget",0,0,0,0,0,0,Ongoing,"7-day click or 1-day view",,,,,,,0,,,,,
2026-04-30,2026-04-30,"23/6 2023 - Sales campaign - UK MPA",inactive,,,,"Using ad set budget",0,0,0,0,0,0,Ongoing,"7-day click or 1-day view",,,,,,,0,,,,,
2026-04-30,2026-04-30,"19/6 2023 - Sales collection video",inactive,,,,"Using ad set budget",0,0,0,0,0,0,Ongoing,"7-day click or 1-day view",,,,,,,0,,,,,
2026-04-30,2026-04-30,"12/5 2023 - Sales campaign - UK MPA",inactive,,,,"Using ad set budget",0,0,0,0,0,0,Ongoing,"7-day click or 1-day view",,,,,,,0,,,,,
2026-04-30,2026-04-30,"8/5 Veltuff - Broad - custom - UK sales",inactive,,,,"Using ad set budget",0,0,0,0,0,0,Ongoing,"7-day click or 1-day view",,,,,,,0,,,,,
2026-04-30,2026-04-30,"3/5 Veltuff - Prospecting Campaign - Sales",inactive,,,,"Using ad set budget",0,0,0,0,0,0,Ongoing,"7-day click or 1-day view",,,,,,,0,,,,,
2026-04-30,2026-04-30,"11/4 Veltuff - Broad - custom - UK sales",inactive,,,,"Using ad set budget",0,0,0,0,0,0,Ongoing,"7-day click or 1-day view",,,,,,,0,,,,,
2026-04-30,2026-04-30,"28/3 Veltuff - Broad - custom - UK RM",inactive,,,,"Using ad set budget",0,0,0,0,0,0,Ongoing,"7-day click or 1-day view",,,,,,,0,,,,,
2026-04-30,2026-04-30,"23/3 Veltuff - Broad - custom - UK sales",inactive,,,,"Using ad set budget",0,0,0,0,0,0,Ongoing,"7-day click or 1-day view",,,,,,,0,,,,,
2026-04-30,2026-04-30,"17/3 Veltuff - Broad - custom - UK sales",inactive,,,,"Using ad set budget",0,0,0,0,0,0,Ongoing,"7-day click or 1-day view",,,,,,,0,,,,,
2026-04-30,2026-04-30,"AS - Prospecting Campaign JAN2023 - SALE - Copy",inactive,,,,"Using ad set budget",0,0,0,0,0,0,Ongoing,"7-day click or 1-day view",,,,,,,0,,,,,
2026-04-30,2026-04-30,"AS - Prospecting Campaign Dec2022",inactive,,,,"Using ad set budget",0,0,0,0,0,0,Ongoing,"7-day click or 1-day view",,,,,,,0,,,,,
2026-04-30,2026-04-30,"AS - RMKT - DEC 2022",inactive,,,,50,Daily,0,0,0,0,0,Ongoing,"7-day click or 1-day view",,,,,,,0,,,,,
2026-04-30,2026-04-30,"Website Retargeting - 2022",inactive,,,,"Using ad set budget",0,0,0,0,0,0,Ongoing,"1-day click",,,,,,,0,,,,,
2026-04-29,2026-04-29,"VD | Broad | Awareness",active,,,,196,Daily,0,0,0,0,0,Ongoing,"7-day click or 1-day view",,,,,,,0,,,,,
2026-04-29,2026-04-29,"VD | Retargeting | DPA Broad Remarket",inactive,,,,44,Daily,0,0,0,0,0,Ongoing,"7-day click",,,,,,,0,,,,,
2026-04-29,2026-04-29,"VD | Retargeting | DPA",active,,,,370,Daily,78.06,785,252,3.115079,99.43949,Ongoing,"7-day click",,,,,5,0.636943,7.806,7,3,,,
2026-04-29,2026-04-29,"VD | Retargeting | DPA Campaign | Sales",inactive,,,,145,Daily,0,0,0,0,0,Ongoing,"7-day click",,,,,,,0,,,,,
2026-04-29,2026-04-29,"VD | Broad | Prospecting | Sales",active,3,actions:offsite_conversion.fb_pixel_purchase,156.44,370,Daily,469.32,10049,6175,1.627368,46.703155,Ongoing,"7-day click",2.327005,3,1092.11,action_values:offsite_conversion.fb_pixel_purchase,132,1.313564,2.43171,811,130,11,5,335
2026-04-29,2026-04-29,"Warehouse Clearance | Prospecting | Sales | Advantage+",inactive,,,,"Using ad set budget",0,0,0,0,0,0,2026-03-29,"7-day click",,,,,,,0,,,,,
2026-04-29,2026-04-29,"WinterSale | Prospecting | Sales | Advantage+",inactive,,,,"Using ad set budget",0,0,0,0,0,0,Ongoing,"7-day click",,,,,,,0,,,,,
2026-04-29,2026-04-29,"Ongoing | Sales | ProTex1 | Advantage+ | SH",active,1,actions:offsite_conversion.fb_pixel_purchase,139.53,327,Daily,139.53,4210,2795,1.506261,33.142518,Ongoing,"7-day click or 1-day view",,1,,,34,0.807601,2.906875,35,38,1,1,
2026-04-29,2026-04-29,"Ongoing | Sales | Hi-Vis Only | Advantage+ | SH",active,,,,300,Daily,97.72,2886,1828,1.578775,33.860014,Ongoing,"7-day click or 1-day view",,,,,33,1.143451,2.443,39,28,,,
2026-04-29,2026-04-29,"Customised Workwear | Awareness | Advantage+ | SH Campaign – Copy",inactive,,,,100,Daily,0,0,0,0,0,Ongoing,"7-day click or 1-day view",,,,,,,0,,,,,
2026-04-29,2026-04-29,"Key Categories | Sales | Advantage+ | SH Campaign",inactive,,,,"Using ad set budget",0,0,0,0,0,0,Ongoing,"7-day click, 1-day view, or 1-day engaged-view",,,,,,,0,,,,,
2026-04-29,2026-04-29,"Customised Workwear | Sales | Advantage+ | SH Campaign",inactive,,,,"Using ad set budget",0,0,0,0,0,0,Ongoing,"7-day click, 1-day view, or 1-day engaged-view",,,,,,,0,,,,,
2026-04-29,2026-04-29,"Ongoing | Retargeting | Sales | Dynamic Abandoned Cart - 30 Days | SH",inactive,,,,6.5,Daily,19.02,432,355,1.216901,44.027778,Ongoing,"7-day click",,,,,9,2.083333,1.729091,9,5,,,
2026-04-29,2026-04-29,"AS 7/1 25 - Purchase - Flexible ad Campaign",inactive,,,,"Using ad set budget",0,0,0,0,0,0,Ongoing,"7-day click, 1-day view, or 1-day engaged-view",,,,,,,0,,,,,
2026-04-29,2026-04-29,"5/6 Michelle Job add - KAM Jylland",inactive,,,,"Using ad set budget",0,0,0,0,0,0,Ongoing,"7-day click or 1-day view",,,,,,,0,,,,,
2026-04-29,2026-04-29,"4/1 2024 - RM - UK Campaign",inactive,,,,100,Daily,0,0,0,0,0,Ongoing,"7-day click",,,,,,,0,,,,,
2026-04-29,2026-04-29,"Ongoing | Prospecting | Sales | Broad | Advantage+ | SH Campaign",inactive,1,actions:offsite_conversion.fb_pixel_purchase,232.09,"Using ad set budget",0,232.09,8614,6234,1.381777,26.943348,Ongoing,"7-day click or 1-day view",3.754923,1,871.48,action_values:offsite_conversion.fb_pixel_purchase,165,1.915486,1.215131,170,145,18,5,
2026-04-29,2026-04-29,"4/12 2023 - Safety Shoe Sale  Campaign",inactive,,,,"Using ad set budget",0,0,0,0,0,0,Ongoing,"7-day click or 1-day view",,,,,,,0,,,,,
2026-04-29,2026-04-29,"11/10 2023 - Advantage+ shopping campaign Campaign",inactive,,,,"Using ad set budget",0,0,0,0,0,0,Ongoing,"7-day click or 1-day view",,,,,,,0,,,,,
2026-04-29,2026-04-29,"19/7 2023 - MPA RM campaign",inactive,,,,"Using ad set budget",0,0,0,0,0,0,Ongoing,"7-day click or 1-day view",,,,,,,0,,,,,
2026-04-29,2026-04-29,"11/7 2023 - Sales campaign Women - UK MPA",inactive,,,,"Using ad set budget",0,0,0,0,0,0,Ongoing,"7-day click or 1-day view",,,,,,,0,,,,,
2026-04-29,2026-04-29,"23/6 2023 - Sales campaign - UK MPA",inactive,,,,"Using ad set budget",0,0,0,0,0,0,Ongoing,"7-day click or 1-day view",,,,,,,0,,,,,
2026-04-29,2026-04-29,"19/6 2023 - Sales collection video",inactive,,,,"Using ad set budget",0,0,0,0,0,0,Ongoing,"7-day click or 1-day view",,,,,,,0,,,,,
2026-04-29,2026-04-29,"12/5 2023 - Sales campaign - UK MPA",inactive,,,,"Using ad set budget",0,0,0,0,0,0,Ongoing,"7-day click or 1-day view",,,,,,,0,,,,,
2026-04-29,2026-04-29,"8/5 Veltuff - Broad - custom - UK sales",inactive,,,,"Using ad set budget",0,0,0,0,0,0,Ongoing,"7-day click or 1-day view",,,,,,,0,,,,,
2026-04-29,2026-04-29,"3/5 Veltuff - Prospecting Campaign - Sales",inactive,,,,"Using ad set budget",0,0,0,0,0,0,Ongoing,"7-day click or 1-day view",,,,,,,0,,,,,
2026-04-29,2026-04-29,"11/4 Veltuff - Broad - custom - UK sales",inactive,,,,"Using ad set budget",0,0,0,0,0,0,Ongoing,"7-day click or 1-day view",,,,,,,0,,,,,
2026-04-29,2026-04-29,"28/3 Veltuff - Broad - custom - UK RM",inactive,,,,"Using ad set budget",0,0,0,0,0,0,Ongoing,"7-day click or 1-day view",,,,,,,0,,,,,
2026-04-29,2026-04-29,"23/3 Veltuff - Broad - custom - UK sales",inactive,,,,"Using ad set budget",0,0,0,0,0,0,Ongoing,"7-day click or 1-day view",,,,,,,0,,,,,
2026-04-29,2026-04-29,"17/3 Veltuff - Broad - custom - UK sales",inactive,,,,"Using ad set budget",0,0,0,0,0,0,Ongoing,"7-day click or 1-day view",,,,,,,0,,,,,
2026-04-29,2026-04-29,"AS - Prospecting Campaign JAN2023 - SALE - Copy",inactive,,,,"Using ad set budget",0,0,0,0,0,0,Ongoing,"7-day click or 1-day view",,,,,,,0,,,,,
2026-04-29,2026-04-29,"AS - Prospecting Campaign Dec2022",inactive,,,,"Using ad set budget",0,0,0,0,0,0,Ongoing,"7-day click or 1-day view",,,,,,,0,,,,,
2026-04-29,2026-04-29,"AS - RMKT - DEC 2022",inactive,,,,50,Daily,0,0,0,0,0,Ongoing,"7-day click or 1-day view",,,,,,,0,,,,,
2026-04-29,2026-04-29,"Website Retargeting - 2022",inactive,,,,"Using ad set budget",0,0,0,0,0,0,Ongoing,"1-day click",,,,,,,0,,,,,
2026-04-28,2026-04-28,"VD | Broad | Awareness",active,,,,196,Daily,0,0,0,0,0,Ongoing,"7-day click or 1-day view",,,,,,,0,,,,,
2026-04-28,2026-04-28,"VD | Retargeting | DPA Broad Remarket",inactive,,,,44,Daily,0,0,0,0,0,Ongoing,"7-day click",,,,,,,0,,,,,
2026-04-28,2026-04-28,"VD | Retargeting | DPA",active,1,actions:offsite_conversion.fb_pixel_purchase,64.14,370,Daily,64.14,718,206,3.485437,89.331476,Ongoing,"7-day click",10.344247,1,663.48,action_values:offsite_conversion.fb_pixel_purchase,7,0.97493,7.126667,11,5,17,1,
2026-04-28,2026-04-28,"VD | Retargeting | DPA Campaign | Sales",inactive,,,,145,Daily,0,0,0,0,0,Ongoing,"7-day click",,,,,,,0,,,,,
2026-04-28,2026-04-28,"VD | Broad | Prospecting | Sales",active,2,actions:offsite_conversion.fb_pixel_purchase,242.55,370,Daily,485.1,11454,7268,1.575949,42.352017,Ongoing,"7-day click",2.305401,2,1118.35,action_values:offsite_conversion.fb_pixel_purchase,144,1.257203,2.513472,555,131,15,2,194
2026-04-28,2026-04-28,"Warehouse Clearance | Prospecting | Sales | Advantage+",inactive,,,,"Using ad set budget",0,0,0,0,0,0,2026-03-29,"7-day click",,,,,,,0,,,,,
2026-04-28,2026-04-28,"WinterSale | Prospecting | Sales | Advantage+",inactive,,,,"Using ad set budget",0,0,0,0,0,0,Ongoing,"7-day click",,,,,,,0,,,,,
2026-04-28,2026-04-28,"Ongoing | Sales | ProTex1 | Advantage+ | SH",active,1,actions:offsite_conversion.fb_pixel_purchase,140.82,327,Daily,140.82,4398,2956,1.487821,32.0191,Ongoing,"7-day click or 1-day view",3.182929,1,448.22,action_values:offsite_conversion.fb_pixel_purchase,45,1.023192,2.560364,47,36,5,2,
2026-04-28,2026-04-28,"Ongoing | Sales | Hi-Vis Only | Advantage+ | SH",active,1,actions:offsite_conversion.fb_pixel_purchase,99.76,300,Daily,99.76,3020,1956,1.543967,33.033113,Ongoing,"7-day click or 1-day view",10.252105,1,1022.75,action_values:offsite_conversion.fb_pixel_purchase,37,1.225166,2.216889,44,29,5,2,2
2026-04-28,2026-04-28,"Customised Workwear | Awareness | Advantage+ | SH Campaign – Copy",inactive,,,,100,Daily,0,0,0,0,0,Ongoing,"7-day click or 1-day view",,,,,,,0,,,,,
2026-04-28,2026-04-28,"Key Categories | Sales | Advantage+ | SH Campaign",inactive,,,,"Using ad set budget",0,0,0,0,0,0,Ongoing,"7-day click, 1-day view, or 1-day engaged-view",,,,,,,0,,,,,
2026-04-28,2026-04-28,"Customised Workwear | Sales | Advantage+ | SH Campaign",inactive,,,,"Using ad set budget",0,0,0,0,0,0,Ongoing,"7-day click, 1-day view, or 1-day engaged-view",,,,,,,0,,,,,
2026-04-28,2026-04-28,"Ongoing | Retargeting | Sales | Dynamic Abandoned Cart - 30 Days | SH",inactive,,,,6.5,Daily,18.28,434,368,1.179348,42.119816,Ongoing,"7-day click",,,,,19,4.37788,0.962105,19,18,,,
2026-04-28,2026-04-28,"AS 7/1 25 - Purchase - Flexible ad Campaign",inactive,,,,"Using ad set budget",0,0,0,0,0,0,Ongoing,"7-day click, 1-day view, or 1-day engaged-view",,,,,,,0,,,,,
2026-04-28,2026-04-28,"5/6 Michelle Job add - KAM Jylland",inactive,,,,"Using ad set budget",0,0,0,0,0,0,Ongoing,"7-day click or 1-day view",,,,,,,0,,,,,
2026-04-28,2026-04-28,"4/1 2024 - RM - UK Campaign",inactive,,,,100,Daily,0,0,0,0,0,Ongoing,"7-day click",,,,,,,0,,,,,
2026-04-28,2026-04-28,"Ongoing | Prospecting | Sales | Broad | Advantage+ | SH Campaign",inactive,7,actions:offsite_conversion.fb_pixel_purchase,35.12428571,"Using ad set budget",0,245.87,9005,6602,1.363981,27.30372,Ongoing,"7-day click or 1-day view",8.793143,7,2161.97,action_values:offsite_conversion.fb_pixel_purchase,196,2.176569,1.138287,200,178,20,13,
2026-04-28,2026-04-28,"4/12 2023 - Safety Shoe Sale  Campaign",inactive,,,,"Using ad set budget",0,0,0,0,0,0,Ongoing,"7-day click or 1-day view",,,,,,,0,,,,,
2026-04-28,2026-04-28,"11/10 2023 - Advantage+ shopping campaign Campaign",inactive,,,,"Using ad set budget",0,0,0,0,0,0,Ongoing,"7-day click or 1-day view",,,,,,,0,,,,,
2026-04-28,2026-04-28,"19/7 2023 - MPA RM campaign",inactive,,,,"Using ad set budget",0,0,0,0,0,0,Ongoing,"7-day click or 1-day view",,,,,,,0,,,,,
2026-04-28,2026-04-28,"11/7 2023 - Sales campaign Women - UK MPA",inactive,,,,"Using ad set budget",0,0,0,0,0,0,Ongoing,"7-day click or 1-day view",,,,,,,0,,,,,
2026-04-28,2026-04-28,"23/6 2023 - Sales campaign - UK MPA",inactive,,,,"Using ad set budget",0,0,0,0,0,0,Ongoing,"7-day click or 1-day view",,,,,,,0,,,,,
2026-04-28,2026-04-28,"19/6 2023 - Sales collection video",inactive,,,,"Using ad set budget",0,0,0,0,0,0,Ongoing,"7-day click or 1-day view",,,,,,,0,,,,,
2026-04-28,2026-04-28,"12/5 2023 - Sales campaign - UK MPA",inactive,,,,"Using ad set budget",0,0,0,0,0,0,Ongoing,"7-day click or 1-day view",,,,,,,0,,,,,
2026-04-28,2026-04-28,"8/5 Veltuff - Broad - custom - UK sales",inactive,,,,"Using ad set budget",0,0,0,0,0,0,Ongoing,"7-day click or 1-day view",,,,,,,0,,,,,
2026-04-28,2026-04-28,"3/5 Veltuff - Prospecting Campaign - Sales",inactive,,,,"Using ad set budget",0,0,0,0,0,0,Ongoing,"7-day click or 1-day view",,,,,,,0,,,,,
2026-04-28,2026-04-28,"11/4 Veltuff - Broad - custom - UK sales",inactive,,,,"Using ad set budget",0,0,0,0,0,0,Ongoing,"7-day click or 1-day view",,,,,,,0,,,,,
2026-04-28,2026-04-28,"28/3 Veltuff - Broad - custom - UK RM",inactive,,,,"Using ad set budget",0,0,0,0,0,0,Ongoing,"7-day click or 1-day view",,,,,,,0,,,,,
2026-04-28,2026-04-28,"23/3 Veltuff - Broad - custom - UK sales",inactive,,,,"Using ad set budget",0,0,0,0,0,0,Ongoing,"7-day click or 1-day view",,,,,,,0,,,,,
2026-04-28,2026-04-28,"17/3 Veltuff - Broad - custom - UK sales",inactive,,,,"Using ad set budget",0,0,0,0,0,0,Ongoing,"7-day click or 1-day view",,,,,,,0,,,,,
2026-04-28,2026-04-28,"AS - Prospecting Campaign JAN2023 - SALE - Copy",inactive,,,,"Using ad set budget",0,0,0,0,0,0,Ongoing,"7-day click or 1-day view",,,,,,,0,,,,,
2026-04-28,2026-04-28,"AS - Prospecting Campaign Dec2022",inactive,,,,"Using ad set budget",0,0,0,0,0,0,Ongoing,"7-day click or 1-day view",,,,,,,0,,,,,
2026-04-28,2026-04-28,"AS - RMKT - DEC 2022",inactive,,,,50,Daily,0,0,0,0,0,Ongoing,"7-day click or 1-day view",,,,,,,0,,,,,
2026-04-28,2026-04-28,"Website Retargeting - 2022",inactive,,,,"Using ad set budget",0,0,0,0,0,0,Ongoing,"1-day click",,,,,,,0,,,,,
2026-04-27,2026-04-27,"VD | Broad | Awareness",active,,,,196,Daily,0,0,0,0,0,Ongoing,"7-day click or 1-day view",,,,,,,0,,,,,
2026-04-27,2026-04-27,"VD | Retargeting | DPA Broad Remarket",inactive,,,,44,Daily,0,0,0,0,0,Ongoing,"7-day click",,,,,,,0,,,,,
2026-04-27,2026-04-27,"VD | Retargeting | DPA",active,,,,370,Daily,85.32,531,94,5.648936,160.677966,Ongoing,"7-day click",,,,,10,1.883239,8.532,16,8,3,1,1
2026-04-27,2026-04-27,"VD | Retargeting | DPA Campaign | Sales",inactive,,,,145,Daily,0,0,0,0,0,Ongoing,"7-day click",,,,,,,0,,,,,
2026-04-27,2026-04-27,"VD | Broad | Prospecting | Sales",active,8,actions:offsite_conversion.fb_pixel_purchase,60.1275,370,Daily,481.02,10899,6495,1.67806,44.134324,Ongoing,"7-day click",8.054031,8,3874.15,action_values:offsite_conversion.fb_pixel_purchase,137,1.256996,2.346439,440,148,16,11,145
2026-04-27,2026-04-27,"Warehouse Clearance | Prospecting | Sales | Advantage+",inactive,,,,"Using ad set budget",0,0,0,0,0,0,2026-03-29,"7-day click",,,,,,,0,,,,,
2026-04-27,2026-04-27,"WinterSale | Prospecting | Sales | Advantage+",inactive,,,,"Using ad set budget",0,0,0,0,0,0,Ongoing,"7-day click",,,,,,,0,,,,,
2026-04-27,2026-04-27,"Ongoing | Sales | ProTex1 | Advantage+ | SH",active,5,actions:offsite_conversion.fb_pixel_purchase,28.58,327,Daily,142.9,4433,2970,1.492593,32.235506,Ongoing,"7-day click or 1-day view",13.881875,5,1983.72,action_values:offsite_conversion.fb_pixel_purchase,34,0.766975,3.040426,36,24,11,5,
2026-04-27,2026-04-27,"Ongoing | Sales | Hi-Vis Only | Advantage+ | SH",active,2,actions:offsite_conversion.fb_pixel_purchase,50.04,300,Daily,100.08,2845,1948,1.460472,35.177504,Ongoing,"7-day click or 1-day view",27.779876,2,2780.21,action_values:offsite_conversion.fb_pixel_purchase,23,0.808436,3.1275,28,22,3,2,
2026-04-27,2026-04-27,"Customised Workwear | Awareness | Advantage+ | SH Campaign – Copy",inactive,,,,100,Daily,0,0,0,0,0,Ongoing,"7-day click or 1-day view",,,,,,,0,,,,,
2026-04-27,2026-04-27,"Key Categories | Sales | Advantage+ | SH Campaign",inactive,,,,"Using ad set budget",0,0,0,0,0,0,Ongoing,"7-day click, 1-day view, or 1-day engaged-view",,,,,,,0,,,,,
2026-04-27,2026-04-27,"Customised Workwear | Sales | Advantage+ | SH Campaign",inactive,,,,"Using ad set budget",0,0,0,0,0,0,Ongoing,"7-day click, 1-day view, or 1-day engaged-view",,,,,,,0,,,,,
2026-04-27,2026-04-27,"Ongoing | Retargeting | Sales | Dynamic Abandoned Cart - 30 Days | SH",inactive,,,,6.5,Daily,22.82,571,465,1.227957,39.964974,Ongoing,"7-day click",,,,,20,3.502627,1.141,20,17,,,
2026-04-27,2026-04-27,"AS 7/1 25 - Purchase - Flexible ad Campaign",inactive,,,,"Using ad set budget",0,0,0,0,0,0,Ongoing,"7-day click, 1-day view, or 1-day engaged-view",,,,,,,0,,,,,
2026-04-27,2026-04-27,"5/6 Michelle Job add - KAM Jylland",inactive,,,,"Using ad set budget",0,0,0,0,0,0,Ongoing,"7-day click or 1-day view",,,,,,,0,,,,,
2026-04-27,2026-04-27,"4/1 2024 - RM - UK Campaign",inactive,,,,100,Daily,0,0,0,0,0,Ongoing,"7-day click",,,,,,,0,,,,,
2026-04-27,2026-04-27,"Ongoing | Prospecting | Sales | Broad | Advantage+ | SH Campaign",inactive,2,actions:offsite_conversion.fb_pixel_purchase,124.535,"Using ad set budget",0,249.07,8789,6648,1.322052,28.338833,Ongoing,"7-day click or 1-day view",2.139399,2,532.86,action_values:offsite_conversion.fb_pixel_purchase,215,2.44624,1.024979,222,213,25,12,1
2026-04-27,2026-04-27,"4/12 2023 - Safety Shoe Sale  Campaign",inactive,,,,"Using ad set budget",0,0,0,0,0,0,Ongoing,"7-day click or 1-day view",,,,,,,0,,,,,
2026-04-27,2026-04-27,"11/10 2023 - Advantage+ shopping campaign Campaign",inactive,,,,"Using ad set budget",0,0,0,0,0,0,Ongoing,"7-day click or 1-day view",,,,,,,0,,,,,
2026-04-27,2026-04-27,"19/7 2023 - MPA RM campaign",inactive,,,,"Using ad set budget",0,0,0,0,0,0,Ongoing,"7-day click or 1-day view",,,,,,,0,,,,,
2026-04-27,2026-04-27,"11/7 2023 - Sales campaign Women - UK MPA",inactive,,,,"Using ad set budget",0,0,0,0,0,0,Ongoing,"7-day click or 1-day view",,,,,,,0,,,,,
2026-04-27,2026-04-27,"23/6 2023 - Sales campaign - UK MPA",inactive,,,,"Using ad set budget",0,0,0,0,0,0,Ongoing,"7-day click or 1-day view",,,,,,,0,,,,,
2026-04-27,2026-04-27,"19/6 2023 - Sales collection video",inactive,,,,"Using ad set budget",0,0,0,0,0,0,Ongoing,"7-day click or 1-day view",,,,,,,0,,,,,
2026-04-27,2026-04-27,"12/5 2023 - Sales campaign - UK MPA",inactive,,,,"Using ad set budget",0,0,0,0,0,0,Ongoing,"7-day click or 1-day view",,,,,,,0,,,,,
2026-04-27,2026-04-27,"8/5 Veltuff - Broad - custom - UK sales",inactive,,,,"Using ad set budget",0,0,0,0,0,0,Ongoing,"7-day click or 1-day view",,,,,,,0,,,,,
2026-04-27,2026-04-27,"3/5 Veltuff - Prospecting Campaign - Sales",inactive,,,,"Using ad set budget",0,0,0,0,0,0,Ongoing,"7-day click or 1-day view",,,,,,,0,,,,,
2026-04-27,2026-04-27,"11/4 Veltuff - Broad - custom - UK sales",inactive,,,,"Using ad set budget",0,0,0,0,0,0,Ongoing,"7-day click or 1-day view",,,,,,,0,,,,,
2026-04-27,2026-04-27,"28/3 Veltuff - Broad - custom - UK RM",inactive,,,,"Using ad set budget",0,0,0,0,0,0,Ongoing,"7-day click or 1-day view",,,,,,,0,,,,,
2026-04-27,2026-04-27,"23/3 Veltuff - Broad - custom - UK sales",inactive,,,,"Using ad set budget",0,0,0,0,0,0,Ongoing,"7-day click or 1-day view",,,,,,,0,,,,,
2026-04-27,2026-04-27,"17/3 Veltuff - Broad - custom - UK sales",inactive,,,,"Using ad set budget",0,0,0,0,0,0,Ongoing,"7-day click or 1-day view",,,,,,,0,,,,,
2026-04-27,2026-04-27,"AS - Prospecting Campaign JAN2023 - SALE - Copy",inactive,,,,"Using ad set budget",0,0,0,0,0,0,Ongoing,"7-day click or 1-day view",,,,,,,0,,,,,
2026-04-27,2026-04-27,"AS - Prospecting Campaign Dec2022",inactive,,,,"Using ad set budget",0,0,0,0,0,0,Ongoing,"7-day click or 1-day view",,,,,,,0,,,,,
2026-04-27,2026-04-27,"AS - RMKT - DEC 2022",inactive,,,,50,Daily,0,0,0,0,0,Ongoing,"7-day click or 1-day view",,,,,,,0,,,,,
2026-04-27,2026-04-27,"Website Retargeting - 2022",inactive,,,,"Using ad set budget",0,0,0,0,0,0,Ongoing,"1-day click",,,,,,,0,,,,,
2026-04-26,2026-04-26,"VD | Broad | Awareness",active,,,,196,Daily,0,0,0,0,0,Ongoing,"7-day click or 1-day view",,,,,,,0,,,,,
2026-04-26,2026-04-26,"VD | Retargeting | DPA Broad Remarket",inactive,,,,44,Daily,0,0,0,0,0,Ongoing,"7-day click",,,,,,,0,,,,,
2026-04-26,2026-04-26,"VD | Retargeting | DPA",active,,,,370,Daily,101.57,415,67,6.19403,244.746988,Ongoing,"7-day click",,,,,10,2.409639,9.233636,13,9,1,,
2026-04-26,2026-04-26,"VD | Retargeting | DPA Campaign | Sales",inactive,,,,145,Daily,0,0,0,0,0,Ongoing,"7-day click",,,,,,,0,,,,,
2026-04-26,2026-04-26,"VD | Broad | Prospecting | Sales",active,4,actions:offsite_conversion.fb_pixel_purchase,109.5925,370,Daily,438.37,9841,5953,1.653116,44.54527,Ongoing,"7-day click",6.092547,4,2670.79,action_values:offsite_conversion.fb_pixel_purchase,146,1.483589,2.248051,184,132,20,6,10
2026-04-26,2026-04-26,"Warehouse Clearance | Prospecting | Sales | Advantage+",inactive,,,,"Using ad set budget",0,0,0,0,0,0,2026-03-29,"7-day click",,,,,,,0,,,,,
2026-04-26,2026-04-26,"WinterSale | Prospecting | Sales | Advantage+",inactive,,,,"Using ad set budget",0,0,0,0,0,0,Ongoing,"7-day click",,,,,,,0,,,,,
2026-04-26,2026-04-26,"Ongoing | Sales | ProTex1 | Advantage+ | SH",active,6,actions:offsite_conversion.fb_pixel_purchase,26.11,327,Daily,156.66,4523,2912,1.553228,34.636303,Ongoing,"7-day click or 1-day view",19.52649,6,3059.02,action_values:offsite_conversion.fb_pixel_purchase,62,1.370772,2.008462,65,56,22,14,
2026-04-26,2026-04-26,"Ongoing | Sales | Hi-Vis Only | Advantage+ | SH",active,2,actions:offsite_conversion.fb_pixel_purchase,59.725,300,Daily,119.45,2917,1823,1.60011,40.949606,Ongoing,"7-day click or 1-day view",11.150021,2,1331.87,action_values:offsite_conversion.fb_pixel_purchase,72,2.468289,1.474691,79,66,6,2,1
2026-04-26,2026-04-26,"Customised Workwear | Awareness | Advantage+ | SH Campaign – Copy",inactive,,,,100,Daily,0,0,0,0,0,Ongoing,"7-day click or 1-day view",,,,,,,0,,,,,
2026-04-26,2026-04-26,"Key Categories | Sales | Advantage+ | SH Campaign",inactive,,,,"Using ad set budget",0,0,0,0,0,0,Ongoing,"7-day click, 1-day view, or 1-day engaged-view",,,,,,,0,,,,,
2026-04-26,2026-04-26,"Customised Workwear | Sales | Advantage+ | SH Campaign",inactive,,,,"Using ad set budget",0,0,0,0,0,0,Ongoing,"7-day click, 1-day view, or 1-day engaged-view",,,,,,,0,,,,,
2026-04-26,2026-04-26,"Ongoing | Retargeting | Sales | Dynamic Abandoned Cart - 30 Days | SH",inactive,,,,6.5,Daily,25.59,479,375,1.277333,53.4238,Ongoing,"7-day click",,,,,6,1.25261,4.265,6,7,1,,
2026-04-26,2026-04-26,"AS 7/1 25 - Purchase - Flexible ad Campaign",inactive,,,,"Using ad set budget",0,0,0,0,0,0,Ongoing,"7-day click, 1-day view, or 1-day engaged-view",,,,,,,0,,,,,
2026-04-26,2026-04-26,"5/6 Michelle Job add - KAM Jylland",inactive,,,,"Using ad set budget",0,0,0,0,0,0,Ongoing,"7-day click or 1-day view",,,,,,,0,,,,,
2026-04-26,2026-04-26,"4/1 2024 - RM - UK Campaign",inactive,,,,100,Daily,0,0,0,0,0,Ongoing,"7-day click",,,,,,,0,,,,,
2026-04-26,2026-04-26,"Ongoing | Prospecting | Sales | Broad | Advantage+ | SH Campaign",inactive,9,actions:offsite_conversion.fb_pixel_purchase,31.07333333,"Using ad set budget",0,279.66,8867,6024,1.471946,31.539416,Ongoing,"7-day click or 1-day view",19.218944,9,5374.77,action_values:offsite_conversion.fb_pixel_purchase,228,2.571332,1.096706,233,217,32,13,
2026-04-26,2026-04-26,"4/12 2023 - Safety Shoe Sale  Campaign",inactive,,,,"Using ad set budget",0,0,0,0,0,0,Ongoing,"7-day click or 1-day view",,,,,,,0,,,,,
2026-04-26,2026-04-26,"11/10 2023 - Advantage+ shopping campaign Campaign",inactive,,,,"Using ad set budget",0,0,0,0,0,0,Ongoing,"7-day click or 1-day view",,,,,,,0,,,,,
2026-04-26,2026-04-26,"19/7 2023 - MPA RM campaign",inactive,,,,"Using ad set budget",0,0,0,0,0,0,Ongoing,"7-day click or 1-day view",,,,,,,0,,,,,
2026-04-26,2026-04-26,"11/7 2023 - Sales campaign Women - UK MPA",inactive,,,,"Using ad set budget",0,0,0,0,0,0,Ongoing,"7-day click or 1-day view",,,,,,,0,,,,,
2026-04-26,2026-04-26,"23/6 2023 - Sales campaign - UK MPA",inactive,,,,"Using ad set budget",0,0,0,0,0,0,Ongoing,"7-day click or 1-day view",,,,,,,0,,,,,
2026-04-26,2026-04-26,"19/6 2023 - Sales collection video",inactive,,,,"Using ad set budget",0,0,0,0,0,0,Ongoing,"7-day click or 1-day view",,,,,,,0,,,,,
2026-04-26,2026-04-26,"12/5 2023 - Sales campaign - UK MPA",inactive,,,,"Using ad set budget",0,0,0,0,0,0,Ongoing,"7-day click or 1-day view",,,,,,,0,,,,,
2026-04-26,2026-04-26,"8/5 Veltuff - Broad - custom - UK sales",inactive,,,,"Using ad set budget",0,0,0,0,0,0,Ongoing,"7-day click or 1-day view",,,,,,,0,,,,,
2026-04-26,2026-04-26,"3/5 Veltuff - Prospecting Campaign - Sales",inactive,,,,"Using ad set budget",0,0,0,0,0,0,Ongoing,"7-day click or 1-day view",,,,,,,0,,,,,
2026-04-26,2026-04-26,"11/4 Veltuff - Broad - custom - UK sales",inactive,,,,"Using ad set budget",0,0,0,0,0,0,Ongoing,"7-day click or 1-day view",,,,,,,0,,,,,
2026-04-26,2026-04-26,"28/3 Veltuff - Broad - custom - UK RM",inactive,,,,"Using ad set budget",0,0,0,0,0,0,Ongoing,"7-day click or 1-day view",,,,,,,0,,,,,
2026-04-26,2026-04-26,"23/3 Veltuff - Broad - custom - UK sales",inactive,,,,"Using ad set budget",0,0,0,0,0,0,Ongoing,"7-day click or 1-day view",,,,,,,0,,,,,
2026-04-26,2026-04-26,"17/3 Veltuff - Broad - custom - UK sales",inactive,,,,"Using ad set budget",0,0,0,0,0,0,Ongoing,"7-day click or 1-day view",,,,,,,0,,,,,
2026-04-26,2026-04-26,"AS - Prospecting Campaign JAN2023 - SALE - Copy",inactive,,,,"Using ad set budget",0,0,0,0,0,0,Ongoing,"7-day click or 1-day view",,,,,,,0,,,,,
2026-04-26,2026-04-26,"AS - Prospecting Campaign Dec2022",inactive,,,,"Using ad set budget",0,0,0,0,0,0,Ongoing,"7-day click or 1-day view",,,,,,,0,,,,,
2026-04-26,2026-04-26,"AS - RMKT - DEC 2022",inactive,,,,50,Daily,0,0,0,0,0,Ongoing,"7-day click or 1-day view",,,,,,,0,,,,,
2026-04-26,2026-04-26,"Website Retargeting - 2022",inactive,,,,"Using ad set budget",0,0,0,0,0,0,Ongoing,"1-day click",,,,,,,0,,,,,
2026-04-25,2026-04-25,"VD | Broad | Awareness",active,,,,196,Daily,0,0,0,0,0,Ongoing,"7-day click or 1-day view",,,,,,,0,,,,,
2026-04-25,2026-04-25,"VD | Retargeting | DPA Broad Remarket",inactive,,,,44,Daily,0,0,0,0,0,Ongoing,"7-day click",,,,,,,0,,,,,
2026-04-25,2026-04-25,"VD | Retargeting | DPA",active,,,,370,Daily,50.71,210,40,5.25,241.47619,Ongoing,"7-day click",,,,,4,1.904762,10.142,12,3,3,,3
2026-04-25,2026-04-25,"VD | Retargeting | DPA Campaign | Sales",inactive,,,,145,Daily,0,0,0,0,0,Ongoing,"7-day click",,,,,,,0,,,,,
2026-04-25,2026-04-25,"VD | Broad | Prospecting | Sales",active,2,actions:offsite_conversion.fb_pixel_purchase,224.335,370,Daily,448.67,11719,6931,1.690809,38.28569,Ongoing,"7-day click",1.900238,2,852.58,action_values:offsite_conversion.fb_pixel_purchase,134,1.143442,2.221139,141,143,20,3,1
2026-04-25,2026-04-25,"Warehouse Clearance | Prospecting | Sales | Advantage+",inactive,,,,"Using ad set budget",0,0,0,0,0,0,2026-03-29,"7-day click",,,,,,,0,,,,,
2026-04-25,2026-04-25,"WinterSale | Prospecting | Sales | Advantage+",inactive,,,,"Using ad set budget",0,0,0,0,0,0,Ongoing,"7-day click",,,,,,,0,,,,,
2026-04-25,2026-04-25,"Ongoing | Sales | ProTex1 | Advantage+ | SH",active,1,actions:offsite_conversion.fb_pixel_purchase,108.9,327,Daily,108.9,3140,2219,1.415052,34.681529,Ongoing,"7-day click or 1-day view",1.842332,1,200.63,action_values:offsite_conversion.fb_pixel_purchase,42,1.33758,2.26875,42,38,4,,
2026-04-25,2026-04-25,"Ongoing | Sales | Hi-Vis Only | Advantage+ | SH",active,7,actions:offsite_conversion.fb_pixel_purchase,11.10285714,300,Daily,77.72,2189,1526,1.434469,35.504797,Ongoing,"7-day click or 1-day view",32.007077,7,2487.59,action_values:offsite_conversion.fb_pixel_purchase,34,1.553221,1.992821,36,31,11,12,
2026-04-25,2026-04-25,"Customised Workwear | Awareness | Advantage+ | SH Campaign – Copy",inactive,,,,100,Daily,0,0,0,0,0,Ongoing,"7-day click or 1-day view",,,,,,,0,,,,,
2026-04-25,2026-04-25,"Key Categories | Sales | Advantage+ | SH Campaign",inactive,,,,"Using ad set budget",0,0,0,0,0,0,Ongoing,"7-day click, 1-day view, or 1-day engaged-view",,,,,,,0,,,,,
2026-04-25,2026-04-25,"Customised Workwear | Sales | Advantage+ | SH Campaign",inactive,,,,"Using ad set budget",0,0,0,0,0,0,Ongoing,"7-day click, 1-day view, or 1-day engaged-view",,,,,,,0,,,,,
2026-04-25,2026-04-25,"Ongoing | Retargeting | Sales | Dynamic Abandoned Cart - 30 Days | SH",inactive,,,,6.5,Daily,15.58,469,389,1.205656,33.219616,Ongoing,"7-day click",,,,,17,3.624733,0.779,18,15,2,1,
2026-04-25,2026-04-25,"AS 7/1 25 - Purchase - Flexible ad Campaign",inactive,,,,"Using ad set budget",0,0,0,0,0,0,Ongoing,"7-day click, 1-day view, or 1-day engaged-view",,,,,,,0,,,,,
2026-04-25,2026-04-25,"5/6 Michelle Job add - KAM Jylland",inactive,,,,"Using ad set budget",0,0,0,0,0,0,Ongoing,"7-day click or 1-day view",,,,,,,0,,,,,
2026-04-25,2026-04-25,"4/1 2024 - RM - UK Campaign",inactive,,,,100,Daily,0,0,0,0,0,Ongoing,"7-day click",,,,,,,0,,,,,
2026-04-25,2026-04-25,"Ongoing | Prospecting | Sales | Broad | Advantage+ | SH Campaign",inactive,4,actions:offsite_conversion.fb_pixel_purchase,53.4525,"Using ad set budget",0,213.81,6465,4712,1.372029,33.071926,Ongoing,"7-day click or 1-day view",6.684019,4,1429.11,action_values:offsite_conversion.fb_pixel_purchase,203,3.139985,0.921595,208,192,22,9,
2026-04-25,2026-04-25,"4/12 2023 - Safety Shoe Sale  Campaign",inactive,,,,"Using ad set budget",0,0,0,0,0,0,Ongoing,"7-day click or 1-day view",,,,,,,0,,,,,
2026-04-25,2026-04-25,"11/10 2023 - Advantage+ shopping campaign Campaign",inactive,,,,"Using ad set budget",0,0,0,0,0,0,Ongoing,"7-day click or 1-day view",,,,,,,0,,,,,
2026-04-25,2026-04-25,"19/7 2023 - MPA RM campaign",inactive,,,,"Using ad set budget",0,0,0,0,0,0,Ongoing,"7-day click or 1-day view",,,,,,,0,,,,,
2026-04-25,2026-04-25,"11/7 2023 - Sales campaign Women - UK MPA",inactive,,,,"Using ad set budget",0,0,0,0,0,0,Ongoing,"7-day click or 1-day view",,,,,,,0,,,,,
2026-04-25,2026-04-25,"23/6 2023 - Sales campaign - UK MPA",inactive,,,,"Using ad set budget",0,0,0,0,0,0,Ongoing,"7-day click or 1-day view",,,,,,,0,,,,,
2026-04-25,2026-04-25,"19/6 2023 - Sales collection video",inactive,,,,"Using ad set budget",0,0,0,0,0,0,Ongoing,"7-day click or 1-day view",,,,,,,0,,,,,
2026-04-25,2026-04-25,"12/5 2023 - Sales campaign - UK MPA",inactive,,,,"Using ad set budget",0,0,0,0,0,0,Ongoing,"7-day click or 1-day view",,,,,,,0,,,,,
2026-04-25,2026-04-25,"8/5 Veltuff - Broad - custom - UK sales",inactive,,,,"Using ad set budget",0,0,0,0,0,0,Ongoing,"7-day click or 1-day view",,,,,,,0,,,,,
2026-04-25,2026-04-25,"3/5 Veltuff - Prospecting Campaign - Sales",inactive,,,,"Using ad set budget",0,0,0,0,0,0,Ongoing,"7-day click or 1-day view",,,,,,,0,,,,,
2026-04-25,2026-04-25,"11/4 Veltuff - Broad - custom - UK sales",inactive,,,,"Using ad set budget",0,0,0,0,0,0,Ongoing,"7-day click or 1-day view",,,,,,,0,,,,,
2026-04-25,2026-04-25,"28/3 Veltuff - Broad - custom - UK RM",inactive,,,,"Using ad set budget",0,0,0,0,0,0,Ongoing,"7-day click or 1-day view",,,,,,,0,,,,,
2026-04-25,2026-04-25,"23/3 Veltuff - Broad - custom - UK sales",inactive,,,,"Using ad set budget",0,0,0,0,0,0,Ongoing,"7-day click or 1-day view",,,,,,,0,,,,,
2026-04-25,2026-04-25,"17/3 Veltuff - Broad - custom - UK sales",inactive,,,,"Using ad set budget",0,0,0,0,0,0,Ongoing,"7-day click or 1-day view",,,,,,,0,,,,,
2026-04-25,2026-04-25,"AS - Prospecting Campaign JAN2023 - SALE - Copy",inactive,,,,"Using ad set budget",0,0,0,0,0,0,Ongoing,"7-day click or 1-day view",,,,,,,0,,,,,
2026-04-25,2026-04-25,"AS - Prospecting Campaign Dec2022",inactive,,,,"Using ad set budget",0,0,0,0,0,0,Ongoing,"7-day click or 1-day view",,,,,,,0,,,,,
2026-04-25,2026-04-25,"AS - RMKT - DEC 2022",inactive,,,,50,Daily,0,0,0,0,0,Ongoing,"7-day click or 1-day view",,,,,,,0,,,,,
2026-04-25,2026-04-25,"Website Retargeting - 2022",inactive,,,,"Using ad set budget",0,0,0,0,0,0,Ongoing,"1-day click",,,,,,,0,,,,,
2026-04-24,2026-04-24,"VD | Broad | Awareness",active,,,,196,Daily,0,0,0,0,0,Ongoing,"7-day click or 1-day view",,,,,,,0,,,,,
2026-04-24,2026-04-24,"VD | Retargeting | DPA Broad Remarket",inactive,,,,44,Daily,0,0,0,0,0,Ongoing,"7-day click",,,,,,,0,,,,,
2026-04-24,2026-04-24,"VD | Retargeting | DPA",active,,,,370,Daily,5.64,18,7,2.571429,313.333333,Ongoing,"7-day click",,,,,,,0,1,,,,
2026-04-24,2026-04-24,"VD | Retargeting | DPA Campaign | Sales",inactive,,,,145,Daily,0,0,0,0,0,Ongoing,"7-day click",,,,,,,0,,,,,
2026-04-24,2026-04-24,"VD | Broad | Prospecting | Sales",active,3,actions:offsite_conversion.fb_pixel_purchase,132.85333333,370,Daily,398.56,10965,6824,1.606829,36.348381,Ongoing,"7-day click",5.038514,3,2008.15,action_values:offsite_conversion.fb_pixel_purchase,202,1.842225,1.556875,232,159,9,4,9
2026-04-24,2026-04-24,"Warehouse Clearance | Prospecting | Sales | Advantage+",inactive,,,,"Using ad set budget",0,0,0,0,0,0,2026-03-29,"7-day click",,,,,,,0,,,,,
2026-04-24,2026-04-24,"WinterSale | Prospecting | Sales | Advantage+",inactive,,,,"Using ad set budget",0,0,0,0,0,0,Ongoing,"7-day click",,,,,,,0,,,,,
2026-04-24,2026-04-24,"Ongoing | Sales | ProTex1 | Advantage+ | SH",active,5,actions:offsite_conversion.fb_pixel_purchase,24.098,327,Daily,120.49,2950,1914,1.541275,40.844068,Ongoing,"7-day click or 1-day view",15.341439,5,1848.49,action_values:offsite_conversion.fb_pixel_purchase,44,1.491525,2.677556,45,35,6,9,
2026-04-24,2026-04-24,"Ongoing | Sales | Hi-Vis Only | Advantage+ | SH",active,2,actions:offsite_conversion.fb_pixel_purchase,44.85,300,Daily,89.7,2292,1460,1.569863,39.136126,Ongoing,"7-day click or 1-day view",7.79175,2,698.92,action_values:offsite_conversion.fb_pixel_purchase,30,1.308901,2.803125,33,26,3,3,
2026-04-24,2026-04-24,"Customised Workwear | Awareness | Advantage+ | SH Campaign – Copy",inactive,,,,100,Daily,0,0,0,0,0,Ongoing,"7-day click or 1-day view",,,,,,,0,,,,,
2026-04-24,2026-04-24,"Key Categories | Sales | Advantage+ | SH Campaign",inactive,,,,"Using ad set budget",0,0,0,0,0,0,Ongoing,"7-day click, 1-day view, or 1-day engaged-view",,,,,,,0,,,,,
2026-04-24,2026-04-24,"Customised Workwear | Sales | Advantage+ | SH Campaign",inactive,,,,"Using ad set budget",0,0,0,0,0,0,Ongoing,"7-day click, 1-day view, or 1-day engaged-view",,,,,,,0,,,,,
2026-04-24,2026-04-24,"Ongoing | Retargeting | Sales | Dynamic Abandoned Cart - 30 Days | SH",inactive,,,,6.5,Daily,18.9,491,381,1.288714,38.492872,Ongoing,"7-day click",,,,,12,2.443992,1.453846,12,8,,,
2026-04-24,2026-04-24,"AS 7/1 25 - Purchase - Flexible ad Campaign",inactive,,,,"Using ad set budget",0,0,0,0,0,0,Ongoing,"7-day click, 1-day view, or 1-day engaged-view",,,,,,,0,,,,,
2026-04-24,2026-04-24,"5/6 Michelle Job add - KAM Jylland",inactive,,,,"Using ad set budget",0,0,0,0,0,0,Ongoing,"7-day click or 1-day view",,,,,,,0,,,,,
2026-04-24,2026-04-24,"4/1 2024 - RM - UK Campaign",inactive,,,,100,Daily,0,0,0,0,0,Ongoing,"7-day click",,,,,,,0,,,,,
2026-04-24,2026-04-24,"Ongoing | Prospecting | Sales | Broad | Advantage+ | SH Campaign",inactive,7,actions:offsite_conversion.fb_pixel_purchase,33.62142857,"Using ad set budget",0,235.35,6957,4947,1.406307,33.829237,Ongoing,"7-day click or 1-day view",12.858041,7,3026.14,action_values:offsite_conversion.fb_pixel_purchase,192,2.75981,1.089583,195,171,24,9,1
2026-04-24,2026-04-24,"4/12 2023 - Safety Shoe Sale  Campaign",inactive,,,,"Using ad set budget",0,0,0,0,0,0,Ongoing,"7-day click or 1-day view",,,,,,,0,,,,,
2026-04-24,2026-04-24,"11/10 2023 - Advantage+ shopping campaign Campaign",inactive,,,,"Using ad set budget",0,0,0,0,0,0,Ongoing,"7-day click or 1-day view",,,,,,,0,,,,,
2026-04-24,2026-04-24,"19/7 2023 - MPA RM campaign",inactive,,,,"Using ad set budget",0,0,0,0,0,0,Ongoing,"7-day click or 1-day view",,,,,,,0,,,,,
2026-04-24,2026-04-24,"11/7 2023 - Sales campaign Women - UK MPA",inactive,,,,"Using ad set budget",0,0,0,0,0,0,Ongoing,"7-day click or 1-day view",,,,,,,0,,,,,
2026-04-24,2026-04-24,"23/6 2023 - Sales campaign - UK MPA",inactive,,,,"Using ad set budget",0,0,0,0,0,0,Ongoing,"7-day click or 1-day view",,,,,,,0,,,,,
2026-04-24,2026-04-24,"19/6 2023 - Sales collection video",inactive,,,,"Using ad set budget",0,0,0,0,0,0,Ongoing,"7-day click or 1-day view",,,,,,,0,,,,,
2026-04-24,2026-04-24,"12/5 2023 - Sales campaign - UK MPA",inactive,,,,"Using ad set budget",0,0,0,0,0,0,Ongoing,"7-day click or 1-day view",,,,,,,0,,,,,
2026-04-24,2026-04-24,"8/5 Veltuff - Broad - custom - UK sales",inactive,,,,"Using ad set budget",0,0,0,0,0,0,Ongoing,"7-day click or 1-day view",,,,,,,0,,,,,
2026-04-24,2026-04-24,"3/5 Veltuff - Prospecting Campaign - Sales",inactive,,,,"Using ad set budget",0,0,0,0,0,0,Ongoing,"7-day click or 1-day view",,,,,,,0,,,,,
2026-04-24,2026-04-24,"11/4 Veltuff - Broad - custom - UK sales",inactive,,,,"Using ad set budget",0,0,0,0,0,0,Ongoing,"7-day click or 1-day view",,,,,,,0,,,,,
2026-04-24,2026-04-24,"28/3 Veltuff - Broad - custom - UK RM",inactive,,,,"Using ad set budget",0,0,0,0,0,0,Ongoing,"7-day click or 1-day view",,,,,,,0,,,,,
2026-04-24,2026-04-24,"23/3 Veltuff - Broad - custom - UK sales",inactive,,,,"Using ad set budget",0,0,0,0,0,0,Ongoing,"7-day click or 1-day view",,,,,,,0,,,,,
2026-04-24,2026-04-24,"17/3 Veltuff - Broad - custom - UK sales",inactive,,,,"Using ad set budget",0,0,0,0,0,0,Ongoing,"7-day click or 1-day view",,,,,,,0,,,,,
2026-04-24,2026-04-24,"AS - Prospecting Campaign JAN2023 - SALE - Copy",inactive,,,,"Using ad set budget",0,0,0,0,0,0,Ongoing,"7-day click or 1-day view",,,,,,,0,,,,,
2026-04-24,2026-04-24,"AS - Prospecting Campaign Dec2022",inactive,,,,"Using ad set budget",0,0,0,0,0,0,Ongoing,"7-day click or 1-day view",,,,,,,0,,,,,
2026-04-24,2026-04-24,"AS - RMKT - DEC 2022",inactive,,,,50,Daily,0,0,0,0,0,Ongoing,"7-day click or 1-day view",,,,,,,0,,,,,
2026-04-24,2026-04-24,"Website Retargeting - 2022",inactive,,,,"Using ad set budget",0,0,0,0,0,0,Ongoing,"1-day click",,,,,,,0,,,,,
2026-04-23,2026-04-23,"VD | Broad | Awareness",active,,,,196,Daily,0,0,0,0,0,Ongoing,"7-day click or 1-day view",,,,,,,0,,,,,
2026-04-23,2026-04-23,"VD | Retargeting | DPA Broad Remarket",inactive,,,,44,Daily,0,0,0,0,0,Ongoing,"7-day click",,,,,,,0,,,,,
2026-04-23,2026-04-23,"VD | Retargeting | DPA",active,1,actions:offsite_conversion.fb_pixel_purchase,46.22,370,Daily,46.22,904,627,1.441786,51.128319,Ongoing,"7-day click",7.606231,1,351.56,action_values:offsite_conversion.fb_pixel_purchase,14,1.548673,2.718824,36,12,2,1,11
2026-04-23,2026-04-23,"VD | Retargeting | DPA Campaign | Sales",inactive,,,,145,Daily,0,0,0,0,0,Ongoing,"7-day click",,,,,,,0,,,,,
2026-04-23,2026-04-23,"VD | Broad | Prospecting | Sales",active,1,actions:offsite_conversion.fb_pixel_purchase,393.65,370,Daily,393.65,11902,8847,1.345315,33.074273,Ongoing,"7-day click",0.590017,1,232.26,action_values:offsite_conversion.fb_pixel_purchase,195,1.63838,1.814055,203,138,7,3,1
2026-04-23,2026-04-23,"Warehouse Clearance | Prospecting | Sales | Advantage+",inactive,,,,"Using ad set budget",0,0,0,0,0,0,2026-03-29,"7-day click",,,,,,,0,,,,,
2026-04-23,2026-04-23,"WinterSale | Prospecting | Sales | Advantage+",inactive,,,,"Using ad set budget",0,0,0,0,0,0,Ongoing,"7-day click",,,,,,,0,,,,,
2026-04-23,2026-04-23,"Ongoing | Sales | ProTex1 | Advantage+ | SH",active,3,actions:offsite_conversion.fb_pixel_purchase,52.27666667,327,Daily,156.83,4433,3192,1.388784,35.377848,Ongoing,"7-day click or 1-day view",35.027291,3,5493.33,action_values:offsite_conversion.fb_pixel_purchase,48,1.082788,2.450469,51,42,25,7,
2026-04-23,2026-04-23,"Ongoing | Sales | Hi-Vis Only | Advantage+ | SH",active,4,actions:offsite_conversion.fb_pixel_purchase,27.6475,300,Daily,110.59,2325,1524,1.525591,47.565591,Ongoing,"7-day click or 1-day view",11.1983,4,1238.42,action_values:offsite_conversion.fb_pixel_purchase,41,1.763441,2.256939,44,36,8,7,
2026-04-23,2026-04-23,"Customised Workwear | Awareness | Advantage+ | SH Campaign – Copy",inactive,,,,100,Daily,0,0,0,0,0,Ongoing,"7-day click or 1-day view",,,,,,,0,,,,,
2026-04-23,2026-04-23,"Key Categories | Sales | Advantage+ | SH Campaign",inactive,,,,"Using ad set budget",0,0,0,0,0,0,Ongoing,"7-day click, 1-day view, or 1-day engaged-view",,,,,,,0,,,,,
2026-04-23,2026-04-23,"Customised Workwear | Sales | Advantage+ | SH Campaign",inactive,,,,"Using ad set budget",0,0,0,0,0,0,Ongoing,"7-day click, 1-day view, or 1-day engaged-view",,,,,,,0,,,,,
2026-04-23,2026-04-23,"Ongoing | Retargeting | Sales | Dynamic Abandoned Cart - 30 Days | SH",inactive,,,,6.5,Daily,20.34,419,343,1.221574,48.544153,Ongoing,"7-day click",,,,,13,3.102625,1.564615,13,11,,,
2026-04-23,2026-04-23,"AS 7/1 25 - Purchase - Flexible ad Campaign",inactive,,,,"Using ad set budget",0,0,0,0,0,0,Ongoing,"7-day click, 1-day view, or 1-day engaged-view",,,,,,,0,,,,,
2026-04-23,2026-04-23,"5/6 Michelle Job add - KAM Jylland",inactive,,,,"Using ad set budget",0,0,0,0,0,0,Ongoing,"7-day click or 1-day view",,,,,,,0,,,,,
2026-04-23,2026-04-23,"4/1 2024 - RM - UK Campaign",inactive,,,,100,Daily,0,0,0,0,0,Ongoing,"7-day click",,,,,,,0,,,,,
2026-04-23,2026-04-23,"Ongoing | Prospecting | Sales | Broad | Advantage+ | SH Campaign",inactive,7,actions:offsite_conversion.fb_pixel_purchase,37.28285714,"Using ad set budget",0,260.98,7422,5575,1.3313,35.163029,Ongoing,"7-day click or 1-day view",8.391716,7,2190.07,action_values:offsite_conversion.fb_pixel_purchase,185,2.49259,1.219533,192,187,10,11,
2026-04-23,2026-04-23,"4/12 2023 - Safety Shoe Sale  Campaign",inactive,,,,"Using ad set budget",0,0,0,0,0,0,Ongoing,"7-day click or 1-day view",,,,,,,0,,,,,
2026-04-23,2026-04-23,"11/10 2023 - Advantage+ shopping campaign Campaign",inactive,,,,"Using ad set budget",0,0,0,0,0,0,Ongoing,"7-day click or 1-day view",,,,,,,0,,,,,
2026-04-23,2026-04-23,"19/7 2023 - MPA RM campaign",inactive,,,,"Using ad set budget",0,0,0,0,0,0,Ongoing,"7-day click or 1-day view",,,,,,,0,,,,,
2026-04-23,2026-04-23,"11/7 2023 - Sales campaign Women - UK MPA",inactive,,,,"Using ad set budget",0,0,0,0,0,0,Ongoing,"7-day click or 1-day view",,,,,,,0,,,,,
2026-04-23,2026-04-23,"23/6 2023 - Sales campaign - UK MPA",inactive,,,,"Using ad set budget",0,0,0,0,0,0,Ongoing,"7-day click or 1-day view",,,,,,,0,,,,,
2026-04-23,2026-04-23,"19/6 2023 - Sales collection video",inactive,,,,"Using ad set budget",0,0,0,0,0,0,Ongoing,"7-day click or 1-day view",,,,,,,0,,,,,
2026-04-23,2026-04-23,"12/5 2023 - Sales campaign - UK MPA",inactive,,,,"Using ad set budget",0,0,0,0,0,0,Ongoing,"7-day click or 1-day view",,,,,,,0,,,,,
2026-04-23,2026-04-23,"8/5 Veltuff - Broad - custom - UK sales",inactive,,,,"Using ad set budget",0,0,0,0,0,0,Ongoing,"7-day click or 1-day view",,,,,,,0,,,,,
2026-04-23,2026-04-23,"3/5 Veltuff - Prospecting Campaign - Sales",inactive,,,,"Using ad set budget",0,0,0,0,0,0,Ongoing,"7-day click or 1-day view",,,,,,,0,,,,,
2026-04-23,2026-04-23,"11/4 Veltuff - Broad - custom - UK sales",inactive,,,,"Using ad set budget",0,0,0,0,0,0,Ongoing,"7-day click or 1-day view",,,,,,,0,,,,,
2026-04-23,2026-04-23,"28/3 Veltuff - Broad - custom - UK RM",inactive,,,,"Using ad set budget",0,0,0,0,0,0,Ongoing,"7-day click or 1-day view",,,,,,,0,,,,,
2026-04-23,2026-04-23,"23/3 Veltuff - Broad - custom - UK sales",inactive,,,,"Using ad set budget",0,0,0,0,0,0,Ongoing,"7-day click or 1-day view",,,,,,,0,,,,,
2026-04-23,2026-04-23,"17/3 Veltuff - Broad - custom - UK sales",inactive,,,,"Using ad set budget",0,0,0,0,0,0,Ongoing,"7-day click or 1-day view",,,,,,,0,,,,,
2026-04-23,2026-04-23,"AS - Prospecting Campaign JAN2023 - SALE - Copy",inactive,,,,"Using ad set budget",0,0,0,0,0,0,Ongoing,"7-day click or 1-day view",,,,,,,0,,,,,
2026-04-23,2026-04-23,"AS - Prospecting Campaign Dec2022",inactive,,,,"Using ad set budget",0,0,0,0,0,0,Ongoing,"7-day click or 1-day view",,,,,,,0,,,,,
2026-04-23,2026-04-23,"AS - RMKT - DEC 2022",inactive,,,,50,Daily,0,0,0,0,0,Ongoing,"7-day click or 1-day view",,,,,,,0,,,,,
2026-04-23,2026-04-23,"Website Retargeting - 2022",inactive,,,,"Using ad set budget",0,0,0,0,0,0,Ongoing,"1-day click",,,,,,,0,,,,,
2026-04-22,2026-04-22,"VD | Broad | Awareness",active,,,,196,Daily,0,0,0,0,0,Ongoing,"7-day click or 1-day view",,,,,,,0,,,,,
2026-04-22,2026-04-22,"VD | Retargeting | DPA Broad Remarket",inactive,,,,44,Daily,0,0,0,0,0,Ongoing,"7-day click",,,,,,,0,,,,,
2026-04-22,2026-04-22,"VD | Retargeting | DPA",active,,,,370,Daily,70.09,1206,773,1.560155,58.117745,Ongoing,"7-day click",,,,,20,1.658375,2.595926,55,16,3,,3
2026-04-22,2026-04-22,"VD | Retargeting | DPA Campaign | Sales",inactive,,,,145,Daily,0,0,0,0,0,Ongoing,"7-day click",,,,,,,0,,,,,
2026-04-22,2026-04-22,"VD | Broad | Prospecting | Sales",active,5,actions:offsite_conversion.fb_pixel_purchase,84.05,370,Daily,420.25,12264,8330,1.472269,34.26696,Ongoing,"7-day click",7.501654,5,3152.57,action_values:offsite_conversion.fb_pixel_purchase,258,2.103718,1.459201,278,185,16,7,5
2026-04-22,2026-04-22,"Warehouse Clearance | Prospecting | Sales | Advantage+",inactive,,,,"Using ad set budget",0,0,0,0,0,0,2026-03-29,"7-day click",,,,,,,0,,,,,
2026-04-22,2026-04-22,"WinterSale | Prospecting | Sales | Advantage+",inactive,,,,"Using ad set budget",0,0,0,0,0,0,Ongoing,"7-day click",,,,,,,0,,,,,
2026-04-22,2026-04-22,"Ongoing | Sales | ProTex1 | Advantage+ | SH",active,4,actions:offsite_conversion.fb_pixel_purchase,47.1025,327,Daily,188.41,5252,3259,1.611537,35.873953,Ongoing,"7-day click or 1-day view",9.074943,4,1709.81,action_values:offsite_conversion.fb_pixel_purchase,48,0.913938,3.038871,52,40,24,10,
2026-04-22,2026-04-22,"Ongoing | Sales | Hi-Vis Only | Advantage+ | SH",active,1,actions:offsite_conversion.fb_pixel_purchase,132.01,300,Daily,132.01,3157,1867,1.690948,41.815014,Ongoing,"7-day click or 1-day view",4.811832,1,635.21,action_values:offsite_conversion.fb_pixel_purchase,31,0.981945,3.882647,50,28,4,7,1
2026-04-22,2026-04-22,"Customised Workwear | Awareness | Advantage+ | SH Campaign – Copy",inactive,,,,100,Daily,0,0,0,0,0,Ongoing,"7-day click or 1-day view",,,,,,,0,,,,,
2026-04-22,2026-04-22,"Key Categories | Sales | Advantage+ | SH Campaign",inactive,,,,"Using ad set budget",0,0,0,0,0,0,Ongoing,"7-day click, 1-day view, or 1-day engaged-view",,,,,,,0,,,,,
2026-04-22,2026-04-22,"Customised Workwear | Sales | Advantage+ | SH Campaign",inactive,,,,"Using ad set budget",0,0,0,0,0,0,Ongoing,"7-day click, 1-day view, or 1-day engaged-view",,,,,,,0,,,,,
2026-04-22,2026-04-22,"Ongoing | Retargeting | Sales | Dynamic Abandoned Cart - 30 Days | SH",inactive,,,,6.5,Daily,27.72,505,375,1.346667,54.891089,Ongoing,"7-day click",,,,,11,2.178218,2.52,11,10,1,1,
2026-04-22,2026-04-22,"AS 7/1 25 - Purchase - Flexible ad Campaign",inactive,,,,"Using ad set budget",0,0,0,0,0,0,Ongoing,"7-day click, 1-day view, or 1-day engaged-view",,,,,,,0,,,,,
2026-04-22,2026-04-22,"5/6 Michelle Job add - KAM Jylland",inactive,,,,"Using ad set budget",0,0,0,0,0,0,Ongoing,"7-day click or 1-day view",,,,,,,0,,,,,
2026-04-22,2026-04-22,"4/1 2024 - RM - UK Campaign",inactive,,,,100,Daily,0,0,0,0,0,Ongoing,"7-day click",,,,,,,0,,,,,
2026-04-22,2026-04-22,"Ongoing | Prospecting | Sales | Broad | Advantage+ | SH Campaign",inactive,4,actions:offsite_conversion.fb_pixel_purchase,70.515,"Using ad set budget",0,282.06,8493,6485,1.309638,33.21088,Ongoing,"7-day click or 1-day view",4.194746,4,1183.17,action_values:offsite_conversion.fb_pixel_purchase,206,2.425527,1.200255,211,198,16,8,1
2026-04-22,2026-04-22,"4/12 2023 - Safety Shoe Sale  Campaign",inactive,,,,"Using ad set budget",0,0,0,0,0,0,Ongoing,"7-day click or 1-day view",,,,,,,0,,,,,
2026-04-22,2026-04-22,"11/10 2023 - Advantage+ shopping campaign Campaign",inactive,,,,"Using ad set budget",0,0,0,0,0,0,Ongoing,"7-day click or 1-day view",,,,,,,0,,,,,
2026-04-22,2026-04-22,"19/7 2023 - MPA RM campaign",inactive,,,,"Using ad set budget",0,0,0,0,0,0,Ongoing,"7-day click or 1-day view",,,,,,,0,,,,,
2026-04-22,2026-04-22,"11/7 2023 - Sales campaign Women - UK MPA",inactive,,,,"Using ad set budget",0,0,0,0,0,0,Ongoing,"7-day click or 1-day view",,,,,,,0,,,,,
2026-04-22,2026-04-22,"23/6 2023 - Sales campaign - UK MPA",inactive,,,,"Using ad set budget",0,0,0,0,0,0,Ongoing,"7-day click or 1-day view",,,,,,,0,,,,,
2026-04-22,2026-04-22,"19/6 2023 - Sales collection video",inactive,,,,"Using ad set budget",0,0,0,0,0,0,Ongoing,"7-day click or 1-day view",,,,,,,0,,,,,
2026-04-22,2026-04-22,"12/5 2023 - Sales campaign - UK MPA",inactive,,,,"Using ad set budget",0,0,0,0,0,0,Ongoing,"7-day click or 1-day view",,,,,,,0,,,,,
2026-04-22,2026-04-22,"8/5 Veltuff - Broad - custom - UK sales",inactive,,,,"Using ad set budget",0,0,0,0,0,0,Ongoing,"7-day click or 1-day view",,,,,,,0,,,,,
2026-04-22,2026-04-22,"3/5 Veltuff - Prospecting Campaign - Sales",inactive,,,,"Using ad set budget",0,0,0,0,0,0,Ongoing,"7-day click or 1-day view",,,,,,,0,,,,,
2026-04-22,2026-04-22,"11/4 Veltuff - Broad - custom - UK sales",inactive,,,,"Using ad set budget",0,0,0,0,0,0,Ongoing,"7-day click or 1-day view",,,,,,,0,,,,,
2026-04-22,2026-04-22,"28/3 Veltuff - Broad - custom - UK RM",inactive,,,,"Using ad set budget",0,0,0,0,0,0,Ongoing,"7-day click or 1-day view",,,,,,,0,,,,,
2026-04-22,2026-04-22,"23/3 Veltuff - Broad - custom - UK sales",inactive,,,,"Using ad set budget",0,0,0,0,0,0,Ongoing,"7-day click or 1-day view",,,,,,,0,,,,,
2026-04-22,2026-04-22,"17/3 Veltuff - Broad - custom - UK sales",inactive,,,,"Using ad set budget",0,0,0,0,0,0,Ongoing,"7-day click or 1-day view",,,,,,,0,,,,,
2026-04-22,2026-04-22,"AS - Prospecting Campaign JAN2023 - SALE - Copy",inactive,,,,"Using ad set budget",0,0,0,0,0,0,Ongoing,"7-day click or 1-day view",,,,,,,0,,,,,
2026-04-22,2026-04-22,"AS - Prospecting Campaign Dec2022",inactive,,,,"Using ad set budget",0,0,0,0,0,0,Ongoing,"7-day click or 1-day view",,,,,,,0,,,,,
2026-04-22,2026-04-22,"AS - RMKT - DEC 2022",inactive,,,,50,Daily,0,0,0,0,0,Ongoing,"7-day click or 1-day view",,,,,,,0,,,,,
2026-04-22,2026-04-22,"Website Retargeting - 2022",inactive,,,,"Using ad set budget",0,0,0,0,0,0,Ongoing,"1-day click",,,,,,,0,,,,,
2026-04-21,2026-04-21,"VD | Broad | Awareness",active,,,,196,Daily,0,0,0,0,0,Ongoing,"7-day click or 1-day view",,,,,,,0,,,,,
2026-04-21,2026-04-21,"VD | Retargeting | DPA Broad Remarket",inactive,,,,44,Daily,0,0,0,0,0,Ongoing,"7-day click",,,,,,,0,,,,,
2026-04-21,2026-04-21,"VD | Retargeting | DPA",active,,,,370,Daily,62.9,1342,852,1.575117,46.870343,Ongoing,"7-day click",,,,,14,1.043219,3.494444,32,14,1,,4
2026-04-21,2026-04-21,"VD | Retargeting | DPA Campaign | Sales",inactive,,,,145,Daily,0,0,0,0,0,Ongoing,"7-day click",,,,,,,0,,,,,
2026-04-21,2026-04-21,"VD | Broad | Prospecting | Sales",active,5,actions:offsite_conversion.fb_pixel_purchase,61.954,370,Daily,309.77,8145,5446,1.495593,38.031921,Ongoing,"7-day click",6.547245,5,2028.14,action_values:offsite_conversion.fb_pixel_purchase,148,1.817066,1.85491,168,119,12,7,10
2026-04-21,2026-04-21,"Warehouse Clearance | Prospecting | Sales | Advantage+",inactive,,,,"Using ad set budget",0,0,0,0,0,0,2026-03-29,"7-day click",,,,,,,0,,,,,
2026-04-21,2026-04-21,"WinterSale | Prospecting | Sales | Advantage+",inactive,,,,"Using ad set budget",0,0,0,0,0,0,Ongoing,"7-day click",,,,,,,0,,,,,
2026-04-21,2026-04-21,"Ongoing | Sales | ProTex1 | Advantage+ | SH",active,3,actions:offsite_conversion.fb_pixel_purchase,66.78,327,Daily,200.34,5661,3328,1.701022,35.389507,Ongoing,"7-day click or 1-day view",79.013477,3,15829.56,action_values:offsite_conversion.fb_pixel_purchase,58,1.024554,2.82169,60,47,4,3,
2026-04-21,2026-04-21,"Ongoing | Sales | Hi-Vis Only | Advantage+ | SH",active,1,actions:offsite_conversion.fb_pixel_purchase,141.82,300,Daily,141.82,3880,2361,1.643371,36.551546,Ongoing,"7-day click or 1-day view",3.944719,1,559.44,action_values:offsite_conversion.fb_pixel_purchase,43,1.108247,2.780784,67,36,16,6,4
2026-04-21,2026-04-21,"Customised Workwear | Awareness | Advantage+ | SH Campaign – Copy",inactive,,,,100,Daily,0,0,0,0,0,Ongoing,"7-day click or 1-day view",,,,,,,0,,,,,
2026-04-21,2026-04-21,"Key Categories | Sales | Advantage+ | SH Campaign",inactive,,,,"Using ad set budget",0,0,0,0,0,0,Ongoing,"7-day click, 1-day view, or 1-day engaged-view",,,,,,,0,,,,,
2026-04-21,2026-04-21,"Customised Workwear | Sales | Advantage+ | SH Campaign",inactive,,,,"Using ad set budget",0,0,0,0,0,0,Ongoing,"7-day click, 1-day view, or 1-day engaged-view",,,,,,,0,,,,,
2026-04-21,2026-04-21,"Ongoing | Retargeting | Sales | Dynamic Abandoned Cart - 30 Days | SH",inactive,1,actions:offsite_conversion.fb_pixel_purchase,32.73,6.5,Daily,32.73,587,497,1.181087,55.758092,Ongoing,"7-day click",20.961198,1,686.06,action_values:offsite_conversion.fb_pixel_purchase,12,2.044293,2.337857,12,10,1,,
2026-04-21,2026-04-21,"AS 7/1 25 - Purchase - Flexible ad Campaign",inactive,,,,"Using ad set budget",0,0,0,0,0,0,Ongoing,"7-day click, 1-day view, or 1-day engaged-view",,,,,,,0,,,,,
2026-04-21,2026-04-21,"5/6 Michelle Job add - KAM Jylland",inactive,,,,"Using ad set budget",0,0,0,0,0,0,Ongoing,"7-day click or 1-day view",,,,,,,0,,,,,
2026-04-21,2026-04-21,"4/1 2024 - RM - UK Campaign",inactive,,,,100,Daily,0,0,0,0,0,Ongoing,"7-day click",,,,,,,0,,,,,
2026-04-21,2026-04-21,"Ongoing | Prospecting | Sales | Broad | Advantage+ | SH Campaign",inactive,7,actions:offsite_conversion.fb_pixel_purchase,49.76428571,"Using ad set budget",0,348.35,11245,8379,1.342046,30.978213,Ongoing,"7-day click or 1-day view",31.013693,7,10803.62,action_values:offsite_conversion.fb_pixel_purchase,263,2.338817,1.157309,268,241,22,13,
2026-04-21,2026-04-21,"4/12 2023 - Safety Shoe Sale  Campaign",inactive,,,,"Using ad set budget",0,0,0,0,0,0,Ongoing,"7-day click or 1-day view",,,,,,,0,,,,,
2026-04-21,2026-04-21,"11/10 2023 - Advantage+ shopping campaign Campaign",inactive,,,,"Using ad set budget",0,0,0,0,0,0,Ongoing,"7-day click or 1-day view",,,,,,,0,,,,,
2026-04-21,2026-04-21,"19/7 2023 - MPA RM campaign",inactive,,,,"Using ad set budget",0,0,0,0,0,0,Ongoing,"7-day click or 1-day view",,,,,,,0,,,,,
2026-04-21,2026-04-21,"11/7 2023 - Sales campaign Women - UK MPA",inactive,,,,"Using ad set budget",0,0,0,0,0,0,Ongoing,"7-day click or 1-day view",,,,,,,0,,,,,
2026-04-21,2026-04-21,"23/6 2023 - Sales campaign - UK MPA",inactive,,,,"Using ad set budget",0,0,0,0,0,0,Ongoing,"7-day click or 1-day view",,,,,,,0,,,,,
2026-04-21,2026-04-21,"19/6 2023 - Sales collection video",inactive,,,,"Using ad set budget",0,0,0,0,0,0,Ongoing,"7-day click or 1-day view",,,,,,,0,,,,,
2026-04-21,2026-04-21,"12/5 2023 - Sales campaign - UK MPA",inactive,,,,"Using ad set budget",0,0,0,0,0,0,Ongoing,"7-day click or 1-day view",,,,,,,0,,,,,
2026-04-21,2026-04-21,"8/5 Veltuff - Broad - custom - UK sales",inactive,,,,"Using ad set budget",0,0,0,0,0,0,Ongoing,"7-day click or 1-day view",,,,,,,0,,,,,
2026-04-21,2026-04-21,"3/5 Veltuff - Prospecting Campaign - Sales",inactive,,,,"Using ad set budget",0,0,0,0,0,0,Ongoing,"7-day click or 1-day view",,,,,,,0,,,,,
2026-04-21,2026-04-21,"11/4 Veltuff - Broad - custom - UK sales",inactive,,,,"Using ad set budget",0,0,0,0,0,0,Ongoing,"7-day click or 1-day view",,,,,,,0,,,,,
2026-04-21,2026-04-21,"28/3 Veltuff - Broad - custom - UK RM",inactive,,,,"Using ad set budget",0,0,0,0,0,0,Ongoing,"7-day click or 1-day view",,,,,,,0,,,,,
2026-04-21,2026-04-21,"23/3 Veltuff - Broad - custom - UK sales",inactive,,,,"Using ad set budget",0,0,0,0,0,0,Ongoing,"7-day click or 1-day view",,,,,,,0,,,,,
2026-04-21,2026-04-21,"17/3 Veltuff - Broad - custom - UK sales",inactive,,,,"Using ad set budget",0,0,0,0,0,0,Ongoing,"7-day click or 1-day view",,,,,,,0,,,,,
2026-04-21,2026-04-21,"AS - Prospecting Campaign JAN2023 - SALE - Copy",inactive,,,,"Using ad set budget",0,0,0,0,0,0,Ongoing,"7-day click or 1-day view",,,,,,,0,,,,,
2026-04-21,2026-04-21,"AS - Prospecting Campaign Dec2022",inactive,,,,"Using ad set budget",0,0,0,0,0,0,Ongoing,"7-day click or 1-day view",,,,,,,0,,,,,
2026-04-21,2026-04-21,"AS - RMKT - DEC 2022",inactive,,,,50,Daily,0,0,0,0,0,Ongoing,"7-day click or 1-day view",,,,,,,0,,,,,
2026-04-21,2026-04-21,"Website Retargeting - 2022",inactive,,,,"Using ad set budget",0,0,0,0,0,0,Ongoing,"1-day click",,,,,,,0,,,,,
2026-04-20,2026-04-20,"VD | Broad | Awareness",active,,,,196,Daily,0,0,0,0,0,Ongoing,"7-day click or 1-day view",,,,,,,0,,,,,
2026-04-20,2026-04-20,"VD | Retargeting | DPA Broad Remarket",inactive,,,,44,Daily,0,0,0,0,0,Ongoing,"7-day click",,,,,,,0,,,,,
2026-04-20,2026-04-20,"VD | Retargeting | DPA",active,,,,370,Daily,45.2,1059,681,1.555066,42.681775,Ongoing,"7-day click",,,,,31,2.92729,1.4125,97,21,,,13
2026-04-20,2026-04-20,"VD | Retargeting | DPA Campaign | Sales",inactive,,,,145,Daily,0,0,0,0,0,Ongoing,"7-day click",,,,,,,0,,,,,
2026-04-20,2026-04-20,"VD | Broad | Prospecting | Sales",active,4,actions:offsite_conversion.fb_pixel_purchase,67.8375,370,Daily,271.35,6099,3987,1.529722,44.4909,Ongoing,"7-day click",4.292795,4,1164.85,action_values:offsite_conversion.fb_pixel_purchase,124,2.03312,2.01,145,93,11,8,3
2026-04-20,2026-04-20,"Warehouse Clearance | Prospecting | Sales | Advantage+",inactive,,,,"Using ad set budget",0,0,0,0,0,0,2026-03-29,"7-day click",,,,,,,0,,,,,
2026-04-20,2026-04-20,"WinterSale | Prospecting | Sales | Advantage+",inactive,,,,"Using ad set budget",0,0,0,0,0,0,Ongoing,"7-day click",,,,,,,0,,,,,
2026-04-20,2026-04-20,"Ongoing | Sales | ProTex1 | Advantage+ | SH",active,4,actions:offsite_conversion.fb_pixel_purchase,45.2575,327,Daily,181.03,5532,3272,1.690709,32.72415,Ongoing,"7-day click or 1-day view",19.349666,4,3502.87,action_values:offsite_conversion.fb_pixel_purchase,66,1.193059,2.080805,71,51,10,6,
2026-04-20,2026-04-20,"Ongoing | Sales | Hi-Vis Only | Advantage+ | SH",active,1,actions:offsite_conversion.fb_pixel_purchase,114.4,300,Daily,114.4,3241,2026,1.599704,35.297748,Ongoing,"7-day click or 1-day view",1.268444,1,145.11,action_values:offsite_conversion.fb_pixel_purchase,45,1.38846,2.118519,54,42,8,1,2
2026-04-20,2026-04-20,"Customised Workwear | Awareness | Advantage+ | SH Campaign – Copy",inactive,,,,100,Daily,0,0,0,0,0,Ongoing,"7-day click or 1-day view",,,,,,,0,,,,,
2026-04-20,2026-04-20,"Key Categories | Sales | Advantage+ | SH Campaign",inactive,,,,"Using ad set budget",0,0,0,0,0,0,Ongoing,"7-day click, 1-day view, or 1-day engaged-view",,,,,,,0,,,,,
2026-04-20,2026-04-20,"Customised Workwear | Sales | Advantage+ | SH Campaign",inactive,,,,"Using ad set budget",0,0,0,0,0,0,Ongoing,"7-day click, 1-day view, or 1-day engaged-view",,,,,,,0,,,,,
2026-04-20,2026-04-20,"Ongoing | Retargeting | Sales | Dynamic Abandoned Cart - 30 Days | SH",inactive,,,,6.5,Daily,26.14,539,434,1.241935,48.497217,Ongoing,"7-day click",,,,,17,3.153989,1.375789,17,15,,,
2026-04-20,2026-04-20,"AS 7/1 25 - Purchase - Flexible ad Campaign",inactive,,,,"Using ad set budget",0,0,0,0,0,0,Ongoing,"7-day click, 1-day view, or 1-day engaged-view",,,,,,,0,,,,,
2026-04-20,2026-04-20,"5/6 Michelle Job add - KAM Jylland",inactive,,,,"Using ad set budget",0,0,0,0,0,0,Ongoing,"7-day click or 1-day view",,,,,,,0,,,,,
2026-04-20,2026-04-20,"4/1 2024 - RM - UK Campaign",inactive,,,,100,Daily,0,0,0,0,0,Ongoing,"7-day click",,,,,,,0,,,,,
2026-04-20,2026-04-20,"Ongoing | Prospecting | Sales | Broad | Advantage+ | SH Campaign",inactive,2,actions:offsite_conversion.fb_pixel_purchase,161.615,"Using ad set budget",0,323.23,10381,8018,1.294712,31.136692,Ongoing,"7-day click or 1-day view",1.985985,2,641.93,action_values:offsite_conversion.fb_pixel_purchase,232,2.234852,1.179672,237,213,15,7,1
2026-04-20,2026-04-20,"4/12 2023 - Safety Shoe Sale  Campaign",inactive,,,,"Using ad set budget",0,0,0,0,0,0,Ongoing,"7-day click or 1-day view",,,,,,,0,,,,,
2026-04-20,2026-04-20,"11/10 2023 - Advantage+ shopping campaign Campaign",inactive,,,,"Using ad set budget",0,0,0,0,0,0,Ongoing,"7-day click or 1-day view",,,,,,,0,,,,,
2026-04-20,2026-04-20,"19/7 2023 - MPA RM campaign",inactive,,,,"Using ad set budget",0,0,0,0,0,0,Ongoing,"7-day click or 1-day view",,,,,,,0,,,,,
2026-04-20,2026-04-20,"11/7 2023 - Sales campaign Women - UK MPA",inactive,,,,"Using ad set budget",0,0,0,0,0,0,Ongoing,"7-day click or 1-day view",,,,,,,0,,,,,
2026-04-20,2026-04-20,"23/6 2023 - Sales campaign - UK MPA",inactive,,,,"Using ad set budget",0,0,0,0,0,0,Ongoing,"7-day click or 1-day view",,,,,,,0,,,,,
2026-04-20,2026-04-20,"19/6 2023 - Sales collection video",inactive,,,,"Using ad set budget",0,0,0,0,0,0,Ongoing,"7-day click or 1-day view",,,,,,,0,,,,,
2026-04-20,2026-04-20,"12/5 2023 - Sales campaign - UK MPA",inactive,,,,"Using ad set budget",0,0,0,0,0,0,Ongoing,"7-day click or 1-day view",,,,,,,0,,,,,
2026-04-20,2026-04-20,"8/5 Veltuff - Broad - custom - UK sales",inactive,,,,"Using ad set budget",0,0,0,0,0,0,Ongoing,"7-day click or 1-day view",,,,,,,0,,,,,
2026-04-20,2026-04-20,"3/5 Veltuff - Prospecting Campaign - Sales",inactive,,,,"Using ad set budget",0,0,0,0,0,0,Ongoing,"7-day click or 1-day view",,,,,,,0,,,,,
2026-04-20,2026-04-20,"11/4 Veltuff - Broad - custom - UK sales",inactive,,,,"Using ad set budget",0,0,0,0,0,0,Ongoing,"7-day click or 1-day view",,,,,,,0,,,,,
2026-04-20,2026-04-20,"28/3 Veltuff - Broad - custom - UK RM",inactive,,,,"Using ad set budget",0,0,0,0,0,0,Ongoing,"7-day click or 1-day view",,,,,,,0,,,,,
2026-04-20,2026-04-20,"23/3 Veltuff - Broad - custom - UK sales",inactive,,,,"Using ad set budget",0,0,0,0,0,0,Ongoing,"7-day click or 1-day view",,,,,,,0,,,,,
2026-04-20,2026-04-20,"17/3 Veltuff - Broad - custom - UK sales",inactive,,,,"Using ad set budget",0,0,0,0,0,0,Ongoing,"7-day click or 1-day view",,,,,,,0,,,,,
2026-04-20,2026-04-20,"AS - Prospecting Campaign JAN2023 - SALE - Copy",inactive,,,,"Using ad set budget",0,0,0,0,0,0,Ongoing,"7-day click or 1-day view",,,,,,,0,,,,,
2026-04-20,2026-04-20,"AS - Prospecting Campaign Dec2022",inactive,,,,"Using ad set budget",0,0,0,0,0,0,Ongoing,"7-day click or 1-day view",,,,,,,0,,,,,
2026-04-20,2026-04-20,"AS - RMKT - DEC 2022",inactive,,,,50,Daily,0,0,0,0,0,Ongoing,"7-day click or 1-day view",,,,,,,0,,,,,
2026-04-20,2026-04-20,"Website Retargeting - 2022",inactive,,,,"Using ad set budget",0,0,0,0,0,0,Ongoing,"1-day click",,,,,,,0,,,,,
2026-04-19,2026-04-19,"VD | Broad | Awareness",active,,,,196,Daily,0,0,0,0,0,Ongoing,"7-day click or 1-day view",,,,,,,0,,,,,
2026-04-19,2026-04-19,"VD | Retargeting | DPA Broad Remarket",inactive,,,,44,Daily,0,0,0,0,0,Ongoing,"7-day click",,,,,,,0,,,,,
2026-04-19,2026-04-19,"VD | Retargeting | DPA",active,,,,370,Daily,40.82,840,563,1.492007,48.595238,Ongoing,"7-day click",,,,,6,0.714286,3.401667,63,2,,,10
2026-04-19,2026-04-19,"VD | Retargeting | DPA Campaign | Sales",inactive,1,actions:offsite_conversion.fb_pixel_purchase,0,145,Daily,0,0,0,0,0,Ongoing,"7-day click",,1,667.94,action_values:offsite_conversion.fb_pixel_purchase,,,0,,,2,2,
2026-04-19,2026-04-19,"VD | Broad | Prospecting | Sales",active,3,actions:offsite_conversion.fb_pixel_purchase,85.59666667,370,Daily,256.79,6291,3896,1.614733,40.81863,Ongoing,"7-day click",7.015927,3,1801.62,action_values:offsite_conversion.fb_pixel_purchase,140,2.225401,1.770966,161,121,15,3,9
2026-04-19,2026-04-19,"Warehouse Clearance | Prospecting | Sales | Advantage+",inactive,,,,"Using ad set budget",0,0,0,0,0,0,2026-03-29,"7-day click",,,,,,,0,,,,,
2026-04-19,2026-04-19,"WinterSale | Prospecting | Sales | Advantage+",inactive,,,,"Using ad set budget",0,0,0,0,0,0,Ongoing,"7-day click",,,,,,,0,,,,,
2026-04-19,2026-04-19,"Ongoing | Sales | ProTex1 | Advantage+ | SH",active,2,actions:offsite_conversion.fb_pixel_purchase,93.335,327,Daily,186.67,4788,2860,1.674126,38.987051,Ongoing,"7-day click or 1-day view",5.347297,2,998.18,action_values:offsite_conversion.fb_pixel_purchase,71,1.482874,2.029022,73,58,25,8,
2026-04-19,2026-04-19,"Ongoing | Sales | Hi-Vis Only | Advantage+ | SH",active,3,actions:offsite_conversion.fb_pixel_purchase,44.27666667,300,Daily,132.83,3486,2181,1.598349,38.103844,Ongoing,"7-day click or 1-day view",55.208236,3,7333.31,action_values:offsite_conversion.fb_pixel_purchase,51,1.462995,2.213833,64,46,11,2,
2026-04-19,2026-04-19,"Customised Workwear | Awareness | Advantage+ | SH Campaign – Copy",inactive,,,,100,Daily,0,0,0,0,0,Ongoing,"7-day click or 1-day view",,,,,,,0,,,,,
2026-04-19,2026-04-19,"Key Categories | Sales | Advantage+ | SH Campaign",inactive,,,,"Using ad set budget",0,0,0,0,0,0,Ongoing,"7-day click, 1-day view, or 1-day engaged-view",,,,,,,0,,,,,
2026-04-19,2026-04-19,"Customised Workwear | Sales | Advantage+ | SH Campaign",inactive,,,,"Using ad set budget",0,0,0,0,0,0,Ongoing,"7-day click, 1-day view, or 1-day engaged-view",,,,,,,0,,,,,
2026-04-19,2026-04-19,"Ongoing | Retargeting | Sales | Dynamic Abandoned Cart - 30 Days | SH",inactive,2,actions:offsite_conversion.fb_pixel_purchase,15.54,6.5,Daily,31.08,553,444,1.245496,56.202532,Ongoing,"7-day click",28.124517,2,874.11,action_values:offsite_conversion.fb_pixel_purchase,25,4.520796,1.195385,25,26,3,4,
2026-04-19,2026-04-19,"AS 7/1 25 - Purchase - Flexible ad Campaign",inactive,,,,"Using ad set budget",0,0,0,0,0,0,Ongoing,"7-day click, 1-day view, or 1-day engaged-view",,,,,,,0,,,,,
2026-04-19,2026-04-19,"5/6 Michelle Job add - KAM Jylland",inactive,,,,"Using ad set budget",0,0,0,0,0,0,Ongoing,"7-day click or 1-day view",,,,,,,0,,,,,
2026-04-19,2026-04-19,"4/1 2024 - RM - UK Campaign",inactive,,,,100,Daily,0,0,0,0,0,Ongoing,"7-day click",,,,,,,0,,,,,
2026-04-19,2026-04-19,"Ongoing | Prospecting | Sales | Broad | Advantage+ | SH Campaign",inactive,6,actions:offsite_conversion.fb_pixel_purchase,55.705,"Using ad set budget",0,334.23,10123,7112,1.423369,33.016892,Ongoing,"7-day click or 1-day view",7.492565,6,2504.24,action_values:offsite_conversion.fb_pixel_purchase,282,2.785735,1.125354,284,262,61,24,
2026-04-19,2026-04-19,"4/12 2023 - Safety Shoe Sale  Campaign",inactive,,,,"Using ad set budget",0,0,0,0,0,0,Ongoing,"7-day click or 1-day view",,,,,,,0,,,,,
2026-04-19,2026-04-19,"11/10 2023 - Advantage+ shopping campaign Campaign",inactive,,,,"Using ad set budget",0,0,0,0,0,0,Ongoing,"7-day click or 1-day view",,,,,,,0,,,,,
2026-04-19,2026-04-19,"19/7 2023 - MPA RM campaign",inactive,,,,"Using ad set budget",0,0,0,0,0,0,Ongoing,"7-day click or 1-day view",,,,,,,0,,,,,
2026-04-19,2026-04-19,"11/7 2023 - Sales campaign Women - UK MPA",inactive,,,,"Using ad set budget",0,0,0,0,0,0,Ongoing,"7-day click or 1-day view",,,,,,,0,,,,,
2026-04-19,2026-04-19,"23/6 2023 - Sales campaign - UK MPA",inactive,,,,"Using ad set budget",0,0,0,0,0,0,Ongoing,"7-day click or 1-day view",,,,,,,0,,,,,
2026-04-19,2026-04-19,"19/6 2023 - Sales collection video",inactive,,,,"Using ad set budget",0,0,0,0,0,0,Ongoing,"7-day click or 1-day view",,,,,,,0,,,,,
2026-04-19,2026-04-19,"12/5 2023 - Sales campaign - UK MPA",inactive,,,,"Using ad set budget",0,0,0,0,0,0,Ongoing,"7-day click or 1-day view",,,,,,,0,,,,,
2026-04-19,2026-04-19,"8/5 Veltuff - Broad - custom - UK sales",inactive,,,,"Using ad set budget",0,0,0,0,0,0,Ongoing,"7-day click or 1-day view",,,,,,,0,,,,,
2026-04-19,2026-04-19,"3/5 Veltuff - Prospecting Campaign - Sales",inactive,,,,"Using ad set budget",0,0,0,0,0,0,Ongoing,"7-day click or 1-day view",,,,,,,0,,,,,
2026-04-19,2026-04-19,"11/4 Veltuff - Broad - custom - UK sales",inactive,,,,"Using ad set budget",0,0,0,0,0,0,Ongoing,"7-day click or 1-day view",,,,,,,0,,,,,
2026-04-19,2026-04-19,"28/3 Veltuff - Broad - custom - UK RM",inactive,,,,"Using ad set budget",0,0,0,0,0,0,Ongoing,"7-day click or 1-day view",,,,,,,0,,,,,
2026-04-19,2026-04-19,"23/3 Veltuff - Broad - custom - UK sales",inactive,,,,"Using ad set budget",0,0,0,0,0,0,Ongoing,"7-day click or 1-day view",,,,,,,0,,,,,
2026-04-19,2026-04-19,"17/3 Veltuff - Broad - custom - UK sales",inactive,,,,"Using ad set budget",0,0,0,0,0,0,Ongoing,"7-day click or 1-day view",,,,,,,0,,,,,
2026-04-19,2026-04-19,"AS - Prospecting Campaign JAN2023 - SALE - Copy",inactive,,,,"Using ad set budget",0,0,0,0,0,0,Ongoing,"7-day click or 1-day view",,,,,,,0,,,,,
2026-04-19,2026-04-19,"AS - Prospecting Campaign Dec2022",inactive,,,,"Using ad set budget",0,0,0,0,0,0,Ongoing,"7-day click or 1-day view",,,,,,,0,,,,,
2026-04-19,2026-04-19,"AS - RMKT - DEC 2022",inactive,,,,50,Daily,0,0,0,0,0,Ongoing,"7-day click or 1-day view",,,,,,,0,,,,,
2026-04-19,2026-04-19,"Website Retargeting - 2022",inactive,,,,"Using ad set budget",0,0,0,0,0,0,Ongoing,"1-day click",,,,,,,0,,,,,
2026-04-18,2026-04-18,"VD | Broad | Awareness",active,,,,196,Daily,0,0,0,0,0,Ongoing,"7-day click or 1-day view",,,,,,,0,,,,,
2026-04-18,2026-04-18,"VD | Retargeting | DPA Broad Remarket",inactive,,,,44,Daily,0,0,0,0,0,Ongoing,"7-day click",,,,,,,0,,,,,
2026-04-18,2026-04-18,"VD | Retargeting | DPA",active,,,,370,Daily,33.27,671,419,1.601432,49.582712,Ongoing,"7-day click",,,,,14,2.086438,2.079375,52,14,,,17
2026-04-18,2026-04-18,"VD | Retargeting | DPA Campaign | Sales",inactive,,,,145,Daily,0,0,0,0,0,Ongoing,"7-day click",,,,,,,0,,,,,
2026-04-18,2026-04-18,"VD | Broad | Prospecting | Sales",active,,,,370,Daily,148.35,2959,1951,1.516658,50.135181,Ongoing,"7-day click",,,,,83,2.805002,1.595161,108,84,9,6,10
2026-04-18,2026-04-18,"Warehouse Clearance | Prospecting | Sales | Advantage+",inactive,,,,"Using ad set budget",0,0,0,0,0,0,2026-03-29,"7-day click",,,,,,,0,,,,,
2026-04-18,2026-04-18,"WinterSale | Prospecting | Sales | Advantage+",inactive,,,,"Using ad set budget",0,0,0,0,0,0,Ongoing,"7-day click",,,,,,,0,,,,,
2026-04-18,2026-04-18,"Ongoing | Sales | ProTex1 | Advantage+ | SH",active,2,actions:offsite_conversion.fb_pixel_purchase,53.75,327,Daily,107.5,2720,1852,1.468683,39.522059,Ongoing,"7-day click or 1-day view",9.920372,2,1066.44,action_values:offsite_conversion.fb_pixel_purchase,57,2.095588,1.580882,57,51,16,13,
2026-04-18,2026-04-18,"Ongoing | Sales | Hi-Vis Only | Advantage+ | SH",active,1,actions:offsite_conversion.fb_pixel_purchase,69.46,300,Daily,69.46,1780,1221,1.457821,39.022472,Ongoing,"7-day click or 1-day view",7.027642,1,488.14,action_values:offsite_conversion.fb_pixel_purchase,41,2.303371,1.543556,47,43,2,1,2
2026-04-18,2026-04-18,"Customised Workwear | Awareness | Advantage+ | SH Campaign – Copy",inactive,,,,100,Daily,0,0,0,0,0,Ongoing,"7-day click or 1-day view",,,,,,,0,,,,,
2026-04-18,2026-04-18,"Key Categories | Sales | Advantage+ | SH Campaign",inactive,,,,"Using ad set budget",0,0,0,0,0,0,Ongoing,"7-day click, 1-day view, or 1-day engaged-view",,,,,,,0,,,,,
2026-04-18,2026-04-18,"Customised Workwear | Sales | Advantage+ | SH Campaign",inactive,,,,"Using ad set budget",0,0,0,0,0,0,Ongoing,"7-day click, 1-day view, or 1-day engaged-view",,,,,,,0,,,,,
2026-04-18,2026-04-18,"Ongoing | Retargeting | Sales | Dynamic Abandoned Cart - 30 Days | SH",inactive,,,,6.5,Daily,15.69,408,365,1.117808,38.455882,Ongoing,"7-day click",,,,,21,5.147059,0.980625,21,14,2,,
2026-04-18,2026-04-18,"AS 7/1 25 - Purchase - Flexible ad Campaign",inactive,,,,"Using ad set budget",0,0,0,0,0,0,Ongoing,"7-day click, 1-day view, or 1-day engaged-view",,,,,,,0,,,,,
2026-04-18,2026-04-18,"5/6 Michelle Job add - KAM Jylland",inactive,,,,"Using ad set budget",0,0,0,0,0,0,Ongoing,"7-day click or 1-day view",,,,,,,0,,,,,
2026-04-18,2026-04-18,"4/1 2024 - RM - UK Campaign",inactive,,,,100,Daily,0,0,0,0,0,Ongoing,"7-day click",,,,,,,0,,,,,
2026-04-18,2026-04-18,"Ongoing | Prospecting | Sales | Broad | Advantage+ | SH Campaign",inactive,3,actions:offsite_conversion.fb_pixel_purchase,86.99666667,"Using ad set budget",0,260.99,7798,5329,1.463314,33.468838,Ongoing,"7-day click or 1-day view",3.972643,3,1036.82,action_values:offsite_conversion.fb_pixel_purchase,187,2.398051,1.219579,195,185,12,3,
2026-04-18,2026-04-18,"4/12 2023 - Safety Shoe Sale  Campaign",inactive,,,,"Using ad set budget",0,0,0,0,0,0,Ongoing,"7-day click or 1-day view",,,,,,,0,,,,,
2026-04-18,2026-04-18,"11/10 2023 - Advantage+ shopping campaign Campaign",inactive,,,,"Using ad set budget",0,0,0,0,0,0,Ongoing,"7-day click or 1-day view",,,,,,,0,,,,,
2026-04-18,2026-04-18,"19/7 2023 - MPA RM campaign",inactive,,,,"Using ad set budget",0,0,0,0,0,0,Ongoing,"7-day click or 1-day view",,,,,,,0,,,,,
2026-04-18,2026-04-18,"11/7 2023 - Sales campaign Women - UK MPA",inactive,,,,"Using ad set budget",0,0,0,0,0,0,Ongoing,"7-day click or 1-day view",,,,,,,0,,,,,
2026-04-18,2026-04-18,"23/6 2023 - Sales campaign - UK MPA",inactive,,,,"Using ad set budget",0,0,0,0,0,0,Ongoing,"7-day click or 1-day view",,,,,,,0,,,,,
2026-04-18,2026-04-18,"19/6 2023 - Sales collection video",inactive,,,,"Using ad set budget",0,0,0,0,0,0,Ongoing,"7-day click or 1-day view",,,,,,,0,,,,,
2026-04-18,2026-04-18,"12/5 2023 - Sales campaign - UK MPA",inactive,,,,"Using ad set budget",0,0,0,0,0,0,Ongoing,"7-day click or 1-day view",,,,,,,0,,,,,
2026-04-18,2026-04-18,"8/5 Veltuff - Broad - custom - UK sales",inactive,,,,"Using ad set budget",0,0,0,0,0,0,Ongoing,"7-day click or 1-day view",,,,,,,0,,,,,
2026-04-18,2026-04-18,"3/5 Veltuff - Prospecting Campaign - Sales",inactive,,,,"Using ad set budget",0,0,0,0,0,0,Ongoing,"7-day click or 1-day view",,,,,,,0,,,,,
2026-04-18,2026-04-18,"11/4 Veltuff - Broad - custom - UK sales",inactive,,,,"Using ad set budget",0,0,0,0,0,0,Ongoing,"7-day click or 1-day view",,,,,,,0,,,,,
2026-04-18,2026-04-18,"28/3 Veltuff - Broad - custom - UK RM",inactive,,,,"Using ad set budget",0,0,0,0,0,0,Ongoing,"7-day click or 1-day view",,,,,,,0,,,,,
2026-04-18,2026-04-18,"23/3 Veltuff - Broad - custom - UK sales",inactive,,,,"Using ad set budget",0,0,0,0,0,0,Ongoing,"7-day click or 1-day view",,,,,,,0,,,,,
2026-04-18,2026-04-18,"17/3 Veltuff - Broad - custom - UK sales",inactive,,,,"Using ad set budget",0,0,0,0,0,0,Ongoing,"7-day click or 1-day view",,,,,,,0,,,,,
2026-04-18,2026-04-18,"AS - Prospecting Campaign JAN2023 - SALE - Copy",inactive,,,,"Using ad set budget",0,0,0,0,0,0,Ongoing,"7-day click or 1-day view",,,,,,,0,,,,,
2026-04-18,2026-04-18,"AS - Prospecting Campaign Dec2022",inactive,,,,"Using ad set budget",0,0,0,0,0,0,Ongoing,"7-day click or 1-day view",,,,,,,0,,,,,
2026-04-18,2026-04-18,"AS - RMKT - DEC 2022",inactive,,,,50,Daily,0,0,0,0,0,Ongoing,"7-day click or 1-day view",,,,,,,0,,,,,
2026-04-18,2026-04-18,"Website Retargeting - 2022",inactive,,,,"Using ad set budget",0,0,0,0,0,0,Ongoing,"1-day click",,,,,,,0,,,,,
2026-04-17,2026-04-17,"VD | Broad | Awareness",active,,,,196,Daily,0,0,0,0,0,Ongoing,"7-day click or 1-day view",,,,,,,0,,,,,
2026-04-17,2026-04-17,"VD | Retargeting | DPA Broad Remarket",inactive,,,,44,Daily,0,0,0,0,0,Ongoing,"7-day click",,,,,,,0,,,,,
2026-04-17,2026-04-17,"VD | Retargeting | DPA",active,1,actions:offsite_conversion.fb_pixel_purchase,48.27,370,Daily,48.27,1095,734,1.491826,44.082192,Ongoing,"7-day click",5.85664,1,282.7,action_values:offsite_conversion.fb_pixel_purchase,13,1.187215,3.218,54,9,1,1,11
2026-04-17,2026-04-17,"VD | Retargeting | DPA Campaign | Sales",inactive,,,,145,Daily,0,0,0,0,0,Ongoing,"7-day click",,,,,,,0,,,,,
2026-04-17,2026-04-17,"VD | Broad | Prospecting | Sales",active,1,actions:offsite_conversion.fb_pixel_purchase,292.45,370,Daily,292.45,6228,3907,1.594062,46.95729,Ongoing,"7-day click",0.680903,1,199.13,action_values:offsite_conversion.fb_pixel_purchase,153,2.456647,1.606868,229,128,4,1,25
2026-04-17,2026-04-17,"Warehouse Clearance | Prospecting | Sales | Advantage+",inactive,,,,"Using ad set budget",0,0,0,0,0,0,2026-03-29,"7-day click",,,,,,,0,,,,,
2026-04-17,2026-04-17,"WinterSale | Prospecting | Sales | Advantage+",inactive,,,,"Using ad set budget",0,0,0,0,0,0,Ongoing,"7-day click",,,,,,,0,,,,,
2026-04-17,2026-04-17,"Ongoing | Sales | ProTex1 | Advantage+ | SH",active,6,actions:offsite_conversion.fb_pixel_purchase,29.42166667,327,Daily,176.53,4096,2692,1.521545,43.098145,Ongoing,"7-day click or 1-day view",18.415963,6,3250.97,action_values:offsite_conversion.fb_pixel_purchase,54,1.318359,2.353733,59,46,21,6,
2026-04-17,2026-04-17,"Ongoing | Sales | Hi-Vis Only | Advantage+ | SH",active,3,actions:offsite_conversion.fb_pixel_purchase,45.91,300,Daily,137.73,3203,2142,1.495331,43.000312,Ongoing,"7-day click or 1-day view",7.359907,3,1013.68,action_values:offsite_conversion.fb_pixel_purchase,39,1.217608,2.930426,44,34,3,4,
2026-04-17,2026-04-17,"Customised Workwear | Awareness | Advantage+ | SH Campaign – Copy",inactive,,,,100,Daily,0,0,0,0,0,Ongoing,"7-day click or 1-day view",,,,,,,0,,,,,
2026-04-17,2026-04-17,"Key Categories | Sales | Advantage+ | SH Campaign",inactive,,,,"Using ad set budget",0,0,0,0,0,0,Ongoing,"7-day click, 1-day view, or 1-day engaged-view",,,,,,,0,,,,,
2026-04-17,2026-04-17,"Customised Workwear | Sales | Advantage+ | SH Campaign",inactive,,,,"Using ad set budget",0,0,0,0,0,0,Ongoing,"7-day click, 1-day view, or 1-day engaged-view",,,,,,,0,,,,,
2026-04-17,2026-04-17,"Ongoing | Retargeting | Sales | Dynamic Abandoned Cart - 30 Days | SH",inactive,,,,6.5,Daily,24.8,492,413,1.191283,50.406504,Ongoing,"7-day click",,,,,11,2.235772,1.907692,11,7,,,
2026-04-17,2026-04-17,"AS 7/1 25 - Purchase - Flexible ad Campaign",inactive,,,,"Using ad set budget",0,0,0,0,0,0,Ongoing,"7-day click, 1-day view, or 1-day engaged-view",,,,,,,0,,,,,
2026-04-17,2026-04-17,"5/6 Michelle Job add - KAM Jylland",inactive,,,,"Using ad set budget",0,0,0,0,0,0,Ongoing,"7-day click or 1-day view",,,,,,,0,,,,,
2026-04-17,2026-04-17,"4/1 2024 - RM - UK Campaign",inactive,,,,100,Daily,0,0,0,0,0,Ongoing,"7-day click",,,,,,,0,,,,,
2026-04-17,2026-04-17,"Ongoing | Prospecting | Sales | Broad | Advantage+ | SH Campaign",inactive,9,actions:offsite_conversion.fb_pixel_purchase,38.28222222,"Using ad set budget",0,344.54,11481,8534,1.345325,30.009581,Ongoing,"7-day click or 1-day view",13.12283,9,4521.34,action_values:offsite_conversion.fb_pixel_purchase,259,2.255901,1.167932,262,240,49,18,
2026-04-17,2026-04-17,"4/12 2023 - Safety Shoe Sale  Campaign",inactive,,,,"Using ad set budget",0,0,0,0,0,0,Ongoing,"7-day click or 1-day view",,,,,,,0,,,,,
2026-04-17,2026-04-17,"11/10 2023 - Advantage+ shopping campaign Campaign",inactive,,,,"Using ad set budget",0,0,0,0,0,0,Ongoing,"7-day click or 1-day view",,,,,,,0,,,,,
2026-04-17,2026-04-17,"19/7 2023 - MPA RM campaign",inactive,,,,"Using ad set budget",0,0,0,0,0,0,Ongoing,"7-day click or 1-day view",,,,,,,0,,,,,
2026-04-17,2026-04-17,"11/7 2023 - Sales campaign Women - UK MPA",inactive,,,,"Using ad set budget",0,0,0,0,0,0,Ongoing,"7-day click or 1-day view",,,,,,,0,,,,,
2026-04-17,2026-04-17,"23/6 2023 - Sales campaign - UK MPA",inactive,,,,"Using ad set budget",0,0,0,0,0,0,Ongoing,"7-day click or 1-day view",,,,,,,0,,,,,
2026-04-17,2026-04-17,"19/6 2023 - Sales collection video",inactive,,,,"Using ad set budget",0,0,0,0,0,0,Ongoing,"7-day click or 1-day view",,,,,,,0,,,,,
2026-04-17,2026-04-17,"12/5 2023 - Sales campaign - UK MPA",inactive,,,,"Using ad set budget",0,0,0,0,0,0,Ongoing,"7-day click or 1-day view",,,,,,,0,,,,,
2026-04-17,2026-04-17,"8/5 Veltuff - Broad - custom - UK sales",inactive,,,,"Using ad set budget",0,0,0,0,0,0,Ongoing,"7-day click or 1-day view",,,,,,,0,,,,,
2026-04-17,2026-04-17,"3/5 Veltuff - Prospecting Campaign - Sales",inactive,,,,"Using ad set budget",0,0,0,0,0,0,Ongoing,"7-day click or 1-day view",,,,,,,0,,,,,
2026-04-17,2026-04-17,"11/4 Veltuff - Broad - custom - UK sales",inactive,,,,"Using ad set budget",0,0,0,0,0,0,Ongoing,"7-day click or 1-day view",,,,,,,0,,,,,
2026-04-17,2026-04-17,"28/3 Veltuff - Broad - custom - UK RM",inactive,,,,"Using ad set budget",0,0,0,0,0,0,Ongoing,"7-day click or 1-day view",,,,,,,0,,,,,
2026-04-17,2026-04-17,"23/3 Veltuff - Broad - custom - UK sales",inactive,,,,"Using ad set budget",0,0,0,0,0,0,Ongoing,"7-day click or 1-day view",,,,,,,0,,,,,
2026-04-17,2026-04-17,"17/3 Veltuff - Broad - custom - UK sales",inactive,,,,"Using ad set budget",0,0,0,0,0,0,Ongoing,"7-day click or 1-day view",,,,,,,0,,,,,
2026-04-17,2026-04-17,"AS - Prospecting Campaign JAN2023 - SALE - Copy",inactive,,,,"Using ad set budget",0,0,0,0,0,0,Ongoing,"7-day click or 1-day view",,,,,,,0,,,,,
2026-04-17,2026-04-17,"AS - Prospecting Campaign Dec2022",inactive,,,,"Using ad set budget",0,0,0,0,0,0,Ongoing,"7-day click or 1-day view",,,,,,,0,,,,,
2026-04-17,2026-04-17,"AS - RMKT - DEC 2022",inactive,,,,50,Daily,0,0,0,0,0,Ongoing,"7-day click or 1-day view",,,,,,,0,,,,,
2026-04-17,2026-04-17,"Website Retargeting - 2022",inactive,,,,"Using ad set budget",0,0,0,0,0,0,Ongoing,"1-day click",,,,,,,0,,,,,
2026-04-16,2026-04-16,"VD | Broad | Awareness",active,,,,196,Daily,0,0,0,0,0,Ongoing,"7-day click or 1-day view",,,,,,,0,,,,,
2026-04-16,2026-04-16,"VD | Retargeting | DPA Broad Remarket",inactive,,,,44,Daily,0,0,0,0,0,Ongoing,"7-day click",,,,,,,0,,,,,
2026-04-16,2026-04-16,"VD | Retargeting | DPA",active,,,,370,Daily,65.06,1434,912,1.572368,45.369596,Ongoing,"7-day click",,,,,31,2.161785,2.033125,86,22,,,14
2026-04-16,2026-04-16,"VD | Retargeting | DPA Campaign | Sales",inactive,,,,145,Daily,0,0,0,0,0,Ongoing,"7-day click",,,,,,,0,,,,,
2026-04-16,2026-04-16,"VD | Broad | Prospecting | Sales",active,5,actions:offsite_conversion.fb_pixel_purchase,83.958,370,Daily,419.79,10787,7939,1.358735,38.916288,Ongoing,"7-day click",6.547059,5,2748.39,action_values:offsite_conversion.fb_pixel_purchase,216,2.00241,1.572247,315,185,15,6,34
2026-04-16,2026-04-16,"Warehouse Clearance | Prospecting | Sales | Advantage+",inactive,,,,"Using ad set budget",0,0,0,0,0,0,2026-03-29,"7-day click",,,,,,,0,,,,,
2026-04-16,2026-04-16,"WinterSale | Prospecting | Sales | Advantage+",inactive,,,,"Using ad set budget",0,0,0,0,0,0,Ongoing,"7-day click",,,,,,,0,,,,,
2026-04-16,2026-04-16,"Ongoing | Sales | ProTex1 | Advantage+ | SH",active,4,actions:offsite_conversion.fb_pixel_purchase,72.1725,327,Daily,288.69,7024,4605,1.525299,41.100513,Ongoing,"7-day click or 1-day view",10.559285,4,3048.36,action_values:offsite_conversion.fb_pixel_purchase,88,1.252847,2.347073,93,78,16,4,
2026-04-16,2026-04-16,"Ongoing | Sales | Hi-Vis Only | Advantage+ | SH",active,,,,300,Daily,217.4,5548,3605,1.538974,39.185292,Ongoing,"7-day click or 1-day view",,,,,82,1.47801,2.389011,92,73,2,,
2026-04-16,2026-04-16,"Customised Workwear | Awareness | Advantage+ | SH Campaign – Copy",inactive,,,,100,Daily,0,0,0,0,0,Ongoing,"7-day click or 1-day view",,,,,,,0,,,,,
2026-04-16,2026-04-16,"Key Categories | Sales | Advantage+ | SH Campaign",inactive,,,,"Using ad set budget",0,0,0,0,0,0,Ongoing,"7-day click, 1-day view, or 1-day engaged-view",,,,,,,0,,,,,
2026-04-16,2026-04-16,"Customised Workwear | Sales | Advantage+ | SH Campaign",inactive,,,,"Using ad set budget",0,0,0,0,0,0,Ongoing,"7-day click, 1-day view, or 1-day engaged-view",,,,,,,0,,,,,
2026-04-16,2026-04-16,"Ongoing | Retargeting | Sales | Dynamic Abandoned Cart - 30 Days | SH",inactive,1,actions:offsite_conversion.fb_pixel_purchase,44.97,6.5,Daily,44.97,852,731,1.165527,52.78169,Ongoing,"7-day click",6.10229,1,274.42,action_values:offsite_conversion.fb_pixel_purchase,26,3.051643,1.499,26,24,1,2,
2026-04-16,2026-04-16,"AS 7/1 25 - Purchase - Flexible ad Campaign",inactive,,,,"Using ad set budget",0,0,0,0,0,0,Ongoing,"7-day click, 1-day view, or 1-day engaged-view",,,,,,,0,,,,,
2026-04-16,2026-04-16,"5/6 Michelle Job add - KAM Jylland",inactive,,,,"Using ad set budget",0,0,0,0,0,0,Ongoing,"7-day click or 1-day view",,,,,,,0,,,,,
2026-04-16,2026-04-16,"4/1 2024 - RM - UK Campaign",inactive,,,,100,Daily,0,0,0,0,0,Ongoing,"7-day click",,,,,,,0,,,,,
2026-04-16,2026-04-16,"Ongoing | Prospecting | Sales | Broad | Advantage+ | SH Campaign",inactive,14,actions:offsite_conversion.fb_pixel_purchase,29.62714286,"Using ad set budget",0,414.78,14002,10905,1.283998,29.622911,Ongoing,"7-day click or 1-day view",17.712161,14,7346.65,action_values:offsite_conversion.fb_pixel_purchase,323,2.306813,1.145801,328,271,44,24,
2026-04-16,2026-04-16,"4/12 2023 - Safety Shoe Sale  Campaign",inactive,,,,"Using ad set budget",0,0,0,0,0,0,Ongoing,"7-day click or 1-day view",,,,,,,0,,,,,
2026-04-16,2026-04-16,"11/10 2023 - Advantage+ shopping campaign Campaign",inactive,,,,"Using ad set budget",0,0,0,0,0,0,Ongoing,"7-day click or 1-day view",,,,,,,0,,,,,
2026-04-16,2026-04-16,"19/7 2023 - MPA RM campaign",inactive,,,,"Using ad set budget",0,0,0,0,0,0,Ongoing,"7-day click or 1-day view",,,,,,,0,,,,,
2026-04-16,2026-04-16,"11/7 2023 - Sales campaign Women - UK MPA",inactive,,,,"Using ad set budget",0,0,0,0,0,0,Ongoing,"7-day click or 1-day view",,,,,,,0,,,,,
2026-04-16,2026-04-16,"23/6 2023 - Sales campaign - UK MPA",inactive,,,,"Using ad set budget",0,0,0,0,0,0,Ongoing,"7-day click or 1-day view",,,,,,,0,,,,,
2026-04-16,2026-04-16,"19/6 2023 - Sales collection video",inactive,,,,"Using ad set budget",0,0,0,0,0,0,Ongoing,"7-day click or 1-day view",,,,,,,0,,,,,
2026-04-16,2026-04-16,"12/5 2023 - Sales campaign - UK MPA",inactive,,,,"Using ad set budget",0,0,0,0,0,0,Ongoing,"7-day click or 1-day view",,,,,,,0,,,,,
2026-04-16,2026-04-16,"8/5 Veltuff - Broad - custom - UK sales",inactive,,,,"Using ad set budget",0,0,0,0,0,0,Ongoing,"7-day click or 1-day view",,,,,,,0,,,,,
2026-04-16,2026-04-16,"3/5 Veltuff - Prospecting Campaign - Sales",inactive,,,,"Using ad set budget",0,0,0,0,0,0,Ongoing,"7-day click or 1-day view",,,,,,,0,,,,,
2026-04-16,2026-04-16,"11/4 Veltuff - Broad - custom - UK sales",inactive,,,,"Using ad set budget",0,0,0,0,0,0,Ongoing,"7-day click or 1-day view",,,,,,,0,,,,,
2026-04-16,2026-04-16,"28/3 Veltuff - Broad - custom - UK RM",inactive,,,,"Using ad set budget",0,0,0,0,0,0,Ongoing,"7-day click or 1-day view",,,,,,,0,,,,,
2026-04-16,2026-04-16,"23/3 Veltuff - Broad - custom - UK sales",inactive,,,,"Using ad set budget",0,0,0,0,0,0,Ongoing,"7-day click or 1-day view",,,,,,,0,,,,,
2026-04-16,2026-04-16,"17/3 Veltuff - Broad - custom - UK sales",inactive,,,,"Using ad set budget",0,0,0,0,0,0,Ongoing,"7-day click or 1-day view",,,,,,,0,,,,,
2026-04-16,2026-04-16,"AS - Prospecting Campaign JAN2023 - SALE - Copy",inactive,,,,"Using ad set budget",0,0,0,0,0,0,Ongoing,"7-day click or 1-day view",,,,,,,0,,,,,
2026-04-16,2026-04-16,"AS - Prospecting Campaign Dec2022",inactive,,,,"Using ad set budget",0,0,0,0,0,0,Ongoing,"7-day click or 1-day view",,,,,,,0,,,,,
2026-04-16,2026-04-16,"AS - RMKT - DEC 2022",inactive,,,,50,Daily,0,0,0,0,0,Ongoing,"7-day click or 1-day view",,,,,,,0,,,,,
2026-04-16,2026-04-16,"Website Retargeting - 2022",inactive,,,,"Using ad set budget",0,0,0,0,0,0,Ongoing,"1-day click",,,,,,,0,,,,,
2026-04-15,2026-04-15,"VD | Broad | Awareness",active,,,,196,Daily,0,0,0,0,0,Ongoing,"7-day click or 1-day view",,,,,,,0,,,,,
2026-04-15,2026-04-15,"VD | Retargeting | DPA Broad Remarket",inactive,,,,44,Daily,0,0,0,0,0,Ongoing,"7-day click",,,,,,,0,,,,,
2026-04-15,2026-04-15,"VD | Retargeting | DPA",active,1,actions:offsite_conversion.fb_pixel_purchase,87.57,370,Daily,87.57,1398,672,2.080357,62.639485,Ongoing,"7-day click",6.075482,1,532.03,action_values:offsite_conversion.fb_pixel_purchase,36,2.575107,2.366757,63,26,1,2,7
2026-04-15,2026-04-15,"VD | Retargeting | DPA Campaign | Sales",inactive,2,actions:offsite_conversion.fb_pixel_purchase,62.005,145,Daily,124.01,2775,1723,1.610563,44.688288,Ongoing,"7-day click",5.669462,2,703.07,action_values:offsite_conversion.fb_pixel_purchase,60,2.162162,1.653467,61,61,6,1,
2026-04-15,2026-04-15,"VD | Broad | Prospecting | Sales",active,3,actions:offsite_conversion.fb_pixel_purchase,133.73,370,Daily,401.19,11183,8740,1.279519,35.874989,Ongoing,"7-day click",2.612603,3,1048.15,action_values:offsite_conversion.fb_pixel_purchase,134,1.198247,1.966618,178,116,12,4,6
2026-04-15,2026-04-15,"Warehouse Clearance | Prospecting | Sales | Advantage+",inactive,,,,"Using ad set budget",0,0,0,0,0,0,2026-03-29,"7-day click",,,,,,,0,,,,,
2026-04-15,2026-04-15,"WinterSale | Prospecting | Sales | Advantage+",inactive,,,,"Using ad set budget",0,0,0,0,0,0,Ongoing,"7-day click",,,,,,,0,,,,,
2026-04-15,2026-04-15,"Ongoing | Sales | ProTex1 | Advantage+ | SH",active,6,actions:offsite_conversion.fb_pixel_purchase,53.83666667,327,Daily,323.02,7841,4584,1.710515,41.196276,Ongoing,"7-day click or 1-day view",15.321714,6,4949.22,action_values:offsite_conversion.fb_pixel_purchase,92,1.17332,2.563651,95,76,21,8,
2026-04-15,2026-04-15,"Ongoing | Sales | Hi-Vis Only | Advantage+ | SH",active,2,actions:offsite_conversion.fb_pixel_purchase,118.23,300,Daily,236.46,6037,3956,1.526036,39.168461,Ongoing,"7-day click or 1-day view",5.253447,2,1242.23,action_values:offsite_conversion.fb_pixel_purchase,94,1.557065,2.437732,116,89,24,2,6
2026-04-15,2026-04-15,"Customised Workwear | Awareness | Advantage+ | SH Campaign – Copy",inactive,,,,100,Daily,0,0,0,0,0,Ongoing,"7-day click or 1-day view",,,,,,,0,,,,,
2026-04-15,2026-04-15,"Key Categories | Sales | Advantage+ | SH Campaign",inactive,,,,"Using ad set budget",0,0,0,0,0,0,Ongoing,"7-day click, 1-day view, or 1-day engaged-view",,,,,,,0,,,,,
2026-04-15,2026-04-15,"Customised Workwear | Sales | Advantage+ | SH Campaign",inactive,,,,"Using ad set budget",0,0,0,0,0,0,Ongoing,"7-day click, 1-day view, or 1-day engaged-view",,,,,,,0,,,,,
2026-04-15,2026-04-15,"Ongoing | Retargeting | Sales | Dynamic Abandoned Cart - 30 Days | SH",inactive,1,actions:offsite_conversion.fb_pixel_purchase,47.65,6.5,Daily,47.65,824,635,1.297638,57.82767,Ongoing,"7-day click",9.249738,1,440.75,action_values:offsite_conversion.fb_pixel_purchase,36,4.368932,1.134524,37,31,9,3,
2026-04-15,2026-04-15,"AS 7/1 25 - Purchase - Flexible ad Campaign",inactive,,,,"Using ad set budget",0,0,0,0,0,0,Ongoing,"7-day click, 1-day view, or 1-day engaged-view",,,,,,,0,,,,,
2026-04-15,2026-04-15,"5/6 Michelle Job add - KAM Jylland",inactive,,,,"Using ad set budget",0,0,0,0,0,0,Ongoing,"7-day click or 1-day view",,,,,,,0,,,,,
2026-04-15,2026-04-15,"4/1 2024 - RM - UK Campaign",inactive,,,,100,Daily,0,0,0,0,0,Ongoing,"7-day click",,,,,,,0,,,,,
2026-04-15,2026-04-15,"Ongoing | Prospecting | Sales | Broad | Advantage+ | SH Campaign",inactive,10,actions:offsite_conversion.fb_pixel_purchase,60.359,"Using ad set budget",0,603.59,17861,13745,1.299454,33.793741,Ongoing,"7-day click or 1-day view",5.120595,10,3090.74,action_values:offsite_conversion.fb_pixel_purchase,332,1.858799,1.543708,345,366,27,14,
2026-04-15,2026-04-15,"4/12 2023 - Safety Shoe Sale  Campaign",inactive,,,,"Using ad set budget",0,0,0,0,0,0,Ongoing,"7-day click or 1-day view",,,,,,,0,,,,,
2026-04-15,2026-04-15,"11/10 2023 - Advantage+ shopping campaign Campaign",inactive,,,,"Using ad set budget",0,0,0,0,0,0,Ongoing,"7-day click or 1-day view",,,,,,,0,,,,,
2026-04-15,2026-04-15,"19/7 2023 - MPA RM campaign",inactive,,,,"Using ad set budget",0,0,0,0,0,0,Ongoing,"7-day click or 1-day view",,,,,,,0,,,,,
2026-04-15,2026-04-15,"11/7 2023 - Sales campaign Women - UK MPA",inactive,,,,"Using ad set budget",0,0,0,0,0,0,Ongoing,"7-day click or 1-day view",,,,,,,0,,,,,
2026-04-15,2026-04-15,"23/6 2023 - Sales campaign - UK MPA",inactive,,,,"Using ad set budget",0,0,0,0,0,0,Ongoing,"7-day click or 1-day view",,,,,,,0,,,,,
2026-04-15,2026-04-15,"19/6 2023 - Sales collection video",inactive,,,,"Using ad set budget",0,0,0,0,0,0,Ongoing,"7-day click or 1-day view",,,,,,,0,,,,,
2026-04-15,2026-04-15,"12/5 2023 - Sales campaign - UK MPA",inactive,,,,"Using ad set budget",0,0,0,0,0,0,Ongoing,"7-day click or 1-day view",,,,,,,0,,,,,
2026-04-15,2026-04-15,"8/5 Veltuff - Broad - custom - UK sales",inactive,,,,"Using ad set budget",0,0,0,0,0,0,Ongoing,"7-day click or 1-day view",,,,,,,0,,,,,
2026-04-15,2026-04-15,"3/5 Veltuff - Prospecting Campaign - Sales",inactive,,,,"Using ad set budget",0,0,0,0,0,0,Ongoing,"7-day click or 1-day view",,,,,,,0,,,,,
2026-04-15,2026-04-15,"11/4 Veltuff - Broad - custom - UK sales",inactive,,,,"Using ad set budget",0,0,0,0,0,0,Ongoing,"7-day click or 1-day view",,,,,,,0,,,,,
2026-04-15,2026-04-15,"28/3 Veltuff - Broad - custom - UK RM",inactive,,,,"Using ad set budget",0,0,0,0,0,0,Ongoing,"7-day click or 1-day view",,,,,,,0,,,,,
2026-04-15,2026-04-15,"23/3 Veltuff - Broad - custom - UK sales",inactive,,,,"Using ad set budget",0,0,0,0,0,0,Ongoing,"7-day click or 1-day view",,,,,,,0,,,,,
2026-04-15,2026-04-15,"17/3 Veltuff - Broad - custom - UK sales",inactive,,,,"Using ad set budget",0,0,0,0,0,0,Ongoing,"7-day click or 1-day view",,,,,,,0,,,,,
2026-04-15,2026-04-15,"AS - Prospecting Campaign JAN2023 - SALE - Copy",inactive,,,,"Using ad set budget",0,0,0,0,0,0,Ongoing,"7-day click or 1-day view",,,,,,,0,,,,,
2026-04-15,2026-04-15,"AS - Prospecting Campaign Dec2022",inactive,,,,"Using ad set budget",0,0,0,0,0,0,Ongoing,"7-day click or 1-day view",,,,,,,0,,,,,
2026-04-15,2026-04-15,"AS - RMKT - DEC 2022",inactive,,,,50,Daily,0,0,0,0,0,Ongoing,"7-day click or 1-day view",,,,,,,0,,,,,
2026-04-15,2026-04-15,"Website Retargeting - 2022",inactive,,,,"Using ad set budget",0,0,0,0,0,0,Ongoing,"1-day click",,,,,,,0,,,,,
2026-04-14,2026-04-14,"VD | Broad | Awareness",active,,,,196,Daily,0,0,0,0,0,Ongoing,"7-day click or 1-day view",,,,,,,0,,,,,
2026-04-14,2026-04-14,"VD | Retargeting | DPA Broad Remarket",inactive,,,,44,Daily,0,0,0,0,0,Ongoing,"7-day click",,,,,,,0,,,,,
2026-04-14,2026-04-14,"VD | Retargeting | DPA",active,1,actions:offsite_conversion.fb_pixel_purchase,88.98,370,Daily,88.98,1395,669,2.085202,63.784946,Ongoing,"7-day click",2.787705,1,248.05,action_values:offsite_conversion.fb_pixel_purchase,18,1.290323,3.5592,19,12,2,1,
2026-04-14,2026-04-14,"VD | Retargeting | DPA Campaign | Sales",inactive,,,,145,Daily,160.13,3119,1756,1.776196,51.340173,Ongoing,"7-day click",,,,,61,1.955755,2.07961,66,54,,,
2026-04-14,2026-04-14,"VD | Broad | Prospecting | Sales",active,2,actions:offsite_conversion.fb_pixel_purchase,181.55,370,Daily,363.1,8445,6311,1.33814,42.995856,Ongoing,"7-day click",2.187276,2,794.2,action_values:offsite_conversion.fb_pixel_purchase,95,1.124926,2.436913,113,91,10,3,2
2026-04-14,2026-04-14,"Warehouse Clearance | Prospecting | Sales | Advantage+",inactive,,,,"Using ad set budget",0,0,0,0,0,0,2026-03-29,"7-day click",,,,,,,0,,,,,
2026-04-14,2026-04-14,"WinterSale | Prospecting | Sales | Advantage+",inactive,,,,"Using ad set budget",0,0,0,0,0,0,Ongoing,"7-day click",,,,,,,0,,,,,
2026-04-14,2026-04-14,"Ongoing | Sales | ProTex1 | Advantage+ | SH",active,1,actions:offsite_conversion.fb_pixel_purchase,332.19,327,Daily,332.19,8057,4700,1.714255,41.229986,Ongoing,"7-day click or 1-day view",2.348686,1,780.21,action_values:offsite_conversion.fb_pixel_purchase,87,1.079806,2.863707,93,88,6,1,
2026-04-14,2026-04-14,"Ongoing | Sales | Hi-Vis Only | Advantage+ | SH",active,,,,300,Daily,230.75,5994,3915,1.531034,38.49683,Ongoing,"7-day click or 1-day view",,,,,76,1.267935,2.714706,86,73,4,1,2
2026-04-14,2026-04-14,"Customised Workwear | Awareness | Advantage+ | SH Campaign – Copy",inactive,,,,100,Daily,0,0,0,0,0,Ongoing,"7-day click or 1-day view",,,,,,,0,,,,,
2026-04-14,2026-04-14,"Key Categories | Sales | Advantage+ | SH Campaign",inactive,,,,"Using ad set budget",0,0,0,0,0,0,Ongoing,"7-day click, 1-day view, or 1-day engaged-view",,,,,,,0,,,,,
2026-04-14,2026-04-14,"Customised Workwear | Sales | Advantage+ | SH Campaign",inactive,,,,"Using ad set budget",0,0,0,0,0,0,Ongoing,"7-day click, 1-day view, or 1-day engaged-view",,,,,,,0,,,,,
2026-04-14,2026-04-14,"Ongoing | Retargeting | Sales | Dynamic Abandoned Cart - 30 Days | SH",inactive,2,actions:offsite_conversion.fb_pixel_purchase,24.08,6.5,Daily,48.16,769,639,1.203443,62.626788,Ongoing,"7-day click",21.796719,2,1049.73,action_values:offsite_conversion.fb_pixel_purchase,12,1.560468,3.210667,12,10,8,1,
2026-04-14,2026-04-14,"AS 7/1 25 - Purchase - Flexible ad Campaign",inactive,,,,"Using ad set budget",0,0,0,0,0,0,Ongoing,"7-day click, 1-day view, or 1-day engaged-view",,,,,,,0,,,,,
2026-04-14,2026-04-14,"5/6 Michelle Job add - KAM Jylland",inactive,,,,"Using ad set budget",0,0,0,0,0,0,Ongoing,"7-day click or 1-day view",,,,,,,0,,,,,
2026-04-14,2026-04-14,"4/1 2024 - RM - UK Campaign",inactive,,,,100,Daily,0,0,0,0,0,Ongoing,"7-day click",,,,,,,0,,,,,
2026-04-14,2026-04-14,"Ongoing | Prospecting | Sales | Broad | Advantage+ | SH Campaign",inactive,14,actions:offsite_conversion.fb_pixel_purchase,46.29428571,"Using ad set budget",0,648.12,17648,13112,1.345943,36.724841,Ongoing,"7-day click or 1-day view",14.240681,14,9229.67,action_values:offsite_conversion.fb_pixel_purchase,305,1.728241,1.780549,314,287,63,19,
2026-04-14,2026-04-14,"4/12 2023 - Safety Shoe Sale  Campaign",inactive,,,,"Using ad set budget",0,0,0,0,0,0,Ongoing,"7-day click or 1-day view",,,,,,,0,,,,,
2026-04-14,2026-04-14,"11/10 2023 - Advantage+ shopping campaign Campaign",inactive,,,,"Using ad set budget",0,0,0,0,0,0,Ongoing,"7-day click or 1-day view",,,,,,,0,,,,,
2026-04-14,2026-04-14,"19/7 2023 - MPA RM campaign",inactive,,,,"Using ad set budget",0,0,0,0,0,0,Ongoing,"7-day click or 1-day view",,,,,,,0,,,,,
2026-04-14,2026-04-14,"11/7 2023 - Sales campaign Women - UK MPA",inactive,,,,"Using ad set budget",0,0,0,0,0,0,Ongoing,"7-day click or 1-day view",,,,,,,0,,,,,
2026-04-14,2026-04-14,"23/6 2023 - Sales campaign - UK MPA",inactive,,,,"Using ad set budget",0,0,0,0,0,0,Ongoing,"7-day click or 1-day view",,,,,,,0,,,,,
2026-04-14,2026-04-14,"19/6 2023 - Sales collection video",inactive,,,,"Using ad set budget",0,0,0,0,0,0,Ongoing,"7-day click or 1-day view",,,,,,,0,,,,,
2026-04-14,2026-04-14,"12/5 2023 - Sales campaign - UK MPA",inactive,,,,"Using ad set budget",0,0,0,0,0,0,Ongoing,"7-day click or 1-day view",,,,,,,0,,,,,
2026-04-14,2026-04-14,"8/5 Veltuff - Broad - custom - UK sales",inactive,,,,"Using ad set budget",0,0,0,0,0,0,Ongoing,"7-day click or 1-day view",,,,,,,0,,,,,
2026-04-14,2026-04-14,"3/5 Veltuff - Prospecting Campaign - Sales",inactive,,,,"Using ad set budget",0,0,0,0,0,0,Ongoing,"7-day click or 1-day view",,,,,,,0,,,,,
2026-04-14,2026-04-14,"11/4 Veltuff - Broad - custom - UK sales",inactive,,,,"Using ad set budget",0,0,0,0,0,0,Ongoing,"7-day click or 1-day view",,,,,,,0,,,,,
2026-04-14,2026-04-14,"28/3 Veltuff - Broad - custom - UK RM",inactive,,,,"Using ad set budget",0,0,0,0,0,0,Ongoing,"7-day click or 1-day view",,,,,,,0,,,,,
2026-04-14,2026-04-14,"23/3 Veltuff - Broad - custom - UK sales",inactive,,,,"Using ad set budget",0,0,0,0,0,0,Ongoing,"7-day click or 1-day view",,,,,,,0,,,,,
2026-04-14,2026-04-14,"17/3 Veltuff - Broad - custom - UK sales",inactive,,,,"Using ad set budget",0,0,0,0,0,0,Ongoing,"7-day click or 1-day view",,,,,,,0,,,,,
2026-04-14,2026-04-14,"AS - Prospecting Campaign JAN2023 - SALE - Copy",inactive,,,,"Using ad set budget",0,0,0,0,0,0,Ongoing,"7-day click or 1-day view",,,,,,,0,,,,,
2026-04-14,2026-04-14,"AS - Prospecting Campaign Dec2022",inactive,,,,"Using ad set budget",0,0,0,0,0,0,Ongoing,"7-day click or 1-day view",,,,,,,0,,,,,
2026-04-14,2026-04-14,"AS - RMKT - DEC 2022",inactive,,,,50,Daily,0,0,0,0,0,Ongoing,"7-day click or 1-day view",,,,,,,0,,,,,
2026-04-14,2026-04-14,"Website Retargeting - 2022",inactive,,,,"Using ad set budget",0,0,0,0,0,0,Ongoing,"1-day click",,,,,,,0,,,,,
2026-04-13,2026-04-13,"VD | Broad | Awareness",active,,,,196,Daily,0,0,0,0,0,Ongoing,"7-day click or 1-day view",,,,,,,0,,,,,
2026-04-13,2026-04-13,"VD | Retargeting | DPA Broad Remarket",inactive,,,,44,Daily,0,0,0,0,0,Ongoing,"7-day click",,,,,,,0,,,,,
2026-04-13,2026-04-13,"VD | Retargeting | DPA",active,1,actions:offsite_conversion.fb_pixel_purchase,92.71,370,Daily,92.71,1414,658,2.148936,65.565771,Ongoing,"7-day click",8.042175,1,745.59,action_values:offsite_conversion.fb_pixel_purchase,15,1.06082,4.03087,15,11,1,2,
2026-04-13,2026-04-13,"VD | Retargeting | DPA Campaign | Sales",inactive,3,actions:offsite_conversion.fb_pixel_purchase,49,145,Daily,147,2745,1704,1.610915,53.551913,Ongoing,"7-day click",8.269932,3,1215.68,action_values:offsite_conversion.fb_pixel_purchase,50,1.821494,2.130435,55,44,6,3,
2026-04-13,2026-04-13,"VD | Broad | Prospecting | Sales",active,3,actions:offsite_conversion.fb_pixel_purchase,112.13666667,370,Daily,336.41,7783,5807,1.340279,43.223693,Ongoing,"7-day click",5.050326,3,1698.98,action_values:offsite_conversion.fb_pixel_purchase,98,1.259155,1.990592,113,85,15,3,
2026-04-13,2026-04-13,"Warehouse Clearance | Prospecting | Sales | Advantage+",inactive,,,,"Using ad set budget",0,0,0,0,0,0,2026-03-29,"7-day click",,,,,,,0,,,,,
2026-04-13,2026-04-13,"WinterSale | Prospecting | Sales | Advantage+",inactive,,,,"Using ad set budget",0,0,0,0,0,0,Ongoing,"7-day click",,,,,,,0,,,,,
2026-04-13,2026-04-13,"Ongoing | Sales | ProTex1 | Advantage+ | SH",active,1,actions:offsite_conversion.fb_pixel_purchase,317.55,327,Daily,317.55,7782,4926,1.579781,40.805705,Ongoing,"7-day click or 1-day view",1.781893,1,565.84,action_values:offsite_conversion.fb_pixel_purchase,98,1.259316,2.64625,104,92,5,,
2026-04-13,2026-04-13,"Ongoing | Sales | Hi-Vis Only | Advantage+ | SH",active,2,actions:offsite_conversion.fb_pixel_purchase,111.46,300,Daily,222.92,5241,3601,1.455429,42.533868,Ongoing,"7-day click or 1-day view",4.716356,2,1051.37,action_values:offsite_conversion.fb_pixel_purchase,76,1.450105,2.476889,91,69,4,2,4
2026-04-13,2026-04-13,"Customised Workwear | Awareness | Advantage+ | SH Campaign – Copy",inactive,,,,100,Daily,0,0,0,0,0,Ongoing,"7-day click or 1-day view",,,,,,,0,,,,,
2026-04-13,2026-04-13,"Key Categories | Sales | Advantage+ | SH Campaign",inactive,,,,"Using ad set budget",0,0,0,0,0,0,Ongoing,"7-day click, 1-day view, or 1-day engaged-view",,,,,,,0,,,,,
2026-04-13,2026-04-13,"Customised Workwear | Sales | Advantage+ | SH Campaign",inactive,,,,"Using ad set budget",0,0,0,0,0,0,Ongoing,"7-day click, 1-day view, or 1-day engaged-view",,,,,,,0,,,,,
2026-04-13,2026-04-13,"Ongoing | Retargeting | Sales | Dynamic Abandoned Cart - 30 Days | SH",inactive,,,,6.5,Daily,49.81,861,657,1.310502,57.851336,Ongoing,"7-day click",,,,,33,3.832753,1.509394,33,30,2,,
2026-04-13,2026-04-13,"AS 7/1 25 - Purchase - Flexible ad Campaign",inactive,,,,"Using ad set budget",0,0,0,0,0,0,Ongoing,"7-day click, 1-day view, or 1-day engaged-view",,,,,,,0,,,,,
2026-04-13,2026-04-13,"5/6 Michelle Job add - KAM Jylland",inactive,,,,"Using ad set budget",0,0,0,0,0,0,Ongoing,"7-day click or 1-day view",,,,,,,0,,,,,
2026-04-13,2026-04-13,"4/1 2024 - RM - UK Campaign",inactive,,,,100,Daily,0,0,0,0,0,Ongoing,"7-day click",,,,,,,0,,,,,
2026-04-13,2026-04-13,"Ongoing | Prospecting | Sales | Broad | Advantage+ | SH Campaign",inactive,12,actions:offsite_conversion.fb_pixel_purchase,91.08166667,"Using ad set budget",0,1092.98,33235,25351,1.310994,32.886415,Ongoing,"7-day click or 1-day view",4.348643,12,4752.98,action_values:offsite_conversion.fb_pixel_purchase,609,1.832406,1.532931,628,585,38,24,
2026-04-13,2026-04-13,"4/12 2023 - Safety Shoe Sale  Campaign",inactive,,,,"Using ad set budget",0,0,0,0,0,0,Ongoing,"7-day click or 1-day view",,,,,,,0,,,,,
2026-04-13,2026-04-13,"11/10 2023 - Advantage+ shopping campaign Campaign",inactive,,,,"Using ad set budget",0,0,0,0,0,0,Ongoing,"7-day click or 1-day view",,,,,,,0,,,,,
2026-04-13,2026-04-13,"19/7 2023 - MPA RM campaign",inactive,,,,"Using ad set budget",0,0,0,0,0,0,Ongoing,"7-day click or 1-day view",,,,,,,0,,,,,
2026-04-13,2026-04-13,"11/7 2023 - Sales campaign Women - UK MPA",inactive,,,,"Using ad set budget",0,0,0,0,0,0,Ongoing,"7-day click or 1-day view",,,,,,,0,,,,,
2026-04-13,2026-04-13,"23/6 2023 - Sales campaign - UK MPA",inactive,,,,"Using ad set budget",0,0,0,0,0,0,Ongoing,"7-day click or 1-day view",,,,,,,0,,,,,
2026-04-13,2026-04-13,"19/6 2023 - Sales collection video",inactive,,,,"Using ad set budget",0,0,0,0,0,0,Ongoing,"7-day click or 1-day view",,,,,,,0,,,,,
2026-04-13,2026-04-13,"12/5 2023 - Sales campaign - UK MPA",inactive,,,,"Using ad set budget",0,0,0,0,0,0,Ongoing,"7-day click or 1-day view",,,,,,,0,,,,,
2026-04-13,2026-04-13,"8/5 Veltuff - Broad - custom - UK sales",inactive,,,,"Using ad set budget",0,0,0,0,0,0,Ongoing,"7-day click or 1-day view",,,,,,,0,,,,,
2026-04-13,2026-04-13,"3/5 Veltuff - Prospecting Campaign - Sales",inactive,,,,"Using ad set budget",0,0,0,0,0,0,Ongoing,"7-day click or 1-day view",,,,,,,0,,,,,
2026-04-13,2026-04-13,"11/4 Veltuff - Broad - custom - UK sales",inactive,,,,"Using ad set budget",0,0,0,0,0,0,Ongoing,"7-day click or 1-day view",,,,,,,0,,,,,
2026-04-13,2026-04-13,"28/3 Veltuff - Broad - custom - UK RM",inactive,,,,"Using ad set budget",0,0,0,0,0,0,Ongoing,"7-day click or 1-day view",,,,,,,0,,,,,
2026-04-13,2026-04-13,"23/3 Veltuff - Broad - custom - UK sales",inactive,,,,"Using ad set budget",0,0,0,0,0,0,Ongoing,"7-day click or 1-day view",,,,,,,0,,,,,
2026-04-13,2026-04-13,"17/3 Veltuff - Broad - custom - UK sales",inactive,,,,"Using ad set budget",0,0,0,0,0,0,Ongoing,"7-day click or 1-day view",,,,,,,0,,,,,
2026-04-13,2026-04-13,"AS - Prospecting Campaign JAN2023 - SALE - Copy",inactive,,,,"Using ad set budget",0,0,0,0,0,0,Ongoing,"7-day click or 1-day view",,,,,,,0,,,,,
2026-04-13,2026-04-13,"AS - Prospecting Campaign Dec2022",inactive,,,,"Using ad set budget",0,0,0,0,0,0,Ongoing,"7-day click or 1-day view",,,,,,,0,,,,,
2026-04-13,2026-04-13,"AS - RMKT - DEC 2022",inactive,,,,50,Daily,0,0,0,0,0,Ongoing,"7-day click or 1-day view",,,,,,,0,,,,,
2026-04-13,2026-04-13,"Website Retargeting - 2022",inactive,,,,"Using ad set budget",0,0,0,0,0,0,Ongoing,"1-day click",,,,,,,0,,,,,
2026-04-12,2026-04-12,"VD | Broad | Awareness",active,,,,196,Daily,0,0,0,0,0,Ongoing,"7-day click or 1-day view",,,,,,,0,,,,,
2026-04-12,2026-04-12,"VD | Retargeting | DPA Broad Remarket",inactive,,,,44,Daily,0,0,0,0,0,Ongoing,"7-day click",,,,,,,0,,,,,
2026-04-12,2026-04-12,"VD | Retargeting | DPA",active,,,,370,Daily,100.98,1363,537,2.538175,74.086574,Ongoing,"7-day click",,,,,28,2.054292,2.5245,28,17,,,
2026-04-12,2026-04-12,"VD | Retargeting | DPA Campaign | Sales",inactive,,,,145,Daily,152.37,2560,1541,1.661259,59.519531,Ongoing,"7-day click",,,,,57,2.226563,2.08726,65,49,3,1,
2026-04-12,2026-04-12,"VD | Broad | Prospecting | Sales",active,2,actions:offsite_conversion.fb_pixel_purchase,174.26,370,Daily,348.52,7617,5290,1.439887,45.755547,Ongoing,"7-day click",2.355934,2,821.09,action_values:offsite_conversion.fb_pixel_purchase,102,1.33911,2.099518,110,84,13,6,
2026-04-12,2026-04-12,"Warehouse Clearance | Prospecting | Sales | Advantage+",inactive,,,,"Using ad set budget",0,0,0,0,0,0,2026-03-29,"7-day click",,,,,,,0,,,,,
2026-04-12,2026-04-12,"WinterSale | Prospecting | Sales | Advantage+",inactive,,,,"Using ad set budget",0,0,0,0,0,0,Ongoing,"7-day click",,,,,,,0,,,,,
2026-04-12,2026-04-12,"Ongoing | Sales | ProTex1 | Advantage+ | SH",active,,,,327,Daily,360.54,8615,5212,1.652916,41.850261,Ongoing,"7-day click or 1-day view",,,,,92,1.067905,2.752214,101,90,6,2,
2026-04-12,2026-04-12,"Ongoing | Sales | Hi-Vis Only | Advantage+ | SH",active,2,actions:offsite_conversion.fb_pixel_purchase,128.025,300,Daily,256.05,5585,3680,1.517663,45.846016,Ongoing,"7-day click or 1-day view",3.23222,2,827.61,action_values:offsite_conversion.fb_pixel_purchase,100,1.79051,2.169915,116,98,8,6,4
2026-04-12,2026-04-12,"Customised Workwear | Awareness | Advantage+ | SH Campaign – Copy",inactive,,,,100,Daily,0,0,0,0,0,Ongoing,"7-day click or 1-day view",,,,,,,0,,,,,
2026-04-12,2026-04-12,"Key Categories | Sales | Advantage+ | SH Campaign",inactive,,,,"Using ad set budget",0,0,0,0,0,0,Ongoing,"7-day click, 1-day view, or 1-day engaged-view",,,,,,,0,,,,,
2026-04-12,2026-04-12,"Customised Workwear | Sales | Advantage+ | SH Campaign",inactive,,,,"Using ad set budget",0,0,0,0,0,0,Ongoing,"7-day click, 1-day view, or 1-day engaged-view",,,,,,,0,,,,,
2026-04-12,2026-04-12,"Ongoing | Retargeting | Sales | Dynamic Abandoned Cart - 30 Days | SH",inactive,,,,6.5,Daily,55.69,934,762,1.225722,59.625268,Ongoing,"7-day click",,,,,15,1.605996,3.275882,17,13,,,
2026-04-12,2026-04-12,"AS 7/1 25 - Purchase - Flexible ad Campaign",inactive,,,,"Using ad set budget",0,0,0,0,0,0,Ongoing,"7-day click, 1-day view, or 1-day engaged-view",,,,,,,0,,,,,
2026-04-12,2026-04-12,"5/6 Michelle Job add - KAM Jylland",inactive,,,,"Using ad set budget",0,0,0,0,0,0,Ongoing,"7-day click or 1-day view",,,,,,,0,,,,,
2026-04-12,2026-04-12,"4/1 2024 - RM - UK Campaign",inactive,,,,100,Daily,0,0,0,0,0,Ongoing,"7-day click",,,,,,,0,,,,,
2026-04-12,2026-04-12,"Ongoing | Prospecting | Sales | Broad | Advantage+ | SH Campaign",inactive,11,actions:offsite_conversion.fb_pixel_purchase,117.91636364,"Using ad set budget",0,1297.08,39344,27798,1.415354,32.96767,Ongoing,"7-day click or 1-day view",2.894239,11,3754.06,action_values:offsite_conversion.fb_pixel_purchase,771,1.959638,1.4396,792,719,44,22,
2026-04-12,2026-04-12,"4/12 2023 - Safety Shoe Sale  Campaign",inactive,,,,"Using ad set budget",0,0,0,0,0,0,Ongoing,"7-day click or 1-day view",,,,,,,0,,,,,
2026-04-12,2026-04-12,"11/10 2023 - Advantage+ shopping campaign Campaign",inactive,,,,"Using ad set budget",0,0,0,0,0,0,Ongoing,"7-day click or 1-day view",,,,,,,0,,,,,
2026-04-12,2026-04-12,"19/7 2023 - MPA RM campaign",inactive,,,,"Using ad set budget",0,0,0,0,0,0,Ongoing,"7-day click or 1-day view",,,,,,,0,,,,,
2026-04-12,2026-04-12,"11/7 2023 - Sales campaign Women - UK MPA",inactive,,,,"Using ad set budget",0,0,0,0,0,0,Ongoing,"7-day click or 1-day view",,,,,,,0,,,,,
2026-04-12,2026-04-12,"23/6 2023 - Sales campaign - UK MPA",inactive,,,,"Using ad set budget",0,0,0,0,0,0,Ongoing,"7-day click or 1-day view",,,,,,,0,,,,,
2026-04-12,2026-04-12,"19/6 2023 - Sales collection video",inactive,,,,"Using ad set budget",0,0,0,0,0,0,Ongoing,"7-day click or 1-day view",,,,,,,0,,,,,
2026-04-12,2026-04-12,"12/5 2023 - Sales campaign - UK MPA",inactive,,,,"Using ad set budget",0,0,0,0,0,0,Ongoing,"7-day click or 1-day view",,,,,,,0,,,,,
2026-04-12,2026-04-12,"8/5 Veltuff - Broad - custom - UK sales",inactive,,,,"Using ad set budget",0,0,0,0,0,0,Ongoing,"7-day click or 1-day view",,,,,,,0,,,,,
2026-04-12,2026-04-12,"3/5 Veltuff - Prospecting Campaign - Sales",inactive,,,,"Using ad set budget",0,0,0,0,0,0,Ongoing,"7-day click or 1-day view",,,,,,,0,,,,,
2026-04-12,2026-04-12,"11/4 Veltuff - Broad - custom - UK sales",inactive,,,,"Using ad set budget",0,0,0,0,0,0,Ongoing,"7-day click or 1-day view",,,,,,,0,,,,,
2026-04-12,2026-04-12,"28/3 Veltuff - Broad - custom - UK RM",inactive,,,,"Using ad set budget",0,0,0,0,0,0,Ongoing,"7-day click or 1-day view",,,,,,,0,,,,,
2026-04-12,2026-04-12,"23/3 Veltuff - Broad - custom - UK sales",inactive,,,,"Using ad set budget",0,0,0,0,0,0,Ongoing,"7-day click or 1-day view",,,,,,,0,,,,,
2026-04-12,2026-04-12,"17/3 Veltuff - Broad - custom - UK sales",inactive,,,,"Using ad set budget",0,0,0,0,0,0,Ongoing,"7-day click or 1-day view",,,,,,,0,,,,,
2026-04-12,2026-04-12,"AS - Prospecting Campaign JAN2023 - SALE - Copy",inactive,,,,"Using ad set budget",0,0,0,0,0,0,Ongoing,"7-day click or 1-day view",,,,,,,0,,,,,
2026-04-12,2026-04-12,"AS - Prospecting Campaign Dec2022",inactive,,,,"Using ad set budget",0,0,0,0,0,0,Ongoing,"7-day click or 1-day view",,,,,,,0,,,,,
2026-04-12,2026-04-12,"AS - RMKT - DEC 2022",inactive,,,,50,Daily,0,0,0,0,0,Ongoing,"7-day click or 1-day view",,,,,,,0,,,,,
2026-04-12,2026-04-12,"Website Retargeting - 2022",inactive,,,,"Using ad set budget",0,0,0,0,0,0,Ongoing,"1-day click",,,,,,,0,,,,,
2026-04-11,2026-04-11,"VD | Broad | Awareness",active,,,,196,Daily,0,0,0,0,0,Ongoing,"7-day click or 1-day view",,,,,,,0,,,,,
2026-04-11,2026-04-11,"VD | Retargeting | DPA Broad Remarket",inactive,,,,44,Daily,0,0,0,0,0,Ongoing,"7-day click",,,,,,,0,,,,,
2026-04-11,2026-04-11,"VD | Retargeting | DPA",active,1,actions:offsite_conversion.fb_pixel_purchase,65.28,370,Daily,65.28,830,342,2.426901,78.650602,Ongoing,"7-day click",32.825061,1,2142.82,action_values:offsite_conversion.fb_pixel_purchase,15,1.807229,2.176,15,14,1,,
2026-04-11,2026-04-11,"VD | Retargeting | DPA Campaign | Sales",inactive,1,actions:offsite_conversion.fb_pixel_purchase,108.3,145,Daily,108.3,1852,1187,1.560236,58.477322,Ongoing,"7-day click",3.794737,1,410.97,action_values:offsite_conversion.fb_pixel_purchase,42,2.267819,2.123529,44,37,3,2,
2026-04-11,2026-04-11,"VD | Broad | Prospecting | Sales",active,,,,370,Daily,0,0,0,0,0,Ongoing,"7-day click",,,,,,,0,,8,,,
2026-04-11,2026-04-11,"Warehouse Clearance | Prospecting | Sales | Advantage+",inactive,,,,"Using ad set budget",0,0,0,0,0,0,2026-03-29,"7-day click",,,,,,,0,,,,,
2026-04-11,2026-04-11,"WinterSale | Prospecting | Sales | Advantage+",inactive,,,,"Using ad set budget",0,0,0,0,0,0,Ongoing,"7-day click",,,,,,,0,,,,,
2026-04-11,2026-04-11,"Ongoing | Sales | ProTex1 | Advantage+ | SH",active,2,actions:offsite_conversion.fb_pixel_purchase,110.37,327,Daily,220.74,4909,3246,1.512323,44.966388,Ongoing,"7-day click or 1-day view",4.05554,2,895.22,action_values:offsite_conversion.fb_pixel_purchase,72,1.466694,2.480225,73,72,2,2,
2026-04-11,2026-04-11,"Ongoing | Sales | Hi-Vis Only | Advantage+ | SH",active,1,actions:offsite_conversion.fb_pixel_purchase,170.78,300,Daily,170.78,3347,2206,1.517226,51.024798,Ongoing,"7-day click or 1-day view",4.868193,1,831.39,action_values:offsite_conversion.fb_pixel_purchase,64,1.91216,2.475072,81,65,7,3,2
2026-04-11,2026-04-11,"Customised Workwear | Awareness | Advantage+ | SH Campaign – Copy",inactive,,,,100,Daily,0,0,0,0,0,Ongoing,"7-day click or 1-day view",,,,,,,0,,,,,
2026-04-11,2026-04-11,"Key Categories | Sales | Advantage+ | SH Campaign",inactive,,,,"Using ad set budget",0,0,0,0,0,0,Ongoing,"7-day click, 1-day view, or 1-day engaged-view",,,,,,,0,,,,,
2026-04-11,2026-04-11,"Customised Workwear | Sales | Advantage+ | SH Campaign",inactive,,,,"Using ad set budget",0,0,0,0,0,0,Ongoing,"7-day click, 1-day view, or 1-day engaged-view",,,,,,,0,,,,,
2026-04-11,2026-04-11,"Ongoing | Retargeting | Sales | Dynamic Abandoned Cart - 30 Days | SH",inactive,1,actions:offsite_conversion.fb_pixel_purchase,34.74,6.5,Daily,34.74,670,579,1.157168,51.850746,Ongoing,"7-day click",16.275475,1,565.41,action_values:offsite_conversion.fb_pixel_purchase,14,2.089552,2.316,14,13,1,,
2026-04-11,2026-04-11,"AS 7/1 25 - Purchase - Flexible ad Campaign",inactive,,,,"Using ad set budget",0,0,0,0,0,0,Ongoing,"7-day click, 1-day view, or 1-day engaged-view",,,,,,,0,,,,,
2026-04-11,2026-04-11,"5/6 Michelle Job add - KAM Jylland",inactive,,,,"Using ad set budget",0,0,0,0,0,0,Ongoing,"7-day click or 1-day view",,,,,,,0,,,,,
2026-04-11,2026-04-11,"4/1 2024 - RM - UK Campaign",inactive,,,,100,Daily,0,0,0,0,0,Ongoing,"7-day click",,,,,,,0,,,,,
2026-04-11,2026-04-11,"Ongoing | Prospecting | Sales | Broad | Advantage+ | SH Campaign",inactive,18,actions:offsite_conversion.fb_pixel_purchase,59.83944444,"Using ad set budget",0,1077.11,29575,20000,1.47875,36.419611,Ongoing,"7-day click or 1-day view",4.558318,18,4909.81,action_values:offsite_conversion.fb_pixel_purchase,589,1.991547,1.556517,600,561,71,31,
2026-04-11,2026-04-11,"4/12 2023 - Safety Shoe Sale  Campaign",inactive,,,,"Using ad set budget",0,0,0,0,0,0,Ongoing,"7-day click or 1-day view",,,,,,,0,,,,,
2026-04-11,2026-04-11,"11/10 2023 - Advantage+ shopping campaign Campaign",inactive,,,,"Using ad set budget",0,0,0,0,0,0,Ongoing,"7-day click or 1-day view",,,,,,,0,,,,,
2026-04-11,2026-04-11,"19/7 2023 - MPA RM campaign",inactive,,,,"Using ad set budget",0,0,0,0,0,0,Ongoing,"7-day click or 1-day view",,,,,,,0,,,,,
2026-04-11,2026-04-11,"11/7 2023 - Sales campaign Women - UK MPA",inactive,,,,"Using ad set budget",0,0,0,0,0,0,Ongoing,"7-day click or 1-day view",,,,,,,0,,,,,
2026-04-11,2026-04-11,"23/6 2023 - Sales campaign - UK MPA",inactive,,,,"Using ad set budget",0,0,0,0,0,0,Ongoing,"7-day click or 1-day view",,,,,,,0,,,,,
2026-04-11,2026-04-11,"19/6 2023 - Sales collection video",inactive,,,,"Using ad set budget",0,0,0,0,0,0,Ongoing,"7-day click or 1-day view",,,,,,,0,,,,,
2026-04-11,2026-04-11,"12/5 2023 - Sales campaign - UK MPA",inactive,,,,"Using ad set budget",0,0,0,0,0,0,Ongoing,"7-day click or 1-day view",,,,,,,0,,,,,
2026-04-11,2026-04-11,"8/5 Veltuff - Broad - custom - UK sales",inactive,,,,"Using ad set budget",0,0,0,0,0,0,Ongoing,"7-day click or 1-day view",,,,,,,0,,,,,
2026-04-11,2026-04-11,"3/5 Veltuff - Prospecting Campaign - Sales",inactive,,,,"Using ad set budget",0,0,0,0,0,0,Ongoing,"7-day click or 1-day view",,,,,,,0,,,,,
2026-04-11,2026-04-11,"11/4 Veltuff - Broad - custom - UK sales",inactive,,,,"Using ad set budget",0,0,0,0,0,0,Ongoing,"7-day click or 1-day view",,,,,,,0,,,,,
2026-04-11,2026-04-11,"28/3 Veltuff - Broad - custom - UK RM",inactive,,,,"Using ad set budget",0,0,0,0,0,0,Ongoing,"7-day click or 1-day view",,,,,,,0,,,,,
2026-04-11,2026-04-11,"23/3 Veltuff - Broad - custom - UK sales",inactive,,,,"Using ad set budget",0,0,0,0,0,0,Ongoing,"7-day click or 1-day view",,,,,,,0,,,,,
2026-04-11,2026-04-11,"17/3 Veltuff - Broad - custom - UK sales",inactive,,,,"Using ad set budget",0,0,0,0,0,0,Ongoing,"7-day click or 1-day view",,,,,,,0,,,,,
2026-04-11,2026-04-11,"AS - Prospecting Campaign JAN2023 - SALE - Copy",inactive,,,,"Using ad set budget",0,0,0,0,0,0,Ongoing,"7-day click or 1-day view",,,,,,,0,,,,,
2026-04-11,2026-04-11,"AS - Prospecting Campaign Dec2022",inactive,,,,"Using ad set budget",0,0,0,0,0,0,Ongoing,"7-day click or 1-day view",,,,,,,0,,,,,
2026-04-11,2026-04-11,"AS - RMKT - DEC 2022",inactive,,,,50,Daily,0,0,0,0,0,Ongoing,"7-day click or 1-day view",,,,,,,0,,,,,
2026-04-11,2026-04-11,"Website Retargeting - 2022",inactive,,,,"Using ad set budget",0,0,0,0,0,0,Ongoing,"1-day click",,,,,,,0,,,,,
2026-04-10,2026-04-10,"VD | Broad | Awareness",active,,,,196,Daily,0,0,0,0,0,Ongoing,"7-day click or 1-day view",,,,,,,0,,,,,
2026-04-10,2026-04-10,"VD | Retargeting | DPA Broad Remarket",inactive,,,,44,Daily,0,0,0,0,0,Ongoing,"7-day click",,,,,,,0,,,,,
2026-04-10,2026-04-10,"VD | Retargeting | DPA",active,,,,370,Daily,112.58,1088,406,2.679803,103.474265,Ongoing,"7-day click",,,,,19,1.746324,4.16963,20,13,,,
2026-04-10,2026-04-10,"VD | Retargeting | DPA Campaign | Sales",inactive,2,actions:offsite_conversion.fb_pixel_purchase,99.825,145,Daily,199.65,3843,2355,1.631847,51.9516,Ongoing,"7-day click",2.871926,2,573.38,action_values:offsite_conversion.fb_pixel_purchase,46,1.196982,2.734932,51,34,12,5,
2026-04-10,2026-04-10,"VD | Broad | Prospecting | Sales",active,,,,370,Daily,747.36,69974,68604,1.01997,10.680538,Ongoing,"7-day click",,,,,485,0.693115,0.912527,504,319,8,,
2026-04-10,2026-04-10,"Warehouse Clearance | Prospecting | Sales | Advantage+",inactive,,,,"Using ad set budget",0,0,0,0,0,0,2026-03-29,"7-day click",,,,,,,0,,,,,
2026-04-10,2026-04-10,"WinterSale | Prospecting | Sales | Advantage+",inactive,,,,"Using ad set budget",0,0,0,0,0,0,Ongoing,"7-day click",,,,,,,0,,,,,
2026-04-10,2026-04-10,"Ongoing | Sales | ProTex1 | Advantage+ | SH",active,2,actions:offsite_conversion.fb_pixel_purchase,238.295,327,Daily,476.59,12226,8101,1.509196,38.981678,Ongoing,"7-day click or 1-day view",2.501227,2,1192.06,action_values:offsite_conversion.fb_pixel_purchase,163,1.333224,2.394925,166,137,19,7,
2026-04-10,2026-04-10,"Ongoing | Sales | Hi-Vis Only | Advantage+ | SH",active,4,actions:offsite_conversion.fb_pixel_purchase,88.83,300,Daily,355.32,9319,5967,1.561756,38.128555,Ongoing,"7-day click or 1-day view",7.327592,4,2603.64,action_values:offsite_conversion.fb_pixel_purchase,106,1.137461,2.691818,143,107,17,7,5
2026-04-10,2026-04-10,"Customised Workwear | Awareness | Advantage+ | SH Campaign – Copy",inactive,,,,100,Daily,0,0,0,0,0,Ongoing,"7-day click or 1-day view",,,,,,,0,,,,,
2026-04-10,2026-04-10,"Key Categories | Sales | Advantage+ | SH Campaign",inactive,,,,"Using ad set budget",0,0,0,0,0,0,Ongoing,"7-day click, 1-day view, or 1-day engaged-view",,,,,,,0,,,,,
2026-04-10,2026-04-10,"Customised Workwear | Sales | Advantage+ | SH Campaign",inactive,,,,"Using ad set budget",0,0,0,0,0,0,Ongoing,"7-day click, 1-day view, or 1-day engaged-view",,,,,,,0,,,,,
2026-04-10,2026-04-10,"Ongoing | Retargeting | Sales | Dynamic Abandoned Cart - 30 Days | SH",inactive,,,,6.5,Daily,67.97,1006,820,1.226829,67.564612,Ongoing,"7-day click",,,,,26,2.584493,2.265667,28,24,4,3,
2026-04-10,2026-04-10,"AS 7/1 25 - Purchase - Flexible ad Campaign",inactive,,,,"Using ad set budget",0,0,0,0,0,0,Ongoing,"7-day click, 1-day view, or 1-day engaged-view",,,,,,,0,,,,,
2026-04-10,2026-04-10,"5/6 Michelle Job add - KAM Jylland",inactive,,,,"Using ad set budget",0,0,0,0,0,0,Ongoing,"7-day click or 1-day view",,,,,,,0,,,,,
2026-04-10,2026-04-10,"4/1 2024 - RM - UK Campaign",inactive,,,,100,Daily,0,0,0,0,0,Ongoing,"7-day click",,,,,,,0,,,,,
2026-04-10,2026-04-10,"Ongoing | Prospecting | Sales | Broad | Advantage+ | SH Campaign",inactive,15,actions:offsite_conversion.fb_pixel_purchase,71.88866667,"Using ad set budget",0,1078.33,29943,21271,1.407691,36.012758,Ongoing,"7-day click or 1-day view",4.125259,15,4448.39,action_values:offsite_conversion.fb_pixel_purchase,454,1.516214,1.862401,472,428,58,18,
2026-04-10,2026-04-10,"4/12 2023 - Safety Shoe Sale  Campaign",inactive,,,,"Using ad set budget",0,0,0,0,0,0,Ongoing,"7-day click or 1-day view",,,,,,,0,,,,,
2026-04-10,2026-04-10,"11/10 2023 - Advantage+ shopping campaign Campaign",inactive,,,,"Using ad set budget",0,0,0,0,0,0,Ongoing,"7-day click or 1-day view",,,,,,,0,,,,,
2026-04-10,2026-04-10,"19/7 2023 - MPA RM campaign",inactive,,,,"Using ad set budget",0,0,0,0,0,0,Ongoing,"7-day click or 1-day view",,,,,,,0,,,,,
2026-04-10,2026-04-10,"11/7 2023 - Sales campaign Women - UK MPA",inactive,,,,"Using ad set budget",0,0,0,0,0,0,Ongoing,"7-day click or 1-day view",,,,,,,0,,,,,
2026-04-10,2026-04-10,"23/6 2023 - Sales campaign - UK MPA",inactive,,,,"Using ad set budget",0,0,0,0,0,0,Ongoing,"7-day click or 1-day view",,,,,,,0,,,,,
2026-04-10,2026-04-10,"19/6 2023 - Sales collection video",inactive,,,,"Using ad set budget",0,0,0,0,0,0,Ongoing,"7-day click or 1-day view",,,,,,,0,,,,,
2026-04-10,2026-04-10,"12/5 2023 - Sales campaign - UK MPA",inactive,,,,"Using ad set budget",0,0,0,0,0,0,Ongoing,"7-day click or 1-day view",,,,,,,0,,,,,
2026-04-10,2026-04-10,"8/5 Veltuff - Broad - custom - UK sales",inactive,,,,"Using ad set budget",0,0,0,0,0,0,Ongoing,"7-day click or 1-day view",,,,,,,0,,,,,
2026-04-10,2026-04-10,"3/5 Veltuff - Prospecting Campaign - Sales",inactive,,,,"Using ad set budget",0,0,0,0,0,0,Ongoing,"7-day click or 1-day view",,,,,,,0,,,,,
2026-04-10,2026-04-10,"11/4 Veltuff - Broad - custom - UK sales",inactive,,,,"Using ad set budget",0,0,0,0,0,0,Ongoing,"7-day click or 1-day view",,,,,,,0,,,,,
2026-04-10,2026-04-10,"28/3 Veltuff - Broad - custom - UK RM",inactive,,,,"Using ad set budget",0,0,0,0,0,0,Ongoing,"7-day click or 1-day view",,,,,,,0,,,,,
2026-04-10,2026-04-10,"23/3 Veltuff - Broad - custom - UK sales",inactive,,,,"Using ad set budget",0,0,0,0,0,0,Ongoing,"7-day click or 1-day view",,,,,,,0,,,,,
2026-04-10,2026-04-10,"17/3 Veltuff - Broad - custom - UK sales",inactive,,,,"Using ad set budget",0,0,0,0,0,0,Ongoing,"7-day click or 1-day view",,,,,,,0,,,,,
2026-04-10,2026-04-10,"AS - Prospecting Campaign JAN2023 - SALE - Copy",inactive,,,,"Using ad set budget",0,0,0,0,0,0,Ongoing,"7-day click or 1-day view",,,,,,,0,,,,,
2026-04-10,2026-04-10,"AS - Prospecting Campaign Dec2022",inactive,,,,"Using ad set budget",0,0,0,0,0,0,Ongoing,"7-day click or 1-day view",,,,,,,0,,,,,
2026-04-10,2026-04-10,"AS - RMKT - DEC 2022",inactive,,,,50,Daily,0,0,0,0,0,Ongoing,"7-day click or 1-day view",,,,,,,0,,,,,
2026-04-10,2026-04-10,"Website Retargeting - 2022",inactive,,,,"Using ad set budget",0,0,0,0,0,0,Ongoing,"1-day click",,,,,,,0,,,,,
2026-04-09,2026-04-09,"VD | Broad | Awareness",active,,,,196,Daily,0,0,0,0,0,Ongoing,"7-day click or 1-day view",,,,,,,0,,,,,
2026-04-09,2026-04-09,"VD | Retargeting | DPA Broad Remarket",inactive,,,,44,Daily,0,0,0,0,0,Ongoing,"7-day click",,,,,,,0,,,,,
2026-04-09,2026-04-09,"VD | Retargeting | DPA",active,1,actions:offsite_conversion.fb_pixel_purchase,107.24,370,Daily,107.24,904,342,2.643275,118.628319,Ongoing,"7-day click",5.133346,1,550.5,action_values:offsite_conversion.fb_pixel_purchase,22,2.433628,3.35125,25,11,4,2,
2026-04-09,2026-04-09,"VD | Retargeting | DPA Campaign | Sales",inactive,1,actions:offsite_conversion.fb_pixel_purchase,306.13,145,Daily,306.13,5293,2880,1.837847,57.836766,Ongoing,"7-day click",1.456701,1,445.94,action_values:offsite_conversion.fb_pixel_purchase,82,1.549216,2.709115,86,75,7,3,
2026-04-09,2026-04-09,"VD | Broad | Prospecting | Sales",active,4,actions:offsite_conversion.fb_pixel_purchase,168.03,370,Daily,672.12,21600,17137,1.260431,31.116667,Ongoing,"7-day click",1.981,4,1331.47,action_values:offsite_conversion.fb_pixel_purchase,250,1.157407,1.67194,262,205,38,6,
2026-04-09,2026-04-09,"Warehouse Clearance | Prospecting | Sales | Advantage+",inactive,,,,"Using ad set budget",0,0,0,0,0,0,2026-03-29,"7-day click",,,,,,,0,,,,,
2026-04-09,2026-04-09,"WinterSale | Prospecting | Sales | Advantage+",inactive,,,,"Using ad set budget",0,0,0,0,0,0,Ongoing,"7-day click",,,,,,,0,,,,,
2026-04-09,2026-04-09,"Ongoing | Sales | ProTex1 | Advantage+ | SH",active,1,actions:offsite_conversion.fb_pixel_purchase,496,327,Daily,496,13046,9222,1.414661,38.019316,Ongoing,"7-day click or 1-day view",1.002056,1,497.02,action_values:offsite_conversion.fb_pixel_purchase,134,1.027135,2.755556,141,145,29,5,
2026-04-09,2026-04-09,"Ongoing | Sales | Hi-Vis Only | Advantage+ | SH",active,3,actions:offsite_conversion.fb_pixel_purchase,157.81333333,300,Daily,473.44,12477,7995,1.5606,37.945019,Ongoing,"7-day click or 1-day view",2.297229,3,1087.6,action_values:offsite_conversion.fb_pixel_purchase,176,1.410596,2.391111,224,172,20,7,8
2026-04-09,2026-04-09,"Customised Workwear | Awareness | Advantage+ | SH Campaign – Copy",inactive,,,,100,Daily,0,0,0,0,0,Ongoing,"7-day click or 1-day view",,,,,,,0,,,,,
2026-04-09,2026-04-09,"Key Categories | Sales | Advantage+ | SH Campaign",inactive,,,,"Using ad set budget",0,0,0,0,0,0,Ongoing,"7-day click, 1-day view, or 1-day engaged-view",,,,,,,0,,,,,
2026-04-09,2026-04-09,"Customised Workwear | Sales | Advantage+ | SH Campaign",inactive,,,,"Using ad set budget",0,0,0,0,0,0,Ongoing,"7-day click, 1-day view, or 1-day engaged-view",,,,,,,0,,,,,
2026-04-09,2026-04-09,"Ongoing | Retargeting | Sales | Dynamic Abandoned Cart - 30 Days | SH",inactive,,,,6.5,Daily,97.44,1424,1098,1.296903,68.426966,Ongoing,"7-day click",,,,,37,2.598315,2.266047,39,33,5,,
2026-04-09,2026-04-09,"AS 7/1 25 - Purchase - Flexible ad Campaign",inactive,,,,"Using ad set budget",0,0,0,0,0,0,Ongoing,"7-day click, 1-day view, or 1-day engaged-view",,,,,,,0,,,,,
2026-04-09,2026-04-09,"5/6 Michelle Job add - KAM Jylland",inactive,,,,"Using ad set budget",0,0,0,0,0,0,Ongoing,"7-day click or 1-day view",,,,,,,0,,,,,
2026-04-09,2026-04-09,"4/1 2024 - RM - UK Campaign",inactive,,,,100,Daily,0,0,0,0,0,Ongoing,"7-day click",,,,,,,0,,,,,
2026-04-09,2026-04-09,"Ongoing | Prospecting | Sales | Broad | Advantage+ | SH Campaign",inactive,9,actions:offsite_conversion.fb_pixel_purchase,128.05333333,"Using ad set budget",0,1152.48,35193,27476,1.280863,32.747421,Ongoing,"7-day click or 1-day view",2.450576,9,2824.24,action_values:offsite_conversion.fb_pixel_purchase,498,1.415054,1.770323,510,463,78,25,
2026-04-09,2026-04-09,"4/12 2023 - Safety Shoe Sale  Campaign",inactive,,,,"Using ad set budget",0,0,0,0,0,0,Ongoing,"7-day click or 1-day view",,,,,,,0,,,,,
2026-04-09,2026-04-09,"11/10 2023 - Advantage+ shopping campaign Campaign",inactive,,,,"Using ad set budget",0,0,0,0,0,0,Ongoing,"7-day click or 1-day view",,,,,,,0,,,,,
2026-04-09,2026-04-09,"19/7 2023 - MPA RM campaign",inactive,,,,"Using ad set budget",0,0,0,0,0,0,Ongoing,"7-day click or 1-day view",,,,,,,0,,,,,
2026-04-09,2026-04-09,"11/7 2023 - Sales campaign Women - UK MPA",inactive,,,,"Using ad set budget",0,0,0,0,0,0,Ongoing,"7-day click or 1-day view",,,,,,,0,,,,,
2026-04-09,2026-04-09,"23/6 2023 - Sales campaign - UK MPA",inactive,,,,"Using ad set budget",0,0,0,0,0,0,Ongoing,"7-day click or 1-day view",,,,,,,0,,,,,
2026-04-09,2026-04-09,"19/6 2023 - Sales collection video",inactive,,,,"Using ad set budget",0,0,0,0,0,0,Ongoing,"7-day click or 1-day view",,,,,,,0,,,,,
2026-04-09,2026-04-09,"12/5 2023 - Sales campaign - UK MPA",inactive,,,,"Using ad set budget",0,0,0,0,0,0,Ongoing,"7-day click or 1-day view",,,,,,,0,,,,,
2026-04-09,2026-04-09,"8/5 Veltuff - Broad - custom - UK sales",inactive,,,,"Using ad set budget",0,0,0,0,0,0,Ongoing,"7-day click or 1-day view",,,,,,,0,,,,,
2026-04-09,2026-04-09,"3/5 Veltuff - Prospecting Campaign - Sales",inactive,,,,"Using ad set budget",0,0,0,0,0,0,Ongoing,"7-day click or 1-day view",,,,,,,0,,,,,
2026-04-09,2026-04-09,"11/4 Veltuff - Broad - custom - UK sales",inactive,,,,"Using ad set budget",0,0,0,0,0,0,Ongoing,"7-day click or 1-day view",,,,,,,0,,,,,
2026-04-09,2026-04-09,"28/3 Veltuff - Broad - custom - UK RM",inactive,,,,"Using ad set budget",0,0,0,0,0,0,Ongoing,"7-day click or 1-day view",,,,,,,0,,,,,
2026-04-09,2026-04-09,"23/3 Veltuff - Broad - custom - UK sales",inactive,,,,"Using ad set budget",0,0,0,0,0,0,Ongoing,"7-day click or 1-day view",,,,,,,0,,,,,
2026-04-09,2026-04-09,"17/3 Veltuff - Broad - custom - UK sales",inactive,,,,"Using ad set budget",0,0,0,0,0,0,Ongoing,"7-day click or 1-day view",,,,,,,0,,,,,
2026-04-09,2026-04-09,"AS - Prospecting Campaign JAN2023 - SALE - Copy",inactive,,,,"Using ad set budget",0,0,0,0,0,0,Ongoing,"7-day click or 1-day view",,,,,,,0,,,,,
2026-04-09,2026-04-09,"AS - Prospecting Campaign Dec2022",inactive,,,,"Using ad set budget",0,0,0,0,0,0,Ongoing,"7-day click or 1-day view",,,,,,,0,,,,,
2026-04-09,2026-04-09,"AS - RMKT - DEC 2022",inactive,,,,50,Daily,0,0,0,0,0,Ongoing,"7-day click or 1-day view",,,,,,,0,,,,,
2026-04-09,2026-04-09,"Website Retargeting - 2022",inactive,,,,"Using ad set budget",0,0,0,0,0,0,Ongoing,"1-day click",,,,,,,0,,,,,
2026-04-08,2026-04-08,"VD | Broad | Awareness",active,,,,196,Daily,0,0,0,0,0,Ongoing,"7-day click or 1-day view",,,,,,,0,,,,,
2026-04-08,2026-04-08,"VD | Retargeting | DPA Broad Remarket",inactive,,,,44,Daily,0,0,0,0,0,Ongoing,"7-day click",,,,,,,0,,,,,
2026-04-08,2026-04-08,"VD | Retargeting | DPA",active,,,,370,Daily,0,0,0,0,0,Ongoing,"7-day click",,,,,,,0,,,,,
2026-04-08,2026-04-08,"VD | Retargeting | DPA Campaign | Sales",inactive,,,,145,Daily,251.9,4794,3040,1.576974,52.544848,Ongoing,"7-day click",,,,,94,1.960784,2.116807,102,67,4,,
2026-04-08,2026-04-08,"VD | Broad | Prospecting | Sales",active,1,actions:offsite_conversion.fb_pixel_purchase,563.8,370,Daily,563.8,19057,15181,1.255319,29.584929,Ongoing,"7-day click",0.378432,1,213.36,action_values:offsite_conversion.fb_pixel_purchase,207,1.086215,1.648538,214,147,24,9,
2026-04-08,2026-04-08,"Warehouse Clearance | Prospecting | Sales | Advantage+",inactive,,,,"Using ad set budget",0,0,0,0,0,0,2026-03-29,"7-day click",,,,,,,0,,,,,
2026-04-08,2026-04-08,"WinterSale | Prospecting | Sales | Advantage+",inactive,,,,"Using ad set budget",0,0,0,0,0,0,Ongoing,"7-day click",,,,,,,0,,,,,
2026-04-08,2026-04-08,"Ongoing | Sales | ProTex1 | Advantage+ | SH",active,1,actions:offsite_conversion.fb_pixel_purchase,497.98,327,Daily,497.98,13496,9217,1.464251,36.89834,Ongoing,"7-day click or 1-day view",4.12627,1,2054.8,action_values:offsite_conversion.fb_pixel_purchase,146,1.081802,2.813446,154,162,27,3,
2026-04-08,2026-04-08,"Ongoing | Sales | Hi-Vis Only | Advantage+ | SH",active,3,actions:offsite_conversion.fb_pixel_purchase,155.47,300,Daily,466.41,12502,8347,1.497784,37.306831,Ongoing,"7-day click or 1-day view",12.876632,3,6005.79,action_values:offsite_conversion.fb_pixel_purchase,154,1.231803,2.454789,202,151,20,7,9
2026-04-08,2026-04-08,"Customised Workwear | Awareness | Advantage+ | SH Campaign – Copy",inactive,,,,100,Daily,0,0,0,0,0,Ongoing,"7-day click or 1-day view",,,,,,,0,,,,,
2026-04-08,2026-04-08,"Key Categories | Sales | Advantage+ | SH Campaign",inactive,,,,"Using ad set budget",0,0,0,0,0,0,Ongoing,"7-day click, 1-day view, or 1-day engaged-view",,,,,,,0,,,,,
2026-04-08,2026-04-08,"Customised Workwear | Sales | Advantage+ | SH Campaign",inactive,,,,"Using ad set budget",0,0,0,0,0,0,Ongoing,"7-day click, 1-day view, or 1-day engaged-view",,,,,,,0,,,,,
2026-04-08,2026-04-08,"Ongoing | Retargeting | Sales | Dynamic Abandoned Cart - 30 Days | SH",inactive,,,,6.5,Daily,91.03,1545,1147,1.346992,58.919094,Ongoing,"7-day click",,,,,45,2.912621,1.896458,45,39,10,6,
2026-04-08,2026-04-08,"AS 7/1 25 - Purchase - Flexible ad Campaign",inactive,,,,"Using ad set budget",0,0,0,0,0,0,Ongoing,"7-day click, 1-day view, or 1-day engaged-view",,,,,,,0,,,,,
2026-04-08,2026-04-08,"5/6 Michelle Job add - KAM Jylland",inactive,,,,"Using ad set budget",0,0,0,0,0,0,Ongoing,"7-day click or 1-day view",,,,,,,0,,,,,
2026-04-08,2026-04-08,"4/1 2024 - RM - UK Campaign",inactive,,,,100,Daily,0,0,0,0,0,Ongoing,"7-day click",,,,,,,0,,,,,
2026-04-08,2026-04-08,"Ongoing | Prospecting | Sales | Broad | Advantage+ | SH Campaign",inactive,11,actions:offsite_conversion.fb_pixel_purchase,104.20454545,"Using ad set budget",0,1146.25,38543,30366,1.269281,29.739512,Ongoing,"7-day click or 1-day view",4.601884,11,5274.91,action_values:offsite_conversion.fb_pixel_purchase,522,1.354332,1.715943,532,457,48,19,
2026-04-08,2026-04-08,"4/12 2023 - Safety Shoe Sale  Campaign",inactive,,,,"Using ad set budget",0,0,0,0,0,0,Ongoing,"7-day click or 1-day view",,,,,,,0,,,,,
2026-04-08,2026-04-08,"11/10 2023 - Advantage+ shopping campaign Campaign",inactive,,,,"Using ad set budget",0,0,0,0,0,0,Ongoing,"7-day click or 1-day view",,,,,,,0,,,,,
2026-04-08,2026-04-08,"19/7 2023 - MPA RM campaign",inactive,,,,"Using ad set budget",0,0,0,0,0,0,Ongoing,"7-day click or 1-day view",,,,,,,0,,,,,
2026-04-08,2026-04-08,"11/7 2023 - Sales campaign Women - UK MPA",inactive,,,,"Using ad set budget",0,0,0,0,0,0,Ongoing,"7-day click or 1-day view",,,,,,,0,,,,,
2026-04-08,2026-04-08,"23/6 2023 - Sales campaign - UK MPA",inactive,,,,"Using ad set budget",0,0,0,0,0,0,Ongoing,"7-day click or 1-day view",,,,,,,0,,,,,
2026-04-08,2026-04-08,"19/6 2023 - Sales collection video",inactive,,,,"Using ad set budget",0,0,0,0,0,0,Ongoing,"7-day click or 1-day view",,,,,,,0,,,,,
2026-04-08,2026-04-08,"12/5 2023 - Sales campaign - UK MPA",inactive,,,,"Using ad set budget",0,0,0,0,0,0,Ongoing,"7-day click or 1-day view",,,,,,,0,,,,,
2026-04-08,2026-04-08,"8/5 Veltuff - Broad - custom - UK sales",inactive,,,,"Using ad set budget",0,0,0,0,0,0,Ongoing,"7-day click or 1-day view",,,,,,,0,,,,,
2026-04-08,2026-04-08,"3/5 Veltuff - Prospecting Campaign - Sales",inactive,,,,"Using ad set budget",0,0,0,0,0,0,Ongoing,"7-day click or 1-day view",,,,,,,0,,,,,
2026-04-08,2026-04-08,"11/4 Veltuff - Broad - custom - UK sales",inactive,,,,"Using ad set budget",0,0,0,0,0,0,Ongoing,"7-day click or 1-day view",,,,,,,0,,,,,
2026-04-08,2026-04-08,"28/3 Veltuff - Broad - custom - UK RM",inactive,,,,"Using ad set budget",0,0,0,0,0,0,Ongoing,"7-day click or 1-day view",,,,,,,0,,,,,
2026-04-08,2026-04-08,"23/3 Veltuff - Broad - custom - UK sales",inactive,,,,"Using ad set budget",0,0,0,0,0,0,Ongoing,"7-day click or 1-day view",,,,,,,0,,,,,
2026-04-08,2026-04-08,"17/3 Veltuff - Broad - custom - UK sales",inactive,,,,"Using ad set budget",0,0,0,0,0,0,Ongoing,"7-day click or 1-day view",,,,,,,0,,,,,
2026-04-08,2026-04-08,"AS - Prospecting Campaign JAN2023 - SALE - Copy",inactive,,,,"Using ad set budget",0,0,0,0,0,0,Ongoing,"7-day click or 1-day view",,,,,,,0,,,,,
2026-04-08,2026-04-08,"AS - Prospecting Campaign Dec2022",inactive,,,,"Using ad set budget",0,0,0,0,0,0,Ongoing,"7-day click or 1-day view",,,,,,,0,,,,,
2026-04-08,2026-04-08,"AS - RMKT - DEC 2022",inactive,,,,50,Daily,0,0,0,0,0,Ongoing,"7-day click or 1-day view",,,,,,,0,,,,,
2026-04-08,2026-04-08,"Website Retargeting - 2022",inactive,,,,"Using ad set budget",0,0,0,0,0,0,Ongoing,"1-day click",,,,,,,0,,,,,
2026-04-07,2026-04-07,"VD | Broad | Awareness",active,,,,196,Daily,0,0,0,0,0,Ongoing,"7-day click or 1-day view",,,,,,,0,,,,,
2026-04-07,2026-04-07,"VD | Retargeting | DPA Broad Remarket",inactive,,,,44,Daily,0,0,0,0,0,Ongoing,"7-day click",,,,,,,0,,,,,
2026-04-07,2026-04-07,"VD | Retargeting | DPA",active,,,,370,Daily,0,0,0,0,0,Ongoing,"7-day click",,,,,,,0,,,,,
2026-04-07,2026-04-07,"VD | Retargeting | DPA Campaign | Sales",inactive,,,,145,Daily,0,0,0,0,0,Ongoing,"7-day click",,,,,,,0,,,,,
2026-04-07,2026-04-07,"VD | Broad | Prospecting | Sales",active,,,,370,Daily,0,0,0,0,0,Ongoing,"7-day click",,,,,,,0,,,,,
2026-04-07,2026-04-07,"Warehouse Clearance | Prospecting | Sales | Advantage+",inactive,,,,"Using ad set budget",0,0,0,0,0,0,2026-03-29,"7-day click",,,,,,,0,,,,,
2026-04-07,2026-04-07,"WinterSale | Prospecting | Sales | Advantage+",inactive,,,,"Using ad set budget",0,0,0,0,0,0,Ongoing,"7-day click",,,,,,,0,,,,,
2026-04-07,2026-04-07,"Ongoing | Sales | ProTex1 | Advantage+ | SH",active,3,actions:offsite_conversion.fb_pixel_purchase,165.64333333,327,Daily,496.93,14675,10145,1.446525,33.862351,Ongoing,"7-day click or 1-day view",3.173224,3,1576.87,action_values:offsite_conversion.fb_pixel_purchase,150,1.022147,2.548359,159,138,15,4,
2026-04-07,2026-04-07,"Ongoing | Sales | Hi-Vis Only | Advantage+ | SH",active,3,actions:offsite_conversion.fb_pixel_purchase,147.93666667,300,Daily,443.81,11693,7645,1.529496,37.955187,Ongoing,"7-day click or 1-day view",3.181068,3,1411.79,action_values:offsite_conversion.fb_pixel_purchase,154,1.317027,2.580291,194,135,17,11,9
2026-04-07,2026-04-07,"Customised Workwear | Awareness | Advantage+ | SH Campaign – Copy",inactive,,,,100,Daily,0,0,0,0,0,Ongoing,"7-day click or 1-day view",,,,,,,0,,,,,
2026-04-07,2026-04-07,"Key Categories | Sales | Advantage+ | SH Campaign",inactive,,,,"Using ad set budget",0,0,0,0,0,0,Ongoing,"7-day click, 1-day view, or 1-day engaged-view",,,,,,,0,,,,,
2026-04-07,2026-04-07,"Customised Workwear | Sales | Advantage+ | SH Campaign",inactive,,,,"Using ad set budget",0,0,0,0,0,0,Ongoing,"7-day click, 1-day view, or 1-day engaged-view",,,,,,,0,,,,,
2026-04-07,2026-04-07,"Ongoing | Retargeting | Sales | Dynamic Abandoned Cart - 30 Days | SH",inactive,,,,6.5,Daily,82.69,1405,969,1.449948,58.854093,Ongoing,"7-day click",,,,,31,2.206406,2.432059,33,26,,,
2026-04-07,2026-04-07,"AS 7/1 25 - Purchase - Flexible ad Campaign",inactive,,,,"Using ad set budget",0,0,0,0,0,0,Ongoing,"7-day click, 1-day view, or 1-day engaged-view",,,,,,,0,,,,,
2026-04-07,2026-04-07,"5/6 Michelle Job add - KAM Jylland",inactive,,,,"Using ad set budget",0,0,0,0,0,0,Ongoing,"7-day click or 1-day view",,,,,,,0,,,,,
2026-04-07,2026-04-07,"4/1 2024 - RM - UK Campaign",inactive,,,,100,Daily,0,0,0,0,0,Ongoing,"7-day click",,,,,,,0,,,,,
2026-04-07,2026-04-07,"Ongoing | Prospecting | Sales | Broad | Advantage+ | SH Campaign",inactive,5,actions:offsite_conversion.fb_pixel_purchase,218.498,"Using ad set budget",0,1092.49,36408,27101,1.343419,30.006867,Ongoing,"7-day click or 1-day view",1.018371,5,1112.56,action_values:offsite_conversion.fb_pixel_purchase,551,1.513404,1.543065,583,511,76,26,4
2026-04-07,2026-04-07,"4/12 2023 - Safety Shoe Sale  Campaign",inactive,,,,"Using ad set budget",0,0,0,0,0,0,Ongoing,"7-day click or 1-day view",,,,,,,0,,,,,
2026-04-07,2026-04-07,"11/10 2023 - Advantage+ shopping campaign Campaign",inactive,,,,"Using ad set budget",0,0,0,0,0,0,Ongoing,"7-day click or 1-day view",,,,,,,0,,,,,
2026-04-07,2026-04-07,"19/7 2023 - MPA RM campaign",inactive,,,,"Using ad set budget",0,0,0,0,0,0,Ongoing,"7-day click or 1-day view",,,,,,,0,,,,,
2026-04-07,2026-04-07,"11/7 2023 - Sales campaign Women - UK MPA",inactive,,,,"Using ad set budget",0,0,0,0,0,0,Ongoing,"7-day click or 1-day view",,,,,,,0,,,,,
2026-04-07,2026-04-07,"23/6 2023 - Sales campaign - UK MPA",inactive,,,,"Using ad set budget",0,0,0,0,0,0,Ongoing,"7-day click or 1-day view",,,,,,,0,,,,,
2026-04-07,2026-04-07,"19/6 2023 - Sales collection video",inactive,,,,"Using ad set budget",0,0,0,0,0,0,Ongoing,"7-day click or 1-day view",,,,,,,0,,,,,
2026-04-07,2026-04-07,"12/5 2023 - Sales campaign - UK MPA",inactive,,,,"Using ad set budget",0,0,0,0,0,0,Ongoing,"7-day click or 1-day view",,,,,,,0,,,,,
2026-04-07,2026-04-07,"8/5 Veltuff - Broad - custom - UK sales",inactive,,,,"Using ad set budget",0,0,0,0,0,0,Ongoing,"7-day click or 1-day view",,,,,,,0,,,,,
2026-04-07,2026-04-07,"3/5 Veltuff - Prospecting Campaign - Sales",inactive,,,,"Using ad set budget",0,0,0,0,0,0,Ongoing,"7-day click or 1-day view",,,,,,,0,,,,,
2026-04-07,2026-04-07,"11/4 Veltuff - Broad - custom - UK sales",inactive,,,,"Using ad set budget",0,0,0,0,0,0,Ongoing,"7-day click or 1-day view",,,,,,,0,,,,,
2026-04-07,2026-04-07,"28/3 Veltuff - Broad - custom - UK RM",inactive,,,,"Using ad set budget",0,0,0,0,0,0,Ongoing,"7-day click or 1-day view",,,,,,,0,,,,,
2026-04-07,2026-04-07,"23/3 Veltuff - Broad - custom - UK sales",inactive,,,,"Using ad set budget",0,0,0,0,0,0,Ongoing,"7-day click or 1-day view",,,,,,,0,,,,,
2026-04-07,2026-04-07,"17/3 Veltuff - Broad - custom - UK sales",inactive,,,,"Using ad set budget",0,0,0,0,0,0,Ongoing,"7-day click or 1-day view",,,,,,,0,,,,,
2026-04-07,2026-04-07,"AS - Prospecting Campaign JAN2023 - SALE - Copy",inactive,,,,"Using ad set budget",0,0,0,0,0,0,Ongoing,"7-day click or 1-day view",,,,,,,0,,,,,
2026-04-07,2026-04-07,"AS - Prospecting Campaign Dec2022",inactive,,,,"Using ad set budget",0,0,0,0,0,0,Ongoing,"7-day click or 1-day view",,,,,,,0,,,,,
2026-04-07,2026-04-07,"AS - RMKT - DEC 2022",inactive,,,,50,Daily,0,0,0,0,0,Ongoing,"7-day click or 1-day view",,,,,,,0,,,,,
2026-04-07,2026-04-07,"Website Retargeting - 2022",inactive,,,,"Using ad set budget",0,0,0,0,0,0,Ongoing,"1-day click",,,,,,,0,,,,,
2026-04-06,2026-04-06,"VD | Broad | Awareness",active,,,,196,Daily,0,0,0,0,0,Ongoing,"7-day click or 1-day view",,,,,,,0,,,,,
2026-04-06,2026-04-06,"VD | Retargeting | DPA Broad Remarket",inactive,,,,44,Daily,0,0,0,0,0,Ongoing,"7-day click",,,,,,,0,,,,,
2026-04-06,2026-04-06,"VD | Retargeting | DPA",active,,,,370,Daily,0,0,0,0,0,Ongoing,"7-day click",,,,,,,0,,,,,
2026-04-06,2026-04-06,"VD | Retargeting | DPA Campaign | Sales",inactive,,,,145,Daily,0,0,0,0,0,Ongoing,"7-day click",,,,,,,0,,,,,
2026-04-06,2026-04-06,"VD | Broad | Prospecting | Sales",active,,,,370,Daily,0,0,0,0,0,Ongoing,"7-day click",,,,,,,0,,,,,
2026-04-06,2026-04-06,"Warehouse Clearance | Prospecting | Sales | Advantage+",inactive,,,,"Using ad set budget",0,0,0,0,0,0,2026-03-29,"7-day click",,,,,,,0,,,,,
2026-04-06,2026-04-06,"WinterSale | Prospecting | Sales | Advantage+",inactive,,,,"Using ad set budget",0,0,0,0,0,0,Ongoing,"7-day click",,,,,,,0,,,,,
2026-04-06,2026-04-06,"Ongoing | Sales | ProTex1 | Advantage+ | SH",active,3,actions:offsite_conversion.fb_pixel_purchase,166.65,327,Daily,499.95,15560,10570,1.472091,32.130463,Ongoing,"7-day click or 1-day view",3.89787,3,1948.74,action_values:offsite_conversion.fb_pixel_purchase,174,1.118252,2.2725,181,160,7,3,
2026-04-06,2026-04-06,"Ongoing | Sales | Hi-Vis Only | Advantage+ | SH",active,1,actions:offsite_conversion.fb_pixel_purchase,443.41,300,Daily,443.41,11622,7713,1.506807,38.152642,Ongoing,"7-day click or 1-day view",1.204393,1,534.04,action_values:offsite_conversion.fb_pixel_purchase,165,1.419721,2.396811,192,179,9,7,4
2026-04-06,2026-04-06,"Customised Workwear | Awareness | Advantage+ | SH Campaign – Copy",inactive,,,,100,Daily,0,0,0,0,0,Ongoing,"7-day click or 1-day view",,,,,,,0,,,,,
2026-04-06,2026-04-06,"Key Categories | Sales | Advantage+ | SH Campaign",inactive,,,,"Using ad set budget",0,0,0,0,0,0,Ongoing,"7-day click, 1-day view, or 1-day engaged-view",,,,,,,0,,,,,
2026-04-06,2026-04-06,"Customised Workwear | Sales | Advantage+ | SH Campaign",inactive,,,,"Using ad set budget",0,0,0,0,0,0,Ongoing,"7-day click, 1-day view, or 1-day engaged-view",,,,,,,0,,,,,
2026-04-06,2026-04-06,"Ongoing | Retargeting | Sales | Dynamic Abandoned Cart - 30 Days | SH",inactive,1,actions:offsite_conversion.fb_pixel_purchase,86.55,6.5,Daily,86.55,1549,1085,1.42765,55.874758,Ongoing,"7-day click",3.15933,1,273.44,action_values:offsite_conversion.fb_pixel_purchase,42,2.711427,1.923333,42,41,6,2,
2026-04-06,2026-04-06,"AS 7/1 25 - Purchase - Flexible ad Campaign",inactive,,,,"Using ad set budget",0,0,0,0,0,0,Ongoing,"7-day click, 1-day view, or 1-day engaged-view",,,,,,,0,,,,,
2026-04-06,2026-04-06,"5/6 Michelle Job add - KAM Jylland",inactive,,,,"Using ad set budget",0,0,0,0,0,0,Ongoing,"7-day click or 1-day view",,,,,,,0,,,,,
2026-04-06,2026-04-06,"4/1 2024 - RM - UK Campaign",inactive,,,,100,Daily,0,0,0,0,0,Ongoing,"7-day click",,,,,,,0,,,,,
2026-04-06,2026-04-06,"Ongoing | Prospecting | Sales | Broad | Advantage+ | SH Campaign",inactive,12,actions:offsite_conversion.fb_pixel_purchase,93.00333333,"Using ad set budget",0,1116.04,41204,31639,1.302317,27.08572,Ongoing,"7-day click or 1-day view",4.60884,12,5143.65,action_values:offsite_conversion.fb_pixel_purchase,667,1.618775,1.357713,693,618,53,18,6
2026-04-06,2026-04-06,"4/12 2023 - Safety Shoe Sale  Campaign",inactive,,,,"Using ad set budget",0,0,0,0,0,0,Ongoing,"7-day click or 1-day view",,,,,,,0,,,,,
2026-04-06,2026-04-06,"11/10 2023 - Advantage+ shopping campaign Campaign",inactive,,,,"Using ad set budget",0,0,0,0,0,0,Ongoing,"7-day click or 1-day view",,,,,,,0,,,,,
2026-04-06,2026-04-06,"19/7 2023 - MPA RM campaign",inactive,,,,"Using ad set budget",0,0,0,0,0,0,Ongoing,"7-day click or 1-day view",,,,,,,0,,,,,
2026-04-06,2026-04-06,"11/7 2023 - Sales campaign Women - UK MPA",inactive,,,,"Using ad set budget",0,0,0,0,0,0,Ongoing,"7-day click or 1-day view",,,,,,,0,,,,,
2026-04-06,2026-04-06,"23/6 2023 - Sales campaign - UK MPA",inactive,,,,"Using ad set budget",0,0,0,0,0,0,Ongoing,"7-day click or 1-day view",,,,,,,0,,,,,
2026-04-06,2026-04-06,"19/6 2023 - Sales collection video",inactive,,,,"Using ad set budget",0,0,0,0,0,0,Ongoing,"7-day click or 1-day view",,,,,,,0,,,,,
2026-04-06,2026-04-06,"12/5 2023 - Sales campaign - UK MPA",inactive,,,,"Using ad set budget",0,0,0,0,0,0,Ongoing,"7-day click or 1-day view",,,,,,,0,,,,,
2026-04-06,2026-04-06,"8/5 Veltuff - Broad - custom - UK sales",inactive,,,,"Using ad set budget",0,0,0,0,0,0,Ongoing,"7-day click or 1-day view",,,,,,,0,,,,,
2026-04-06,2026-04-06,"3/5 Veltuff - Prospecting Campaign - Sales",inactive,,,,"Using ad set budget",0,0,0,0,0,0,Ongoing,"7-day click or 1-day view",,,,,,,0,,,,,
2026-04-06,2026-04-06,"11/4 Veltuff - Broad - custom - UK sales",inactive,,,,"Using ad set budget",0,0,0,0,0,0,Ongoing,"7-day click or 1-day view",,,,,,,0,,,,,
2026-04-06,2026-04-06,"28/3 Veltuff - Broad - custom - UK RM",inactive,,,,"Using ad set budget",0,0,0,0,0,0,Ongoing,"7-day click or 1-day view",,,,,,,0,,,,,
2026-04-06,2026-04-06,"23/3 Veltuff - Broad - custom - UK sales",inactive,,,,"Using ad set budget",0,0,0,0,0,0,Ongoing,"7-day click or 1-day view",,,,,,,0,,,,,
2026-04-06,2026-04-06,"17/3 Veltuff - Broad - custom - UK sales",inactive,,,,"Using ad set budget",0,0,0,0,0,0,Ongoing,"7-day click or 1-day view",,,,,,,0,,,,,
2026-04-06,2026-04-06,"AS - Prospecting Campaign JAN2023 - SALE - Copy",inactive,,,,"Using ad set budget",0,0,0,0,0,0,Ongoing,"7-day click or 1-day view",,,,,,,0,,,,,
2026-04-06,2026-04-06,"AS - Prospecting Campaign Dec2022",inactive,,,,"Using ad set budget",0,0,0,0,0,0,Ongoing,"7-day click or 1-day view",,,,,,,0,,,,,
2026-04-06,2026-04-06,"AS - RMKT - DEC 2022",inactive,,,,50,Daily,0,0,0,0,0,Ongoing,"7-day click or 1-day view",,,,,,,0,,,,,
2026-04-06,2026-04-06,"Website Retargeting - 2022",inactive,,,,"Using ad set budget",0,0,0,0,0,0,Ongoing,"1-day click",,,,,,,0,,,,,
2026-04-05,2026-04-05,"VD | Broad | Awareness",active,,,,196,Daily,0,0,0,0,0,Ongoing,"7-day click or 1-day view",,,,,,,0,,,,,
2026-04-05,2026-04-05,"VD | Retargeting | DPA Broad Remarket",inactive,,,,44,Daily,0,0,0,0,0,Ongoing,"7-day click",,,,,,,0,,,,,
2026-04-05,2026-04-05,"VD | Retargeting | DPA",active,,,,370,Daily,0,0,0,0,0,Ongoing,"7-day click",,,,,,,0,,,,,
2026-04-05,2026-04-05,"VD | Retargeting | DPA Campaign | Sales",inactive,,,,145,Daily,0,0,0,0,0,Ongoing,"7-day click",,,,,,,0,,,,,
2026-04-05,2026-04-05,"VD | Broad | Prospecting | Sales",active,,,,370,Daily,0,0,0,0,0,Ongoing,"7-day click",,,,,,,0,,,,,
2026-04-05,2026-04-05,"Warehouse Clearance | Prospecting | Sales | Advantage+",inactive,,,,"Using ad set budget",0,0,0,0,0,0,2026-03-29,"7-day click",,,,,,,0,,,,,
2026-04-05,2026-04-05,"WinterSale | Prospecting | Sales | Advantage+",inactive,,,,"Using ad set budget",0,0,0,0,0,0,Ongoing,"7-day click",,,,,,,0,,,,,
2026-04-05,2026-04-05,"Ongoing | Sales | ProTex1 | Advantage+ | SH",active,6,actions:offsite_conversion.fb_pixel_purchase,83.30666667,327,Daily,499.84,13986,9632,1.452035,35.738596,Ongoing,"7-day click or 1-day view",7.576905,6,3787.24,action_values:offsite_conversion.fb_pixel_purchase,171,1.222651,2.314074,176,174,16,7,
2026-04-05,2026-04-05,"Ongoing | Sales | Hi-Vis Only | Advantage+ | SH",active,8,actions:offsite_conversion.fb_pixel_purchase,58.885,300,Daily,471.08,11010,7235,1.521769,42.786558,Ongoing,"7-day click or 1-day view",7.928314,8,3734.87,action_values:offsite_conversion.fb_pixel_purchase,169,1.534968,2.332079,200,182,33,15,6
2026-04-05,2026-04-05,"Customised Workwear | Awareness | Advantage+ | SH Campaign – Copy",inactive,,,,100,Daily,0,0,0,0,0,Ongoing,"7-day click or 1-day view",,,,,,,0,,,,,
2026-04-05,2026-04-05,"Key Categories | Sales | Advantage+ | SH Campaign",inactive,,,,"Using ad set budget",0,0,0,0,0,0,Ongoing,"7-day click, 1-day view, or 1-day engaged-view",,,,,,,0,,,,,
2026-04-05,2026-04-05,"Customised Workwear | Sales | Advantage+ | SH Campaign",inactive,,,,"Using ad set budget",0,0,0,0,0,0,Ongoing,"7-day click, 1-day view, or 1-day engaged-view",,,,,,,0,,,,,
2026-04-05,2026-04-05,"Ongoing | Retargeting | Sales | Dynamic Abandoned Cart - 30 Days | SH",inactive,1,actions:offsite_conversion.fb_pixel_purchase,105.44,6.5,Daily,105.44,1700,1119,1.519214,62.023529,Ongoing,"7-day click",9.163885,1,966.24,action_values:offsite_conversion.fb_pixel_purchase,41,2.411765,2.571707,41,37,8,3,
2026-04-05,2026-04-05,"AS 7/1 25 - Purchase - Flexible ad Campaign",inactive,,,,"Using ad set budget",0,0,0,0,0,0,Ongoing,"7-day click, 1-day view, or 1-day engaged-view",,,,,,,0,,,,,
2026-04-05,2026-04-05,"5/6 Michelle Job add - KAM Jylland",inactive,,,,"Using ad set budget",0,0,0,0,0,0,Ongoing,"7-day click or 1-day view",,,,,,,0,,,,,
2026-04-05,2026-04-05,"4/1 2024 - RM - UK Campaign",inactive,,,,100,Daily,0,0,0,0,0,Ongoing,"7-day click",,,,,,,0,,,,,
2026-04-05,2026-04-05,"Ongoing | Prospecting | Sales | Broad | Advantage+ | SH Campaign",inactive,14,actions:offsite_conversion.fb_pixel_purchase,86.57142857,"Using ad set budget",0,1212,37595,26990,1.392923,32.23833,Ongoing,"7-day click or 1-day view",4.545182,14,5508.76,action_values:offsite_conversion.fb_pixel_purchase,699,1.85929,1.436019,733,672,54,21,5
2026-04-05,2026-04-05,"4/12 2023 - Safety Shoe Sale  Campaign",inactive,,,,"Using ad set budget",0,0,0,0,0,0,Ongoing,"7-day click or 1-day view",,,,,,,0,,,,,
2026-04-05,2026-04-05,"11/10 2023 - Advantage+ shopping campaign Campaign",inactive,,,,"Using ad set budget",0,0,0,0,0,0,Ongoing,"7-day click or 1-day view",,,,,,,0,,,,,
2026-04-05,2026-04-05,"19/7 2023 - MPA RM campaign",inactive,,,,"Using ad set budget",0,0,0,0,0,0,Ongoing,"7-day click or 1-day view",,,,,,,0,,,,,
2026-04-05,2026-04-05,"11/7 2023 - Sales campaign Women - UK MPA",inactive,,,,"Using ad set budget",0,0,0,0,0,0,Ongoing,"7-day click or 1-day view",,,,,,,0,,,,,
2026-04-05,2026-04-05,"23/6 2023 - Sales campaign - UK MPA",inactive,,,,"Using ad set budget",0,0,0,0,0,0,Ongoing,"7-day click or 1-day view",,,,,,,0,,,,,
2026-04-05,2026-04-05,"19/6 2023 - Sales collection video",inactive,,,,"Using ad set budget",0,0,0,0,0,0,Ongoing,"7-day click or 1-day view",,,,,,,0,,,,,
2026-04-05,2026-04-05,"12/5 2023 - Sales campaign - UK MPA",inactive,,,,"Using ad set budget",0,0,0,0,0,0,Ongoing,"7-day click or 1-day view",,,,,,,0,,,,,
2026-04-05,2026-04-05,"8/5 Veltuff - Broad - custom - UK sales",inactive,,,,"Using ad set budget",0,0,0,0,0,0,Ongoing,"7-day click or 1-day view",,,,,,,0,,,,,
2026-04-05,2026-04-05,"3/5 Veltuff - Prospecting Campaign - Sales",inactive,,,,"Using ad set budget",0,0,0,0,0,0,Ongoing,"7-day click or 1-day view",,,,,,,0,,,,,
2026-04-05,2026-04-05,"11/4 Veltuff - Broad - custom - UK sales",inactive,,,,"Using ad set budget",0,0,0,0,0,0,Ongoing,"7-day click or 1-day view",,,,,,,0,,,,,
2026-04-05,2026-04-05,"28/3 Veltuff - Broad - custom - UK RM",inactive,,,,"Using ad set budget",0,0,0,0,0,0,Ongoing,"7-day click or 1-day view",,,,,,,0,,,,,
2026-04-05,2026-04-05,"23/3 Veltuff - Broad - custom - UK sales",inactive,,,,"Using ad set budget",0,0,0,0,0,0,Ongoing,"7-day click or 1-day view",,,,,,,0,,,,,
2026-04-05,2026-04-05,"17/3 Veltuff - Broad - custom - UK sales",inactive,,,,"Using ad set budget",0,0,0,0,0,0,Ongoing,"7-day click or 1-day view",,,,,,,0,,,,,
2026-04-05,2026-04-05,"AS - Prospecting Campaign JAN2023 - SALE - Copy",inactive,,,,"Using ad set budget",0,0,0,0,0,0,Ongoing,"7-day click or 1-day view",,,,,,,0,,,,,
2026-04-05,2026-04-05,"AS - Prospecting Campaign Dec2022",inactive,,,,"Using ad set budget",0,0,0,0,0,0,Ongoing,"7-day click or 1-day view",,,,,,,0,,,,,
2026-04-05,2026-04-05,"AS - RMKT - DEC 2022",inactive,,,,50,Daily,0,0,0,0,0,Ongoing,"7-day click or 1-day view",,,,,,,0,,,,,
2026-04-05,2026-04-05,"Website Retargeting - 2022",inactive,,,,"Using ad set budget",0,0,0,0,0,0,Ongoing,"1-day click",,,,,,,0,,,,,
2026-04-04,2026-04-04,"VD | Broad | Awareness",active,,,,196,Daily,0,0,0,0,0,Ongoing,"7-day click or 1-day view",,,,,,,0,,,,,
2026-04-04,2026-04-04,"VD | Retargeting | DPA Broad Remarket",inactive,,,,44,Daily,0,0,0,0,0,Ongoing,"7-day click",,,,,,,0,,,,,
2026-04-04,2026-04-04,"VD | Retargeting | DPA",active,,,,370,Daily,0,0,0,0,0,Ongoing,"7-day click",,,,,,,0,,,,,
2026-04-04,2026-04-04,"VD | Retargeting | DPA Campaign | Sales",inactive,,,,145,Daily,0,0,0,0,0,Ongoing,"7-day click",,,,,,,0,,,,,
2026-04-04,2026-04-04,"VD | Broad | Prospecting | Sales",active,,,,370,Daily,0,0,0,0,0,Ongoing,"7-day click",,,,,,,0,,,,,
2026-04-04,2026-04-04,"Warehouse Clearance | Prospecting | Sales | Advantage+",inactive,,,,"Using ad set budget",0,0,0,0,0,0,2026-03-29,"7-day click",,,,,,,0,,,,,
2026-04-04,2026-04-04,"WinterSale | Prospecting | Sales | Advantage+",inactive,,,,"Using ad set budget",0,0,0,0,0,0,Ongoing,"7-day click",,,,,,,0,,,,,
2026-04-04,2026-04-04,"Ongoing | Sales | ProTex1 | Advantage+ | SH",active,5,actions:offsite_conversion.fb_pixel_purchase,99.99,327,Daily,499.95,13015,9092,1.431478,38.413369,Ongoing,"7-day click or 1-day view",5.224502,5,2611.99,action_values:offsite_conversion.fb_pixel_purchase,145,1.114099,2.731967,147,120,14,10,
2026-04-04,2026-04-04,"Ongoing | Sales | Hi-Vis Only | Advantage+ | SH",active,5,actions:offsite_conversion.fb_pixel_purchase,80.714,300,Daily,403.57,9831,6281,1.565197,41.050758,Ongoing,"7-day click or 1-day view",4.856233,5,1959.83,action_values:offsite_conversion.fb_pixel_purchase,147,1.49527,2.387988,175,132,9,9,3
2026-04-04,2026-04-04,"Customised Workwear | Awareness | Advantage+ | SH Campaign – Copy",inactive,,,,100,Daily,0,0,0,0,0,Ongoing,"7-day click or 1-day view",,,,,,,0,,,,,
2026-04-04,2026-04-04,"Key Categories | Sales | Advantage+ | SH Campaign",inactive,,,,"Using ad set budget",0,0,0,0,0,0,Ongoing,"7-day click, 1-day view, or 1-day engaged-view",,,,,,,0,,,,,
2026-04-04,2026-04-04,"Customised Workwear | Sales | Advantage+ | SH Campaign",inactive,,,,"Using ad set budget",0,0,0,0,0,0,Ongoing,"7-day click, 1-day view, or 1-day engaged-view",,,,,,,0,,,,,
2026-04-04,2026-04-04,"Ongoing | Retargeting | Sales | Dynamic Abandoned Cart - 30 Days | SH",inactive,1,actions:offsite_conversion.fb_pixel_purchase,73.8,6.5,Daily,73.8,1477,1066,1.385553,49.966148,Ongoing,"7-day click",4.267615,1,314.95,action_values:offsite_conversion.fb_pixel_purchase,38,2.572783,1.8,40,35,2,1,
2026-04-04,2026-04-04,"AS 7/1 25 - Purchase - Flexible ad Campaign",inactive,,,,"Using ad set budget",0,0,0,0,0,0,Ongoing,"7-day click, 1-day view, or 1-day engaged-view",,,,,,,0,,,,,
2026-04-04,2026-04-04,"5/6 Michelle Job add - KAM Jylland",inactive,,,,"Using ad set budget",0,0,0,0,0,0,Ongoing,"7-day click or 1-day view",,,,,,,0,,,,,
2026-04-04,2026-04-04,"4/1 2024 - RM - UK Campaign",inactive,,,,100,Daily,0,0,0,0,0,Ongoing,"7-day click",,,,,,,0,,,,,
2026-04-04,2026-04-04,"Ongoing | Prospecting | Sales | Broad | Advantage+ | SH Campaign",inactive,20,actions:offsite_conversion.fb_pixel_purchase,49.2145,"Using ad set budget",0,984.29,28295,20798,1.360467,34.786711,Ongoing,"7-day click or 1-day view",7.977608,20,7852.28,action_values:offsite_conversion.fb_pixel_purchase,605,2.138187,1.394178,623,566,67,40,3
2026-04-04,2026-04-04,"4/12 2023 - Safety Shoe Sale  Campaign",inactive,,,,"Using ad set budget",0,0,0,0,0,0,Ongoing,"7-day click or 1-day view",,,,,,,0,,,,,
2026-04-04,2026-04-04,"11/10 2023 - Advantage+ shopping campaign Campaign",inactive,,,,"Using ad set budget",0,0,0,0,0,0,Ongoing,"7-day click or 1-day view",,,,,,,0,,,,,
2026-04-04,2026-04-04,"19/7 2023 - MPA RM campaign",inactive,,,,"Using ad set budget",0,0,0,0,0,0,Ongoing,"7-day click or 1-day view",,,,,,,0,,,,,
2026-04-04,2026-04-04,"11/7 2023 - Sales campaign Women - UK MPA",inactive,,,,"Using ad set budget",0,0,0,0,0,0,Ongoing,"7-day click or 1-day view",,,,,,,0,,,,,
2026-04-04,2026-04-04,"23/6 2023 - Sales campaign - UK MPA",inactive,,,,"Using ad set budget",0,0,0,0,0,0,Ongoing,"7-day click or 1-day view",,,,,,,0,,,,,
2026-04-04,2026-04-04,"19/6 2023 - Sales collection video",inactive,,,,"Using ad set budget",0,0,0,0,0,0,Ongoing,"7-day click or 1-day view",,,,,,,0,,,,,
2026-04-04,2026-04-04,"12/5 2023 - Sales campaign - UK MPA",inactive,,,,"Using ad set budget",0,0,0,0,0,0,Ongoing,"7-day click or 1-day view",,,,,,,0,,,,,
2026-04-04,2026-04-04,"8/5 Veltuff - Broad - custom - UK sales",inactive,,,,"Using ad set budget",0,0,0,0,0,0,Ongoing,"7-day click or 1-day view",,,,,,,0,,,,,
2026-04-04,2026-04-04,"3/5 Veltuff - Prospecting Campaign - Sales",inactive,,,,"Using ad set budget",0,0,0,0,0,0,Ongoing,"7-day click or 1-day view",,,,,,,0,,,,,
2026-04-04,2026-04-04,"11/4 Veltuff - Broad - custom - UK sales",inactive,,,,"Using ad set budget",0,0,0,0,0,0,Ongoing,"7-day click or 1-day view",,,,,,,0,,,,,
2026-04-04,2026-04-04,"28/3 Veltuff - Broad - custom - UK RM",inactive,,,,"Using ad set budget",0,0,0,0,0,0,Ongoing,"7-day click or 1-day view",,,,,,,0,,,,,
2026-04-04,2026-04-04,"23/3 Veltuff - Broad - custom - UK sales",inactive,,,,"Using ad set budget",0,0,0,0,0,0,Ongoing,"7-day click or 1-day view",,,,,,,0,,,,,
2026-04-04,2026-04-04,"17/3 Veltuff - Broad - custom - UK sales",inactive,,,,"Using ad set budget",0,0,0,0,0,0,Ongoing,"7-day click or 1-day view",,,,,,,0,,,,,
2026-04-04,2026-04-04,"AS - Prospecting Campaign JAN2023 - SALE - Copy",inactive,,,,"Using ad set budget",0,0,0,0,0,0,Ongoing,"7-day click or 1-day view",,,,,,,0,,,,,
2026-04-04,2026-04-04,"AS - Prospecting Campaign Dec2022",inactive,,,,"Using ad set budget",0,0,0,0,0,0,Ongoing,"7-day click or 1-day view",,,,,,,0,,,,,
2026-04-04,2026-04-04,"AS - RMKT - DEC 2022",inactive,,,,50,Daily,0,0,0,0,0,Ongoing,"7-day click or 1-day view",,,,,,,0,,,,,
2026-04-04,2026-04-04,"Website Retargeting - 2022",inactive,,,,"Using ad set budget",0,0,0,0,0,0,Ongoing,"1-day click",,,,,,,0,,,,,
2026-04-03,2026-04-03,"VD | Broad | Awareness",active,,,,196,Daily,0,0,0,0,0,Ongoing,"7-day click or 1-day view",,,,,,,0,,,,,
2026-04-03,2026-04-03,"VD | Retargeting | DPA Broad Remarket",inactive,,,,44,Daily,0,0,0,0,0,Ongoing,"7-day click",,,,,,,0,,,,,
2026-04-03,2026-04-03,"VD | Retargeting | DPA",active,,,,370,Daily,0,0,0,0,0,Ongoing,"7-day click",,,,,,,0,,,,,
2026-04-03,2026-04-03,"VD | Retargeting | DPA Campaign | Sales",inactive,,,,145,Daily,0,0,0,0,0,Ongoing,"7-day click",,,,,,,0,,,,,
2026-04-03,2026-04-03,"VD | Broad | Prospecting | Sales",active,,,,370,Daily,0,0,0,0,0,Ongoing,"7-day click",,,,,,,0,,,,,
2026-04-03,2026-04-03,"Warehouse Clearance | Prospecting | Sales | Advantage+",inactive,,,,"Using ad set budget",0,0,0,0,0,0,2026-03-29,"7-day click",,,,,,,0,,,,,
2026-04-03,2026-04-03,"WinterSale | Prospecting | Sales | Advantage+",inactive,,,,"Using ad set budget",0,0,0,0,0,0,Ongoing,"7-day click",,,,,,,0,,,,,
2026-04-03,2026-04-03,"Ongoing | Sales | ProTex1 | Advantage+ | SH",active,1,actions:offsite_conversion.fb_pixel_purchase,499.6,327,Daily,499.6,11512,8128,1.416339,43.398193,Ongoing,"7-day click or 1-day view",1.130484,1,564.79,action_values:offsite_conversion.fb_pixel_purchase,141,1.224809,2.730055,146,122,3,2,
2026-04-03,2026-04-03,"Ongoing | Sales | Hi-Vis Only | Advantage+ | SH",active,4,actions:offsite_conversion.fb_pixel_purchase,112.5675,300,Daily,450.27,10380,6609,1.570586,43.378613,Ongoing,"7-day click or 1-day view",6.248051,4,2813.31,action_values:offsite_conversion.fb_pixel_purchase,152,1.464355,2.543898,183,146,19,15,4
2026-04-03,2026-04-03,"Customised Workwear | Awareness | Advantage+ | SH Campaign – Copy",inactive,,,,100,Daily,0,0,0,0,0,Ongoing,"7-day click or 1-day view",,,,,,,0,,,,,
2026-04-03,2026-04-03,"Key Categories | Sales | Advantage+ | SH Campaign",inactive,,,,"Using ad set budget",0,0,0,0,0,0,Ongoing,"7-day click, 1-day view, or 1-day engaged-view",,,,,,,0,,,,,
2026-04-03,2026-04-03,"Customised Workwear | Sales | Advantage+ | SH Campaign",inactive,,,,"Using ad set budget",0,0,0,0,0,0,Ongoing,"7-day click, 1-day view, or 1-day engaged-view",,,,,,,0,,,,,
2026-04-03,2026-04-03,"Ongoing | Retargeting | Sales | Dynamic Abandoned Cart - 30 Days | SH",inactive,,,,6.5,Daily,82.95,1159,817,1.418605,71.570319,Ongoing,"7-day click",,,,,37,3.192407,2.023171,42,37,,2,
2026-04-03,2026-04-03,"AS 7/1 25 - Purchase - Flexible ad Campaign",inactive,,,,"Using ad set budget",0,0,0,0,0,0,Ongoing,"7-day click, 1-day view, or 1-day engaged-view",,,,,,,0,,,,,
2026-04-03,2026-04-03,"5/6 Michelle Job add - KAM Jylland",inactive,,,,"Using ad set budget",0,0,0,0,0,0,Ongoing,"7-day click or 1-day view",,,,,,,0,,,,,
2026-04-03,2026-04-03,"4/1 2024 - RM - UK Campaign",inactive,,,,100,Daily,0,0,0,0,0,Ongoing,"7-day click",,,,,,,0,,,,,
2026-04-03,2026-04-03,"Ongoing | Prospecting | Sales | Broad | Advantage+ | SH Campaign",inactive,12,actions:offsite_conversion.fb_pixel_purchase,92.56666667,"Using ad set budget",0,1110.8,28185,19608,1.437424,39.411034,Ongoing,"7-day click or 1-day view",4.563729,12,5069.39,action_values:offsite_conversion.fb_pixel_purchase,632,2.242327,1.489008,654,586,52,21,4
2026-04-03,2026-04-03,"4/12 2023 - Safety Shoe Sale  Campaign",inactive,,,,"Using ad set budget",0,0,0,0,0,0,Ongoing,"7-day click or 1-day view",,,,,,,0,,,,,
2026-04-03,2026-04-03,"11/10 2023 - Advantage+ shopping campaign Campaign",inactive,,,,"Using ad set budget",0,0,0,0,0,0,Ongoing,"7-day click or 1-day view",,,,,,,0,,,,,
2026-04-03,2026-04-03,"19/7 2023 - MPA RM campaign",inactive,,,,"Using ad set budget",0,0,0,0,0,0,Ongoing,"7-day click or 1-day view",,,,,,,0,,,,,
2026-04-03,2026-04-03,"11/7 2023 - Sales campaign Women - UK MPA",inactive,,,,"Using ad set budget",0,0,0,0,0,0,Ongoing,"7-day click or 1-day view",,,,,,,0,,,,,
2026-04-03,2026-04-03,"23/6 2023 - Sales campaign - UK MPA",inactive,,,,"Using ad set budget",0,0,0,0,0,0,Ongoing,"7-day click or 1-day view",,,,,,,0,,,,,
2026-04-03,2026-04-03,"19/6 2023 - Sales collection video",inactive,,,,"Using ad set budget",0,0,0,0,0,0,Ongoing,"7-day click or 1-day view",,,,,,,0,,,,,
2026-04-03,2026-04-03,"12/5 2023 - Sales campaign - UK MPA",inactive,,,,"Using ad set budget",0,0,0,0,0,0,Ongoing,"7-day click or 1-day view",,,,,,,0,,,,,
2026-04-03,2026-04-03,"8/5 Veltuff - Broad - custom - UK sales",inactive,,,,"Using ad set budget",0,0,0,0,0,0,Ongoing,"7-day click or 1-day view",,,,,,,0,,,,,
2026-04-03,2026-04-03,"3/5 Veltuff - Prospecting Campaign - Sales",inactive,,,,"Using ad set budget",0,0,0,0,0,0,Ongoing,"7-day click or 1-day view",,,,,,,0,,,,,
2026-04-03,2026-04-03,"11/4 Veltuff - Broad - custom - UK sales",inactive,,,,"Using ad set budget",0,0,0,0,0,0,Ongoing,"7-day click or 1-day view",,,,,,,0,,,,,
2026-04-03,2026-04-03,"28/3 Veltuff - Broad - custom - UK RM",inactive,,,,"Using ad set budget",0,0,0,0,0,0,Ongoing,"7-day click or 1-day view",,,,,,,0,,,,,
2026-04-03,2026-04-03,"23/3 Veltuff - Broad - custom - UK sales",inactive,,,,"Using ad set budget",0,0,0,0,0,0,Ongoing,"7-day click or 1-day view",,,,,,,0,,,,,
2026-04-03,2026-04-03,"17/3 Veltuff - Broad - custom - UK sales",inactive,,,,"Using ad set budget",0,0,0,0,0,0,Ongoing,"7-day click or 1-day view",,,,,,,0,,,,,
2026-04-03,2026-04-03,"AS - Prospecting Campaign JAN2023 - SALE - Copy",inactive,,,,"Using ad set budget",0,0,0,0,0,0,Ongoing,"7-day click or 1-day view",,,,,,,0,,,,,
2026-04-03,2026-04-03,"AS - Prospecting Campaign Dec2022",inactive,,,,"Using ad set budget",0,0,0,0,0,0,Ongoing,"7-day click or 1-day view",,,,,,,0,,,,,
2026-04-03,2026-04-03,"AS - RMKT - DEC 2022",inactive,,,,50,Daily,0,0,0,0,0,Ongoing,"7-day click or 1-day view",,,,,,,0,,,,,
2026-04-03,2026-04-03,"Website Retargeting - 2022",inactive,,,,"Using ad set budget",0,0,0,0,0,0,Ongoing,"1-day click",,,,,,,0,,,,,
2026-04-02,2026-04-02,"VD | Broad | Awareness",active,,,,196,Daily,0,0,0,0,0,Ongoing,"7-day click or 1-day view",,,,,,,0,,,,,
2026-04-02,2026-04-02,"VD | Retargeting | DPA Broad Remarket",inactive,,,,44,Daily,0,0,0,0,0,Ongoing,"7-day click",,,,,,,0,,,,,
2026-04-02,2026-04-02,"VD | Retargeting | DPA",active,,,,370,Daily,0,0,0,0,0,Ongoing,"7-day click",,,,,,,0,,,,,
2026-04-02,2026-04-02,"VD | Retargeting | DPA Campaign | Sales",inactive,,,,145,Daily,0,0,0,0,0,Ongoing,"7-day click",,,,,,,0,,,,,
2026-04-02,2026-04-02,"VD | Broad | Prospecting | Sales",active,,,,370,Daily,0,0,0,0,0,Ongoing,"7-day click",,,,,,,0,,,,,
2026-04-02,2026-04-02,"Warehouse Clearance | Prospecting | Sales | Advantage+",inactive,,,,"Using ad set budget",0,0,0,0,0,0,2026-03-29,"7-day click",,,,,,,0,,,,,
2026-04-02,2026-04-02,"WinterSale | Prospecting | Sales | Advantage+",inactive,,,,"Using ad set budget",0,0,0,0,0,0,Ongoing,"7-day click",,,,,,,0,,,,,
2026-04-02,2026-04-02,"Ongoing | Sales | ProTex1 | Advantage+ | SH",active,5,actions:offsite_conversion.fb_pixel_purchase,99.958,327,Daily,499.79,11164,7668,1.455921,44.768004,Ongoing,"7-day click or 1-day view",6.481302,5,3239.29,action_values:offsite_conversion.fb_pixel_purchase,123,1.101756,3.24539,125,104,37,12,
2026-04-02,2026-04-02,"Ongoing | Sales | Hi-Vis Only | Advantage+ | SH",active,7,actions:offsite_conversion.fb_pixel_purchase,67.03428571,300,Daily,469.24,10305,6238,1.651972,45.535177,Ongoing,"7-day click or 1-day view",6.292175,7,2952.54,action_values:offsite_conversion.fb_pixel_purchase,175,1.698205,2.311527,206,152,36,20,4
2026-04-02,2026-04-02,"Customised Workwear | Awareness | Advantage+ | SH Campaign – Copy",inactive,,,,100,Daily,0,0,0,0,0,Ongoing,"7-day click or 1-day view",,,,,,,0,,,,,
2026-04-02,2026-04-02,"Key Categories | Sales | Advantage+ | SH Campaign",inactive,,,,"Using ad set budget",0,0,0,0,0,0,Ongoing,"7-day click, 1-day view, or 1-day engaged-view",,,,,,,0,,,,,
2026-04-02,2026-04-02,"Customised Workwear | Sales | Advantage+ | SH Campaign",inactive,,,,"Using ad set budget",0,0,0,0,0,0,Ongoing,"7-day click, 1-day view, or 1-day engaged-view",,,,,,,0,,,,,
2026-04-02,2026-04-02,"Ongoing | Retargeting | Sales | Dynamic Abandoned Cart - 30 Days | SH",inactive,1,actions:offsite_conversion.fb_pixel_purchase,89.89,6.5,Daily,89.89,1442,1064,1.355263,62.337032,Ongoing,"7-day click",3.340861,1,300.31,action_values:offsite_conversion.fb_pixel_purchase,46,3.190014,1.7978,46,41,11,3,
2026-04-02,2026-04-02,"AS 7/1 25 - Purchase - Flexible ad Campaign",inactive,,,,"Using ad set budget",0,0,0,0,0,0,Ongoing,"7-day click, 1-day view, or 1-day engaged-view",,,,,,,0,,,,,
2026-04-02,2026-04-02,"5/6 Michelle Job add - KAM Jylland",inactive,,,,"Using ad set budget",0,0,0,0,0,0,Ongoing,"7-day click or 1-day view",,,,,,,0,,,,,
2026-04-02,2026-04-02,"4/1 2024 - RM - UK Campaign",inactive,,,,100,Daily,0,0,0,0,0,Ongoing,"7-day click",,,,,,,0,,,,,
2026-04-02,2026-04-02,"Ongoing | Prospecting | Sales | Broad | Advantage+ | SH Campaign",inactive,20,actions:offsite_conversion.fb_pixel_purchase,55.707,"Using ad set budget",0,1114.14,28350,21023,1.348523,39.299471,Ongoing,"7-day click or 1-day view",7.683415,20,8560.4,action_values:offsite_conversion.fb_pixel_purchase,604,2.130511,1.489492,630,536,85,46,5
2026-04-02,2026-04-02,"4/12 2023 - Safety Shoe Sale  Campaign",inactive,,,,"Using ad set budget",0,0,0,0,0,0,Ongoing,"7-day click or 1-day view",,,,,,,0,,,,,
2026-04-02,2026-04-02,"11/10 2023 - Advantage+ shopping campaign Campaign",inactive,,,,"Using ad set budget",0,0,0,0,0,0,Ongoing,"7-day click or 1-day view",,,,,,,0,,,,,
2026-04-02,2026-04-02,"19/7 2023 - MPA RM campaign",inactive,,,,"Using ad set budget",0,0,0,0,0,0,Ongoing,"7-day click or 1-day view",,,,,,,0,,,,,
2026-04-02,2026-04-02,"11/7 2023 - Sales campaign Women - UK MPA",inactive,,,,"Using ad set budget",0,0,0,0,0,0,Ongoing,"7-day click or 1-day view",,,,,,,0,,,,,
2026-04-02,2026-04-02,"23/6 2023 - Sales campaign - UK MPA",inactive,,,,"Using ad set budget",0,0,0,0,0,0,Ongoing,"7-day click or 1-day view",,,,,,,0,,,,,
2026-04-02,2026-04-02,"19/6 2023 - Sales collection video",inactive,,,,"Using ad set budget",0,0,0,0,0,0,Ongoing,"7-day click or 1-day view",,,,,,,0,,,,,
2026-04-02,2026-04-02,"12/5 2023 - Sales campaign - UK MPA",inactive,,,,"Using ad set budget",0,0,0,0,0,0,Ongoing,"7-day click or 1-day view",,,,,,,0,,,,,
2026-04-02,2026-04-02,"8/5 Veltuff - Broad - custom - UK sales",inactive,,,,"Using ad set budget",0,0,0,0,0,0,Ongoing,"7-day click or 1-day view",,,,,,,0,,,,,
2026-04-02,2026-04-02,"3/5 Veltuff - Prospecting Campaign - Sales",inactive,,,,"Using ad set budget",0,0,0,0,0,0,Ongoing,"7-day click or 1-day view",,,,,,,0,,,,,
2026-04-02,2026-04-02,"11/4 Veltuff - Broad - custom - UK sales",inactive,,,,"Using ad set budget",0,0,0,0,0,0,Ongoing,"7-day click or 1-day view",,,,,,,0,,,,,
2026-04-02,2026-04-02,"28/3 Veltuff - Broad - custom - UK RM",inactive,,,,"Using ad set budget",0,0,0,0,0,0,Ongoing,"7-day click or 1-day view",,,,,,,0,,,,,
2026-04-02,2026-04-02,"23/3 Veltuff - Broad - custom - UK sales",inactive,,,,"Using ad set budget",0,0,0,0,0,0,Ongoing,"7-day click or 1-day view",,,,,,,0,,,,,
2026-04-02,2026-04-02,"17/3 Veltuff - Broad - custom - UK sales",inactive,,,,"Using ad set budget",0,0,0,0,0,0,Ongoing,"7-day click or 1-day view",,,,,,,0,,,,,
2026-04-02,2026-04-02,"AS - Prospecting Campaign JAN2023 - SALE - Copy",inactive,,,,"Using ad set budget",0,0,0,0,0,0,Ongoing,"7-day click or 1-day view",,,,,,,0,,,,,
2026-04-02,2026-04-02,"AS - Prospecting Campaign Dec2022",inactive,,,,"Using ad set budget",0,0,0,0,0,0,Ongoing,"7-day click or 1-day view",,,,,,,0,,,,,
2026-04-02,2026-04-02,"AS - RMKT - DEC 2022",inactive,,,,50,Daily,0,0,0,0,0,Ongoing,"7-day click or 1-day view",,,,,,,0,,,,,
2026-04-02,2026-04-02,"Website Retargeting - 2022",inactive,,,,"Using ad set budget",0,0,0,0,0,0,Ongoing,"1-day click",,,,,,,0,,,,,
2026-04-01,2026-04-01,"VD | Broad | Awareness",active,,,,196,Daily,0,0,0,0,0,Ongoing,"7-day click or 1-day view",,,,,,,0,,,,,
2026-04-01,2026-04-01,"VD | Retargeting | DPA Broad Remarket",inactive,,,,44,Daily,0,0,0,0,0,Ongoing,"7-day click",,,,,,,0,,,,,
2026-04-01,2026-04-01,"VD | Retargeting | DPA",active,,,,370,Daily,0,0,0,0,0,Ongoing,"7-day click",,,,,,,0,,,,,
2026-04-01,2026-04-01,"VD | Retargeting | DPA Campaign | Sales",inactive,,,,145,Daily,0,0,0,0,0,Ongoing,"7-day click",,,,,,,0,,,,,
2026-04-01,2026-04-01,"VD | Broad | Prospecting | Sales",active,,,,370,Daily,0,0,0,0,0,Ongoing,"7-day click",,,,,,,0,,,,,
2026-04-01,2026-04-01,"Warehouse Clearance | Prospecting | Sales | Advantage+",inactive,,,,"Using ad set budget",0,0,0,0,0,0,2026-03-29,"7-day click",,,,,,,0,,,,,
2026-04-01,2026-04-01,"WinterSale | Prospecting | Sales | Advantage+",inactive,,,,"Using ad set budget",0,0,0,0,0,0,Ongoing,"7-day click",,,,,,,0,,,,,
2026-04-01,2026-04-01,"Ongoing | Sales | ProTex1 | Advantage+ | SH",active,2,actions:offsite_conversion.fb_pixel_purchase,249.99,327,Daily,499.98,13344,9506,1.403745,37.468525,Ongoing,"7-day click or 1-day view",1.457498,2,728.72,action_values:offsite_conversion.fb_pixel_purchase,156,1.169065,2.604063,160,125,26,5,
2026-04-01,2026-04-01,"Ongoing | Sales | Hi-Vis Only | Advantage+ | SH",active,2,actions:offsite_conversion.fb_pixel_purchase,234.105,300,Daily,468.21,11113,6453,1.722145,42.131738,Ongoing,"7-day click or 1-day view",2.115376,2,990.44,action_values:offsite_conversion.fb_pixel_purchase,137,1.23279,2.803653,163,113,23,4,5
2026-04-01,2026-04-01,"Customised Workwear | Awareness | Advantage+ | SH Campaign – Copy",inactive,,,,100,Daily,0,0,0,0,0,Ongoing,"7-day click or 1-day view",,,,,,,0,,,,,
2026-04-01,2026-04-01,"Key Categories | Sales | Advantage+ | SH Campaign",inactive,,,,"Using ad set budget",0,0,0,0,0,0,Ongoing,"7-day click, 1-day view, or 1-day engaged-view",,,,,,,0,,,,,
2026-04-01,2026-04-01,"Customised Workwear | Sales | Advantage+ | SH Campaign",inactive,,,,"Using ad set budget",0,0,0,0,0,0,Ongoing,"7-day click, 1-day view, or 1-day engaged-view",,,,,,,0,,,,,
2026-04-01,2026-04-01,"Ongoing | Retargeting | Sales | Dynamic Abandoned Cart - 30 Days | SH",inactive,,,,6.5,Daily,89.5,1388,974,1.425051,64.481268,Ongoing,"7-day click",,,,,42,3.025937,2.081395,43,49,6,,
2026-04-01,2026-04-01,"AS 7/1 25 - Purchase - Flexible ad Campaign",inactive,,,,"Using ad set budget",0,0,0,0,0,0,Ongoing,"7-day click, 1-day view, or 1-day engaged-view",,,,,,,0,,,,,
2026-04-01,2026-04-01,"5/6 Michelle Job add - KAM Jylland",inactive,,,,"Using ad set budget",0,0,0,0,0,0,Ongoing,"7-day click or 1-day view",,,,,,,0,,,,,
2026-04-01,2026-04-01,"4/1 2024 - RM - UK Campaign",inactive,,,,100,Daily,0,0,0,0,0,Ongoing,"7-day click",,,,,,,0,,,,,
2026-04-01,2026-04-01,"Ongoing | Prospecting | Sales | Broad | Advantage+ | SH Campaign",inactive,9,actions:offsite_conversion.fb_pixel_purchase,137.55888889,"Using ad set budget",0,1238.03,34668,25523,1.358304,35.71103,Ongoing,"7-day click or 1-day view",3.360807,9,4160.78,action_values:offsite_conversion.fb_pixel_purchase,638,1.840314,1.585186,669,591,80,28,5
2026-04-01,2026-04-01,"4/12 2023 - Safety Shoe Sale  Campaign",inactive,,,,"Using ad set budget",0,0,0,0,0,0,Ongoing,"7-day click or 1-day view",,,,,,,0,,,,,
2026-04-01,2026-04-01,"11/10 2023 - Advantage+ shopping campaign Campaign",inactive,,,,"Using ad set budget",0,0,0,0,0,0,Ongoing,"7-day click or 1-day view",,,,,,,0,,,,,
2026-04-01,2026-04-01,"19/7 2023 - MPA RM campaign",inactive,,,,"Using ad set budget",0,0,0,0,0,0,Ongoing,"7-day click or 1-day view",,,,,,,0,,,,,
2026-04-01,2026-04-01,"11/7 2023 - Sales campaign Women - UK MPA",inactive,,,,"Using ad set budget",0,0,0,0,0,0,Ongoing,"7-day click or 1-day view",,,,,,,0,,,,,
2026-04-01,2026-04-01,"23/6 2023 - Sales campaign - UK MPA",inactive,,,,"Using ad set budget",0,0,0,0,0,0,Ongoing,"7-day click or 1-day view",,,,,,,0,,,,,
2026-04-01,2026-04-01,"19/6 2023 - Sales collection video",inactive,,,,"Using ad set budget",0,0,0,0,0,0,Ongoing,"7-day click or 1-day view",,,,,,,0,,,,,
2026-04-01,2026-04-01,"12/5 2023 - Sales campaign - UK MPA",inactive,,,,"Using ad set budget",0,0,0,0,0,0,Ongoing,"7-day click or 1-day view",,,,,,,0,,,,,
2026-04-01,2026-04-01,"8/5 Veltuff - Broad - custom - UK sales",inactive,,,,"Using ad set budget",0,0,0,0,0,0,Ongoing,"7-day click or 1-day view",,,,,,,0,,,,,
2026-04-01,2026-04-01,"3/5 Veltuff - Prospecting Campaign - Sales",inactive,,,,"Using ad set budget",0,0,0,0,0,0,Ongoing,"7-day click or 1-day view",,,,,,,0,,,,,
2026-04-01,2026-04-01,"11/4 Veltuff - Broad - custom - UK sales",inactive,,,,"Using ad set budget",0,0,0,0,0,0,Ongoing,"7-day click or 1-day view",,,,,,,0,,,,,
2026-04-01,2026-04-01,"28/3 Veltuff - Broad - custom - UK RM",inactive,,,,"Using ad set budget",0,0,0,0,0,0,Ongoing,"7-day click or 1-day view",,,,,,,0,,,,,
2026-04-01,2026-04-01,"23/3 Veltuff - Broad - custom - UK sales",inactive,,,,"Using ad set budget",0,0,0,0,0,0,Ongoing,"7-day click or 1-day view",,,,,,,0,,,,,
2026-04-01,2026-04-01,"17/3 Veltuff - Broad - custom - UK sales",inactive,,,,"Using ad set budget",0,0,0,0,0,0,Ongoing,"7-day click or 1-day view",,,,,,,0,,,,,
2026-04-01,2026-04-01,"AS - Prospecting Campaign JAN2023 - SALE - Copy",inactive,,,,"Using ad set budget",0,0,0,0,0,0,Ongoing,"7-day click or 1-day view",,,,,,,0,,,,,
2026-04-01,2026-04-01,"AS - Prospecting Campaign Dec2022",inactive,,,,"Using ad set budget",0,0,0,0,0,0,Ongoing,"7-day click or 1-day view",,,,,,,0,,,,,
2026-04-01,2026-04-01,"AS - RMKT - DEC 2022",inactive,,,,50,Daily,0,0,0,0,0,Ongoing,"7-day click or 1-day view",,,,,,,0,,,,,
2026-04-01,2026-04-01,"Website Retargeting - 2022",inactive,,,,"Using ad set budget",0,0,0,0,0,0,Ongoing,"1-day click",,,,,,,0,,,,,
2026-03-31,2026-03-31,"VD | Broad | Awareness",active,,,,196,Daily,0,0,0,0,0,Ongoing,"7-day click or 1-day view",,,,,,,0,,,,,
2026-03-31,2026-03-31,"VD | Retargeting | DPA Broad Remarket",inactive,,,,44,Daily,0,0,0,0,0,Ongoing,"7-day click",,,,,,,0,,,,,
2026-03-31,2026-03-31,"VD | Retargeting | DPA",active,,,,370,Daily,0,0,0,0,0,Ongoing,"7-day click",,,,,,,0,,,,,
2026-03-31,2026-03-31,"VD | Retargeting | DPA Campaign | Sales",inactive,,,,145,Daily,0,0,0,0,0,Ongoing,"7-day click",,,,,,,0,,,,,
2026-03-31,2026-03-31,"VD | Broad | Prospecting | Sales",active,,,,370,Daily,0,0,0,0,0,Ongoing,"7-day click",,,,,,,0,,,,,
2026-03-31,2026-03-31,"Warehouse Clearance | Prospecting | Sales | Advantage+",inactive,,,,"Using ad set budget",0,0,0,0,0,0,2026-03-29,"7-day click",,,,,,,0,,,,,
2026-03-31,2026-03-31,"WinterSale | Prospecting | Sales | Advantage+",inactive,,,,"Using ad set budget",0,0,0,0,0,0,Ongoing,"7-day click",,,,,,,0,,,,,
2026-03-31,2026-03-31,"Ongoing | Sales | ProTex1 | Advantage+ | SH",active,5,actions:offsite_conversion.fb_pixel_purchase,99.886,327,Daily,499.43,12607,8951,1.408446,39.615293,Ongoing,"7-day click or 1-day view",11.199768,5,5593.5,action_values:offsite_conversion.fb_pixel_purchase,149,1.181883,2.699622,153,120,34,6,
2026-03-31,2026-03-31,"Ongoing | Sales | Hi-Vis Only | Advantage+ | SH",active,5,actions:offsite_conversion.fb_pixel_purchase,91.552,300,Daily,457.76,10749,6309,1.703757,42.586287,Ongoing,"7-day click or 1-day view",6.008563,5,2750.48,action_values:offsite_conversion.fb_pixel_purchase,126,1.172202,3.072215,141,109,6,3,2
2026-03-31,2026-03-31,"Customised Workwear | Awareness | Advantage+ | SH Campaign – Copy",inactive,,,,100,Daily,0,0,0,0,0,Ongoing,"7-day click or 1-day view",,,,,,,0,,,,,
2026-03-31,2026-03-31,"Key Categories | Sales | Advantage+ | SH Campaign",inactive,,,,"Using ad set budget",0,0,0,0,0,0,Ongoing,"7-day click, 1-day view, or 1-day engaged-view",,,,,,,0,,,,,
2026-03-31,2026-03-31,"Customised Workwear | Sales | Advantage+ | SH Campaign",inactive,,,,"Using ad set budget",0,0,0,0,0,0,Ongoing,"7-day click, 1-day view, or 1-day engaged-view",,,,,,,0,,,,,
2026-03-31,2026-03-31,"Ongoing | Retargeting | Sales | Dynamic Abandoned Cart - 30 Days | SH",inactive,1,actions:offsite_conversion.fb_pixel_purchase,91.58,6.5,Daily,91.58,1313,910,1.442857,69.748667,Ongoing,"7-day click",2.181044,1,199.74,action_values:offsite_conversion.fb_pixel_purchase,40,3.046458,2.348205,40,30,1,,
2026-03-31,2026-03-31,"AS 7/1 25 - Purchase - Flexible ad Campaign",inactive,,,,"Using ad set budget",0,0,0,0,0,0,Ongoing,"7-day click, 1-day view, or 1-day engaged-view",,,,,,,0,,,,,
2026-03-31,2026-03-31,"5/6 Michelle Job add - KAM Jylland",inactive,,,,"Using ad set budget",0,0,0,0,0,0,Ongoing,"7-day click or 1-day view",,,,,,,0,,,,,
2026-03-31,2026-03-31,"4/1 2024 - RM - UK Campaign",inactive,,,,100,Daily,0,0,0,0,0,Ongoing,"7-day click",,,,,,,0,,,,,
2026-03-31,2026-03-31,"Ongoing | Prospecting | Sales | Broad | Advantage+ | SH Campaign",inactive,10,actions:offsite_conversion.fb_pixel_purchase,116.753,"Using ad set budget",0,1167.53,32509,23239,1.398898,35.914055,Ongoing,"7-day click or 1-day view",4.007906,10,4679.35,action_values:offsite_conversion.fb_pixel_purchase,562,1.728752,1.729674,570,498,54,28,
2026-03-31,2026-03-31,"4/12 2023 - Safety Shoe Sale  Campaign",inactive,,,,"Using ad set budget",0,0,0,0,0,0,Ongoing,"7-day click or 1-day view",,,,,,,0,,,,,
2026-03-31,2026-03-31,"11/10 2023 - Advantage+ shopping campaign Campaign",inactive,,,,"Using ad set budget",0,0,0,0,0,0,Ongoing,"7-day click or 1-day view",,,,,,,0,,,,,
2026-03-31,2026-03-31,"19/7 2023 - MPA RM campaign",inactive,,,,"Using ad set budget",0,0,0,0,0,0,Ongoing,"7-day click or 1-day view",,,,,,,0,,,,,
2026-03-31,2026-03-31,"11/7 2023 - Sales campaign Women - UK MPA",inactive,,,,"Using ad set budget",0,0,0,0,0,0,Ongoing,"7-day click or 1-day view",,,,,,,0,,,,,
2026-03-31,2026-03-31,"23/6 2023 - Sales campaign - UK MPA",inactive,,,,"Using ad set budget",0,0,0,0,0,0,Ongoing,"7-day click or 1-day view",,,,,,,0,,,,,
2026-03-31,2026-03-31,"19/6 2023 - Sales collection video",inactive,,,,"Using ad set budget",0,0,0,0,0,0,Ongoing,"7-day click or 1-day view",,,,,,,0,,,,,
2026-03-31,2026-03-31,"12/5 2023 - Sales campaign - UK MPA",inactive,,,,"Using ad set budget",0,0,0,0,0,0,Ongoing,"7-day click or 1-day view",,,,,,,0,,,,,
2026-03-31,2026-03-31,"8/5 Veltuff - Broad - custom - UK sales",inactive,,,,"Using ad set budget",0,0,0,0,0,0,Ongoing,"7-day click or 1-day view",,,,,,,0,,,,,
2026-03-31,2026-03-31,"3/5 Veltuff - Prospecting Campaign - Sales",inactive,,,,"Using ad set budget",0,0,0,0,0,0,Ongoing,"7-day click or 1-day view",,,,,,,0,,,,,
2026-03-31,2026-03-31,"11/4 Veltuff - Broad - custom - UK sales",inactive,,,,"Using ad set budget",0,0,0,0,0,0,Ongoing,"7-day click or 1-day view",,,,,,,0,,,,,
2026-03-31,2026-03-31,"28/3 Veltuff - Broad - custom - UK RM",inactive,,,,"Using ad set budget",0,0,0,0,0,0,Ongoing,"7-day click or 1-day view",,,,,,,0,,,,,
2026-03-31,2026-03-31,"23/3 Veltuff - Broad - custom - UK sales",inactive,,,,"Using ad set budget",0,0,0,0,0,0,Ongoing,"7-day click or 1-day view",,,,,,,0,,,,,
2026-03-31,2026-03-31,"17/3 Veltuff - Broad - custom - UK sales",inactive,,,,"Using ad set budget",0,0,0,0,0,0,Ongoing,"7-day click or 1-day view",,,,,,,0,,,,,
2026-03-31,2026-03-31,"AS - Prospecting Campaign JAN2023 - SALE - Copy",inactive,,,,"Using ad set budget",0,0,0,0,0,0,Ongoing,"7-day click or 1-day view",,,,,,,0,,,,,
2026-03-31,2026-03-31,"AS - Prospecting Campaign Dec2022",inactive,,,,"Using ad set budget",0,0,0,0,0,0,Ongoing,"7-day click or 1-day view",,,,,,,0,,,,,
2026-03-31,2026-03-31,"AS - RMKT - DEC 2022",inactive,,,,50,Daily,0,0,0,0,0,Ongoing,"7-day click or 1-day view",,,,,,,0,,,,,
2026-03-31,2026-03-31,"Website Retargeting - 2022",inactive,,,,"Using ad set budget",0,0,0,0,0,0,Ongoing,"1-day click",,,,,,,0,,,,,
2026-03-30,2026-03-30,"VD | Broad | Awareness",active,,,,196,Daily,0,0,0,0,0,Ongoing,"7-day click or 1-day view",,,,,,,0,,,,,
2026-03-30,2026-03-30,"VD | Retargeting | DPA Broad Remarket",inactive,,,,44,Daily,0,0,0,0,0,Ongoing,"7-day click",,,,,,,0,,,,,
2026-03-30,2026-03-30,"VD | Retargeting | DPA",active,,,,370,Daily,0,0,0,0,0,Ongoing,"7-day click",,,,,,,0,,,,,
2026-03-30,2026-03-30,"VD | Retargeting | DPA Campaign | Sales",inactive,,,,145,Daily,0,0,0,0,0,Ongoing,"7-day click",,,,,,,0,,,,,
2026-03-30,2026-03-30,"VD | Broad | Prospecting | Sales",active,,,,370,Daily,0,0,0,0,0,Ongoing,"7-day click",,,,,,,0,,,,,
2026-03-30,2026-03-30,"Warehouse Clearance | Prospecting | Sales | Advantage+",inactive,,,,"Using ad set budget",0,0,0,0,0,0,2026-03-29,"7-day click",,,,,,,0,,,,,
2026-03-30,2026-03-30,"WinterSale | Prospecting | Sales | Advantage+",inactive,,,,"Using ad set budget",0,0,0,0,0,0,Ongoing,"7-day click",,,,,,,0,,,,,
2026-03-30,2026-03-30,"Ongoing | Sales | ProTex1 | Advantage+ | SH",active,3,actions:offsite_conversion.fb_pixel_purchase,166.48666667,327,Daily,499.46,12542,8874,1.413342,39.822995,Ongoing,"7-day click or 1-day view",2.755556,3,1376.29,action_values:offsite_conversion.fb_pixel_purchase,135,1.076383,2.990778,137,110,12,4,
2026-03-30,2026-03-30,"Ongoing | Sales | Hi-Vis Only | Advantage+ | SH",active,1,actions:offsite_conversion.fb_pixel_purchase,427.12,300,Daily,427.12,9254,5519,1.676753,46.155176,Ongoing,"7-day click or 1-day view",2.454135,1,1048.21,action_values:offsite_conversion.fb_pixel_purchase,135,1.458829,2.737949,144,107,6,,
2026-03-30,2026-03-30,"Customised Workwear | Awareness | Advantage+ | SH Campaign – Copy",inactive,,,,100,Daily,0,0,0,0,0,Ongoing,"7-day click or 1-day view",,,,,,,0,,,,,
2026-03-30,2026-03-30,"Key Categories | Sales | Advantage+ | SH Campaign",inactive,,,,"Using ad set budget",0,0,0,0,0,0,Ongoing,"7-day click, 1-day view, or 1-day engaged-view",,,,,,,0,,,,,
2026-03-30,2026-03-30,"Customised Workwear | Sales | Advantage+ | SH Campaign",inactive,,,,"Using ad set budget",0,0,0,0,0,0,Ongoing,"7-day click, 1-day view, or 1-day engaged-view",,,,,,,0,,,,,
2026-03-30,2026-03-30,"Ongoing | Retargeting | Sales | Dynamic Abandoned Cart - 30 Days | SH",inactive,,,,6.5,Daily,100.3,1371,934,1.46788,73.158279,Ongoing,"7-day click",,,,,27,1.969365,3.458621,27,23,2,1,
2026-03-30,2026-03-30,"AS 7/1 25 - Purchase - Flexible ad Campaign",inactive,,,,"Using ad set budget",0,0,0,0,0,0,Ongoing,"7-day click, 1-day view, or 1-day engaged-view",,,,,,,0,,,,,
2026-03-30,2026-03-30,"5/6 Michelle Job add - KAM Jylland",inactive,,,,"Using ad set budget",0,0,0,0,0,0,Ongoing,"7-day click or 1-day view",,,,,,,0,,,,,
2026-03-30,2026-03-30,"4/1 2024 - RM - UK Campaign",inactive,,,,100,Daily,0,0,0,0,0,Ongoing,"7-day click",,,,,,,0,,,,,
2026-03-30,2026-03-30,"Ongoing | Prospecting | Sales | Broad | Advantage+ | SH Campaign",inactive,9,actions:offsite_conversion.fb_pixel_purchase,118.38333333,"Using ad set budget",0,1065.45,27935,20376,1.370976,38.140326,Ongoing,"7-day click or 1-day view",5.755399,9,6132.09,action_values:offsite_conversion.fb_pixel_purchase,523,1.872203,1.718468,536,448,54,14,
2026-03-30,2026-03-30,"4/12 2023 - Safety Shoe Sale  Campaign",inactive,,,,"Using ad set budget",0,0,0,0,0,0,Ongoing,"7-day click or 1-day view",,,,,,,0,,,,,
2026-03-30,2026-03-30,"11/10 2023 - Advantage+ shopping campaign Campaign",inactive,,,,"Using ad set budget",0,0,0,0,0,0,Ongoing,"7-day click or 1-day view",,,,,,,0,,,,,
2026-03-30,2026-03-30,"19/7 2023 - MPA RM campaign",inactive,,,,"Using ad set budget",0,0,0,0,0,0,Ongoing,"7-day click or 1-day view",,,,,,,0,,,,,
2026-03-30,2026-03-30,"11/7 2023 - Sales campaign Women - UK MPA",inactive,,,,"Using ad set budget",0,0,0,0,0,0,Ongoing,"7-day click or 1-day view",,,,,,,0,,,,,
2026-03-30,2026-03-30,"23/6 2023 - Sales campaign - UK MPA",inactive,,,,"Using ad set budget",0,0,0,0,0,0,Ongoing,"7-day click or 1-day view",,,,,,,0,,,,,
2026-03-30,2026-03-30,"19/6 2023 - Sales collection video",inactive,,,,"Using ad set budget",0,0,0,0,0,0,Ongoing,"7-day click or 1-day view",,,,,,,0,,,,,
2026-03-30,2026-03-30,"12/5 2023 - Sales campaign - UK MPA",inactive,,,,"Using ad set budget",0,0,0,0,0,0,Ongoing,"7-day click or 1-day view",,,,,,,0,,,,,
2026-03-30,2026-03-30,"8/5 Veltuff - Broad - custom - UK sales",inactive,,,,"Using ad set budget",0,0,0,0,0,0,Ongoing,"7-day click or 1-day view",,,,,,,0,,,,,
2026-03-30,2026-03-30,"3/5 Veltuff - Prospecting Campaign - Sales",inactive,,,,"Using ad set budget",0,0,0,0,0,0,Ongoing,"7-day click or 1-day view",,,,,,,0,,,,,
2026-03-30,2026-03-30,"11/4 Veltuff - Broad - custom - UK sales",inactive,,,,"Using ad set budget",0,0,0,0,0,0,Ongoing,"7-day click or 1-day view",,,,,,,0,,,,,
2026-03-30,2026-03-30,"28/3 Veltuff - Broad - custom - UK RM",inactive,,,,"Using ad set budget",0,0,0,0,0,0,Ongoing,"7-day click or 1-day view",,,,,,,0,,,,,
2026-03-30,2026-03-30,"23/3 Veltuff - Broad - custom - UK sales",inactive,,,,"Using ad set budget",0,0,0,0,0,0,Ongoing,"7-day click or 1-day view",,,,,,,0,,,,,
2026-03-30,2026-03-30,"17/3 Veltuff - Broad - custom - UK sales",inactive,,,,"Using ad set budget",0,0,0,0,0,0,Ongoing,"7-day click or 1-day view",,,,,,,0,,,,,
2026-03-30,2026-03-30,"AS - Prospecting Campaign JAN2023 - SALE - Copy",inactive,,,,"Using ad set budget",0,0,0,0,0,0,Ongoing,"7-day click or 1-day view",,,,,,,0,,,,,
2026-03-30,2026-03-30,"AS - Prospecting Campaign Dec2022",inactive,,,,"Using ad set budget",0,0,0,0,0,0,Ongoing,"7-day click or 1-day view",,,,,,,0,,,,,
2026-03-30,2026-03-30,"AS - RMKT - DEC 2022",inactive,,,,50,Daily,0,0,0,0,0,Ongoing,"7-day click or 1-day view",,,,,,,0,,,,,
2026-03-30,2026-03-30,"Website Retargeting - 2022",inactive,,,,"Using ad set budget",0,0,0,0,0,0,Ongoing,"1-day click",,,,,,,0,,,,,
