"Reporting starts","Reporting ends","Campaign name","Campaign delivery",Results,"Result indicator","Cost per results","Ad set budget","Ad set budget type","Amount spent (DKK)",Impressions,Reach,Frequency,"CPM (cost per 1,000 impressions) (DKK)",Ends,"Attribution setting","Purchase ROAS (return on ad spend)",Purchases,"Results value","Result value indicator","Link clicks","CTR (link click-through rate)","CPC (all) (DKK)","Post engagements","Landing page views","Adds to cart","Checkouts initiated",ThruPlays
2026-08-10,2026-08-10,"VD | Broad | Awareness",active,15434,reach,5.76324997,100,Daily,88.95,16539,15434,1.071595,5.378197,Ongoing,"7-day click or 1-day view",,,,,8,0.048371,6.842308,140,9,,,2
2026-08-10,2026-08-10,"VD | Retargeting | DPA Broad Remarket",inactive,,,,44,Daily,0,0,0,0,0,Ongoing,"7-day click",,,,,,,0,,,,,
2026-08-10,2026-08-10,"VD | Retargeting | DPA",active,1,actions:offsite_conversion.fb_pixel_purchase,379.96,375,Daily,379.96,9181,6243,1.470607,41.38547,Ongoing,"7-day click",3.32564,1,1263.61,action_values:offsite_conversion.fb_pixel_purchase,164,1.786298,1.938571,174,131,5,5,3
2026-08-10,2026-08-10,"VD | Retargeting | DPA Campaign | Sales",inactive,,,,145,Daily,0,0,0,0,0,Ongoing,"7-day click",,,,,,,0,,,,,
2026-08-10,2026-08-10,"VD | Broad | Prospecting | Sales",active,5,actions:offsite_conversion.fb_pixel_purchase,157.136,820,Daily,785.68,16694,10335,1.615288,47.063616,Ongoing,"7-day click",1.420031,5,1115.69,action_values:offsite_conversion.fb_pixel_purchase,320,1.916856,1.925686,1143,266,27,11,165
2026-08-10,2026-08-10,"WinterSale | Prospecting | Sales | Advantage+",inactive,,,,"Using ad set budget",0,0,0,0,0,0,Ongoing,"7-day click",,,,,,,0,,,,,
2026-08-10,2026-08-10,"Ongoing | Sales | ProTex1 | Advantage+ | SH",inactive,,,,200,Daily,0,0,0,0,0,Ongoing,"7-day click or 1-day view",,,,,,,0,,,,,
2026-08-10,2026-08-10,"Ongoing | Sales | Hi-Vis Only | Advantage+ | SH",active,2,actions:offsite_conversion.fb_pixel_purchase,127.21,300,Daily,254.42,8417,5204,1.61741,30.226922,Ongoing,"7-day click or 1-day view",4.91518,2,1250.52,action_values:offsite_conversion.fb_pixel_purchase,105,1.247475,1.957077,129,87,4,5,4
2026-08-10,2026-08-10,"Customised Workwear | Awareness | Advantage+ | SH Campaign – Copy",inactive,,,,100,Daily,0,0,0,0,0,Ongoing,"7-day click or 1-day view",,,,,,,0,,,,,
2026-08-10,2026-08-10,"Key Categories | Sales | Advantage+ | SH Campaign",inactive,,,,"Using ad set budget",0,0,0,0,0,0,Ongoing,"7-day click, 1-day view, or 1-day engaged-view",,,,,,,0,,,,,
2026-08-10,2026-08-10,"Customised Workwear | Sales | Advantage+ | SH Campaign",inactive,,,,"Using ad set budget",0,0,0,0,0,0,Ongoing,"7-day click, 1-day view, or 1-day engaged-view",,,,,,,0,,,,,
2026-08-10,2026-08-10,"Ongoing | Retargeting | Sales | Dynamic Abandoned Cart - 30 Days | SH",inactive,,,,6.5,Daily,0,0,0,0,0,Ongoing,"7-day click",,,,,,,0,,,,,
2026-08-10,2026-08-10,"AS 7/1 25 - Purchase - Flexible ad Campaign",inactive,,,,"Using ad set budget",0,0,0,0,0,0,Ongoing,"7-day click, 1-day view, or 1-day engaged-view",,,,,,,0,,,,,
2026-08-10,2026-08-10,"5/6 Michelle Job add - KAM Jylland",inactive,,,,"Using ad set budget",0,0,0,0,0,0,Ongoing,"7-day click or 1-day view",,,,,,,0,,,,,
2026-08-10,2026-08-10,"4/1 2024 - RM - UK Campaign",inactive,,,,100,Daily,0,0,0,0,0,Ongoing,"7-day click",,,,,,,0,,,,,
2026-08-10,2026-08-10,"Ongoing | Prospecting | Sales | Broad | Advantage+ | SH Campaign",inactive,,,,"Using ad set budget",0,0,0,0,0,0,Ongoing,"7-day click or 1-day view",,,,,,,0,,,,,
2026-08-10,2026-08-10,"4/12 2023 - Safety Shoe Sale  Campaign",inactive,,,,"Using ad set budget",0,0,0,0,0,0,Ongoing,"7-day click or 1-day view",,,,,,,0,,,,,
2026-08-10,2026-08-10,"11/10 2023 - Advantage+ shopping campaign Campaign",inactive,,,,"Using ad set budget",0,0,0,0,0,0,Ongoing,"7-day click or 1-day view",,,,,,,0,,,,,
2026-08-10,2026-08-10,"19/7 2023 - MPA RM campaign",inactive,,,,"Using ad set budget",0,0,0,0,0,0,Ongoing,"7-day click or 1-day view",,,,,,,0,,,,,
2026-08-10,2026-08-10,"11/7 2023 - Sales campaign Women - UK MPA",inactive,,,,"Using ad set budget",0,0,0,0,0,0,Ongoing,"7-day click or 1-day view",,,,,,,0,,,,,
2026-08-10,2026-08-10,"23/6 2023 - Sales campaign - UK MPA",inactive,,,,"Using ad set budget",0,0,0,0,0,0,Ongoing,"7-day click or 1-day view",,,,,,,0,,,,,
2026-08-10,2026-08-10,"19/6 2023 - Sales collection video",inactive,,,,"Using ad set budget",0,0,0,0,0,0,Ongoing,"7-day click or 1-day view",,,,,,,0,,,,,
2026-08-10,2026-08-10,"12/5 2023 - Sales campaign - UK MPA",inactive,,,,"Using ad set budget",0,0,0,0,0,0,Ongoing,"7-day click or 1-day view",,,,,,,0,,,,,
2026-08-10,2026-08-10,"8/5 Veltuff - Broad - custom - UK sales",inactive,,,,"Using ad set budget",0,0,0,0,0,0,Ongoing,"7-day click or 1-day view",,,,,,,0,,,,,
2026-08-10,2026-08-10,"3/5 Veltuff - Prospecting Campaign - Sales",inactive,,,,"Using ad set budget",0,0,0,0,0,0,Ongoing,"7-day click or 1-day view",,,,,,,0,,,,,
2026-08-10,2026-08-10,"11/4 Veltuff - Broad - custom - UK sales",inactive,,,,"Using ad set budget",0,0,0,0,0,0,Ongoing,"7-day click or 1-day view",,,,,,,0,,,,,
2026-08-10,2026-08-10,"28/3 Veltuff - Broad - custom - UK RM",inactive,,,,"Using ad set budget",0,0,0,0,0,0,Ongoing,"7-day click or 1-day view",,,,,,,0,,,,,
2026-08-10,2026-08-10,"23/3 Veltuff - Broad - custom - UK sales",inactive,,,,"Using ad set budget",0,0,0,0,0,0,Ongoing,"7-day click or 1-day view",,,,,,,0,,,,,
2026-08-10,2026-08-10,"17/3 Veltuff - Broad - custom - UK sales",inactive,,,,"Using ad set budget",0,0,0,0,0,0,Ongoing,"7-day click or 1-day view",,,,,,,0,,,,,
2026-08-10,2026-08-10,"AS - Prospecting Campaign JAN2023 - SALE - Copy",inactive,,,,"Using ad set budget",0,0,0,0,0,0,Ongoing,"7-day click or 1-day view",,,,,,,0,,,,,
2026-08-10,2026-08-10,"AS - Prospecting Campaign Dec2022",inactive,,,,"Using ad set budget",0,0,0,0,0,0,Ongoing,"7-day click or 1-day view",,,,,,,0,,,,,
2026-08-10,2026-08-10,"AS - RMKT - DEC 2022",inactive,,,,50,Daily,0,0,0,0,0,Ongoing,"7-day click or 1-day view",,,,,,,0,,,,,
2026-08-10,2026-08-10,"Website Retargeting - 2022",inactive,,,,"Using ad set budget",0,0,0,0,0,0,Ongoing,"1-day click",,,,,,,0,,,,,
2026-08-09,2026-08-09,"VD | Broad | Awareness",active,20942,reach,6.07344093,100,Daily,127.19,22194,20942,1.059784,5.730828,Ongoing,"7-day click or 1-day view",,,,,14,0.06308,4.239667,185,8,,,18
2026-08-09,2026-08-09,"VD | Retargeting | DPA Broad Remarket",inactive,,,,44,Daily,0,0,0,0,0,Ongoing,"7-day click",,,,,,,0,,,,,
2026-08-09,2026-08-09,"VD | Retargeting | DPA",active,2,actions:offsite_conversion.fb_pixel_purchase,224.37,375,Daily,448.74,9755,6242,1.5628,46.001025,Ongoing,"7-day click",1.825088,2,818.99,action_values:offsite_conversion.fb_pixel_purchase,186,1.906715,2.05844,198,155,12,4,2
2026-08-09,2026-08-09,"VD | Retargeting | DPA Campaign | Sales",inactive,,,,145,Daily,0,0,0,0,0,Ongoing,"7-day click",,,,,,,0,,,,,
2026-08-09,2026-08-09,"VD | Broad | Prospecting | Sales",active,7,actions:offsite_conversion.fb_pixel_purchase,131.98428571,820,Daily,923.89,18354,10949,1.676317,50.337256,Ongoing,"7-day click",2.532325,7,2339.59,action_values:offsite_conversion.fb_pixel_purchase,384,2.092187,1.858934,1324,332,35,18,201
2026-08-09,2026-08-09,"WinterSale | Prospecting | Sales | Advantage+",inactive,,,,"Using ad set budget",0,0,0,0,0,0,Ongoing,"7-day click",,,,,,,0,,,,,
2026-08-09,2026-08-09,"Ongoing | Sales | ProTex1 | Advantage+ | SH",inactive,,,,200,Daily,0,0,0,0,0,Ongoing,"7-day click or 1-day view",,,,,,,0,,,,,
2026-08-09,2026-08-09,"Ongoing | Sales | Hi-Vis Only | Advantage+ | SH",active,4,actions:offsite_conversion.fb_pixel_purchase,90.7925,300,Daily,363.17,11243,7825,1.436805,32.301877,Ongoing,"7-day click or 1-day view",9.683151,4,3516.63,action_values:offsite_conversion.fb_pixel_purchase,191,1.698835,1.650773,206,173,21,12,4
2026-08-09,2026-08-09,"Customised Workwear | Awareness | Advantage+ | SH Campaign – Copy",inactive,,,,100,Daily,0,0,0,0,0,Ongoing,"7-day click or 1-day view",,,,,,,0,,,,,
2026-08-09,2026-08-09,"Key Categories | Sales | Advantage+ | SH Campaign",inactive,,,,"Using ad set budget",0,0,0,0,0,0,Ongoing,"7-day click, 1-day view, or 1-day engaged-view",,,,,,,0,,,,,
2026-08-09,2026-08-09,"Customised Workwear | Sales | Advantage+ | SH Campaign",inactive,,,,"Using ad set budget",0,0,0,0,0,0,Ongoing,"7-day click, 1-day view, or 1-day engaged-view",,,,,,,0,,,,,
2026-08-09,2026-08-09,"Ongoing | Retargeting | Sales | Dynamic Abandoned Cart - 30 Days | SH",inactive,,,,6.5,Daily,0,0,0,0,0,Ongoing,"7-day click",,,,,,,0,,,,,
2026-08-09,2026-08-09,"AS 7/1 25 - Purchase - Flexible ad Campaign",inactive,,,,"Using ad set budget",0,0,0,0,0,0,Ongoing,"7-day click, 1-day view, or 1-day engaged-view",,,,,,,0,,,,,
2026-08-09,2026-08-09,"5/6 Michelle Job add - KAM Jylland",inactive,,,,"Using ad set budget",0,0,0,0,0,0,Ongoing,"7-day click or 1-day view",,,,,,,0,,,,,
2026-08-09,2026-08-09,"4/1 2024 - RM - UK Campaign",inactive,,,,100,Daily,0,0,0,0,0,Ongoing,"7-day click",,,,,,,0,,,,,
2026-08-09,2026-08-09,"Ongoing | Prospecting | Sales | Broad | Advantage+ | SH Campaign",inactive,,,,"Using ad set budget",0,0,0,0,0,0,Ongoing,"7-day click or 1-day view",,,,,,,0,,,,,
2026-08-09,2026-08-09,"4/12 2023 - Safety Shoe Sale  Campaign",inactive,,,,"Using ad set budget",0,0,0,0,0,0,Ongoing,"7-day click or 1-day view",,,,,,,0,,,,,
2026-08-09,2026-08-09,"11/10 2023 - Advantage+ shopping campaign Campaign",inactive,,,,"Using ad set budget",0,0,0,0,0,0,Ongoing,"7-day click or 1-day view",,,,,,,0,,,,,
2026-08-09,2026-08-09,"19/7 2023 - MPA RM campaign",inactive,,,,"Using ad set budget",0,0,0,0,0,0,Ongoing,"7-day click or 1-day view",,,,,,,0,,,,,
2026-08-09,2026-08-09,"11/7 2023 - Sales campaign Women - UK MPA",inactive,,,,"Using ad set budget",0,0,0,0,0,0,Ongoing,"7-day click or 1-day view",,,,,,,0,,,,,
2026-08-09,2026-08-09,"23/6 2023 - Sales campaign - UK MPA",inactive,,,,"Using ad set budget",0,0,0,0,0,0,Ongoing,"7-day click or 1-day view",,,,,,,0,,,,,
2026-08-09,2026-08-09,"19/6 2023 - Sales collection video",inactive,,,,"Using ad set budget",0,0,0,0,0,0,Ongoing,"7-day click or 1-day view",,,,,,,0,,,,,
2026-08-09,2026-08-09,"12/5 2023 - Sales campaign - UK MPA",inactive,,,,"Using ad set budget",0,0,0,0,0,0,Ongoing,"7-day click or 1-day view",,,,,,,0,,,,,
2026-08-09,2026-08-09,"8/5 Veltuff - Broad - custom - UK sales",inactive,,,,"Using ad set budget",0,0,0,0,0,0,Ongoing,"7-day click or 1-day view",,,,,,,0,,,,,
2026-08-09,2026-08-09,"3/5 Veltuff - Prospecting Campaign - Sales",inactive,,,,"Using ad set budget",0,0,0,0,0,0,Ongoing,"7-day click or 1-day view",,,,,,,0,,,,,
2026-08-09,2026-08-09,"11/4 Veltuff - Broad - custom - UK sales",inactive,,,,"Using ad set budget",0,0,0,0,0,0,Ongoing,"7-day click or 1-day view",,,,,,,0,,,,,
2026-08-09,2026-08-09,"28/3 Veltuff - Broad - custom - UK RM",inactive,,,,"Using ad set budget",0,0,0,0,0,0,Ongoing,"7-day click or 1-day view",,,,,,,0,,,,,
2026-08-09,2026-08-09,"23/3 Veltuff - Broad - custom - UK sales",inactive,,,,"Using ad set budget",0,0,0,0,0,0,Ongoing,"7-day click or 1-day view",,,,,,,0,,,,,
2026-08-09,2026-08-09,"17/3 Veltuff - Broad - custom - UK sales",inactive,,,,"Using ad set budget",0,0,0,0,0,0,Ongoing,"7-day click or 1-day view",,,,,,,0,,,,,
2026-08-09,2026-08-09,"AS - Prospecting Campaign JAN2023 - SALE - Copy",inactive,,,,"Using ad set budget",0,0,0,0,0,0,Ongoing,"7-day click or 1-day view",,,,,,,0,,,,,
2026-08-09,2026-08-09,"AS - Prospecting Campaign Dec2022",inactive,,,,"Using ad set budget",0,0,0,0,0,0,Ongoing,"7-day click or 1-day view",,,,,,,0,,,,,
2026-08-09,2026-08-09,"AS - RMKT - DEC 2022",inactive,,,,50,Daily,0,0,0,0,0,Ongoing,"7-day click or 1-day view",,,,,,,0,,,,,
2026-08-09,2026-08-09,"Website Retargeting - 2022",inactive,,,,"Using ad set budget",0,0,0,0,0,0,Ongoing,"1-day click",,,,,,,0,,,,,
2026-08-08,2026-08-08,"VD | Broad | Awareness",active,10151,reach,6.46734312,100,Daily,65.65,10733,10151,1.057334,6.11665,Ongoing,"7-day click or 1-day view",,,,,8,0.074536,3.455263,146,3,,,9
2026-08-08,2026-08-08,"VD | Retargeting | DPA Broad Remarket",inactive,,,,44,Daily,0,0,0,0,0,Ongoing,"7-day click",,,,,,,0,,,,,
2026-08-08,2026-08-08,"VD | Retargeting | DPA",active,3,actions:offsite_conversion.fb_pixel_purchase,105.72666667,375,Daily,317.18,6848,4253,1.610158,46.317173,Ongoing,"7-day click",2.943061,3,933.48,action_values:offsite_conversion.fb_pixel_purchase,116,1.693925,2.315182,121,114,16,5,1
2026-08-08,2026-08-08,"VD | Retargeting | DPA Campaign | Sales",inactive,,,,145,Daily,0,0,0,0,0,Ongoing,"7-day click",,,,,,,0,,,,,
2026-08-08,2026-08-08,"VD | Broad | Prospecting | Sales",active,8,actions:offsite_conversion.fb_pixel_purchase,90.31125,820,Daily,722.49,13999,8015,1.7466,51.610115,Ongoing,"7-day click",8.231104,8,5946.89,action_values:offsite_conversion.fb_pixel_purchase,315,2.250161,1.77516,850,283,24,12,128
2026-08-08,2026-08-08,"WinterSale | Prospecting | Sales | Advantage+",inactive,,,,"Using ad set budget",0,0,0,0,0,0,Ongoing,"7-day click",,,,,,,0,,,,,
2026-08-08,2026-08-08,"Ongoing | Sales | ProTex1 | Advantage+ | SH",inactive,,,,200,Daily,0,0,0,0,0,Ongoing,"7-day click or 1-day view",,,,,,,0,,,,,
2026-08-08,2026-08-08,"Ongoing | Sales | Hi-Vis Only | Advantage+ | SH",active,3,actions:offsite_conversion.fb_pixel_purchase,95.43,300,Daily,286.29,8707,5864,1.484823,32.880441,Ongoing,"7-day click or 1-day view",2.565336,3,734.43,action_values:offsite_conversion.fb_pixel_purchase,145,1.665327,1.778199,155,118,6,6,2
2026-08-08,2026-08-08,"Customised Workwear | Awareness | Advantage+ | SH Campaign – Copy",inactive,,,,100,Daily,0,0,0,0,0,Ongoing,"7-day click or 1-day view",,,,,,,0,,,,,
2026-08-08,2026-08-08,"Key Categories | Sales | Advantage+ | SH Campaign",inactive,,,,"Using ad set budget",0,0,0,0,0,0,Ongoing,"7-day click, 1-day view, or 1-day engaged-view",,,,,,,0,,,,,
2026-08-08,2026-08-08,"Customised Workwear | Sales | Advantage+ | SH Campaign",inactive,,,,"Using ad set budget",0,0,0,0,0,0,Ongoing,"7-day click, 1-day view, or 1-day engaged-view",,,,,,,0,,,,,
2026-08-08,2026-08-08,"Ongoing | Retargeting | Sales | Dynamic Abandoned Cart - 30 Days | SH",inactive,,,,6.5,Daily,0,0,0,0,0,Ongoing,"7-day click",,,,,,,0,,,,,
2026-08-08,2026-08-08,"AS 7/1 25 - Purchase - Flexible ad Campaign",inactive,,,,"Using ad set budget",0,0,0,0,0,0,Ongoing,"7-day click, 1-day view, or 1-day engaged-view",,,,,,,0,,,,,
2026-08-08,2026-08-08,"5/6 Michelle Job add - KAM Jylland",inactive,,,,"Using ad set budget",0,0,0,0,0,0,Ongoing,"7-day click or 1-day view",,,,,,,0,,,,,
2026-08-08,2026-08-08,"4/1 2024 - RM - UK Campaign",inactive,,,,100,Daily,0,0,0,0,0,Ongoing,"7-day click",,,,,,,0,,,,,
2026-08-08,2026-08-08,"Ongoing | Prospecting | Sales | Broad | Advantage+ | SH Campaign",inactive,,,,"Using ad set budget",0,0,0,0,0,0,Ongoing,"7-day click or 1-day view",,,,,,,0,,,,,
2026-08-08,2026-08-08,"4/12 2023 - Safety Shoe Sale  Campaign",inactive,,,,"Using ad set budget",0,0,0,0,0,0,Ongoing,"7-day click or 1-day view",,,,,,,0,,,,,
2026-08-08,2026-08-08,"11/10 2023 - Advantage+ shopping campaign Campaign",inactive,,,,"Using ad set budget",0,0,0,0,0,0,Ongoing,"7-day click or 1-day view",,,,,,,0,,,,,
2026-08-08,2026-08-08,"19/7 2023 - MPA RM campaign",inactive,,,,"Using ad set budget",0,0,0,0,0,0,Ongoing,"7-day click or 1-day view",,,,,,,0,,,,,
2026-08-08,2026-08-08,"11/7 2023 - Sales campaign Women - UK MPA",inactive,,,,"Using ad set budget",0,0,0,0,0,0,Ongoing,"7-day click or 1-day view",,,,,,,0,,,,,
2026-08-08,2026-08-08,"23/6 2023 - Sales campaign - UK MPA",inactive,,,,"Using ad set budget",0,0,0,0,0,0,Ongoing,"7-day click or 1-day view",,,,,,,0,,,,,
2026-08-08,2026-08-08,"19/6 2023 - Sales collection video",inactive,,,,"Using ad set budget",0,0,0,0,0,0,Ongoing,"7-day click or 1-day view",,,,,,,0,,,,,
2026-08-08,2026-08-08,"12/5 2023 - Sales campaign - UK MPA",inactive,,,,"Using ad set budget",0,0,0,0,0,0,Ongoing,"7-day click or 1-day view",,,,,,,0,,,,,
2026-08-08,2026-08-08,"8/5 Veltuff - Broad - custom - UK sales",inactive,,,,"Using ad set budget",0,0,0,0,0,0,Ongoing,"7-day click or 1-day view",,,,,,,0,,,,,
2026-08-08,2026-08-08,"3/5 Veltuff - Prospecting Campaign - Sales",inactive,,,,"Using ad set budget",0,0,0,0,0,0,Ongoing,"7-day click or 1-day view",,,,,,,0,,,,,
2026-08-08,2026-08-08,"11/4 Veltuff - Broad - custom - UK sales",inactive,,,,"Using ad set budget",0,0,0,0,0,0,Ongoing,"7-day click or 1-day view",,,,,,,0,,,,,
2026-08-08,2026-08-08,"28/3 Veltuff - Broad - custom - UK RM",inactive,,,,"Using ad set budget",0,0,0,0,0,0,Ongoing,"7-day click or 1-day view",,,,,,,0,,,,,
2026-08-08,2026-08-08,"23/3 Veltuff - Broad - custom - UK sales",inactive,,,,"Using ad set budget",0,0,0,0,0,0,Ongoing,"7-day click or 1-day view",,,,,,,0,,,,,
2026-08-08,2026-08-08,"17/3 Veltuff - Broad - custom - UK sales",inactive,,,,"Using ad set budget",0,0,0,0,0,0,Ongoing,"7-day click or 1-day view",,,,,,,0,,,,,
2026-08-08,2026-08-08,"AS - Prospecting Campaign JAN2023 - SALE - Copy",inactive,,,,"Using ad set budget",0,0,0,0,0,0,Ongoing,"7-day click or 1-day view",,,,,,,0,,,,,
2026-08-08,2026-08-08,"AS - Prospecting Campaign Dec2022",inactive,,,,"Using ad set budget",0,0,0,0,0,0,Ongoing,"7-day click or 1-day view",,,,,,,0,,,,,
2026-08-08,2026-08-08,"AS - RMKT - DEC 2022",inactive,,,,50,Daily,0,0,0,0,0,Ongoing,"7-day click or 1-day view",,,,,,,0,,,,,
2026-08-08,2026-08-08,"Website Retargeting - 2022",inactive,,,,"Using ad set budget",0,0,0,0,0,0,Ongoing,"1-day click",,,,,,,0,,,,,
2026-08-07,2026-08-07,"VD | Broad | Awareness",active,12060,reach,5.20315091,100,Daily,62.75,12358,12060,1.02471,5.077682,Ongoing,"7-day click or 1-day view",,,,,7,0.056643,5.704545,76,2,,,1
2026-08-07,2026-08-07,"VD | Retargeting | DPA Broad Remarket",inactive,,,,44,Daily,0,0,0,0,0,Ongoing,"7-day click",,,,,,,0,,,,,
2026-08-07,2026-08-07,"VD | Retargeting | DPA",active,4,actions:offsite_conversion.fb_pixel_purchase,84.78,375,Daily,339.12,6912,4479,1.543202,49.0625,Ongoing,"7-day click",5.26557,4,1785.66,action_values:offsite_conversion.fb_pixel_purchase,128,1.851852,2.32274,133,108,12,5,
2026-08-07,2026-08-07,"VD | Retargeting | DPA Campaign | Sales",inactive,,,,145,Daily,0,0,0,0,0,Ongoing,"7-day click",,,,,,,0,,,,,
2026-08-07,2026-08-07,"VD | Broad | Prospecting | Sales",active,6,actions:offsite_conversion.fb_pixel_purchase,127.26333333,820,Daily,763.58,14973,8775,1.706325,50.997128,Ongoing,"7-day click",3.088216,6,2358.1,action_values:offsite_conversion.fb_pixel_purchase,309,2.063715,1.98849,819,275,27,6,114
2026-08-07,2026-08-07,"WinterSale | Prospecting | Sales | Advantage+",inactive,,,,"Using ad set budget",0,0,0,0,0,0,Ongoing,"7-day click",,,,,,,0,,,,,
2026-08-07,2026-08-07,"Ongoing | Sales | ProTex1 | Advantage+ | SH",inactive,,,,200,Daily,0,0,0,0,0,Ongoing,"7-day click or 1-day view",,,,,,,0,,,,,
2026-08-07,2026-08-07,"Ongoing | Sales | Hi-Vis Only | Advantage+ | SH",active,2,actions:offsite_conversion.fb_pixel_purchase,132.765,300,Daily,265.53,8034,5114,1.570982,33.050784,Ongoing,"7-day click or 1-day view",2.155199,2,572.27,action_values:offsite_conversion.fb_pixel_purchase,109,1.356734,1.996466,120,92,5,8,1
2026-08-07,2026-08-07,"Customised Workwear | Awareness | Advantage+ | SH Campaign – Copy",inactive,,,,100,Daily,0,0,0,0,0,Ongoing,"7-day click or 1-day view",,,,,,,0,,,,,
2026-08-07,2026-08-07,"Key Categories | Sales | Advantage+ | SH Campaign",inactive,,,,"Using ad set budget",0,0,0,0,0,0,Ongoing,"7-day click, 1-day view, or 1-day engaged-view",,,,,,,0,,,,,
2026-08-07,2026-08-07,"Customised Workwear | Sales | Advantage+ | SH Campaign",inactive,,,,"Using ad set budget",0,0,0,0,0,0,Ongoing,"7-day click, 1-day view, or 1-day engaged-view",,,,,,,0,,,,,
2026-08-07,2026-08-07,"Ongoing | Retargeting | Sales | Dynamic Abandoned Cart - 30 Days | SH",inactive,,,,6.5,Daily,0,0,0,0,0,Ongoing,"7-day click",,,,,,,0,,,,,
2026-08-07,2026-08-07,"AS 7/1 25 - Purchase - Flexible ad Campaign",inactive,,,,"Using ad set budget",0,0,0,0,0,0,Ongoing,"7-day click, 1-day view, or 1-day engaged-view",,,,,,,0,,,,,
2026-08-07,2026-08-07,"5/6 Michelle Job add - KAM Jylland",inactive,,,,"Using ad set budget",0,0,0,0,0,0,Ongoing,"7-day click or 1-day view",,,,,,,0,,,,,
2026-08-07,2026-08-07,"4/1 2024 - RM - UK Campaign",inactive,,,,100,Daily,0,0,0,0,0,Ongoing,"7-day click",,,,,,,0,,,,,
2026-08-07,2026-08-07,"Ongoing | Prospecting | Sales | Broad | Advantage+ | SH Campaign",inactive,,,,"Using ad set budget",0,0,0,0,0,0,Ongoing,"7-day click or 1-day view",,,,,,,0,,,,,
2026-08-07,2026-08-07,"4/12 2023 - Safety Shoe Sale  Campaign",inactive,,,,"Using ad set budget",0,0,0,0,0,0,Ongoing,"7-day click or 1-day view",,,,,,,0,,,,,
2026-08-07,2026-08-07,"11/10 2023 - Advantage+ shopping campaign Campaign",inactive,,,,"Using ad set budget",0,0,0,0,0,0,Ongoing,"7-day click or 1-day view",,,,,,,0,,,,,
2026-08-07,2026-08-07,"19/7 2023 - MPA RM campaign",inactive,,,,"Using ad set budget",0,0,0,0,0,0,Ongoing,"7-day click or 1-day view",,,,,,,0,,,,,
2026-08-07,2026-08-07,"11/7 2023 - Sales campaign Women - UK MPA",inactive,,,,"Using ad set budget",0,0,0,0,0,0,Ongoing,"7-day click or 1-day view",,,,,,,0,,,,,
2026-08-07,2026-08-07,"23/6 2023 - Sales campaign - UK MPA",inactive,,,,"Using ad set budget",0,0,0,0,0,0,Ongoing,"7-day click or 1-day view",,,,,,,0,,,,,
2026-08-07,2026-08-07,"19/6 2023 - Sales collection video",inactive,,,,"Using ad set budget",0,0,0,0,0,0,Ongoing,"7-day click or 1-day view",,,,,,,0,,,,,
2026-08-07,2026-08-07,"12/5 2023 - Sales campaign - UK MPA",inactive,,,,"Using ad set budget",0,0,0,0,0,0,Ongoing,"7-day click or 1-day view",,,,,,,0,,,,,
2026-08-07,2026-08-07,"8/5 Veltuff - Broad - custom - UK sales",inactive,,,,"Using ad set budget",0,0,0,0,0,0,Ongoing,"7-day click or 1-day view",,,,,,,0,,,,,
2026-08-07,2026-08-07,"3/5 Veltuff - Prospecting Campaign - Sales",inactive,,,,"Using ad set budget",0,0,0,0,0,0,Ongoing,"7-day click or 1-day view",,,,,,,0,,,,,
2026-08-07,2026-08-07,"11/4 Veltuff - Broad - custom - UK sales",inactive,,,,"Using ad set budget",0,0,0,0,0,0,Ongoing,"7-day click or 1-day view",,,,,,,0,,,,,
2026-08-07,2026-08-07,"28/3 Veltuff - Broad - custom - UK RM",inactive,,,,"Using ad set budget",0,0,0,0,0,0,Ongoing,"7-day click or 1-day view",,,,,,,0,,,,,
2026-08-07,2026-08-07,"23/3 Veltuff - Broad - custom - UK sales",inactive,,,,"Using ad set budget",0,0,0,0,0,0,Ongoing,"7-day click or 1-day view",,,,,,,0,,,,,
2026-08-07,2026-08-07,"17/3 Veltuff - Broad - custom - UK sales",inactive,,,,"Using ad set budget",0,0,0,0,0,0,Ongoing,"7-day click or 1-day view",,,,,,,0,,,,,
2026-08-07,2026-08-07,"AS - Prospecting Campaign JAN2023 - SALE - Copy",inactive,,,,"Using ad set budget",0,0,0,0,0,0,Ongoing,"7-day click or 1-day view",,,,,,,0,,,,,
2026-08-07,2026-08-07,"AS - Prospecting Campaign Dec2022",inactive,,,,"Using ad set budget",0,0,0,0,0,0,Ongoing,"7-day click or 1-day view",,,,,,,0,,,,,
2026-08-07,2026-08-07,"AS - RMKT - DEC 2022",inactive,,,,50,Daily,0,0,0,0,0,Ongoing,"7-day click or 1-day view",,,,,,,0,,,,,
2026-08-07,2026-08-07,"Website Retargeting - 2022",inactive,,,,"Using ad set budget",0,0,0,0,0,0,Ongoing,"1-day click",,,,,,,0,,,,,
2026-08-06,2026-08-06,"VD | Broad | Awareness",active,16820,reach,4.96789536,100,Daily,83.56,17415,16820,1.035375,4.798163,Ongoing,"7-day click or 1-day view",,,,,19,0.109101,3.3424,77,12,,,3
2026-08-06,2026-08-06,"VD | Retargeting | DPA Broad Remarket",inactive,,,,44,Daily,0,0,0,0,0,Ongoing,"7-day click",,,,,,,0,,,,,
2026-08-06,2026-08-06,"VD | Retargeting | DPA",active,1,actions:offsite_conversion.fb_pixel_purchase,364.94,375,Daily,364.94,7881,5299,1.487262,46.306306,Ongoing,"7-day click",1.762975,1,643.38,action_values:offsite_conversion.fb_pixel_purchase,146,1.852557,2.225244,154,129,8,4,1
2026-08-06,2026-08-06,"VD | Retargeting | DPA Campaign | Sales",inactive,,,,145,Daily,0,0,0,0,0,Ongoing,"7-day click",,,,,,,0,,,,,
2026-08-06,2026-08-06,"VD | Broad | Prospecting | Sales",active,5,actions:offsite_conversion.fb_pixel_purchase,158.492,820,Daily,792.46,17352,10284,1.687281,45.669663,Ongoing,"7-day click",3.1167,5,2469.86,action_values:offsite_conversion.fb_pixel_purchase,313,1.803827,2.01132,768,275,43,7,111
2026-08-06,2026-08-06,"WinterSale | Prospecting | Sales | Advantage+",inactive,,,,"Using ad set budget",0,0,0,0,0,0,Ongoing,"7-day click",,,,,,,0,,,,,
2026-08-06,2026-08-06,"Ongoing | Sales | ProTex1 | Advantage+ | SH",inactive,,,,200,Daily,0,0,0,0,0,Ongoing,"7-day click or 1-day view",,,,,,,0,,,,,
2026-08-06,2026-08-06,"Ongoing | Sales | Hi-Vis Only | Advantage+ | SH",active,2,actions:offsite_conversion.fb_pixel_purchase,145.71,300,Daily,291.42,9327,5740,1.624913,31.244773,Ongoing,"7-day click or 1-day view",2.747684,2,800.73,action_values:offsite_conversion.fb_pixel_purchase,104,1.115042,2.369268,111,94,11,3,1
2026-08-06,2026-08-06,"Customised Workwear | Awareness | Advantage+ | SH Campaign – Copy",inactive,,,,100,Daily,0,0,0,0,0,Ongoing,"7-day click or 1-day view",,,,,,,0,,,,,
2026-08-06,2026-08-06,"Key Categories | Sales | Advantage+ | SH Campaign",inactive,,,,"Using ad set budget",0,0,0,0,0,0,Ongoing,"7-day click, 1-day view, or 1-day engaged-view",,,,,,,0,,,,,
2026-08-06,2026-08-06,"Customised Workwear | Sales | Advantage+ | SH Campaign",inactive,,,,"Using ad set budget",0,0,0,0,0,0,Ongoing,"7-day click, 1-day view, or 1-day engaged-view",,,,,,,0,,,,,
2026-08-06,2026-08-06,"Ongoing | Retargeting | Sales | Dynamic Abandoned Cart - 30 Days | SH",inactive,,,,6.5,Daily,0,0,0,0,0,Ongoing,"7-day click",,,,,,,0,,,,,
2026-08-06,2026-08-06,"AS 7/1 25 - Purchase - Flexible ad Campaign",inactive,,,,"Using ad set budget",0,0,0,0,0,0,Ongoing,"7-day click, 1-day view, or 1-day engaged-view",,,,,,,0,,,,,
2026-08-06,2026-08-06,"5/6 Michelle Job add - KAM Jylland",inactive,,,,"Using ad set budget",0,0,0,0,0,0,Ongoing,"7-day click or 1-day view",,,,,,,0,,,,,
2026-08-06,2026-08-06,"4/1 2024 - RM - UK Campaign",inactive,,,,100,Daily,0,0,0,0,0,Ongoing,"7-day click",,,,,,,0,,,,,
2026-08-06,2026-08-06,"Ongoing | Prospecting | Sales | Broad | Advantage+ | SH Campaign",inactive,,,,"Using ad set budget",0,0,0,0,0,0,Ongoing,"7-day click or 1-day view",,,,,,,0,,,,,
2026-08-06,2026-08-06,"4/12 2023 - Safety Shoe Sale  Campaign",inactive,,,,"Using ad set budget",0,0,0,0,0,0,Ongoing,"7-day click or 1-day view",,,,,,,0,,,,,
2026-08-06,2026-08-06,"11/10 2023 - Advantage+ shopping campaign Campaign",inactive,,,,"Using ad set budget",0,0,0,0,0,0,Ongoing,"7-day click or 1-day view",,,,,,,0,,,,,
2026-08-06,2026-08-06,"19/7 2023 - MPA RM campaign",inactive,,,,"Using ad set budget",0,0,0,0,0,0,Ongoing,"7-day click or 1-day view",,,,,,,0,,,,,
2026-08-06,2026-08-06,"11/7 2023 - Sales campaign Women - UK MPA",inactive,,,,"Using ad set budget",0,0,0,0,0,0,Ongoing,"7-day click or 1-day view",,,,,,,0,,,,,
2026-08-06,2026-08-06,"23/6 2023 - Sales campaign - UK MPA",inactive,,,,"Using ad set budget",0,0,0,0,0,0,Ongoing,"7-day click or 1-day view",,,,,,,0,,,,,
2026-08-06,2026-08-06,"19/6 2023 - Sales collection video",inactive,,,,"Using ad set budget",0,0,0,0,0,0,Ongoing,"7-day click or 1-day view",,,,,,,0,,,,,
2026-08-06,2026-08-06,"12/5 2023 - Sales campaign - UK MPA",inactive,,,,"Using ad set budget",0,0,0,0,0,0,Ongoing,"7-day click or 1-day view",,,,,,,0,,,,,
2026-08-06,2026-08-06,"8/5 Veltuff - Broad - custom - UK sales",inactive,,,,"Using ad set budget",0,0,0,0,0,0,Ongoing,"7-day click or 1-day view",,,,,,,0,,,,,
2026-08-06,2026-08-06,"3/5 Veltuff - Prospecting Campaign - Sales",inactive,,,,"Using ad set budget",0,0,0,0,0,0,Ongoing,"7-day click or 1-day view",,,,,,,0,,,,,
2026-08-06,2026-08-06,"11/4 Veltuff - Broad - custom - UK sales",inactive,,,,"Using ad set budget",0,0,0,0,0,0,Ongoing,"7-day click or 1-day view",,,,,,,0,,,,,
2026-08-06,2026-08-06,"28/3 Veltuff - Broad - custom - UK RM",inactive,,,,"Using ad set budget",0,0,0,0,0,0,Ongoing,"7-day click or 1-day view",,,,,,,0,,,,,
2026-08-06,2026-08-06,"23/3 Veltuff - Broad - custom - UK sales",inactive,,,,"Using ad set budget",0,0,0,0,0,0,Ongoing,"7-day click or 1-day view",,,,,,,0,,,,,
2026-08-06,2026-08-06,"17/3 Veltuff - Broad - custom - UK sales",inactive,,,,"Using ad set budget",0,0,0,0,0,0,Ongoing,"7-day click or 1-day view",,,,,,,0,,,,,
2026-08-06,2026-08-06,"AS - Prospecting Campaign JAN2023 - SALE - Copy",inactive,,,,"Using ad set budget",0,0,0,0,0,0,Ongoing,"7-day click or 1-day view",,,,,,,0,,,,,
2026-08-06,2026-08-06,"AS - Prospecting Campaign Dec2022",inactive,,,,"Using ad set budget",0,0,0,0,0,0,Ongoing,"7-day click or 1-day view",,,,,,,0,,,,,
2026-08-06,2026-08-06,"AS - RMKT - DEC 2022",inactive,,,,50,Daily,0,0,0,0,0,Ongoing,"7-day click or 1-day view",,,,,,,0,,,,,
2026-08-06,2026-08-06,"Website Retargeting - 2022",inactive,,,,"Using ad set budget",0,0,0,0,0,0,Ongoing,"1-day click",,,,,,,0,,,,,
2026-08-05,2026-08-05,"VD | Broad | Awareness",active,34002,reach,4.47356038,100,Daily,152.11,34002,34002,1,4.47356,Ongoing,"7-day click or 1-day view",,,,,33,0.097053,3.537442,131,16,,,8
2026-08-05,2026-08-05,"VD | Retargeting | DPA Broad Remarket",inactive,,,,44,Daily,0,0,0,0,0,Ongoing,"7-day click",,,,,,,0,,,,,
2026-08-05,2026-08-05,"VD | Retargeting | DPA",active,1,actions:offsite_conversion.fb_pixel_purchase,382.81,375,Daily,382.81,8448,5457,1.548103,45.313684,Ongoing,"7-day click",0.564797,1,216.21,action_values:offsite_conversion.fb_pixel_purchase,183,2.166193,1.867366,191,157,9,5,
2026-08-05,2026-08-05,"VD | Retargeting | DPA Campaign | Sales",inactive,,,,145,Daily,0,0,0,0,0,Ongoing,"7-day click",,,,,,,0,,,,,
2026-08-05,2026-08-05,"VD | Broad | Prospecting | Sales",active,10,actions:offsite_conversion.fb_pixel_purchase,81.791,820,Daily,817.91,18918,11688,1.618583,43.234486,Ongoing,"7-day click",6.623186,10,5417.17,action_values:offsite_conversion.fb_pixel_purchase,356,1.881806,1.740234,872,310,26,14,122
2026-08-05,2026-08-05,"WinterSale | Prospecting | Sales | Advantage+",inactive,,,,"Using ad set budget",0,0,0,0,0,0,Ongoing,"7-day click",,,,,,,0,,,,,
2026-08-05,2026-08-05,"Ongoing | Sales | ProTex1 | Advantage+ | SH",inactive,,,,200,Daily,0,0,0,0,0,Ongoing,"7-day click or 1-day view",,,,,,,0,,,,,
2026-08-05,2026-08-05,"Ongoing | Sales | Hi-Vis Only | Advantage+ | SH",active,3,actions:offsite_conversion.fb_pixel_purchase,93.91666667,300,Daily,281.75,9998,6422,1.556836,28.180636,Ongoing,"7-day click or 1-day view",5.9211,3,1668.27,action_values:offsite_conversion.fb_pixel_purchase,103,1.030206,2.236111,110,93,11,7,2
2026-08-05,2026-08-05,"Customised Workwear | Awareness | Advantage+ | SH Campaign – Copy",inactive,,,,100,Daily,0,0,0,0,0,Ongoing,"7-day click or 1-day view",,,,,,,0,,,,,
2026-08-05,2026-08-05,"Key Categories | Sales | Advantage+ | SH Campaign",inactive,,,,"Using ad set budget",0,0,0,0,0,0,Ongoing,"7-day click, 1-day view, or 1-day engaged-view",,,,,,,0,,,,,
2026-08-05,2026-08-05,"Customised Workwear | Sales | Advantage+ | SH Campaign",inactive,,,,"Using ad set budget",0,0,0,0,0,0,Ongoing,"7-day click, 1-day view, or 1-day engaged-view",,,,,,,0,,,,,
2026-08-05,2026-08-05,"Ongoing | Retargeting | Sales | Dynamic Abandoned Cart - 30 Days | SH",inactive,,,,6.5,Daily,0,0,0,0,0,Ongoing,"7-day click",,,,,,,0,,,,,
2026-08-05,2026-08-05,"AS 7/1 25 - Purchase - Flexible ad Campaign",inactive,,,,"Using ad set budget",0,0,0,0,0,0,Ongoing,"7-day click, 1-day view, or 1-day engaged-view",,,,,,,0,,,,,
2026-08-05,2026-08-05,"5/6 Michelle Job add - KAM Jylland",inactive,,,,"Using ad set budget",0,0,0,0,0,0,Ongoing,"7-day click or 1-day view",,,,,,,0,,,,,
2026-08-05,2026-08-05,"4/1 2024 - RM - UK Campaign",inactive,,,,100,Daily,0,0,0,0,0,Ongoing,"7-day click",,,,,,,0,,,,,
2026-08-05,2026-08-05,"Ongoing | Prospecting | Sales | Broad | Advantage+ | SH Campaign",inactive,,,,"Using ad set budget",0,0,0,0,0,0,Ongoing,"7-day click or 1-day view",,,,,,,0,,,,,
2026-08-05,2026-08-05,"4/12 2023 - Safety Shoe Sale  Campaign",inactive,,,,"Using ad set budget",0,0,0,0,0,0,Ongoing,"7-day click or 1-day view",,,,,,,0,,,,,
2026-08-05,2026-08-05,"11/10 2023 - Advantage+ shopping campaign Campaign",inactive,,,,"Using ad set budget",0,0,0,0,0,0,Ongoing,"7-day click or 1-day view",,,,,,,0,,,,,
2026-08-05,2026-08-05,"19/7 2023 - MPA RM campaign",inactive,,,,"Using ad set budget",0,0,0,0,0,0,Ongoing,"7-day click or 1-day view",,,,,,,0,,,,,
2026-08-05,2026-08-05,"11/7 2023 - Sales campaign Women - UK MPA",inactive,,,,"Using ad set budget",0,0,0,0,0,0,Ongoing,"7-day click or 1-day view",,,,,,,0,,,,,
2026-08-05,2026-08-05,"23/6 2023 - Sales campaign - UK MPA",inactive,,,,"Using ad set budget",0,0,0,0,0,0,Ongoing,"7-day click or 1-day view",,,,,,,0,,,,,
2026-08-05,2026-08-05,"19/6 2023 - Sales collection video",inactive,,,,"Using ad set budget",0,0,0,0,0,0,Ongoing,"7-day click or 1-day view",,,,,,,0,,,,,
2026-08-05,2026-08-05,"12/5 2023 - Sales campaign - UK MPA",inactive,,,,"Using ad set budget",0,0,0,0,0,0,Ongoing,"7-day click or 1-day view",,,,,,,0,,,,,
2026-08-05,2026-08-05,"8/5 Veltuff - Broad - custom - UK sales",inactive,,,,"Using ad set budget",0,0,0,0,0,0,Ongoing,"7-day click or 1-day view",,,,,,,0,,,,,
2026-08-05,2026-08-05,"3/5 Veltuff - Prospecting Campaign - Sales",inactive,,,,"Using ad set budget",0,0,0,0,0,0,Ongoing,"7-day click or 1-day view",,,,,,,0,,,,,
2026-08-05,2026-08-05,"11/4 Veltuff - Broad - custom - UK sales",inactive,,,,"Using ad set budget",0,0,0,0,0,0,Ongoing,"7-day click or 1-day view",,,,,,,0,,,,,
2026-08-05,2026-08-05,"28/3 Veltuff - Broad - custom - UK RM",inactive,,,,"Using ad set budget",0,0,0,0,0,0,Ongoing,"7-day click or 1-day view",,,,,,,0,,,,,
2026-08-05,2026-08-05,"23/3 Veltuff - Broad - custom - UK sales",inactive,,,,"Using ad set budget",0,0,0,0,0,0,Ongoing,"7-day click or 1-day view",,,,,,,0,,,,,
2026-08-05,2026-08-05,"17/3 Veltuff - Broad - custom - UK sales",inactive,,,,"Using ad set budget",0,0,0,0,0,0,Ongoing,"7-day click or 1-day view",,,,,,,0,,,,,
2026-08-05,2026-08-05,"AS - Prospecting Campaign JAN2023 - SALE - Copy",inactive,,,,"Using ad set budget",0,0,0,0,0,0,Ongoing,"7-day click or 1-day view",,,,,,,0,,,,,
2026-08-05,2026-08-05,"AS - Prospecting Campaign Dec2022",inactive,,,,"Using ad set budget",0,0,0,0,0,0,Ongoing,"7-day click or 1-day view",,,,,,,0,,,,,
2026-08-05,2026-08-05,"AS - RMKT - DEC 2022",inactive,,,,50,Daily,0,0,0,0,0,Ongoing,"7-day click or 1-day view",,,,,,,0,,,,,
2026-08-05,2026-08-05,"Website Retargeting - 2022",inactive,,,,"Using ad set budget",0,0,0,0,0,0,Ongoing,"1-day click",,,,,,,0,,,,,
2026-08-04,2026-08-04,"VD | Broad | Awareness",active,19284,reach,5.91163659,100,Daily,114,20196,19284,1.047293,5.644682,Ongoing,"7-day click or 1-day view",,,,,20,0.09903,3.454545,223,12,,,17
2026-08-04,2026-08-04,"VD | Retargeting | DPA Broad Remarket",inactive,,,,44,Daily,0,0,0,0,0,Ongoing,"7-day click",,,,,,,0,,,,,
2026-08-04,2026-08-04,"VD | Retargeting | DPA",active,2,actions:offsite_conversion.fb_pixel_purchase,178.125,375,Daily,356.25,6840,4291,1.594034,52.083333,Ongoing,"7-day click",2.663888,2,949.01,action_values:offsite_conversion.fb_pixel_purchase,136,1.988304,2.240566,145,114,5,3,1
2026-08-04,2026-08-04,"VD | Retargeting | DPA Campaign | Sales",inactive,,,,145,Daily,0,0,0,0,0,Ongoing,"7-day click",,,,,,,0,,,,,
2026-08-04,2026-08-04,"VD | Broad | Prospecting | Sales",active,3,actions:offsite_conversion.fb_pixel_purchase,267.70333333,820,Daily,803.11,16812,11061,1.519935,47.770045,Ongoing,"7-day click",4.381529,3,3518.85,action_values:offsite_conversion.fb_pixel_purchase,304,1.808232,2.022947,1290,249,20,5,192
2026-08-04,2026-08-04,"WinterSale | Prospecting | Sales | Advantage+",inactive,,,,"Using ad set budget",0,0,0,0,0,0,Ongoing,"7-day click",,,,,,,0,,,,,
2026-08-04,2026-08-04,"Ongoing | Sales | ProTex1 | Advantage+ | SH",inactive,,,,200,Daily,0,0,0,0,0,Ongoing,"7-day click or 1-day view",,,,,,,0,,,,,
2026-08-04,2026-08-04,"Ongoing | Sales | Hi-Vis Only | Advantage+ | SH",active,4,actions:offsite_conversion.fb_pixel_purchase,70.5325,300,Daily,282.13,9447,6036,1.565109,29.864507,Ongoing,"7-day click or 1-day view",6.206536,4,1751.05,action_values:offsite_conversion.fb_pixel_purchase,131,1.386684,1.856118,137,109,14,7,1
2026-08-04,2026-08-04,"Customised Workwear | Awareness | Advantage+ | SH Campaign – Copy",inactive,,,,100,Daily,0,0,0,0,0,Ongoing,"7-day click or 1-day view",,,,,,,0,,,,,
2026-08-04,2026-08-04,"Key Categories | Sales | Advantage+ | SH Campaign",inactive,,,,"Using ad set budget",0,0,0,0,0,0,Ongoing,"7-day click, 1-day view, or 1-day engaged-view",,,,,,,0,,,,,
2026-08-04,2026-08-04,"Customised Workwear | Sales | Advantage+ | SH Campaign",inactive,,,,"Using ad set budget",0,0,0,0,0,0,Ongoing,"7-day click, 1-day view, or 1-day engaged-view",,,,,,,0,,,,,
2026-08-04,2026-08-04,"Ongoing | Retargeting | Sales | Dynamic Abandoned Cart - 30 Days | SH",inactive,,,,6.5,Daily,0,0,0,0,0,Ongoing,"7-day click",,,,,,,0,,,,,
2026-08-04,2026-08-04,"AS 7/1 25 - Purchase - Flexible ad Campaign",inactive,,,,"Using ad set budget",0,0,0,0,0,0,Ongoing,"7-day click, 1-day view, or 1-day engaged-view",,,,,,,0,,,,,
2026-08-04,2026-08-04,"5/6 Michelle Job add - KAM Jylland",inactive,,,,"Using ad set budget",0,0,0,0,0,0,Ongoing,"7-day click or 1-day view",,,,,,,0,,,,,
2026-08-04,2026-08-04,"4/1 2024 - RM - UK Campaign",inactive,,,,100,Daily,0,0,0,0,0,Ongoing,"7-day click",,,,,,,0,,,,,
2026-08-04,2026-08-04,"Ongoing | Prospecting | Sales | Broad | Advantage+ | SH Campaign",inactive,,,,"Using ad set budget",0,0,0,0,0,0,Ongoing,"7-day click or 1-day view",,,,,,,0,,,,,
2026-08-04,2026-08-04,"4/12 2023 - Safety Shoe Sale  Campaign",inactive,,,,"Using ad set budget",0,0,0,0,0,0,Ongoing,"7-day click or 1-day view",,,,,,,0,,,,,
2026-08-04,2026-08-04,"11/10 2023 - Advantage+ shopping campaign Campaign",inactive,,,,"Using ad set budget",0,0,0,0,0,0,Ongoing,"7-day click or 1-day view",,,,,,,0,,,,,
2026-08-04,2026-08-04,"19/7 2023 - MPA RM campaign",inactive,,,,"Using ad set budget",0,0,0,0,0,0,Ongoing,"7-day click or 1-day view",,,,,,,0,,,,,
2026-08-04,2026-08-04,"11/7 2023 - Sales campaign Women - UK MPA",inactive,,,,"Using ad set budget",0,0,0,0,0,0,Ongoing,"7-day click or 1-day view",,,,,,,0,,,,,
2026-08-04,2026-08-04,"23/6 2023 - Sales campaign - UK MPA",inactive,,,,"Using ad set budget",0,0,0,0,0,0,Ongoing,"7-day click or 1-day view",,,,,,,0,,,,,
2026-08-04,2026-08-04,"19/6 2023 - Sales collection video",inactive,,,,"Using ad set budget",0,0,0,0,0,0,Ongoing,"7-day click or 1-day view",,,,,,,0,,,,,
2026-08-04,2026-08-04,"12/5 2023 - Sales campaign - UK MPA",inactive,,,,"Using ad set budget",0,0,0,0,0,0,Ongoing,"7-day click or 1-day view",,,,,,,0,,,,,
2026-08-04,2026-08-04,"8/5 Veltuff - Broad - custom - UK sales",inactive,,,,"Using ad set budget",0,0,0,0,0,0,Ongoing,"7-day click or 1-day view",,,,,,,0,,,,,
2026-08-04,2026-08-04,"3/5 Veltuff - Prospecting Campaign - Sales",inactive,,,,"Using ad set budget",0,0,0,0,0,0,Ongoing,"7-day click or 1-day view",,,,,,,0,,,,,
2026-08-04,2026-08-04,"11/4 Veltuff - Broad - custom - UK sales",inactive,,,,"Using ad set budget",0,0,0,0,0,0,Ongoing,"7-day click or 1-day view",,,,,,,0,,,,,
2026-08-04,2026-08-04,"28/3 Veltuff - Broad - custom - UK RM",inactive,,,,"Using ad set budget",0,0,0,0,0,0,Ongoing,"7-day click or 1-day view",,,,,,,0,,,,,
2026-08-04,2026-08-04,"23/3 Veltuff - Broad - custom - UK sales",inactive,,,,"Using ad set budget",0,0,0,0,0,0,Ongoing,"7-day click or 1-day view",,,,,,,0,,,,,
2026-08-04,2026-08-04,"17/3 Veltuff - Broad - custom - UK sales",inactive,,,,"Using ad set budget",0,0,0,0,0,0,Ongoing,"7-day click or 1-day view",,,,,,,0,,,,,
2026-08-04,2026-08-04,"AS - Prospecting Campaign JAN2023 - SALE - Copy",inactive,,,,"Using ad set budget",0,0,0,0,0,0,Ongoing,"7-day click or 1-day view",,,,,,,0,,,,,
2026-08-04,2026-08-04,"AS - Prospecting Campaign Dec2022",inactive,,,,"Using ad set budget",0,0,0,0,0,0,Ongoing,"7-day click or 1-day view",,,,,,,0,,,,,
2026-08-04,2026-08-04,"AS - RMKT - DEC 2022",inactive,,,,50,Daily,0,0,0,0,0,Ongoing,"7-day click or 1-day view",,,,,,,0,,,,,
2026-08-04,2026-08-04,"Website Retargeting - 2022",inactive,,,,"Using ad set budget",0,0,0,0,0,0,Ongoing,"1-day click",,,,,,,0,,,,,
2026-08-03,2026-08-03,"VD | Broad | Awareness",active,13346,reach,5.91787802,100,Daily,78.98,13907,13346,1.042035,5.679154,Ongoing,"7-day click or 1-day view",,,,,12,0.086287,3.760952,115,9,,,1
2026-08-03,2026-08-03,"VD | Retargeting | DPA Broad Remarket",inactive,,,,44,Daily,0,0,0,0,0,Ongoing,"7-day click",,,,,,,0,,,,,
2026-08-03,2026-08-03,"VD | Retargeting | DPA",active,6,actions:offsite_conversion.fb_pixel_purchase,42.14833333,375,Daily,252.89,5417,3438,1.575625,46.684512,Ongoing,"7-day click",7.711021,6,1950.04,action_values:offsite_conversion.fb_pixel_purchase,89,1.642976,2.385755,89,72,14,7,
2026-08-03,2026-08-03,"VD | Retargeting | DPA Campaign | Sales",inactive,,,,145,Daily,0,0,0,0,0,Ongoing,"7-day click",,,,,,,0,,,,,
2026-08-03,2026-08-03,"VD | Broad | Prospecting | Sales",active,3,actions:offsite_conversion.fb_pixel_purchase,204.8,820,Daily,614.4,13366,8201,1.629801,45.96738,Ongoing,"7-day click",1.708984,3,1050,action_values:offsite_conversion.fb_pixel_purchase,213,1.593596,2.336122,827,173,36,8,128
2026-08-03,2026-08-03,"WinterSale | Prospecting | Sales | Advantage+",inactive,,,,"Using ad set budget",0,0,0,0,0,0,Ongoing,"7-day click",,,,,,,0,,,,,
2026-08-03,2026-08-03,"Ongoing | Sales | ProTex1 | Advantage+ | SH",inactive,,,,200,Daily,0,0,0,0,0,Ongoing,"7-day click or 1-day view",,,,,,,0,,,,,
2026-08-03,2026-08-03,"Ongoing | Sales | Hi-Vis Only | Advantage+ | SH",active,2,actions:offsite_conversion.fb_pixel_purchase,85.79,300,Daily,171.58,5997,3494,1.716371,28.610972,Ongoing,"7-day click or 1-day view",3.656953,2,627.46,action_values:offsite_conversion.fb_pixel_purchase,61,1.017175,2.257632,67,54,11,7,1
2026-08-03,2026-08-03,"Customised Workwear | Awareness | Advantage+ | SH Campaign – Copy",inactive,,,,100,Daily,0,0,0,0,0,Ongoing,"7-day click or 1-day view",,,,,,,0,,,,,
2026-08-03,2026-08-03,"Key Categories | Sales | Advantage+ | SH Campaign",inactive,,,,"Using ad set budget",0,0,0,0,0,0,Ongoing,"7-day click, 1-day view, or 1-day engaged-view",,,,,,,0,,,,,
2026-08-03,2026-08-03,"Customised Workwear | Sales | Advantage+ | SH Campaign",inactive,,,,"Using ad set budget",0,0,0,0,0,0,Ongoing,"7-day click, 1-day view, or 1-day engaged-view",,,,,,,0,,,,,
2026-08-03,2026-08-03,"Ongoing | Retargeting | Sales | Dynamic Abandoned Cart - 30 Days | SH",inactive,,,,6.5,Daily,0,0,0,0,0,Ongoing,"7-day click",,,,,,,0,,,,,
2026-08-03,2026-08-03,"AS 7/1 25 - Purchase - Flexible ad Campaign",inactive,,,,"Using ad set budget",0,0,0,0,0,0,Ongoing,"7-day click, 1-day view, or 1-day engaged-view",,,,,,,0,,,,,
2026-08-03,2026-08-03,"5/6 Michelle Job add - KAM Jylland",inactive,,,,"Using ad set budget",0,0,0,0,0,0,Ongoing,"7-day click or 1-day view",,,,,,,0,,,,,
2026-08-03,2026-08-03,"4/1 2024 - RM - UK Campaign",inactive,,,,100,Daily,0,0,0,0,0,Ongoing,"7-day click",,,,,,,0,,,,,
2026-08-03,2026-08-03,"Ongoing | Prospecting | Sales | Broad | Advantage+ | SH Campaign",inactive,,,,"Using ad set budget",0,0,0,0,0,0,Ongoing,"7-day click or 1-day view",,,,,,,0,,,,,
2026-08-03,2026-08-03,"4/12 2023 - Safety Shoe Sale  Campaign",inactive,,,,"Using ad set budget",0,0,0,0,0,0,Ongoing,"7-day click or 1-day view",,,,,,,0,,,,,
2026-08-03,2026-08-03,"11/10 2023 - Advantage+ shopping campaign Campaign",inactive,,,,"Using ad set budget",0,0,0,0,0,0,Ongoing,"7-day click or 1-day view",,,,,,,0,,,,,
2026-08-03,2026-08-03,"19/7 2023 - MPA RM campaign",inactive,,,,"Using ad set budget",0,0,0,0,0,0,Ongoing,"7-day click or 1-day view",,,,,,,0,,,,,
2026-08-03,2026-08-03,"11/7 2023 - Sales campaign Women - UK MPA",inactive,,,,"Using ad set budget",0,0,0,0,0,0,Ongoing,"7-day click or 1-day view",,,,,,,0,,,,,
2026-08-03,2026-08-03,"23/6 2023 - Sales campaign - UK MPA",inactive,,,,"Using ad set budget",0,0,0,0,0,0,Ongoing,"7-day click or 1-day view",,,,,,,0,,,,,
2026-08-03,2026-08-03,"19/6 2023 - Sales collection video",inactive,,,,"Using ad set budget",0,0,0,0,0,0,Ongoing,"7-day click or 1-day view",,,,,,,0,,,,,
2026-08-03,2026-08-03,"12/5 2023 - Sales campaign - UK MPA",inactive,,,,"Using ad set budget",0,0,0,0,0,0,Ongoing,"7-day click or 1-day view",,,,,,,0,,,,,
2026-08-03,2026-08-03,"8/5 Veltuff - Broad - custom - UK sales",inactive,,,,"Using ad set budget",0,0,0,0,0,0,Ongoing,"7-day click or 1-day view",,,,,,,0,,,,,
2026-08-03,2026-08-03,"3/5 Veltuff - Prospecting Campaign - Sales",inactive,,,,"Using ad set budget",0,0,0,0,0,0,Ongoing,"7-day click or 1-day view",,,,,,,0,,,,,
2026-08-03,2026-08-03,"11/4 Veltuff - Broad - custom - UK sales",inactive,,,,"Using ad set budget",0,0,0,0,0,0,Ongoing,"7-day click or 1-day view",,,,,,,0,,,,,
2026-08-03,2026-08-03,"28/3 Veltuff - Broad - custom - UK RM",inactive,,,,"Using ad set budget",0,0,0,0,0,0,Ongoing,"7-day click or 1-day view",,,,,,,0,,,,,
2026-08-03,2026-08-03,"23/3 Veltuff - Broad - custom - UK sales",inactive,,,,"Using ad set budget",0,0,0,0,0,0,Ongoing,"7-day click or 1-day view",,,,,,,0,,,,,
2026-08-03,2026-08-03,"17/3 Veltuff - Broad - custom - UK sales",inactive,,,,"Using ad set budget",0,0,0,0,0,0,Ongoing,"7-day click or 1-day view",,,,,,,0,,,,,
2026-08-03,2026-08-03,"AS - Prospecting Campaign JAN2023 - SALE - Copy",inactive,,,,"Using ad set budget",0,0,0,0,0,0,Ongoing,"7-day click or 1-day view",,,,,,,0,,,,,
2026-08-03,2026-08-03,"AS - Prospecting Campaign Dec2022",inactive,,,,"Using ad set budget",0,0,0,0,0,0,Ongoing,"7-day click or 1-day view",,,,,,,0,,,,,
2026-08-03,2026-08-03,"AS - RMKT - DEC 2022",inactive,,,,50,Daily,0,0,0,0,0,Ongoing,"7-day click or 1-day view",,,,,,,0,,,,,
2026-08-03,2026-08-03,"Website Retargeting - 2022",inactive,,,,"Using ad set budget",0,0,0,0,0,0,Ongoing,"1-day click",,,,,,,0,,,,,
2026-08-02,2026-08-02,"VD | Broad | Awareness",active,35385,reach,4.03984739,100,Daily,142.95,36338,35385,1.026932,3.933898,Ongoing,"7-day click or 1-day view",,,,,43,0.118333,2.802941,151,36,1,,7
2026-08-02,2026-08-02,"VD | Retargeting | DPA Broad Remarket",inactive,,,,44,Daily,0,0,0,0,0,Ongoing,"7-day click",,,,,,,0,,,,,
2026-08-02,2026-08-02,"VD | Retargeting | DPA",active,,,,375,Daily,320.89,6482,3982,1.627825,49.504782,Ongoing,"7-day click",,,,,106,1.635298,2.630246,112,95,12,1,1
2026-08-02,2026-08-02,"VD | Retargeting | DPA Campaign | Sales",inactive,,,,145,Daily,0,0,0,0,0,Ongoing,"7-day click",,,,,,,0,,,,,
2026-08-02,2026-08-02,"VD | Broad | Prospecting | Sales",active,1,actions:offsite_conversion.fb_pixel_purchase,798.69,820,Daily,798.69,15183,8440,1.798934,52.604228,Ongoing,"7-day click",0.484393,1,386.88,action_values:offsite_conversion.fb_pixel_purchase,302,1.989067,2.124176,1056,266,34,16,167
2026-08-02,2026-08-02,"WinterSale | Prospecting | Sales | Advantage+",inactive,,,,"Using ad set budget",0,0,0,0,0,0,Ongoing,"7-day click",,,,,,,0,,,,,
2026-08-02,2026-08-02,"Ongoing | Sales | ProTex1 | Advantage+ | SH",inactive,,,,200,Daily,0,0,0,0,0,Ongoing,"7-day click or 1-day view",,,,,,,0,,,,,
2026-08-02,2026-08-02,"Ongoing | Sales | Hi-Vis Only | Advantage+ | SH",active,4,actions:offsite_conversion.fb_pixel_purchase,59.1825,300,Daily,236.73,5785,3601,1.606498,40.921348,Ongoing,"7-day click or 1-day view",7.07122,4,1673.97,action_values:offsite_conversion.fb_pixel_purchase,92,1.59032,2.254571,95,83,29,5,
2026-08-02,2026-08-02,"Customised Workwear | Awareness | Advantage+ | SH Campaign – Copy",inactive,,,,100,Daily,0,0,0,0,0,Ongoing,"7-day click or 1-day view",,,,,,,0,,,,,
2026-08-02,2026-08-02,"Key Categories | Sales | Advantage+ | SH Campaign",inactive,,,,"Using ad set budget",0,0,0,0,0,0,Ongoing,"7-day click, 1-day view, or 1-day engaged-view",,,,,,,0,,,,,
2026-08-02,2026-08-02,"Customised Workwear | Sales | Advantage+ | SH Campaign",inactive,,,,"Using ad set budget",0,0,0,0,0,0,Ongoing,"7-day click, 1-day view, or 1-day engaged-view",,,,,,,0,,,,,
2026-08-02,2026-08-02,"Ongoing | Retargeting | Sales | Dynamic Abandoned Cart - 30 Days | SH",inactive,,,,6.5,Daily,0,0,0,0,0,Ongoing,"7-day click",,,,,,,0,,,,,
2026-08-02,2026-08-02,"AS 7/1 25 - Purchase - Flexible ad Campaign",inactive,,,,"Using ad set budget",0,0,0,0,0,0,Ongoing,"7-day click, 1-day view, or 1-day engaged-view",,,,,,,0,,,,,
2026-08-02,2026-08-02,"5/6 Michelle Job add - KAM Jylland",inactive,,,,"Using ad set budget",0,0,0,0,0,0,Ongoing,"7-day click or 1-day view",,,,,,,0,,,,,
2026-08-02,2026-08-02,"4/1 2024 - RM - UK Campaign",inactive,,,,100,Daily,0,0,0,0,0,Ongoing,"7-day click",,,,,,,0,,,,,
2026-08-02,2026-08-02,"Ongoing | Prospecting | Sales | Broad | Advantage+ | SH Campaign",inactive,,,,"Using ad set budget",0,0,0,0,0,0,Ongoing,"7-day click or 1-day view",,,,,,,0,,,,,
2026-08-02,2026-08-02,"4/12 2023 - Safety Shoe Sale  Campaign",inactive,,,,"Using ad set budget",0,0,0,0,0,0,Ongoing,"7-day click or 1-day view",,,,,,,0,,,,,
2026-08-02,2026-08-02,"11/10 2023 - Advantage+ shopping campaign Campaign",inactive,,,,"Using ad set budget",0,0,0,0,0,0,Ongoing,"7-day click or 1-day view",,,,,,,0,,,,,
2026-08-02,2026-08-02,"19/7 2023 - MPA RM campaign",inactive,,,,"Using ad set budget",0,0,0,0,0,0,Ongoing,"7-day click or 1-day view",,,,,,,0,,,,,
2026-08-02,2026-08-02,"11/7 2023 - Sales campaign Women - UK MPA",inactive,,,,"Using ad set budget",0,0,0,0,0,0,Ongoing,"7-day click or 1-day view",,,,,,,0,,,,,
2026-08-02,2026-08-02,"23/6 2023 - Sales campaign - UK MPA",inactive,,,,"Using ad set budget",0,0,0,0,0,0,Ongoing,"7-day click or 1-day view",,,,,,,0,,,,,
2026-08-02,2026-08-02,"19/6 2023 - Sales collection video",inactive,,,,"Using ad set budget",0,0,0,0,0,0,Ongoing,"7-day click or 1-day view",,,,,,,0,,,,,
2026-08-02,2026-08-02,"12/5 2023 - Sales campaign - UK MPA",inactive,,,,"Using ad set budget",0,0,0,0,0,0,Ongoing,"7-day click or 1-day view",,,,,,,0,,,,,
2026-08-02,2026-08-02,"8/5 Veltuff - Broad - custom - UK sales",inactive,,,,"Using ad set budget",0,0,0,0,0,0,Ongoing,"7-day click or 1-day view",,,,,,,0,,,,,
2026-08-02,2026-08-02,"3/5 Veltuff - Prospecting Campaign - Sales",inactive,,,,"Using ad set budget",0,0,0,0,0,0,Ongoing,"7-day click or 1-day view",,,,,,,0,,,,,
2026-08-02,2026-08-02,"11/4 Veltuff - Broad - custom - UK sales",inactive,,,,"Using ad set budget",0,0,0,0,0,0,Ongoing,"7-day click or 1-day view",,,,,,,0,,,,,
2026-08-02,2026-08-02,"28/3 Veltuff - Broad - custom - UK RM",inactive,,,,"Using ad set budget",0,0,0,0,0,0,Ongoing,"7-day click or 1-day view",,,,,,,0,,,,,
2026-08-02,2026-08-02,"23/3 Veltuff - Broad - custom - UK sales",inactive,,,,"Using ad set budget",0,0,0,0,0,0,Ongoing,"7-day click or 1-day view",,,,,,,0,,,,,
2026-08-02,2026-08-02,"17/3 Veltuff - Broad - custom - UK sales",inactive,,,,"Using ad set budget",0,0,0,0,0,0,Ongoing,"7-day click or 1-day view",,,,,,,0,,,,,
2026-08-02,2026-08-02,"AS - Prospecting Campaign JAN2023 - SALE - Copy",inactive,,,,"Using ad set budget",0,0,0,0,0,0,Ongoing,"7-day click or 1-day view",,,,,,,0,,,,,
2026-08-02,2026-08-02,"AS - Prospecting Campaign Dec2022",inactive,,,,"Using ad set budget",0,0,0,0,0,0,Ongoing,"7-day click or 1-day view",,,,,,,0,,,,,
2026-08-02,2026-08-02,"AS - RMKT - DEC 2022",inactive,,,,50,Daily,0,0,0,0,0,Ongoing,"7-day click or 1-day view",,,,,,,0,,,,,
2026-08-02,2026-08-02,"Website Retargeting - 2022",inactive,,,,"Using ad set budget",0,0,0,0,0,0,Ongoing,"1-day click",,,,,,,0,,,,,
2026-08-01,2026-08-01,"VD | Broad | Awareness",active,18963,reach,5.1463376,100,Daily,97.59,19237,18963,1.014449,5.073036,Ongoing,"7-day click or 1-day view",,,,,27,0.140355,3.253,167,16,,,10
2026-08-01,2026-08-01,"VD | Retargeting | DPA Broad Remarket",inactive,,,,44,Daily,0,0,0,0,0,Ongoing,"7-day click",,,,,,,0,,,,,
2026-08-01,2026-08-01,"VD | Retargeting | DPA",active,1,actions:offsite_conversion.fb_pixel_purchase,360.08,375,Daily,360.08,7879,5588,1.409986,45.701231,Ongoing,"7-day click",0.677127,1,243.82,action_values:offsite_conversion.fb_pixel_purchase,110,1.396116,2.707368,116,103,23,1,1
2026-08-01,2026-08-01,"VD | Retargeting | DPA Campaign | Sales",inactive,,,,145,Daily,0,0,0,0,0,Ongoing,"7-day click",,,,,,,0,,,,,
2026-08-01,2026-08-01,"VD | Broad | Prospecting | Sales",active,2,actions:offsite_conversion.fb_pixel_purchase,592.92,820,Daily,1185.84,24192,14699,1.645826,49.017857,Ongoing,"7-day click",0.588452,2,697.81,action_values:offsite_conversion.fb_pixel_purchase,433,1.789848,2.037526,1864,405,61,17,307
2026-08-01,2026-08-01,"WinterSale | Prospecting | Sales | Advantage+",inactive,,,,"Using ad set budget",0,0,0,0,0,0,Ongoing,"7-day click",,,,,,,0,,,,,
2026-08-01,2026-08-01,"Ongoing | Sales | ProTex1 | Advantage+ | SH",inactive,,,,200,Daily,0,0,0,0,0,Ongoing,"7-day click or 1-day view",,,,,,,0,,,,,
2026-08-01,2026-08-01,"Ongoing | Sales | Hi-Vis Only | Advantage+ | SH",active,3,actions:offsite_conversion.fb_pixel_purchase,70.99,300,Daily,212.97,5373,3744,1.435096,39.637074,Ongoing,"7-day click or 1-day view",7.073156,3,1506.37,action_values:offsite_conversion.fb_pixel_purchase,78,1.451703,2.476395,80,66,27,5,1
2026-08-01,2026-08-01,"Customised Workwear | Awareness | Advantage+ | SH Campaign – Copy",inactive,,,,100,Daily,0,0,0,0,0,Ongoing,"7-day click or 1-day view",,,,,,,0,,,,,
2026-08-01,2026-08-01,"Key Categories | Sales | Advantage+ | SH Campaign",inactive,,,,"Using ad set budget",0,0,0,0,0,0,Ongoing,"7-day click, 1-day view, or 1-day engaged-view",,,,,,,0,,,,,
2026-08-01,2026-08-01,"Customised Workwear | Sales | Advantage+ | SH Campaign",inactive,,,,"Using ad set budget",0,0,0,0,0,0,Ongoing,"7-day click, 1-day view, or 1-day engaged-view",,,,,,,0,,,,,
2026-08-01,2026-08-01,"Ongoing | Retargeting | Sales | Dynamic Abandoned Cart - 30 Days | SH",inactive,,,,6.5,Daily,0,0,0,0,0,Ongoing,"7-day click",,,,,,,0,,,,,
2026-08-01,2026-08-01,"AS 7/1 25 - Purchase - Flexible ad Campaign",inactive,,,,"Using ad set budget",0,0,0,0,0,0,Ongoing,"7-day click, 1-day view, or 1-day engaged-view",,,,,,,0,,,,,
2026-08-01,2026-08-01,"5/6 Michelle Job add - KAM Jylland",inactive,,,,"Using ad set budget",0,0,0,0,0,0,Ongoing,"7-day click or 1-day view",,,,,,,0,,,,,
2026-08-01,2026-08-01,"4/1 2024 - RM - UK Campaign",inactive,,,,100,Daily,0,0,0,0,0,Ongoing,"7-day click",,,,,,,0,,,,,
2026-08-01,2026-08-01,"Ongoing | Prospecting | Sales | Broad | Advantage+ | SH Campaign",inactive,,,,"Using ad set budget",0,0,0,0,0,0,Ongoing,"7-day click or 1-day view",,,,,,,0,,,,,
2026-08-01,2026-08-01,"4/12 2023 - Safety Shoe Sale  Campaign",inactive,,,,"Using ad set budget",0,0,0,0,0,0,Ongoing,"7-day click or 1-day view",,,,,,,0,,,,,
2026-08-01,2026-08-01,"11/10 2023 - Advantage+ shopping campaign Campaign",inactive,,,,"Using ad set budget",0,0,0,0,0,0,Ongoing,"7-day click or 1-day view",,,,,,,0,,,,,
2026-08-01,2026-08-01,"19/7 2023 - MPA RM campaign",inactive,,,,"Using ad set budget",0,0,0,0,0,0,Ongoing,"7-day click or 1-day view",,,,,,,0,,,,,
2026-08-01,2026-08-01,"11/7 2023 - Sales campaign Women - UK MPA",inactive,,,,"Using ad set budget",0,0,0,0,0,0,Ongoing,"7-day click or 1-day view",,,,,,,0,,,,,
2026-08-01,2026-08-01,"23/6 2023 - Sales campaign - UK MPA",inactive,,,,"Using ad set budget",0,0,0,0,0,0,Ongoing,"7-day click or 1-day view",,,,,,,0,,,,,
2026-08-01,2026-08-01,"19/6 2023 - Sales collection video",inactive,,,,"Using ad set budget",0,0,0,0,0,0,Ongoing,"7-day click or 1-day view",,,,,,,0,,,,,
2026-08-01,2026-08-01,"12/5 2023 - Sales campaign - UK MPA",inactive,,,,"Using ad set budget",0,0,0,0,0,0,Ongoing,"7-day click or 1-day view",,,,,,,0,,,,,
2026-08-01,2026-08-01,"8/5 Veltuff - Broad - custom - UK sales",inactive,,,,"Using ad set budget",0,0,0,0,0,0,Ongoing,"7-day click or 1-day view",,,,,,,0,,,,,
2026-08-01,2026-08-01,"3/5 Veltuff - Prospecting Campaign - Sales",inactive,,,,"Using ad set budget",0,0,0,0,0,0,Ongoing,"7-day click or 1-day view",,,,,,,0,,,,,
2026-08-01,2026-08-01,"11/4 Veltuff - Broad - custom - UK sales",inactive,,,,"Using ad set budget",0,0,0,0,0,0,Ongoing,"7-day click or 1-day view",,,,,,,0,,,,,
2026-08-01,2026-08-01,"28/3 Veltuff - Broad - custom - UK RM",inactive,,,,"Using ad set budget",0,0,0,0,0,0,Ongoing,"7-day click or 1-day view",,,,,,,0,,,,,
2026-08-01,2026-08-01,"23/3 Veltuff - Broad - custom - UK sales",inactive,,,,"Using ad set budget",0,0,0,0,0,0,Ongoing,"7-day click or 1-day view",,,,,,,0,,,,,
2026-08-01,2026-08-01,"17/3 Veltuff - Broad - custom - UK sales",inactive,,,,"Using ad set budget",0,0,0,0,0,0,Ongoing,"7-day click or 1-day view",,,,,,,0,,,,,
2026-08-01,2026-08-01,"AS - Prospecting Campaign JAN2023 - SALE - Copy",inactive,,,,"Using ad set budget",0,0,0,0,0,0,Ongoing,"7-day click or 1-day view",,,,,,,0,,,,,
2026-08-01,2026-08-01,"AS - Prospecting Campaign Dec2022",inactive,,,,"Using ad set budget",0,0,0,0,0,0,Ongoing,"7-day click or 1-day view",,,,,,,0,,,,,
2026-08-01,2026-08-01,"AS - RMKT - DEC 2022",inactive,,,,50,Daily,0,0,0,0,0,Ongoing,"7-day click or 1-day view",,,,,,,0,,,,,
2026-08-01,2026-08-01,"Website Retargeting - 2022",inactive,,,,"Using ad set budget",0,0,0,0,0,0,Ongoing,"1-day click",,,,,,,0,,,,,
2026-07-31,2026-07-31,"VD | Broad | Awareness",active,12551,reach,7.15719863,100,Daily,89.83,13085,12551,1.042546,6.865113,Ongoing,"7-day click or 1-day view",,,,,13,0.09935,3.742917,41,11,1,,1
2026-07-31,2026-07-31,"VD | Retargeting | DPA Broad Remarket",inactive,,,,44,Daily,0,0,0,0,0,Ongoing,"7-day click",,,,,,,0,,,,,
2026-07-31,2026-07-31,"VD | Retargeting | DPA",active,2,actions:offsite_conversion.fb_pixel_purchase,177.8,375,Daily,355.6,7761,5184,1.497106,45.818838,Ongoing,"7-day click",4.080118,2,1450.89,action_values:offsite_conversion.fb_pixel_purchase,128,1.649272,2.324183,139,112,19,3,2
2026-07-31,2026-07-31,"VD | Retargeting | DPA Campaign | Sales",inactive,,,,145,Daily,0,0,0,0,0,Ongoing,"7-day click",,,,,,,0,,,,,
2026-07-31,2026-07-31,"VD | Broad | Prospecting | Sales",active,5,actions:offsite_conversion.fb_pixel_purchase,217.158,820,Daily,1085.79,20910,14106,1.482348,51.926829,Ongoing,"7-day click",3.166662,5,3438.33,action_values:offsite_conversion.fb_pixel_purchase,325,1.55428,2.629031,2449,300,43,9,440
2026-07-31,2026-07-31,"WinterSale | Prospecting | Sales | Advantage+",inactive,,,,"Using ad set budget",0,0,0,0,0,0,Ongoing,"7-day click",,,,,,,0,,,,,
2026-07-31,2026-07-31,"Ongoing | Sales | ProTex1 | Advantage+ | SH",inactive,,,,200,Daily,0,0,0,0,0,Ongoing,"7-day click or 1-day view",,,,,,,0,,,,,
2026-07-31,2026-07-31,"Ongoing | Sales | Hi-Vis Only | Advantage+ | SH",active,4,actions:offsite_conversion.fb_pixel_purchase,48.645,300,Daily,194.58,5125,3221,1.591121,37.966829,Ongoing,"7-day click or 1-day view",9.325522,4,1814.56,action_values:offsite_conversion.fb_pixel_purchase,92,1.795122,1.98551,98,86,14,4,
2026-07-31,2026-07-31,"Customised Workwear | Awareness | Advantage+ | SH Campaign – Copy",inactive,,,,100,Daily,0,0,0,0,0,Ongoing,"7-day click or 1-day view",,,,,,,0,,,,,
2026-07-31,2026-07-31,"Key Categories | Sales | Advantage+ | SH Campaign",inactive,,,,"Using ad set budget",0,0,0,0,0,0,Ongoing,"7-day click, 1-day view, or 1-day engaged-view",,,,,,,0,,,,,
2026-07-31,2026-07-31,"Customised Workwear | Sales | Advantage+ | SH Campaign",inactive,,,,"Using ad set budget",0,0,0,0,0,0,Ongoing,"7-day click, 1-day view, or 1-day engaged-view",,,,,,,0,,,,,
2026-07-31,2026-07-31,"Ongoing | Retargeting | Sales | Dynamic Abandoned Cart - 30 Days | SH",inactive,,,,6.5,Daily,0,0,0,0,0,Ongoing,"7-day click",,,,,,,0,,,,,
2026-07-31,2026-07-31,"AS 7/1 25 - Purchase - Flexible ad Campaign",inactive,,,,"Using ad set budget",0,0,0,0,0,0,Ongoing,"7-day click, 1-day view, or 1-day engaged-view",,,,,,,0,,,,,
2026-07-31,2026-07-31,"5/6 Michelle Job add - KAM Jylland",inactive,,,,"Using ad set budget",0,0,0,0,0,0,Ongoing,"7-day click or 1-day view",,,,,,,0,,,,,
2026-07-31,2026-07-31,"4/1 2024 - RM - UK Campaign",inactive,,,,100,Daily,0,0,0,0,0,Ongoing,"7-day click",,,,,,,0,,,,,
2026-07-31,2026-07-31,"Ongoing | Prospecting | Sales | Broad | Advantage+ | SH Campaign",inactive,,,,"Using ad set budget",0,0,0,0,0,0,Ongoing,"7-day click or 1-day view",,,,,,,0,,,,,
2026-07-31,2026-07-31,"4/12 2023 - Safety Shoe Sale  Campaign",inactive,,,,"Using ad set budget",0,0,0,0,0,0,Ongoing,"7-day click or 1-day view",,,,,,,0,,,,,
2026-07-31,2026-07-31,"11/10 2023 - Advantage+ shopping campaign Campaign",inactive,,,,"Using ad set budget",0,0,0,0,0,0,Ongoing,"7-day click or 1-day view",,,,,,,0,,,,,
2026-07-31,2026-07-31,"19/7 2023 - MPA RM campaign",inactive,,,,"Using ad set budget",0,0,0,0,0,0,Ongoing,"7-day click or 1-day view",,,,,,,0,,,,,
2026-07-31,2026-07-31,"11/7 2023 - Sales campaign Women - UK MPA",inactive,,,,"Using ad set budget",0,0,0,0,0,0,Ongoing,"7-day click or 1-day view",,,,,,,0,,,,,
2026-07-31,2026-07-31,"23/6 2023 - Sales campaign - UK MPA",inactive,,,,"Using ad set budget",0,0,0,0,0,0,Ongoing,"7-day click or 1-day view",,,,,,,0,,,,,
2026-07-31,2026-07-31,"19/6 2023 - Sales collection video",inactive,,,,"Using ad set budget",0,0,0,0,0,0,Ongoing,"7-day click or 1-day view",,,,,,,0,,,,,
2026-07-31,2026-07-31,"12/5 2023 - Sales campaign - UK MPA",inactive,,,,"Using ad set budget",0,0,0,0,0,0,Ongoing,"7-day click or 1-day view",,,,,,,0,,,,,
2026-07-31,2026-07-31,"8/5 Veltuff - Broad - custom - UK sales",inactive,,,,"Using ad set budget",0,0,0,0,0,0,Ongoing,"7-day click or 1-day view",,,,,,,0,,,,,
2026-07-31,2026-07-31,"3/5 Veltuff - Prospecting Campaign - Sales",inactive,,,,"Using ad set budget",0,0,0,0,0,0,Ongoing,"7-day click or 1-day view",,,,,,,0,,,,,
2026-07-31,2026-07-31,"11/4 Veltuff - Broad - custom - UK sales",inactive,,,,"Using ad set budget",0,0,0,0,0,0,Ongoing,"7-day click or 1-day view",,,,,,,0,,,,,
2026-07-31,2026-07-31,"28/3 Veltuff - Broad - custom - UK RM",inactive,,,,"Using ad set budget",0,0,0,0,0,0,Ongoing,"7-day click or 1-day view",,,,,,,0,,,,,
2026-07-31,2026-07-31,"23/3 Veltuff - Broad - custom - UK sales",inactive,,,,"Using ad set budget",0,0,0,0,0,0,Ongoing,"7-day click or 1-day view",,,,,,,0,,,,,
2026-07-31,2026-07-31,"17/3 Veltuff - Broad - custom - UK sales",inactive,,,,"Using ad set budget",0,0,0,0,0,0,Ongoing,"7-day click or 1-day view",,,,,,,0,,,,,
2026-07-31,2026-07-31,"AS - Prospecting Campaign JAN2023 - SALE - Copy",inactive,,,,"Using ad set budget",0,0,0,0,0,0,Ongoing,"7-day click or 1-day view",,,,,,,0,,,,,
2026-07-31,2026-07-31,"AS - Prospecting Campaign Dec2022",inactive,,,,"Using ad set budget",0,0,0,0,0,0,Ongoing,"7-day click or 1-day view",,,,,,,0,,,,,
2026-07-31,2026-07-31,"AS - RMKT - DEC 2022",inactive,,,,50,Daily,0,0,0,0,0,Ongoing,"7-day click or 1-day view",,,,,,,0,,,,,
2026-07-31,2026-07-31,"Website Retargeting - 2022",inactive,,,,"Using ad set budget",0,0,0,0,0,0,Ongoing,"1-day click",,,,,,,0,,,,,
2026-07-30,2026-07-30,"VD | Broad | Awareness",active,15562,reach,5.65801311,100,Daily,88.05,15603,15562,1.002635,5.643146,Ongoing,"7-day click or 1-day view",,,,,17,0.108953,3.261111,49,9,,,1
2026-07-30,2026-07-30,"VD | Retargeting | DPA Broad Remarket",inactive,,,,44,Daily,0,0,0,0,0,Ongoing,"7-day click",,,,,,,0,,,,,
2026-07-30,2026-07-30,"VD | Retargeting | DPA",active,4,actions:offsite_conversion.fb_pixel_purchase,79.7625,375,Daily,319.05,7838,5398,1.452019,40.705537,Ongoing,"7-day click",7.326751,4,2337.6,action_values:offsite_conversion.fb_pixel_purchase,122,1.55652,2.246831,126,102,9,5,
2026-07-30,2026-07-30,"VD | Retargeting | DPA Campaign | Sales",inactive,,,,145,Daily,0,0,0,0,0,Ongoing,"7-day click",,,,,,,0,,,,,
2026-07-30,2026-07-30,"VD | Broad | Prospecting | Sales",active,4,actions:offsite_conversion.fb_pixel_purchase,216.9375,820,Daily,867.75,19302,13210,1.461166,44.956481,Ongoing,"7-day click",1.689127,4,1465.74,action_values:offsite_conversion.fb_pixel_purchase,336,1.740752,2.036972,1675,272,19,9,282
2026-07-30,2026-07-30,"WinterSale | Prospecting | Sales | Advantage+",inactive,,,,"Using ad set budget",0,0,0,0,0,0,Ongoing,"7-day click",,,,,,,0,,,,,
2026-07-30,2026-07-30,"Ongoing | Sales | ProTex1 | Advantage+ | SH",inactive,,,,200,Daily,0,0,0,0,0,Ongoing,"7-day click or 1-day view",,,,,,,0,,,,,
2026-07-30,2026-07-30,"Ongoing | Sales | Hi-Vis Only | Advantage+ | SH",active,2,actions:offsite_conversion.fb_pixel_purchase,93.95,300,Daily,187.9,5171,3333,1.551455,36.337266,Ongoing,"7-day click or 1-day view",3.986801,2,749.12,action_values:offsite_conversion.fb_pixel_purchase,61,1.179656,2.684286,66,55,8,3,1
2026-07-30,2026-07-30,"Customised Workwear | Awareness | Advantage+ | SH Campaign – Copy",inactive,,,,100,Daily,0,0,0,0,0,Ongoing,"7-day click or 1-day view",,,,,,,0,,,,,
2026-07-30,2026-07-30,"Key Categories | Sales | Advantage+ | SH Campaign",inactive,,,,"Using ad set budget",0,0,0,0,0,0,Ongoing,"7-day click, 1-day view, or 1-day engaged-view",,,,,,,0,,,,,
2026-07-30,2026-07-30,"Customised Workwear | Sales | Advantage+ | SH Campaign",inactive,,,,"Using ad set budget",0,0,0,0,0,0,Ongoing,"7-day click, 1-day view, or 1-day engaged-view",,,,,,,0,,,,,
2026-07-30,2026-07-30,"Ongoing | Retargeting | Sales | Dynamic Abandoned Cart - 30 Days | SH",inactive,,,,6.5,Daily,0,0,0,0,0,Ongoing,"7-day click",,,,,,,0,,,,,
2026-07-30,2026-07-30,"AS 7/1 25 - Purchase - Flexible ad Campaign",inactive,,,,"Using ad set budget",0,0,0,0,0,0,Ongoing,"7-day click, 1-day view, or 1-day engaged-view",,,,,,,0,,,,,
2026-07-30,2026-07-30,"5/6 Michelle Job add - KAM Jylland",inactive,,,,"Using ad set budget",0,0,0,0,0,0,Ongoing,"7-day click or 1-day view",,,,,,,0,,,,,
2026-07-30,2026-07-30,"4/1 2024 - RM - UK Campaign",inactive,,,,100,Daily,0,0,0,0,0,Ongoing,"7-day click",,,,,,,0,,,,,
2026-07-30,2026-07-30,"Ongoing | Prospecting | Sales | Broad | Advantage+ | SH Campaign",inactive,,,,"Using ad set budget",0,0,0,0,0,0,Ongoing,"7-day click or 1-day view",,,,,,,0,,,,,
2026-07-30,2026-07-30,"4/12 2023 - Safety Shoe Sale  Campaign",inactive,,,,"Using ad set budget",0,0,0,0,0,0,Ongoing,"7-day click or 1-day view",,,,,,,0,,,,,
2026-07-30,2026-07-30,"11/10 2023 - Advantage+ shopping campaign Campaign",inactive,,,,"Using ad set budget",0,0,0,0,0,0,Ongoing,"7-day click or 1-day view",,,,,,,0,,,,,
2026-07-30,2026-07-30,"19/7 2023 - MPA RM campaign",inactive,,,,"Using ad set budget",0,0,0,0,0,0,Ongoing,"7-day click or 1-day view",,,,,,,0,,,,,
2026-07-30,2026-07-30,"11/7 2023 - Sales campaign Women - UK MPA",inactive,,,,"Using ad set budget",0,0,0,0,0,0,Ongoing,"7-day click or 1-day view",,,,,,,0,,,,,
2026-07-30,2026-07-30,"23/6 2023 - Sales campaign - UK MPA",inactive,,,,"Using ad set budget",0,0,0,0,0,0,Ongoing,"7-day click or 1-day view",,,,,,,0,,,,,
2026-07-30,2026-07-30,"19/6 2023 - Sales collection video",inactive,,,,"Using ad set budget",0,0,0,0,0,0,Ongoing,"7-day click or 1-day view",,,,,,,0,,,,,
2026-07-30,2026-07-30,"12/5 2023 - Sales campaign - UK MPA",inactive,,,,"Using ad set budget",0,0,0,0,0,0,Ongoing,"7-day click or 1-day view",,,,,,,0,,,,,
2026-07-30,2026-07-30,"8/5 Veltuff - Broad - custom - UK sales",inactive,,,,"Using ad set budget",0,0,0,0,0,0,Ongoing,"7-day click or 1-day view",,,,,,,0,,,,,
2026-07-30,2026-07-30,"3/5 Veltuff - Prospecting Campaign - Sales",inactive,,,,"Using ad set budget",0,0,0,0,0,0,Ongoing,"7-day click or 1-day view",,,,,,,0,,,,,
2026-07-30,2026-07-30,"11/4 Veltuff - Broad - custom - UK sales",inactive,,,,"Using ad set budget",0,0,0,0,0,0,Ongoing,"7-day click or 1-day view",,,,,,,0,,,,,
2026-07-30,2026-07-30,"28/3 Veltuff - Broad - custom - UK RM",inactive,,,,"Using ad set budget",0,0,0,0,0,0,Ongoing,"7-day click or 1-day view",,,,,,,0,,,,,
2026-07-30,2026-07-30,"23/3 Veltuff - Broad - custom - UK sales",inactive,,,,"Using ad set budget",0,0,0,0,0,0,Ongoing,"7-day click or 1-day view",,,,,,,0,,,,,
2026-07-30,2026-07-30,"17/3 Veltuff - Broad - custom - UK sales",inactive,,,,"Using ad set budget",0,0,0,0,0,0,Ongoing,"7-day click or 1-day view",,,,,,,0,,,,,
2026-07-30,2026-07-30,"AS - Prospecting Campaign JAN2023 - SALE - Copy",inactive,,,,"Using ad set budget",0,0,0,0,0,0,Ongoing,"7-day click or 1-day view",,,,,,,0,,,,,
2026-07-30,2026-07-30,"AS - Prospecting Campaign Dec2022",inactive,,,,"Using ad set budget",0,0,0,0,0,0,Ongoing,"7-day click or 1-day view",,,,,,,0,,,,,
2026-07-30,2026-07-30,"AS - RMKT - DEC 2022",inactive,,,,50,Daily,0,0,0,0,0,Ongoing,"7-day click or 1-day view",,,,,,,0,,,,,
2026-07-30,2026-07-30,"Website Retargeting - 2022",inactive,,,,"Using ad set budget",0,0,0,0,0,0,Ongoing,"1-day click",,,,,,,0,,,,,
2026-07-29,2026-07-29,"VD | Broad | Awareness",active,11430,reach,6.40507437,100,Daily,73.21,11681,11430,1.02196,6.267443,Ongoing,"7-day click or 1-day view",,,,,16,0.136975,2.711481,50,8,,,3
2026-07-29,2026-07-29,"VD | Retargeting | DPA Broad Remarket",inactive,,,,44,Daily,0,0,0,0,0,Ongoing,"7-day click",,,,,,,0,,,,,
2026-07-29,2026-07-29,"VD | Retargeting | DPA",active,3,actions:offsite_conversion.fb_pixel_purchase,82.34666667,375,Daily,247.04,5497,3471,1.583693,44.940877,Ongoing,"7-day click",3.709723,3,916.45,action_values:offsite_conversion.fb_pixel_purchase,109,1.9829,1.829926,114,93,12,6,
2026-07-29,2026-07-29,"VD | Retargeting | DPA Campaign | Sales",inactive,,,,145,Daily,0,0,0,0,0,Ongoing,"7-day click",,,,,,,0,,,,,
2026-07-29,2026-07-29,"VD | Broad | Prospecting | Sales",active,4,actions:offsite_conversion.fb_pixel_purchase,136.7825,820,Daily,547.13,11537,7881,1.463901,47.42394,Ongoing,"7-day click",7.77424,4,4253.52,action_values:offsite_conversion.fb_pixel_purchase,230,1.993586,1.968094,1352,213,25,4,239
2026-07-29,2026-07-29,"WinterSale | Prospecting | Sales | Advantage+",inactive,,,,"Using ad set budget",0,0,0,0,0,0,Ongoing,"7-day click",,,,,,,0,,,,,
2026-07-29,2026-07-29,"Ongoing | Sales | ProTex1 | Advantage+ | SH",inactive,,,,200,Daily,0,0,0,0,0,Ongoing,"7-day click or 1-day view",,,,,,,0,,,,,
2026-07-29,2026-07-29,"Ongoing | Sales | Hi-Vis Only | Advantage+ | SH",active,4,actions:offsite_conversion.fb_pixel_purchase,50.325,300,Daily,201.3,4878,2867,1.70143,41.266913,Ongoing,"7-day click or 1-day view",13.728515,4,2763.55,action_values:offsite_conversion.fb_pixel_purchase,74,1.517015,2.396429,75,70,11,7,
2026-07-29,2026-07-29,"Customised Workwear | Awareness | Advantage+ | SH Campaign – Copy",inactive,,,,100,Daily,0,0,0,0,0,Ongoing,"7-day click or 1-day view",,,,,,,0,,,,,
2026-07-29,2026-07-29,"Key Categories | Sales | Advantage+ | SH Campaign",inactive,,,,"Using ad set budget",0,0,0,0,0,0,Ongoing,"7-day click, 1-day view, or 1-day engaged-view",,,,,,,0,,,,,
2026-07-29,2026-07-29,"Customised Workwear | Sales | Advantage+ | SH Campaign",inactive,,,,"Using ad set budget",0,0,0,0,0,0,Ongoing,"7-day click, 1-day view, or 1-day engaged-view",,,,,,,0,,,,,
2026-07-29,2026-07-29,"Ongoing | Retargeting | Sales | Dynamic Abandoned Cart - 30 Days | SH",inactive,,,,6.5,Daily,0,0,0,0,0,Ongoing,"7-day click",,,,,,,0,,,,,
2026-07-29,2026-07-29,"AS 7/1 25 - Purchase - Flexible ad Campaign",inactive,,,,"Using ad set budget",0,0,0,0,0,0,Ongoing,"7-day click, 1-day view, or 1-day engaged-view",,,,,,,0,,,,,
2026-07-29,2026-07-29,"5/6 Michelle Job add - KAM Jylland",inactive,,,,"Using ad set budget",0,0,0,0,0,0,Ongoing,"7-day click or 1-day view",,,,,,,0,,,,,
2026-07-29,2026-07-29,"4/1 2024 - RM - UK Campaign",inactive,,,,100,Daily,0,0,0,0,0,Ongoing,"7-day click",,,,,,,0,,,,,
2026-07-29,2026-07-29,"Ongoing | Prospecting | Sales | Broad | Advantage+ | SH Campaign",inactive,,,,"Using ad set budget",0,0,0,0,0,0,Ongoing,"7-day click or 1-day view",,,,,,,0,,,,,
2026-07-29,2026-07-29,"4/12 2023 - Safety Shoe Sale  Campaign",inactive,,,,"Using ad set budget",0,0,0,0,0,0,Ongoing,"7-day click or 1-day view",,,,,,,0,,,,,
2026-07-29,2026-07-29,"11/10 2023 - Advantage+ shopping campaign Campaign",inactive,,,,"Using ad set budget",0,0,0,0,0,0,Ongoing,"7-day click or 1-day view",,,,,,,0,,,,,
2026-07-29,2026-07-29,"19/7 2023 - MPA RM campaign",inactive,,,,"Using ad set budget",0,0,0,0,0,0,Ongoing,"7-day click or 1-day view",,,,,,,0,,,,,
2026-07-29,2026-07-29,"11/7 2023 - Sales campaign Women - UK MPA",inactive,,,,"Using ad set budget",0,0,0,0,0,0,Ongoing,"7-day click or 1-day view",,,,,,,0,,,,,
2026-07-29,2026-07-29,"23/6 2023 - Sales campaign - UK MPA",inactive,,,,"Using ad set budget",0,0,0,0,0,0,Ongoing,"7-day click or 1-day view",,,,,,,0,,,,,
2026-07-29,2026-07-29,"19/6 2023 - Sales collection video",inactive,,,,"Using ad set budget",0,0,0,0,0,0,Ongoing,"7-day click or 1-day view",,,,,,,0,,,,,
2026-07-29,2026-07-29,"12/5 2023 - Sales campaign - UK MPA",inactive,,,,"Using ad set budget",0,0,0,0,0,0,Ongoing,"7-day click or 1-day view",,,,,,,0,,,,,
2026-07-29,2026-07-29,"8/5 Veltuff - Broad - custom - UK sales",inactive,,,,"Using ad set budget",0,0,0,0,0,0,Ongoing,"7-day click or 1-day view",,,,,,,0,,,,,
2026-07-29,2026-07-29,"3/5 Veltuff - Prospecting Campaign - Sales",inactive,,,,"Using ad set budget",0,0,0,0,0,0,Ongoing,"7-day click or 1-day view",,,,,,,0,,,,,
2026-07-29,2026-07-29,"11/4 Veltuff - Broad - custom - UK sales",inactive,,,,"Using ad set budget",0,0,0,0,0,0,Ongoing,"7-day click or 1-day view",,,,,,,0,,,,,
2026-07-29,2026-07-29,"28/3 Veltuff - Broad - custom - UK RM",inactive,,,,"Using ad set budget",0,0,0,0,0,0,Ongoing,"7-day click or 1-day view",,,,,,,0,,,,,
2026-07-29,2026-07-29,"23/3 Veltuff - Broad - custom - UK sales",inactive,,,,"Using ad set budget",0,0,0,0,0,0,Ongoing,"7-day click or 1-day view",,,,,,,0,,,,,
2026-07-29,2026-07-29,"17/3 Veltuff - Broad - custom - UK sales",inactive,,,,"Using ad set budget",0,0,0,0,0,0,Ongoing,"7-day click or 1-day view",,,,,,,0,,,,,
2026-07-29,2026-07-29,"AS - Prospecting Campaign JAN2023 - SALE - Copy",inactive,,,,"Using ad set budget",0,0,0,0,0,0,Ongoing,"7-day click or 1-day view",,,,,,,0,,,,,
2026-07-29,2026-07-29,"AS - Prospecting Campaign Dec2022",inactive,,,,"Using ad set budget",0,0,0,0,0,0,Ongoing,"7-day click or 1-day view",,,,,,,0,,,,,
2026-07-29,2026-07-29,"AS - RMKT - DEC 2022",inactive,,,,50,Daily,0,0,0,0,0,Ongoing,"7-day click or 1-day view",,,,,,,0,,,,,
2026-07-29,2026-07-29,"Website Retargeting - 2022",inactive,,,,"Using ad set budget",0,0,0,0,0,0,Ongoing,"1-day click",,,,,,,0,,,,,
2026-07-28,2026-07-28,"VD | Broad | Awareness",active,14263,reach,6.55752647,100,Daily,93.53,14462,14263,1.013952,6.467294,Ongoing,"7-day click or 1-day view",,,,,16,0.110635,2.598056,107,10,,,8
2026-07-28,2026-07-28,"VD | Retargeting | DPA Broad Remarket",inactive,,,,44,Daily,0,0,0,0,0,Ongoing,"7-day click",,,,,,,0,,,,,
2026-07-28,2026-07-28,"VD | Retargeting | DPA",active,2,actions:offsite_conversion.fb_pixel_purchase,109.07,375,Daily,218.14,5018,3356,1.495232,43.471503,Ongoing,"7-day click",1.995645,2,435.33,action_values:offsite_conversion.fb_pixel_purchase,113,2.251893,1.652576,116,102,7,5,1
2026-07-28,2026-07-28,"VD | Retargeting | DPA Campaign | Sales",inactive,,,,145,Daily,0,0,0,0,0,Ongoing,"7-day click",,,,,,,0,,,,,
2026-07-28,2026-07-28,"VD | Broad | Prospecting | Sales",active,6,actions:offsite_conversion.fb_pixel_purchase,99.42,820,Daily,596.52,13142,8278,1.587582,45.390352,Ongoing,"7-day click",5.698736,6,3399.41,action_values:offsite_conversion.fb_pixel_purchase,217,1.651195,2.056966,1093,196,19,9,159
2026-07-28,2026-07-28,"WinterSale | Prospecting | Sales | Advantage+",inactive,,,,"Using ad set budget",0,0,0,0,0,0,Ongoing,"7-day click",,,,,,,0,,,,,
2026-07-28,2026-07-28,"Ongoing | Sales | ProTex1 | Advantage+ | SH",inactive,,,,200,Daily,0,0,0,0,0,Ongoing,"7-day click or 1-day view",,,,,,,0,,,,,
2026-07-28,2026-07-28,"Ongoing | Sales | Hi-Vis Only | Advantage+ | SH",active,3,actions:offsite_conversion.fb_pixel_purchase,66.95,300,Daily,200.85,5877,3680,1.597011,34.1756,Ongoing,"7-day click or 1-day view",6.598506,3,1325.31,action_values:offsite_conversion.fb_pixel_purchase,73,1.24213,2.391071,76,57,9,4,
2026-07-28,2026-07-28,"Customised Workwear | Awareness | Advantage+ | SH Campaign – Copy",inactive,,,,100,Daily,0,0,0,0,0,Ongoing,"7-day click or 1-day view",,,,,,,0,,,,,
2026-07-28,2026-07-28,"Key Categories | Sales | Advantage+ | SH Campaign",inactive,,,,"Using ad set budget",0,0,0,0,0,0,Ongoing,"7-day click, 1-day view, or 1-day engaged-view",,,,,,,0,,,,,
2026-07-28,2026-07-28,"Customised Workwear | Sales | Advantage+ | SH Campaign",inactive,,,,"Using ad set budget",0,0,0,0,0,0,Ongoing,"7-day click, 1-day view, or 1-day engaged-view",,,,,,,0,,,,,
2026-07-28,2026-07-28,"Ongoing | Retargeting | Sales | Dynamic Abandoned Cart - 30 Days | SH",inactive,,,,6.5,Daily,0,0,0,0,0,Ongoing,"7-day click",,,,,,,0,,,,,
2026-07-28,2026-07-28,"AS 7/1 25 - Purchase - Flexible ad Campaign",inactive,,,,"Using ad set budget",0,0,0,0,0,0,Ongoing,"7-day click, 1-day view, or 1-day engaged-view",,,,,,,0,,,,,
2026-07-28,2026-07-28,"5/6 Michelle Job add - KAM Jylland",inactive,,,,"Using ad set budget",0,0,0,0,0,0,Ongoing,"7-day click or 1-day view",,,,,,,0,,,,,
2026-07-28,2026-07-28,"4/1 2024 - RM - UK Campaign",inactive,,,,100,Daily,0,0,0,0,0,Ongoing,"7-day click",,,,,,,0,,,,,
2026-07-28,2026-07-28,"Ongoing | Prospecting | Sales | Broad | Advantage+ | SH Campaign",inactive,,,,"Using ad set budget",0,0,0,0,0,0,Ongoing,"7-day click or 1-day view",,,,,,,0,,,,,
2026-07-28,2026-07-28,"4/12 2023 - Safety Shoe Sale  Campaign",inactive,,,,"Using ad set budget",0,0,0,0,0,0,Ongoing,"7-day click or 1-day view",,,,,,,0,,,,,
2026-07-28,2026-07-28,"11/10 2023 - Advantage+ shopping campaign Campaign",inactive,,,,"Using ad set budget",0,0,0,0,0,0,Ongoing,"7-day click or 1-day view",,,,,,,0,,,,,
2026-07-28,2026-07-28,"19/7 2023 - MPA RM campaign",inactive,,,,"Using ad set budget",0,0,0,0,0,0,Ongoing,"7-day click or 1-day view",,,,,,,0,,,,,
2026-07-28,2026-07-28,"11/7 2023 - Sales campaign Women - UK MPA",inactive,,,,"Using ad set budget",0,0,0,0,0,0,Ongoing,"7-day click or 1-day view",,,,,,,0,,,,,
2026-07-28,2026-07-28,"23/6 2023 - Sales campaign - UK MPA",inactive,,,,"Using ad set budget",0,0,0,0,0,0,Ongoing,"7-day click or 1-day view",,,,,,,0,,,,,
2026-07-28,2026-07-28,"19/6 2023 - Sales collection video",inactive,,,,"Using ad set budget",0,0,0,0,0,0,Ongoing,"7-day click or 1-day view",,,,,,,0,,,,,
2026-07-28,2026-07-28,"12/5 2023 - Sales campaign - UK MPA",inactive,,,,"Using ad set budget",0,0,0,0,0,0,Ongoing,"7-day click or 1-day view",,,,,,,0,,,,,
2026-07-28,2026-07-28,"8/5 Veltuff - Broad - custom - UK sales",inactive,,,,"Using ad set budget",0,0,0,0,0,0,Ongoing,"7-day click or 1-day view",,,,,,,0,,,,,
2026-07-28,2026-07-28,"3/5 Veltuff - Prospecting Campaign - Sales",inactive,,,,"Using ad set budget",0,0,0,0,0,0,Ongoing,"7-day click or 1-day view",,,,,,,0,,,,,
2026-07-28,2026-07-28,"11/4 Veltuff - Broad - custom - UK sales",inactive,,,,"Using ad set budget",0,0,0,0,0,0,Ongoing,"7-day click or 1-day view",,,,,,,0,,,,,
2026-07-28,2026-07-28,"28/3 Veltuff - Broad - custom - UK RM",inactive,,,,"Using ad set budget",0,0,0,0,0,0,Ongoing,"7-day click or 1-day view",,,,,,,0,,,,,
2026-07-28,2026-07-28,"23/3 Veltuff - Broad - custom - UK sales",inactive,,,,"Using ad set budget",0,0,0,0,0,0,Ongoing,"7-day click or 1-day view",,,,,,,0,,,,,
2026-07-28,2026-07-28,"17/3 Veltuff - Broad - custom - UK sales",inactive,,,,"Using ad set budget",0,0,0,0,0,0,Ongoing,"7-day click or 1-day view",,,,,,,0,,,,,
2026-07-28,2026-07-28,"AS - Prospecting Campaign JAN2023 - SALE - Copy",inactive,,,,"Using ad set budget",0,0,0,0,0,0,Ongoing,"7-day click or 1-day view",,,,,,,0,,,,,
2026-07-28,2026-07-28,"AS - Prospecting Campaign Dec2022",inactive,,,,"Using ad set budget",0,0,0,0,0,0,Ongoing,"7-day click or 1-day view",,,,,,,0,,,,,
2026-07-28,2026-07-28,"AS - RMKT - DEC 2022",inactive,,,,50,Daily,0,0,0,0,0,Ongoing,"7-day click or 1-day view",,,,,,,0,,,,,
2026-07-28,2026-07-28,"Website Retargeting - 2022",inactive,,,,"Using ad set budget",0,0,0,0,0,0,Ongoing,"1-day click",,,,,,,0,,,,,
2026-07-27,2026-07-27,"VD | Broad | Awareness",active,25768,reach,5.59065508,100,Daily,144.06,26364,25768,1.023129,5.464269,Ongoing,"7-day click or 1-day view",,,,,34,0.128964,3.274091,198,21,1,,12
2026-07-27,2026-07-27,"VD | Retargeting | DPA Broad Remarket",inactive,,,,44,Daily,0,0,0,0,0,Ongoing,"7-day click",,,,,,,0,,,,,
2026-07-27,2026-07-27,"VD | Retargeting | DPA",active,,,,375,Daily,191.01,4804,2829,1.698127,39.760616,Ongoing,"7-day click",,,,,105,2.185679,1.646638,108,96,4,,1
2026-07-27,2026-07-27,"VD | Retargeting | DPA Campaign | Sales",inactive,,,,145,Daily,0,0,0,0,0,Ongoing,"7-day click",,,,,,,0,,,,,
2026-07-27,2026-07-27,"VD | Broad | Prospecting | Sales",active,1,actions:offsite_conversion.fb_pixel_purchase,254.25,820,Daily,254.25,5814,4139,1.404687,43.73065,Ongoing,"7-day click",1.703245,1,433.05,action_values:offsite_conversion.fb_pixel_purchase,99,1.702786,2.270089,570,92,11,4,76
2026-07-27,2026-07-27,"WinterSale | Prospecting | Sales | Advantage+",inactive,,,,"Using ad set budget",0,0,0,0,0,0,Ongoing,"7-day click",,,,,,,0,,,,,
2026-07-27,2026-07-27,"Ongoing | Sales | ProTex1 | Advantage+ | SH",inactive,,,,200,Daily,0,0,0,0,0,Ongoing,"7-day click or 1-day view",,,,,,,0,,,,,
2026-07-27,2026-07-27,"Ongoing | Sales | Hi-Vis Only | Advantage+ | SH",active,2,actions:offsite_conversion.fb_pixel_purchase,94.075,300,Daily,188.15,5567,3121,1.783723,33.797377,Ongoing,"7-day click or 1-day view",6.881637,2,1294.78,action_values:offsite_conversion.fb_pixel_purchase,74,1.329262,2.266867,77,67,4,1,
2026-07-27,2026-07-27,"Customised Workwear | Awareness | Advantage+ | SH Campaign – Copy",inactive,,,,100,Daily,0,0,0,0,0,Ongoing,"7-day click or 1-day view",,,,,,,0,,,,,
2026-07-27,2026-07-27,"Key Categories | Sales | Advantage+ | SH Campaign",inactive,,,,"Using ad set budget",0,0,0,0,0,0,Ongoing,"7-day click, 1-day view, or 1-day engaged-view",,,,,,,0,,,,,
2026-07-27,2026-07-27,"Customised Workwear | Sales | Advantage+ | SH Campaign",inactive,,,,"Using ad set budget",0,0,0,0,0,0,Ongoing,"7-day click, 1-day view, or 1-day engaged-view",,,,,,,0,,,,,
2026-07-27,2026-07-27,"Ongoing | Retargeting | Sales | Dynamic Abandoned Cart - 30 Days | SH",inactive,,,,6.5,Daily,0,0,0,0,0,Ongoing,"7-day click",,,,,,,0,,,,,
2026-07-27,2026-07-27,"AS 7/1 25 - Purchase - Flexible ad Campaign",inactive,,,,"Using ad set budget",0,0,0,0,0,0,Ongoing,"7-day click, 1-day view, or 1-day engaged-view",,,,,,,0,,,,,
2026-07-27,2026-07-27,"5/6 Michelle Job add - KAM Jylland",inactive,,,,"Using ad set budget",0,0,0,0,0,0,Ongoing,"7-day click or 1-day view",,,,,,,0,,,,,
2026-07-27,2026-07-27,"4/1 2024 - RM - UK Campaign",inactive,,,,100,Daily,0,0,0,0,0,Ongoing,"7-day click",,,,,,,0,,,,,
2026-07-27,2026-07-27,"Ongoing | Prospecting | Sales | Broad | Advantage+ | SH Campaign",inactive,,,,"Using ad set budget",0,0,0,0,0,0,Ongoing,"7-day click or 1-day view",,,,,,,0,,,,,
2026-07-27,2026-07-27,"4/12 2023 - Safety Shoe Sale  Campaign",inactive,,,,"Using ad set budget",0,0,0,0,0,0,Ongoing,"7-day click or 1-day view",,,,,,,0,,,,,
2026-07-27,2026-07-27,"11/10 2023 - Advantage+ shopping campaign Campaign",inactive,,,,"Using ad set budget",0,0,0,0,0,0,Ongoing,"7-day click or 1-day view",,,,,,,0,,,,,
2026-07-27,2026-07-27,"19/7 2023 - MPA RM campaign",inactive,,,,"Using ad set budget",0,0,0,0,0,0,Ongoing,"7-day click or 1-day view",,,,,,,0,,,,,
2026-07-27,2026-07-27,"11/7 2023 - Sales campaign Women - UK MPA",inactive,,,,"Using ad set budget",0,0,0,0,0,0,Ongoing,"7-day click or 1-day view",,,,,,,0,,,,,
2026-07-27,2026-07-27,"23/6 2023 - Sales campaign - UK MPA",inactive,,,,"Using ad set budget",0,0,0,0,0,0,Ongoing,"7-day click or 1-day view",,,,,,,0,,,,,
2026-07-27,2026-07-27,"19/6 2023 - Sales collection video",inactive,,,,"Using ad set budget",0,0,0,0,0,0,Ongoing,"7-day click or 1-day view",,,,,,,0,,,,,
2026-07-27,2026-07-27,"12/5 2023 - Sales campaign - UK MPA",inactive,,,,"Using ad set budget",0,0,0,0,0,0,Ongoing,"7-day click or 1-day view",,,,,,,0,,,,,
2026-07-27,2026-07-27,"8/5 Veltuff - Broad - custom - UK sales",inactive,,,,"Using ad set budget",0,0,0,0,0,0,Ongoing,"7-day click or 1-day view",,,,,,,0,,,,,
2026-07-27,2026-07-27,"3/5 Veltuff - Prospecting Campaign - Sales",inactive,,,,"Using ad set budget",0,0,0,0,0,0,Ongoing,"7-day click or 1-day view",,,,,,,0,,,,,
2026-07-27,2026-07-27,"11/4 Veltuff - Broad - custom - UK sales",inactive,,,,"Using ad set budget",0,0,0,0,0,0,Ongoing,"7-day click or 1-day view",,,,,,,0,,,,,
2026-07-27,2026-07-27,"28/3 Veltuff - Broad - custom - UK RM",inactive,,,,"Using ad set budget",0,0,0,0,0,0,Ongoing,"7-day click or 1-day view",,,,,,,0,,,,,
2026-07-27,2026-07-27,"23/3 Veltuff - Broad - custom - UK sales",inactive,,,,"Using ad set budget",0,0,0,0,0,0,Ongoing,"7-day click or 1-day view",,,,,,,0,,,,,
2026-07-27,2026-07-27,"17/3 Veltuff - Broad - custom - UK sales",inactive,,,,"Using ad set budget",0,0,0,0,0,0,Ongoing,"7-day click or 1-day view",,,,,,,0,,,,,
2026-07-27,2026-07-27,"AS - Prospecting Campaign JAN2023 - SALE - Copy",inactive,,,,"Using ad set budget",0,0,0,0,0,0,Ongoing,"7-day click or 1-day view",,,,,,,0,,,,,
2026-07-27,2026-07-27,"AS - Prospecting Campaign Dec2022",inactive,,,,"Using ad set budget",0,0,0,0,0,0,Ongoing,"7-day click or 1-day view",,,,,,,0,,,,,
2026-07-27,2026-07-27,"AS - RMKT - DEC 2022",inactive,,,,50,Daily,0,0,0,0,0,Ongoing,"7-day click or 1-day view",,,,,,,0,,,,,
2026-07-27,2026-07-27,"Website Retargeting - 2022",inactive,,,,"Using ad set budget",0,0,0,0,0,0,Ongoing,"1-day click",,,,,,,0,,,,,
2026-07-26,2026-07-26,"VD | Broad | Awareness",active,16516,reach,6.80673287,100,Daily,112.42,16990,16516,1.028699,6.616833,Ongoing,"7-day click or 1-day view",,,,,9,0.052972,6.245556,157,4,,,7
2026-07-26,2026-07-26,"VD | Retargeting | DPA Broad Remarket",inactive,,,,44,Daily,0,0,0,0,0,Ongoing,"7-day click",,,,,,,0,,,,,
2026-07-26,2026-07-26,"VD | Retargeting | DPA",active,1,actions:offsite_conversion.fb_pixel_purchase,233.99,375,Daily,233.99,4957,2880,1.721181,47.203954,Ongoing,"7-day click",2.44019,1,570.98,action_values:offsite_conversion.fb_pixel_purchase,88,1.775267,2.146697,94,70,13,1,2
2026-07-26,2026-07-26,"VD | Retargeting | DPA Campaign | Sales",inactive,,,,145,Daily,0,0,0,0,0,Ongoing,"7-day click",,,,,,,0,,,,,
2026-07-26,2026-07-26,"VD | Broad | Prospecting | Sales",active,5,actions:offsite_conversion.fb_pixel_purchase,100.488,820,Daily,502.44,9603,6167,1.557159,52.32115,Ongoing,"7-day click",3.932489,5,1975.84,action_values:offsite_conversion.fb_pixel_purchase,216,2.249297,1.833723,1209,195,20,12,221
2026-07-26,2026-07-26,"WinterSale | Prospecting | Sales | Advantage+",inactive,,,,"Using ad set budget",0,0,0,0,0,0,Ongoing,"7-day click",,,,,,,0,,,,,
2026-07-26,2026-07-26,"Ongoing | Sales | ProTex1 | Advantage+ | SH",inactive,,,,200,Daily,0,0,0,0,0,Ongoing,"7-day click or 1-day view",,,,,,,0,,,,,
2026-07-26,2026-07-26,"Ongoing | Sales | Hi-Vis Only | Advantage+ | SH",active,5,actions:offsite_conversion.fb_pixel_purchase,42.786,300,Daily,213.93,5142,2934,1.752556,41.604434,Ongoing,"7-day click or 1-day view",7.250549,5,1551.11,action_values:offsite_conversion.fb_pixel_purchase,82,1.59471,2.275851,89,80,10,6,1
2026-07-26,2026-07-26,"Customised Workwear | Awareness | Advantage+ | SH Campaign – Copy",inactive,,,,100,Daily,0,0,0,0,0,Ongoing,"7-day click or 1-day view",,,,,,,0,,,,,
2026-07-26,2026-07-26,"Key Categories | Sales | Advantage+ | SH Campaign",inactive,,,,"Using ad set budget",0,0,0,0,0,0,Ongoing,"7-day click, 1-day view, or 1-day engaged-view",,,,,,,0,,,,,
2026-07-26,2026-07-26,"Customised Workwear | Sales | Advantage+ | SH Campaign",inactive,,,,"Using ad set budget",0,0,0,0,0,0,Ongoing,"7-day click, 1-day view, or 1-day engaged-view",,,,,,,0,,,,,
2026-07-26,2026-07-26,"Ongoing | Retargeting | Sales | Dynamic Abandoned Cart - 30 Days | SH",inactive,,,,6.5,Daily,0,0,0,0,0,Ongoing,"7-day click",,,,,,,0,,,,,
2026-07-26,2026-07-26,"AS 7/1 25 - Purchase - Flexible ad Campaign",inactive,,,,"Using ad set budget",0,0,0,0,0,0,Ongoing,"7-day click, 1-day view, or 1-day engaged-view",,,,,,,0,,,,,
2026-07-26,2026-07-26,"5/6 Michelle Job add - KAM Jylland",inactive,,,,"Using ad set budget",0,0,0,0,0,0,Ongoing,"7-day click or 1-day view",,,,,,,0,,,,,
2026-07-26,2026-07-26,"4/1 2024 - RM - UK Campaign",inactive,,,,100,Daily,0,0,0,0,0,Ongoing,"7-day click",,,,,,,0,,,,,
2026-07-26,2026-07-26,"Ongoing | Prospecting | Sales | Broad | Advantage+ | SH Campaign",inactive,,,,"Using ad set budget",0,0,0,0,0,0,Ongoing,"7-day click or 1-day view",,,,,,,0,,,,,
2026-07-26,2026-07-26,"4/12 2023 - Safety Shoe Sale  Campaign",inactive,,,,"Using ad set budget",0,0,0,0,0,0,Ongoing,"7-day click or 1-day view",,,,,,,0,,,,,
2026-07-26,2026-07-26,"11/10 2023 - Advantage+ shopping campaign Campaign",inactive,,,,"Using ad set budget",0,0,0,0,0,0,Ongoing,"7-day click or 1-day view",,,,,,,0,,,,,
2026-07-26,2026-07-26,"19/7 2023 - MPA RM campaign",inactive,,,,"Using ad set budget",0,0,0,0,0,0,Ongoing,"7-day click or 1-day view",,,,,,,0,,,,,
2026-07-26,2026-07-26,"11/7 2023 - Sales campaign Women - UK MPA",inactive,,,,"Using ad set budget",0,0,0,0,0,0,Ongoing,"7-day click or 1-day view",,,,,,,0,,,,,
2026-07-26,2026-07-26,"23/6 2023 - Sales campaign - UK MPA",inactive,,,,"Using ad set budget",0,0,0,0,0,0,Ongoing,"7-day click or 1-day view",,,,,,,0,,,,,
2026-07-26,2026-07-26,"19/6 2023 - Sales collection video",inactive,,,,"Using ad set budget",0,0,0,0,0,0,Ongoing,"7-day click or 1-day view",,,,,,,0,,,,,
2026-07-26,2026-07-26,"12/5 2023 - Sales campaign - UK MPA",inactive,,,,"Using ad set budget",0,0,0,0,0,0,Ongoing,"7-day click or 1-day view",,,,,,,0,,,,,
2026-07-26,2026-07-26,"8/5 Veltuff - Broad - custom - UK sales",inactive,,,,"Using ad set budget",0,0,0,0,0,0,Ongoing,"7-day click or 1-day view",,,,,,,0,,,,,
2026-07-26,2026-07-26,"3/5 Veltuff - Prospecting Campaign - Sales",inactive,,,,"Using ad set budget",0,0,0,0,0,0,Ongoing,"7-day click or 1-day view",,,,,,,0,,,,,
2026-07-26,2026-07-26,"11/4 Veltuff - Broad - custom - UK sales",inactive,,,,"Using ad set budget",0,0,0,0,0,0,Ongoing,"7-day click or 1-day view",,,,,,,0,,,,,
2026-07-26,2026-07-26,"28/3 Veltuff - Broad - custom - UK RM",inactive,,,,"Using ad set budget",0,0,0,0,0,0,Ongoing,"7-day click or 1-day view",,,,,,,0,,,,,
2026-07-26,2026-07-26,"23/3 Veltuff - Broad - custom - UK sales",inactive,,,,"Using ad set budget",0,0,0,0,0,0,Ongoing,"7-day click or 1-day view",,,,,,,0,,,,,
2026-07-26,2026-07-26,"17/3 Veltuff - Broad - custom - UK sales",inactive,,,,"Using ad set budget",0,0,0,0,0,0,Ongoing,"7-day click or 1-day view",,,,,,,0,,,,,
2026-07-26,2026-07-26,"AS - Prospecting Campaign JAN2023 - SALE - Copy",inactive,,,,"Using ad set budget",0,0,0,0,0,0,Ongoing,"7-day click or 1-day view",,,,,,,0,,,,,
2026-07-26,2026-07-26,"AS - Prospecting Campaign Dec2022",inactive,,,,"Using ad set budget",0,0,0,0,0,0,Ongoing,"7-day click or 1-day view",,,,,,,0,,,,,
2026-07-26,2026-07-26,"AS - RMKT - DEC 2022",inactive,,,,50,Daily,0,0,0,0,0,Ongoing,"7-day click or 1-day view",,,,,,,0,,,,,
2026-07-26,2026-07-26,"Website Retargeting - 2022",inactive,,,,"Using ad set budget",0,0,0,0,0,0,Ongoing,"1-day click",,,,,,,0,,,,,
2026-07-25,2026-07-25,"VD | Broad | Awareness",active,12491,reach,7.10191338,100,Daily,88.71,12754,12491,1.021055,6.955465,Ongoing,"7-day click or 1-day view",,,,,10,0.078407,5.544375,173,9,,,12
2026-07-25,2026-07-25,"VD | Retargeting | DPA Broad Remarket",inactive,,,,44,Daily,0,0,0,0,0,Ongoing,"7-day click",,,,,,,0,,,,,
2026-07-25,2026-07-25,"VD | Retargeting | DPA",active,3,actions:offsite_conversion.fb_pixel_purchase,126.29333333,375,Daily,378.88,8649,5670,1.525397,43.80622,Ongoing,"7-day click",2.50132,3,947.7,action_values:offsite_conversion.fb_pixel_purchase,143,1.65337,2.28241,148,138,13,9,
2026-07-25,2026-07-25,"VD | Retargeting | DPA Campaign | Sales",inactive,,,,145,Daily,0,0,0,0,0,Ongoing,"7-day click",,,,,,,0,,,,,
2026-07-25,2026-07-25,"VD | Broad | Prospecting | Sales",active,4,actions:offsite_conversion.fb_pixel_purchase,303.18,820,Daily,1212.72,27910,18859,1.47993,43.451093,Ongoing,"7-day click",1.617496,4,1961.57,action_values:offsite_conversion.fb_pixel_purchase,530,1.898961,1.799288,3827,471,49,17,691
2026-07-25,2026-07-25,"WinterSale | Prospecting | Sales | Advantage+",inactive,,,,"Using ad set budget",0,0,0,0,0,0,Ongoing,"7-day click",,,,,,,0,,,,,
2026-07-25,2026-07-25,"Ongoing | Sales | ProTex1 | Advantage+ | SH",inactive,,,,200,Daily,0,0,0,0,0,Ongoing,"7-day click or 1-day view",,,,,,,0,,,,,
2026-07-25,2026-07-25,"Ongoing | Sales | Hi-Vis Only | Advantage+ | SH",active,3,actions:offsite_conversion.fb_pixel_purchase,69.25,300,Daily,207.75,5584,3395,1.644772,37.204513,Ongoing,"7-day click or 1-day view",5.048327,3,1048.79,action_values:offsite_conversion.fb_pixel_purchase,69,1.235673,2.564815,70,62,7,2,
2026-07-25,2026-07-25,"Customised Workwear | Awareness | Advantage+ | SH Campaign – Copy",inactive,,,,100,Daily,0,0,0,0,0,Ongoing,"7-day click or 1-day view",,,,,,,0,,,,,
2026-07-25,2026-07-25,"Key Categories | Sales | Advantage+ | SH Campaign",inactive,,,,"Using ad set budget",0,0,0,0,0,0,Ongoing,"7-day click, 1-day view, or 1-day engaged-view",,,,,,,0,,,,,
2026-07-25,2026-07-25,"Customised Workwear | Sales | Advantage+ | SH Campaign",inactive,,,,"Using ad set budget",0,0,0,0,0,0,Ongoing,"7-day click, 1-day view, or 1-day engaged-view",,,,,,,0,,,,,
2026-07-25,2026-07-25,"Ongoing | Retargeting | Sales | Dynamic Abandoned Cart - 30 Days | SH",inactive,,,,6.5,Daily,0,0,0,0,0,Ongoing,"7-day click",,,,,,,0,,,,,
2026-07-25,2026-07-25,"AS 7/1 25 - Purchase - Flexible ad Campaign",inactive,,,,"Using ad set budget",0,0,0,0,0,0,Ongoing,"7-day click, 1-day view, or 1-day engaged-view",,,,,,,0,,,,,
2026-07-25,2026-07-25,"5/6 Michelle Job add - KAM Jylland",inactive,,,,"Using ad set budget",0,0,0,0,0,0,Ongoing,"7-day click or 1-day view",,,,,,,0,,,,,
2026-07-25,2026-07-25,"4/1 2024 - RM - UK Campaign",inactive,,,,100,Daily,0,0,0,0,0,Ongoing,"7-day click",,,,,,,0,,,,,
2026-07-25,2026-07-25,"Ongoing | Prospecting | Sales | Broad | Advantage+ | SH Campaign",inactive,,,,"Using ad set budget",0,0,0,0,0,0,Ongoing,"7-day click or 1-day view",,,,,,,0,,,,,
2026-07-25,2026-07-25,"4/12 2023 - Safety Shoe Sale  Campaign",inactive,,,,"Using ad set budget",0,0,0,0,0,0,Ongoing,"7-day click or 1-day view",,,,,,,0,,,,,
2026-07-25,2026-07-25,"11/10 2023 - Advantage+ shopping campaign Campaign",inactive,,,,"Using ad set budget",0,0,0,0,0,0,Ongoing,"7-day click or 1-day view",,,,,,,0,,,,,
2026-07-25,2026-07-25,"19/7 2023 - MPA RM campaign",inactive,,,,"Using ad set budget",0,0,0,0,0,0,Ongoing,"7-day click or 1-day view",,,,,,,0,,,,,
2026-07-25,2026-07-25,"11/7 2023 - Sales campaign Women - UK MPA",inactive,,,,"Using ad set budget",0,0,0,0,0,0,Ongoing,"7-day click or 1-day view",,,,,,,0,,,,,
2026-07-25,2026-07-25,"23/6 2023 - Sales campaign - UK MPA",inactive,,,,"Using ad set budget",0,0,0,0,0,0,Ongoing,"7-day click or 1-day view",,,,,,,0,,,,,
2026-07-25,2026-07-25,"19/6 2023 - Sales collection video",inactive,,,,"Using ad set budget",0,0,0,0,0,0,Ongoing,"7-day click or 1-day view",,,,,,,0,,,,,
2026-07-25,2026-07-25,"12/5 2023 - Sales campaign - UK MPA",inactive,,,,"Using ad set budget",0,0,0,0,0,0,Ongoing,"7-day click or 1-day view",,,,,,,0,,,,,
2026-07-25,2026-07-25,"8/5 Veltuff - Broad - custom - UK sales",inactive,,,,"Using ad set budget",0,0,0,0,0,0,Ongoing,"7-day click or 1-day view",,,,,,,0,,,,,
2026-07-25,2026-07-25,"3/5 Veltuff - Prospecting Campaign - Sales",inactive,,,,"Using ad set budget",0,0,0,0,0,0,Ongoing,"7-day click or 1-day view",,,,,,,0,,,,,
2026-07-25,2026-07-25,"11/4 Veltuff - Broad - custom - UK sales",inactive,,,,"Using ad set budget",0,0,0,0,0,0,Ongoing,"7-day click or 1-day view",,,,,,,0,,,,,
2026-07-25,2026-07-25,"28/3 Veltuff - Broad - custom - UK RM",inactive,,,,"Using ad set budget",0,0,0,0,0,0,Ongoing,"7-day click or 1-day view",,,,,,,0,,,,,
2026-07-25,2026-07-25,"23/3 Veltuff - Broad - custom - UK sales",inactive,,,,"Using ad set budget",0,0,0,0,0,0,Ongoing,"7-day click or 1-day view",,,,,,,0,,,,,
2026-07-25,2026-07-25,"17/3 Veltuff - Broad - custom - UK sales",inactive,,,,"Using ad set budget",0,0,0,0,0,0,Ongoing,"7-day click or 1-day view",,,,,,,0,,,,,
2026-07-25,2026-07-25,"AS - Prospecting Campaign JAN2023 - SALE - Copy",inactive,,,,"Using ad set budget",0,0,0,0,0,0,Ongoing,"7-day click or 1-day view",,,,,,,0,,,,,
2026-07-25,2026-07-25,"AS - Prospecting Campaign Dec2022",inactive,,,,"Using ad set budget",0,0,0,0,0,0,Ongoing,"7-day click or 1-day view",,,,,,,0,,,,,
2026-07-25,2026-07-25,"AS - RMKT - DEC 2022",inactive,,,,50,Daily,0,0,0,0,0,Ongoing,"7-day click or 1-day view",,,,,,,0,,,,,
2026-07-25,2026-07-25,"Website Retargeting - 2022",inactive,,,,"Using ad set budget",0,0,0,0,0,0,Ongoing,"1-day click",,,,,,,0,,,,,
2026-07-24,2026-07-24,"VD | Broad | Awareness",active,10836,reach,7.18807678,100,Daily,77.89,11014,10836,1.016427,7.071908,Ongoing,"7-day click or 1-day view",,,,,14,0.127111,3.540455,83,13,,,8
2026-07-24,2026-07-24,"VD | Retargeting | DPA Broad Remarket",inactive,,,,44,Daily,0,0,0,0,0,Ongoing,"7-day click",,,,,,,0,,,,,
2026-07-24,2026-07-24,"VD | Retargeting | DPA",active,2,actions:offsite_conversion.fb_pixel_purchase,133.925,375,Daily,267.85,6302,4162,1.514176,42.50238,Ongoing,"7-day click",1.898936,2,508.63,action_values:offsite_conversion.fb_pixel_purchase,107,1.697874,1.984074,114,87,5,3,1
2026-07-24,2026-07-24,"VD | Retargeting | DPA Campaign | Sales",inactive,,,,145,Daily,0,0,0,0,0,Ongoing,"7-day click",,,,,,,0,,,,,
2026-07-24,2026-07-24,"VD | Broad | Prospecting | Sales",active,3,actions:offsite_conversion.fb_pixel_purchase,200.71666667,820,Daily,602.15,14130,9373,1.507522,42.615004,Ongoing,"7-day click",2.506468,3,1509.27,action_values:offsite_conversion.fb_pixel_purchase,222,1.571125,2.01388,1472,192,25,9,234
2026-07-24,2026-07-24,"WinterSale | Prospecting | Sales | Advantage+",inactive,,,,"Using ad set budget",0,0,0,0,0,0,Ongoing,"7-day click",,,,,,,0,,,,,
2026-07-24,2026-07-24,"Ongoing | Sales | ProTex1 | Advantage+ | SH",inactive,,,,200,Daily,0,0,0,0,0,Ongoing,"7-day click or 1-day view",,,,,,,0,,,,,
2026-07-24,2026-07-24,"Ongoing | Sales | Hi-Vis Only | Advantage+ | SH",active,3,actions:offsite_conversion.fb_pixel_purchase,62.55333333,300,Daily,187.66,5413,3140,1.723885,34.668391,Ongoing,"7-day click or 1-day view",5.679474,3,1065.81,action_values:offsite_conversion.fb_pixel_purchase,79,1.459449,2.157011,81,66,14,4,
2026-07-24,2026-07-24,"Customised Workwear | Awareness | Advantage+ | SH Campaign – Copy",inactive,,,,100,Daily,0,0,0,0,0,Ongoing,"7-day click or 1-day view",,,,,,,0,,,,,
2026-07-24,2026-07-24,"Key Categories | Sales | Advantage+ | SH Campaign",inactive,,,,"Using ad set budget",0,0,0,0,0,0,Ongoing,"7-day click, 1-day view, or 1-day engaged-view",,,,,,,0,,,,,
2026-07-24,2026-07-24,"Customised Workwear | Sales | Advantage+ | SH Campaign",inactive,,,,"Using ad set budget",0,0,0,0,0,0,Ongoing,"7-day click, 1-day view, or 1-day engaged-view",,,,,,,0,,,,,
2026-07-24,2026-07-24,"Ongoing | Retargeting | Sales | Dynamic Abandoned Cart - 30 Days | SH",inactive,,,,6.5,Daily,0,0,0,0,0,Ongoing,"7-day click",,,,,,,0,,,,,
2026-07-24,2026-07-24,"AS 7/1 25 - Purchase - Flexible ad Campaign",inactive,,,,"Using ad set budget",0,0,0,0,0,0,Ongoing,"7-day click, 1-day view, or 1-day engaged-view",,,,,,,0,,,,,
2026-07-24,2026-07-24,"5/6 Michelle Job add - KAM Jylland",inactive,,,,"Using ad set budget",0,0,0,0,0,0,Ongoing,"7-day click or 1-day view",,,,,,,0,,,,,
2026-07-24,2026-07-24,"4/1 2024 - RM - UK Campaign",inactive,,,,100,Daily,0,0,0,0,0,Ongoing,"7-day click",,,,,,,0,,,,,
2026-07-24,2026-07-24,"Ongoing | Prospecting | Sales | Broad | Advantage+ | SH Campaign",inactive,,,,"Using ad set budget",0,0,0,0,0,0,Ongoing,"7-day click or 1-day view",,,,,,,0,,,,,
2026-07-24,2026-07-24,"4/12 2023 - Safety Shoe Sale  Campaign",inactive,,,,"Using ad set budget",0,0,0,0,0,0,Ongoing,"7-day click or 1-day view",,,,,,,0,,,,,
2026-07-24,2026-07-24,"11/10 2023 - Advantage+ shopping campaign Campaign",inactive,,,,"Using ad set budget",0,0,0,0,0,0,Ongoing,"7-day click or 1-day view",,,,,,,0,,,,,
2026-07-24,2026-07-24,"19/7 2023 - MPA RM campaign",inactive,,,,"Using ad set budget",0,0,0,0,0,0,Ongoing,"7-day click or 1-day view",,,,,,,0,,,,,
2026-07-24,2026-07-24,"11/7 2023 - Sales campaign Women - UK MPA",inactive,,,,"Using ad set budget",0,0,0,0,0,0,Ongoing,"7-day click or 1-day view",,,,,,,0,,,,,
2026-07-24,2026-07-24,"23/6 2023 - Sales campaign - UK MPA",inactive,,,,"Using ad set budget",0,0,0,0,0,0,Ongoing,"7-day click or 1-day view",,,,,,,0,,,,,
2026-07-24,2026-07-24,"19/6 2023 - Sales collection video",inactive,,,,"Using ad set budget",0,0,0,0,0,0,Ongoing,"7-day click or 1-day view",,,,,,,0,,,,,
2026-07-24,2026-07-24,"12/5 2023 - Sales campaign - UK MPA",inactive,,,,"Using ad set budget",0,0,0,0,0,0,Ongoing,"7-day click or 1-day view",,,,,,,0,,,,,
2026-07-24,2026-07-24,"8/5 Veltuff - Broad - custom - UK sales",inactive,,,,"Using ad set budget",0,0,0,0,0,0,Ongoing,"7-day click or 1-day view",,,,,,,0,,,,,
2026-07-24,2026-07-24,"3/5 Veltuff - Prospecting Campaign - Sales",inactive,,,,"Using ad set budget",0,0,0,0,0,0,Ongoing,"7-day click or 1-day view",,,,,,,0,,,,,
2026-07-24,2026-07-24,"11/4 Veltuff - Broad - custom - UK sales",inactive,,,,"Using ad set budget",0,0,0,0,0,0,Ongoing,"7-day click or 1-day view",,,,,,,0,,,,,
2026-07-24,2026-07-24,"28/3 Veltuff - Broad - custom - UK RM",inactive,,,,"Using ad set budget",0,0,0,0,0,0,Ongoing,"7-day click or 1-day view",,,,,,,0,,,,,
2026-07-24,2026-07-24,"23/3 Veltuff - Broad - custom - UK sales",inactive,,,,"Using ad set budget",0,0,0,0,0,0,Ongoing,"7-day click or 1-day view",,,,,,,0,,,,,
2026-07-24,2026-07-24,"17/3 Veltuff - Broad - custom - UK sales",inactive,,,,"Using ad set budget",0,0,0,0,0,0,Ongoing,"7-day click or 1-day view",,,,,,,0,,,,,
2026-07-24,2026-07-24,"AS - Prospecting Campaign JAN2023 - SALE - Copy",inactive,,,,"Using ad set budget",0,0,0,0,0,0,Ongoing,"7-day click or 1-day view",,,,,,,0,,,,,
2026-07-24,2026-07-24,"AS - Prospecting Campaign Dec2022",inactive,,,,"Using ad set budget",0,0,0,0,0,0,Ongoing,"7-day click or 1-day view",,,,,,,0,,,,,
2026-07-24,2026-07-24,"AS - RMKT - DEC 2022",inactive,,,,50,Daily,0,0,0,0,0,Ongoing,"7-day click or 1-day view",,,,,,,0,,,,,
2026-07-24,2026-07-24,"Website Retargeting - 2022",inactive,,,,"Using ad set budget",0,0,0,0,0,0,Ongoing,"1-day click",,,,,,,0,,,,,
2026-07-23,2026-07-23,"VD | Broad | Awareness",active,30554,reach,4.5741965,100,Daily,139.76,31059,30554,1.016528,4.499823,Ongoing,"7-day click or 1-day view",,,,,26,0.083712,4.658667,226,15,,,16
2026-07-23,2026-07-23,"VD | Retargeting | DPA Broad Remarket",inactive,,,,44,Daily,0,0,0,0,0,Ongoing,"7-day click",,,,,,,0,,,,,
2026-07-23,2026-07-23,"VD | Retargeting | DPA",active,2,actions:offsite_conversion.fb_pixel_purchase,118.23,375,Daily,236.46,5781,3587,1.611653,40.902958,Ongoing,"7-day click",4.064451,2,961.08,action_values:offsite_conversion.fb_pixel_purchase,78,1.349248,2.515532,81,65,5,2,1
2026-07-23,2026-07-23,"VD | Retargeting | DPA Campaign | Sales",inactive,,,,145,Daily,0,0,0,0,0,Ongoing,"7-day click",,,,,,,0,,,,,
2026-07-23,2026-07-23,"VD | Broad | Prospecting | Sales",active,5,actions:offsite_conversion.fb_pixel_purchase,89.37,820,Daily,446.85,10188,6836,1.490345,43.860424,Ongoing,"7-day click",4.773682,5,2133.12,action_values:offsite_conversion.fb_pixel_purchase,198,1.943463,1.823878,1125,163,18,6,188
2026-07-23,2026-07-23,"WinterSale | Prospecting | Sales | Advantage+",inactive,,,,"Using ad set budget",0,0,0,0,0,0,Ongoing,"7-day click",,,,,,,0,,,,,
2026-07-23,2026-07-23,"Ongoing | Sales | ProTex1 | Advantage+ | SH",inactive,,,,200,Daily,0,0,0,0,0,Ongoing,"7-day click or 1-day view",,,,,,,0,,,3,2,
2026-07-23,2026-07-23,"Ongoing | Sales | Hi-Vis Only | Advantage+ | SH",active,3,actions:offsite_conversion.fb_pixel_purchase,59.15333333,300,Daily,177.46,4738,2880,1.645139,37.454622,Ongoing,"7-day click or 1-day view",15.675082,3,2781.7,action_values:offsite_conversion.fb_pixel_purchase,54,1.139721,2.648657,57,50,17,5,1
2026-07-23,2026-07-23,"Customised Workwear | Awareness | Advantage+ | SH Campaign – Copy",inactive,,,,100,Daily,0,0,0,0,0,Ongoing,"7-day click or 1-day view",,,,,,,0,,,,,
2026-07-23,2026-07-23,"Key Categories | Sales | Advantage+ | SH Campaign",inactive,,,,"Using ad set budget",0,0,0,0,0,0,Ongoing,"7-day click, 1-day view, or 1-day engaged-view",,,,,,,0,,,,,
2026-07-23,2026-07-23,"Customised Workwear | Sales | Advantage+ | SH Campaign",inactive,,,,"Using ad set budget",0,0,0,0,0,0,Ongoing,"7-day click, 1-day view, or 1-day engaged-view",,,,,,,0,,,,,
2026-07-23,2026-07-23,"Ongoing | Retargeting | Sales | Dynamic Abandoned Cart - 30 Days | SH",inactive,,,,6.5,Daily,0,0,0,0,0,Ongoing,"7-day click",,,,,,,0,,,,,
2026-07-23,2026-07-23,"AS 7/1 25 - Purchase - Flexible ad Campaign",inactive,,,,"Using ad set budget",0,0,0,0,0,0,Ongoing,"7-day click, 1-day view, or 1-day engaged-view",,,,,,,0,,,,,
2026-07-23,2026-07-23,"5/6 Michelle Job add - KAM Jylland",inactive,,,,"Using ad set budget",0,0,0,0,0,0,Ongoing,"7-day click or 1-day view",,,,,,,0,,,,,
2026-07-23,2026-07-23,"4/1 2024 - RM - UK Campaign",inactive,,,,100,Daily,0,0,0,0,0,Ongoing,"7-day click",,,,,,,0,,,,,
2026-07-23,2026-07-23,"Ongoing | Prospecting | Sales | Broad | Advantage+ | SH Campaign",inactive,,,,"Using ad set budget",0,0,0,0,0,0,Ongoing,"7-day click or 1-day view",,,,,,,0,,,,,
2026-07-23,2026-07-23,"4/12 2023 - Safety Shoe Sale  Campaign",inactive,,,,"Using ad set budget",0,0,0,0,0,0,Ongoing,"7-day click or 1-day view",,,,,,,0,,,,,
2026-07-23,2026-07-23,"11/10 2023 - Advantage+ shopping campaign Campaign",inactive,,,,"Using ad set budget",0,0,0,0,0,0,Ongoing,"7-day click or 1-day view",,,,,,,0,,,,,
2026-07-23,2026-07-23,"19/7 2023 - MPA RM campaign",inactive,,,,"Using ad set budget",0,0,0,0,0,0,Ongoing,"7-day click or 1-day view",,,,,,,0,,,,,
2026-07-23,2026-07-23,"11/7 2023 - Sales campaign Women - UK MPA",inactive,,,,"Using ad set budget",0,0,0,0,0,0,Ongoing,"7-day click or 1-day view",,,,,,,0,,,,,
2026-07-23,2026-07-23,"23/6 2023 - Sales campaign - UK MPA",inactive,,,,"Using ad set budget",0,0,0,0,0,0,Ongoing,"7-day click or 1-day view",,,,,,,0,,,,,
2026-07-23,2026-07-23,"19/6 2023 - Sales collection video",inactive,,,,"Using ad set budget",0,0,0,0,0,0,Ongoing,"7-day click or 1-day view",,,,,,,0,,,,,
2026-07-23,2026-07-23,"12/5 2023 - Sales campaign - UK MPA",inactive,,,,"Using ad set budget",0,0,0,0,0,0,Ongoing,"7-day click or 1-day view",,,,,,,0,,,,,
2026-07-23,2026-07-23,"8/5 Veltuff - Broad - custom - UK sales",inactive,,,,"Using ad set budget",0,0,0,0,0,0,Ongoing,"7-day click or 1-day view",,,,,,,0,,,,,
2026-07-23,2026-07-23,"3/5 Veltuff - Prospecting Campaign - Sales",inactive,,,,"Using ad set budget",0,0,0,0,0,0,Ongoing,"7-day click or 1-day view",,,,,,,0,,,,,
2026-07-23,2026-07-23,"11/4 Veltuff - Broad - custom - UK sales",inactive,,,,"Using ad set budget",0,0,0,0,0,0,Ongoing,"7-day click or 1-day view",,,,,,,0,,,,,
2026-07-23,2026-07-23,"28/3 Veltuff - Broad - custom - UK RM",inactive,,,,"Using ad set budget",0,0,0,0,0,0,Ongoing,"7-day click or 1-day view",,,,,,,0,,,,,
2026-07-23,2026-07-23,"23/3 Veltuff - Broad - custom - UK sales",inactive,,,,"Using ad set budget",0,0,0,0,0,0,Ongoing,"7-day click or 1-day view",,,,,,,0,,,,,
2026-07-23,2026-07-23,"17/3 Veltuff - Broad - custom - UK sales",inactive,,,,"Using ad set budget",0,0,0,0,0,0,Ongoing,"7-day click or 1-day view",,,,,,,0,,,,,
2026-07-23,2026-07-23,"AS - Prospecting Campaign JAN2023 - SALE - Copy",inactive,,,,"Using ad set budget",0,0,0,0,0,0,Ongoing,"7-day click or 1-day view",,,,,,,0,,,,,
2026-07-23,2026-07-23,"AS - Prospecting Campaign Dec2022",inactive,,,,"Using ad set budget",0,0,0,0,0,0,Ongoing,"7-day click or 1-day view",,,,,,,0,,,,,
2026-07-23,2026-07-23,"AS - RMKT - DEC 2022",inactive,,,,50,Daily,0,0,0,0,0,Ongoing,"7-day click or 1-day view",,,,,,,0,,,,,
2026-07-23,2026-07-23,"Website Retargeting - 2022",inactive,,,,"Using ad set budget",0,0,0,0,0,0,Ongoing,"1-day click",,,,,,,0,,,,,
2026-07-22,2026-07-22,"VD | Broad | Awareness",active,12264,reach,7.15834964,100,Daily,87.79,13074,12264,1.066047,6.714854,Ongoing,"7-day click or 1-day view",,,,,6,0.045893,5.486875,210,1,,,13
2026-07-22,2026-07-22,"VD | Retargeting | DPA Broad Remarket",inactive,,,,44,Daily,0,0,0,0,0,Ongoing,"7-day click",,,,,,,0,,,,,
2026-07-22,2026-07-22,"VD | Retargeting | DPA",active,1,actions:offsite_conversion.fb_pixel_purchase,179.79,375,Daily,179.79,4647,3039,1.529121,38.689477,Ongoing,"7-day click",2.063074,1,370.92,action_values:offsite_conversion.fb_pixel_purchase,62,1.334194,2.429595,64,54,7,2,1
2026-07-22,2026-07-22,"VD | Retargeting | DPA Campaign | Sales",inactive,,,,145,Daily,0,0,0,0,0,Ongoing,"7-day click",,,,,,,0,,,,,
2026-07-22,2026-07-22,"VD | Broad | Prospecting | Sales",active,1,actions:offsite_conversion.fb_pixel_purchase,472.81,820,Daily,472.81,10435,6781,1.538859,45.310014,Ongoing,"7-day click",0.536114,1,253.48,action_values:offsite_conversion.fb_pixel_purchase,190,1.820795,2.046797,1015,170,6,4,176
2026-07-22,2026-07-22,"WinterSale | Prospecting | Sales | Advantage+",inactive,,,,"Using ad set budget",0,0,0,0,0,0,Ongoing,"7-day click",,,,,,,0,,,,,
2026-07-22,2026-07-22,"Ongoing | Sales | ProTex1 | Advantage+ | SH",inactive,,,,200,Daily,0,0,0,0,0,Ongoing,"7-day click or 1-day view",,,,,,,0,,,,,
2026-07-22,2026-07-22,"Ongoing | Sales | Hi-Vis Only | Advantage+ | SH",active,,,,300,Daily,195.49,5527,3295,1.67739,35.370002,Ongoing,"7-day click or 1-day view",,,,,78,1.411254,2.196517,78,72,1,,
2026-07-22,2026-07-22,"Customised Workwear | Awareness | Advantage+ | SH Campaign – Copy",inactive,,,,100,Daily,0,0,0,0,0,Ongoing,"7-day click or 1-day view",,,,,,,0,,,,,
2026-07-22,2026-07-22,"Key Categories | Sales | Advantage+ | SH Campaign",inactive,,,,"Using ad set budget",0,0,0,0,0,0,Ongoing,"7-day click, 1-day view, or 1-day engaged-view",,,,,,,0,,,,,
2026-07-22,2026-07-22,"Customised Workwear | Sales | Advantage+ | SH Campaign",inactive,,,,"Using ad set budget",0,0,0,0,0,0,Ongoing,"7-day click, 1-day view, or 1-day engaged-view",,,,,,,0,,,,,
2026-07-22,2026-07-22,"Ongoing | Retargeting | Sales | Dynamic Abandoned Cart - 30 Days | SH",inactive,,,,6.5,Daily,0,0,0,0,0,Ongoing,"7-day click",,,,,,,0,,,,,
2026-07-22,2026-07-22,"AS 7/1 25 - Purchase - Flexible ad Campaign",inactive,,,,"Using ad set budget",0,0,0,0,0,0,Ongoing,"7-day click, 1-day view, or 1-day engaged-view",,,,,,,0,,,,,
2026-07-22,2026-07-22,"5/6 Michelle Job add - KAM Jylland",inactive,,,,"Using ad set budget",0,0,0,0,0,0,Ongoing,"7-day click or 1-day view",,,,,,,0,,,,,
2026-07-22,2026-07-22,"4/1 2024 - RM - UK Campaign",inactive,,,,100,Daily,0,0,0,0,0,Ongoing,"7-day click",,,,,,,0,,,,,
2026-07-22,2026-07-22,"Ongoing | Prospecting | Sales | Broad | Advantage+ | SH Campaign",inactive,,,,"Using ad set budget",0,0,0,0,0,0,Ongoing,"7-day click or 1-day view",,,,,,,0,,,,,
2026-07-22,2026-07-22,"4/12 2023 - Safety Shoe Sale  Campaign",inactive,,,,"Using ad set budget",0,0,0,0,0,0,Ongoing,"7-day click or 1-day view",,,,,,,0,,,,,
2026-07-22,2026-07-22,"11/10 2023 - Advantage+ shopping campaign Campaign",inactive,,,,"Using ad set budget",0,0,0,0,0,0,Ongoing,"7-day click or 1-day view",,,,,,,0,,,,,
2026-07-22,2026-07-22,"19/7 2023 - MPA RM campaign",inactive,,,,"Using ad set budget",0,0,0,0,0,0,Ongoing,"7-day click or 1-day view",,,,,,,0,,,,,
2026-07-22,2026-07-22,"11/7 2023 - Sales campaign Women - UK MPA",inactive,,,,"Using ad set budget",0,0,0,0,0,0,Ongoing,"7-day click or 1-day view",,,,,,,0,,,,,
2026-07-22,2026-07-22,"23/6 2023 - Sales campaign - UK MPA",inactive,,,,"Using ad set budget",0,0,0,0,0,0,Ongoing,"7-day click or 1-day view",,,,,,,0,,,,,
2026-07-22,2026-07-22,"19/6 2023 - Sales collection video",inactive,,,,"Using ad set budget",0,0,0,0,0,0,Ongoing,"7-day click or 1-day view",,,,,,,0,,,,,
2026-07-22,2026-07-22,"12/5 2023 - Sales campaign - UK MPA",inactive,,,,"Using ad set budget",0,0,0,0,0,0,Ongoing,"7-day click or 1-day view",,,,,,,0,,,,,
2026-07-22,2026-07-22,"8/5 Veltuff - Broad - custom - UK sales",inactive,,,,"Using ad set budget",0,0,0,0,0,0,Ongoing,"7-day click or 1-day view",,,,,,,0,,,,,
2026-07-22,2026-07-22,"3/5 Veltuff - Prospecting Campaign - Sales",inactive,,,,"Using ad set budget",0,0,0,0,0,0,Ongoing,"7-day click or 1-day view",,,,,,,0,,,,,
2026-07-22,2026-07-22,"11/4 Veltuff - Broad - custom - UK sales",inactive,,,,"Using ad set budget",0,0,0,0,0,0,Ongoing,"7-day click or 1-day view",,,,,,,0,,,,,
2026-07-22,2026-07-22,"28/3 Veltuff - Broad - custom - UK RM",inactive,,,,"Using ad set budget",0,0,0,0,0,0,Ongoing,"7-day click or 1-day view",,,,,,,0,,,,,
2026-07-22,2026-07-22,"23/3 Veltuff - Broad - custom - UK sales",inactive,,,,"Using ad set budget",0,0,0,0,0,0,Ongoing,"7-day click or 1-day view",,,,,,,0,,,,,
2026-07-22,2026-07-22,"17/3 Veltuff - Broad - custom - UK sales",inactive,,,,"Using ad set budget",0,0,0,0,0,0,Ongoing,"7-day click or 1-day view",,,,,,,0,,,,,
2026-07-22,2026-07-22,"AS - Prospecting Campaign JAN2023 - SALE - Copy",inactive,,,,"Using ad set budget",0,0,0,0,0,0,Ongoing,"7-day click or 1-day view",,,,,,,0,,,,,
2026-07-22,2026-07-22,"AS - Prospecting Campaign Dec2022",inactive,,,,"Using ad set budget",0,0,0,0,0,0,Ongoing,"7-day click or 1-day view",,,,,,,0,,,,,
2026-07-22,2026-07-22,"AS - RMKT - DEC 2022",inactive,,,,50,Daily,0,0,0,0,0,Ongoing,"7-day click or 1-day view",,,,,,,0,,,,,
2026-07-22,2026-07-22,"Website Retargeting - 2022",inactive,,,,"Using ad set budget",0,0,0,0,0,0,Ongoing,"1-day click",,,,,,,0,,,,,
2026-07-21,2026-07-21,"VD | Broad | Awareness",active,25065,reach,4.99301815,100,Daily,125.15,25736,25065,1.02677,4.862838,Ongoing,"7-day click or 1-day view",,,,,24,0.093255,3.792424,104,13,,,1
2026-07-21,2026-07-21,"VD | Retargeting | DPA Broad Remarket",inactive,,,,44,Daily,0,0,0,0,0,Ongoing,"7-day click",,,,,,,0,,,,,
2026-07-21,2026-07-21,"VD | Retargeting | DPA",active,1,actions:offsite_conversion.fb_pixel_purchase,181.83,375,Daily,181.83,3959,2641,1.499053,45.928265,Ongoing,"7-day click",2.362481,1,429.57,action_values:offsite_conversion.fb_pixel_purchase,71,1.793382,2.09,72,64,12,1,
2026-07-21,2026-07-21,"VD | Retargeting | DPA Campaign | Sales",inactive,,,,145,Daily,0,0,0,0,0,Ongoing,"7-day click",,,,,,,0,,,,,
2026-07-21,2026-07-21,"VD | Broad | Prospecting | Sales",active,3,actions:offsite_conversion.fb_pixel_purchase,214.83,820,Daily,644.49,11282,7377,1.529348,57.12551,Ongoing,"7-day click",1.496796,3,964.67,action_values:offsite_conversion.fb_pixel_purchase,226,2.003191,2.237813,1543,197,28,7,278
2026-07-21,2026-07-21,"WinterSale | Prospecting | Sales | Advantage+",inactive,,,,"Using ad set budget",0,0,0,0,0,0,Ongoing,"7-day click",,,,,,,0,,,,,
2026-07-21,2026-07-21,"Ongoing | Sales | ProTex1 | Advantage+ | SH",inactive,2,actions:offsite_conversion.fb_pixel_purchase,46.215,200,Daily,92.43,2439,1617,1.508349,37.896679,Ongoing,"7-day click or 1-day view",16.201883,2,1497.54,action_values:offsite_conversion.fb_pixel_purchase,21,0.861009,3.555,22,19,15,3,
2026-07-21,2026-07-21,"Ongoing | Sales | Hi-Vis Only | Advantage+ | SH",active,2,actions:offsite_conversion.fb_pixel_purchase,108.21,300,Daily,216.42,5613,3431,1.635966,38.556921,Ongoing,"7-day click or 1-day view",4.221745,2,913.67,action_values:offsite_conversion.fb_pixel_purchase,96,1.710315,1.985505,101,96,15,2,1
2026-07-21,2026-07-21,"Customised Workwear | Awareness | Advantage+ | SH Campaign – Copy",inactive,,,,100,Daily,0,0,0,0,0,Ongoing,"7-day click or 1-day view",,,,,,,0,,,,,
2026-07-21,2026-07-21,"Key Categories | Sales | Advantage+ | SH Campaign",inactive,,,,"Using ad set budget",0,0,0,0,0,0,Ongoing,"7-day click, 1-day view, or 1-day engaged-view",,,,,,,0,,,,,
2026-07-21,2026-07-21,"Customised Workwear | Sales | Advantage+ | SH Campaign",inactive,,,,"Using ad set budget",0,0,0,0,0,0,Ongoing,"7-day click, 1-day view, or 1-day engaged-view",,,,,,,0,,,,,
2026-07-21,2026-07-21,"Ongoing | Retargeting | Sales | Dynamic Abandoned Cart - 30 Days | SH",inactive,,,,6.5,Daily,0,0,0,0,0,Ongoing,"7-day click",,,,,,,0,,,,,
2026-07-21,2026-07-21,"AS 7/1 25 - Purchase - Flexible ad Campaign",inactive,,,,"Using ad set budget",0,0,0,0,0,0,Ongoing,"7-day click, 1-day view, or 1-day engaged-view",,,,,,,0,,,,,
2026-07-21,2026-07-21,"5/6 Michelle Job add - KAM Jylland",inactive,,,,"Using ad set budget",0,0,0,0,0,0,Ongoing,"7-day click or 1-day view",,,,,,,0,,,,,
2026-07-21,2026-07-21,"4/1 2024 - RM - UK Campaign",inactive,,,,100,Daily,0,0,0,0,0,Ongoing,"7-day click",,,,,,,0,,,,,
2026-07-21,2026-07-21,"Ongoing | Prospecting | Sales | Broad | Advantage+ | SH Campaign",inactive,,,,"Using ad set budget",0,0,0,0,0,0,Ongoing,"7-day click or 1-day view",,,,,,,0,,,,,
2026-07-21,2026-07-21,"4/12 2023 - Safety Shoe Sale  Campaign",inactive,,,,"Using ad set budget",0,0,0,0,0,0,Ongoing,"7-day click or 1-day view",,,,,,,0,,,,,
2026-07-21,2026-07-21,"11/10 2023 - Advantage+ shopping campaign Campaign",inactive,,,,"Using ad set budget",0,0,0,0,0,0,Ongoing,"7-day click or 1-day view",,,,,,,0,,,,,
2026-07-21,2026-07-21,"19/7 2023 - MPA RM campaign",inactive,,,,"Using ad set budget",0,0,0,0,0,0,Ongoing,"7-day click or 1-day view",,,,,,,0,,,,,
2026-07-21,2026-07-21,"11/7 2023 - Sales campaign Women - UK MPA",inactive,,,,"Using ad set budget",0,0,0,0,0,0,Ongoing,"7-day click or 1-day view",,,,,,,0,,,,,
2026-07-21,2026-07-21,"23/6 2023 - Sales campaign - UK MPA",inactive,,,,"Using ad set budget",0,0,0,0,0,0,Ongoing,"7-day click or 1-day view",,,,,,,0,,,,,
2026-07-21,2026-07-21,"19/6 2023 - Sales collection video",inactive,,,,"Using ad set budget",0,0,0,0,0,0,Ongoing,"7-day click or 1-day view",,,,,,,0,,,,,
2026-07-21,2026-07-21,"12/5 2023 - Sales campaign - UK MPA",inactive,,,,"Using ad set budget",0,0,0,0,0,0,Ongoing,"7-day click or 1-day view",,,,,,,0,,,,,
2026-07-21,2026-07-21,"8/5 Veltuff - Broad - custom - UK sales",inactive,,,,"Using ad set budget",0,0,0,0,0,0,Ongoing,"7-day click or 1-day view",,,,,,,0,,,,,
2026-07-21,2026-07-21,"3/5 Veltuff - Prospecting Campaign - Sales",inactive,,,,"Using ad set budget",0,0,0,0,0,0,Ongoing,"7-day click or 1-day view",,,,,,,0,,,,,
2026-07-21,2026-07-21,"11/4 Veltuff - Broad - custom - UK sales",inactive,,,,"Using ad set budget",0,0,0,0,0,0,Ongoing,"7-day click or 1-day view",,,,,,,0,,,,,
2026-07-21,2026-07-21,"28/3 Veltuff - Broad - custom - UK RM",inactive,,,,"Using ad set budget",0,0,0,0,0,0,Ongoing,"7-day click or 1-day view",,,,,,,0,,,,,
2026-07-21,2026-07-21,"23/3 Veltuff - Broad - custom - UK sales",inactive,,,,"Using ad set budget",0,0,0,0,0,0,Ongoing,"7-day click or 1-day view",,,,,,,0,,,,,
2026-07-21,2026-07-21,"17/3 Veltuff - Broad - custom - UK sales",inactive,,,,"Using ad set budget",0,0,0,0,0,0,Ongoing,"7-day click or 1-day view",,,,,,,0,,,,,
2026-07-21,2026-07-21,"AS - Prospecting Campaign JAN2023 - SALE - Copy",inactive,,,,"Using ad set budget",0,0,0,0,0,0,Ongoing,"7-day click or 1-day view",,,,,,,0,,,,,
2026-07-21,2026-07-21,"AS - Prospecting Campaign Dec2022",inactive,,,,"Using ad set budget",0,0,0,0,0,0,Ongoing,"7-day click or 1-day view",,,,,,,0,,,,,
2026-07-21,2026-07-21,"AS - RMKT - DEC 2022",inactive,,,,50,Daily,0,0,0,0,0,Ongoing,"7-day click or 1-day view",,,,,,,0,,,,,
2026-07-21,2026-07-21,"Website Retargeting - 2022",inactive,,,,"Using ad set budget",0,0,0,0,0,0,Ongoing,"1-day click",,,,,,,0,,,,,
2026-07-20,2026-07-20,"VD | Broad | Awareness",active,16895,reach,6.05563776,100,Daily,102.31,17196,16895,1.017816,5.949639,Ongoing,"7-day click or 1-day view",,,,,10,0.058153,4.262917,151,7,,,14
2026-07-20,2026-07-20,"VD | Retargeting | DPA Broad Remarket",inactive,,,,44,Daily,0,0,0,0,0,Ongoing,"7-day click",,,,,,,0,,,,,
2026-07-20,2026-07-20,"VD | Retargeting | DPA",active,1,actions:offsite_conversion.fb_pixel_purchase,146.55,375,Daily,146.55,2848,2029,1.403647,51.457163,Ongoing,"7-day click",4.499966,1,659.47,action_values:offsite_conversion.fb_pixel_purchase,41,1.439607,3.40814,42,38,5,2,1
2026-07-20,2026-07-20,"VD | Retargeting | DPA Campaign | Sales",inactive,,,,145,Daily,0,0,0,0,0,Ongoing,"7-day click",,,,,,,0,,,,,
2026-07-20,2026-07-20,"VD | Broad | Prospecting | Sales",active,3,actions:offsite_conversion.fb_pixel_purchase,238.26,820,Daily,714.78,13367,8795,1.519841,53.473479,Ongoing,"7-day click",1.822841,3,1302.93,action_values:offsite_conversion.fb_pixel_purchase,211,1.578514,2.561935,2010,186,21,7,357
2026-07-20,2026-07-20,"WinterSale | Prospecting | Sales | Advantage+",inactive,,,,"Using ad set budget",0,0,0,0,0,0,Ongoing,"7-day click",,,,,,,0,,,,,
2026-07-20,2026-07-20,"Ongoing | Sales | ProTex1 | Advantage+ | SH",inactive,3,actions:offsite_conversion.fb_pixel_purchase,66.63666667,200,Daily,199.91,6020,3447,1.746446,33.207641,Ongoing,"7-day click or 1-day view",5.967335,3,1192.93,action_values:offsite_conversion.fb_pixel_purchase,49,0.813953,3.173175,50,42,12,2,
2026-07-20,2026-07-20,"Ongoing | Sales | Hi-Vis Only | Advantage+ | SH",active,1,actions:offsite_conversion.fb_pixel_purchase,188.22,300,Daily,188.22,5019,3409,1.472279,37.501494,Ongoing,"7-day click or 1-day view",1.256668,1,236.53,action_values:offsite_conversion.fb_pixel_purchase,63,1.25523,2.614167,66,54,2,2,
2026-07-20,2026-07-20,"Customised Workwear | Awareness | Advantage+ | SH Campaign – Copy",inactive,,,,100,Daily,0,0,0,0,0,Ongoing,"7-day click or 1-day view",,,,,,,0,,,,,
2026-07-20,2026-07-20,"Key Categories | Sales | Advantage+ | SH Campaign",inactive,,,,"Using ad set budget",0,0,0,0,0,0,Ongoing,"7-day click, 1-day view, or 1-day engaged-view",,,,,,,0,,,,,
2026-07-20,2026-07-20,"Customised Workwear | Sales | Advantage+ | SH Campaign",inactive,,,,"Using ad set budget",0,0,0,0,0,0,Ongoing,"7-day click, 1-day view, or 1-day engaged-view",,,,,,,0,,,,,
2026-07-20,2026-07-20,"Ongoing | Retargeting | Sales | Dynamic Abandoned Cart - 30 Days | SH",inactive,,,,6.5,Daily,0,0,0,0,0,Ongoing,"7-day click",,,,,,,0,,,,,
2026-07-20,2026-07-20,"AS 7/1 25 - Purchase - Flexible ad Campaign",inactive,,,,"Using ad set budget",0,0,0,0,0,0,Ongoing,"7-day click, 1-day view, or 1-day engaged-view",,,,,,,0,,,,,
2026-07-20,2026-07-20,"5/6 Michelle Job add - KAM Jylland",inactive,,,,"Using ad set budget",0,0,0,0,0,0,Ongoing,"7-day click or 1-day view",,,,,,,0,,,,,
2026-07-20,2026-07-20,"4/1 2024 - RM - UK Campaign",inactive,,,,100,Daily,0,0,0,0,0,Ongoing,"7-day click",,,,,,,0,,,,,
2026-07-20,2026-07-20,"Ongoing | Prospecting | Sales | Broad | Advantage+ | SH Campaign",inactive,,,,"Using ad set budget",0,0,0,0,0,0,Ongoing,"7-day click or 1-day view",,,,,,,0,,,,,
2026-07-20,2026-07-20,"4/12 2023 - Safety Shoe Sale  Campaign",inactive,,,,"Using ad set budget",0,0,0,0,0,0,Ongoing,"7-day click or 1-day view",,,,,,,0,,,,,
2026-07-20,2026-07-20,"11/10 2023 - Advantage+ shopping campaign Campaign",inactive,,,,"Using ad set budget",0,0,0,0,0,0,Ongoing,"7-day click or 1-day view",,,,,,,0,,,,,
2026-07-20,2026-07-20,"19/7 2023 - MPA RM campaign",inactive,,,,"Using ad set budget",0,0,0,0,0,0,Ongoing,"7-day click or 1-day view",,,,,,,0,,,,,
2026-07-20,2026-07-20,"11/7 2023 - Sales campaign Women - UK MPA",inactive,,,,"Using ad set budget",0,0,0,0,0,0,Ongoing,"7-day click or 1-day view",,,,,,,0,,,,,
2026-07-20,2026-07-20,"23/6 2023 - Sales campaign - UK MPA",inactive,,,,"Using ad set budget",0,0,0,0,0,0,Ongoing,"7-day click or 1-day view",,,,,,,0,,,,,
2026-07-20,2026-07-20,"19/6 2023 - Sales collection video",inactive,,,,"Using ad set budget",0,0,0,0,0,0,Ongoing,"7-day click or 1-day view",,,,,,,0,,,,,
2026-07-20,2026-07-20,"12/5 2023 - Sales campaign - UK MPA",inactive,,,,"Using ad set budget",0,0,0,0,0,0,Ongoing,"7-day click or 1-day view",,,,,,,0,,,,,
2026-07-20,2026-07-20,"8/5 Veltuff - Broad - custom - UK sales",inactive,,,,"Using ad set budget",0,0,0,0,0,0,Ongoing,"7-day click or 1-day view",,,,,,,0,,,,,
2026-07-20,2026-07-20,"3/5 Veltuff - Prospecting Campaign - Sales",inactive,,,,"Using ad set budget",0,0,0,0,0,0,Ongoing,"7-day click or 1-day view",,,,,,,0,,,,,
2026-07-20,2026-07-20,"11/4 Veltuff - Broad - custom - UK sales",inactive,,,,"Using ad set budget",0,0,0,0,0,0,Ongoing,"7-day click or 1-day view",,,,,,,0,,,,,
2026-07-20,2026-07-20,"28/3 Veltuff - Broad - custom - UK RM",inactive,,,,"Using ad set budget",0,0,0,0,0,0,Ongoing,"7-day click or 1-day view",,,,,,,0,,,,,
2026-07-20,2026-07-20,"23/3 Veltuff - Broad - custom - UK sales",inactive,,,,"Using ad set budget",0,0,0,0,0,0,Ongoing,"7-day click or 1-day view",,,,,,,0,,,,,
2026-07-20,2026-07-20,"17/3 Veltuff - Broad - custom - UK sales",inactive,,,,"Using ad set budget",0,0,0,0,0,0,Ongoing,"7-day click or 1-day view",,,,,,,0,,,,,
2026-07-20,2026-07-20,"AS - Prospecting Campaign JAN2023 - SALE - Copy",inactive,,,,"Using ad set budget",0,0,0,0,0,0,Ongoing,"7-day click or 1-day view",,,,,,,0,,,,,
2026-07-20,2026-07-20,"AS - Prospecting Campaign Dec2022",inactive,,,,"Using ad set budget",0,0,0,0,0,0,Ongoing,"7-day click or 1-day view",,,,,,,0,,,,,
2026-07-20,2026-07-20,"AS - RMKT - DEC 2022",inactive,,,,50,Daily,0,0,0,0,0,Ongoing,"7-day click or 1-day view",,,,,,,0,,,,,
2026-07-20,2026-07-20,"Website Retargeting - 2022",inactive,,,,"Using ad set budget",0,0,0,0,0,0,Ongoing,"1-day click",,,,,,,0,,,,,
